TimeStamp,h_d,theta_d,v_d,psi_dot_d,theta_hat,theta_dot_hat,v_hat,psi_dot_hat,tau_RW,tau_LW
1774,0.135238,0.0118929,-0.00976801,0.0115018,0.0556568,-0.0435227,-0.00315539,-1e-08,-0.0555865,0.0533916
1782,0.135238,0.0118929,-0.00976801,0.0115018,0.055096,-0.0235379,0.0116431,0.0180031,-0.0584144,0.0605234
1789,0.135238,0.0118929,-0.00976801,0.0115018,0.054436,-0.100279,0.0172146,0.0272619,-0.0444835,0.0485334
1798,0.135238,0.0118929,-0.00976801,0.0115018,0.0534975,-0.137584,0.0311496,0.0380638,-0.0379242,0.0443968
1806,0.135238,0.0118929,-0.00976801,0.0115018,0.0524946,-0.186079,0.03434,0.0514375,-0.0273723,0.0368382
1814,0.135238,0.0118929,-0.00976801,0.0115018,0.0509868,-0.200735,0.0359348,0.0884725,-0.018734,0.0368741
1822,0.135238,0.0118929,-0.00976801,0.0115018,0.0492037,-0.205264,0.0345308,0.040636,-0.0209245,0.027733
1830,0.135238,0.0118929,-0.00976801,0.0115018,0.04753,-0.183282,0.0328978,-0.0421788,-0.0317812,0.019085
1838,0.135238,0.0118929,-0.00976801,0.0115018,0.045979,-0.173156,0.0302155,0.0226326,-0.0232633,0.0258723
1846,0.135238,0.0118929,-0.00732601,0.0172528,0.0444865,-0.138651,0.0296802,0.045265,-0.0245005,0.0311773
1854,0.135238,0.0118929,-0.00732601,0.0172528,0.0432972,-0.10854,0.0314204,0.0457798,-0.0281101,0.0349832
1861,0.135238,0.0118929,-0.00732601,0.0172528,0.0423675,-0.0932176,0.0308863,0.0180031,-0.0325736,0.0329235
1870,0.135238,0.0118929,-0.00976801,0.0115018,0.0412987,-0.104808,0.0290969,0.0267474,-0.0275576,0.0312775
1878,0.135238,0.0118929,-0.00976801,0.0115018,0.0404422,-0.107206,0.030062,0.0154313,-0.0274628,0.0284916
1886,0.135238,0.0118929,-0.00976801,0.0115018,0.0394343,-0.105209,0.0267903,0.0154315,-0.0258776,0.0268973
1894,0.135238,0.0118929,-0.00976801,0.0115018,0.0385328,-0.07723,0.0266043,0.0673831,-0.0231577,0.036512
1902,0.135238,0.0118929,-0.00732601,0.0115018,0.0378243,-0.0356619,0.0232279,0.125507,-0.0213411,0.0485308
1910,0.135238,0.0118929,-0.00732601,0.0115018,0.0375532,0.0186967,0.0239422,0.0663543,-0.0371364,0.0505267
1918,0.135238,0.0118929,-0.00976801,0.0115018,0.0375079,0.0397475,0.026544,0.03292,-0.0453436,0.0509068
1926,0.135238,0.0118929,-0.00976801,0.0115018,0.0377569,0.0222937,0.0277461,0.0200607,-0.0444792,0.0469575
1933,0.135238,0.0118929,-0.00976801,0.0115018,0.0374973,-0.00195441,0.0274432,0.0401213,-0.0376557,0.0447907
1942,0.135238,0.0118929,-0.00976801,0.0115018,0.0373935,-0.0276676,0.0331079,0.0529807,-0.0326121,0.0427025
1950,0.135238,0.0118929,-0.00976801,0.0115018,0.0369533,-0.0677699,0.0370968,0.0390925,-0.0275807,0.034264
1958,0.135238,0.0118929,-0.00976801,0.0115018,0.0361862,-0.0884221,0.0455326,0.0118306,-0.0276404,0.0278152
1966,0.135238,0.0118929,-0.00976801,0.0115018,0.0354716,-0.102943,0.0514393,0.0262332,-0.0234809,0.0270007
1974,0.135238,0.0118929,-0.00976801,0.0115018,0.0344339,-0.107473,0.0495924,0.0200607,-0.0217205,0.0237537
1982,0.135238,0.0118929,-0.00976801,0.0115018,0.0333268,-0.083225,0.0412907,-0.00720091,-0.0261191,0.0217747
1990,0.135238,0.0118929,-0.00976801,0.0115018,0.0325587,-0.0172763,0.0373411,0.00822995,-0.0336261,0.0331142
1998,0.135238,0.0118929,-0.00976801,0.0115018,0.0324405,0.0200285,0.0375149,0.0298337,-0.0371803,0.0418801
2005,0.135238,0.0118929,-0.00976801,0.0115018,0.032505,0.0493399,0.0436259,0.0293197,-0.043213,0.0478831
2014,0.135238,0.0118929,-0.00976801,0.0115018,0.0328239,0.0310867,0.0509703,-0.0442372,-0.0504522,0.0377101
2022,0.135238,0.0118929,-0.00976801,0.0115018,0.0330418,-0.0286006,0.0550576,0.0241756,-0.0333754,0.0366016
2030,0.135238,0.0118929,-0.00732601,0.0115018,0.032736,-0.0876211,0.0627363,0.0514374,-0.0207203,0.0301962
2038,0.135238,0.0118929,-0.00732601,0.0115018,0.0318261,-0.155303,0.0601071,0.013374,-0.0122133,0.0124836
2046,0.135238,0.0118929,-0.00976801,0.0115018,0.030625,-0.146242,0.0527289,-0.0221177,-0.0154553,0.00735783
2054,0.135238,0.0118929,-0.00976801,0.0115018,0.0294347,-0.0491197,0.0445226,0.0113162,-0.0247828,0.0248559
2062,0.135238,0.0118929,-0.00976801,0.0115018,0.02914,0.0775831,0.0506085,0.0375493,-0.043441,0.0500907
2070,0.135238,0.0118929,-0.00976801,0.0115018,0.029661,0.115158,0.0644045,-0.0267478,-0.0602381,0.0518361
2077,0.135238,0.0118929,-0.00976801,0.0115018,0.0302549,0.0521375,0.0707177,0.00205746,-0.0481486,0.0463618
2086,0.135238,0.0118929,-0.00976801,0.0115018,0.0305526,-0.0832258,0.0754555,0.0648113,-0.0193057,0.0319208
2094,0.135238,0.0118929,-0.00976801,0.0115018,0.0294396,-0.183014,0.071321,0.00051431,-0.00800059,0.00511655
2102,0.135317,0.0118615,-0.00976801,0.0115018,0.0278686,-0.198203,0.0630072,-0.0426928,-0.00708337,-0.00606951
2110,0.135317,0.0118515,-0.00976801,0.0115018,0.0262228,-0.112005,0.0605256,0.00771558,-0.0128949,0.0118797
2118,0.135238,0.0118786,-0.00976801,0.0115018,0.0254176,0.0282857,0.0687354,0.0432075,-0.0323338,0.0401145
2126,0.135238,0.0118868,-0.00976801,0.0115018,0.0256332,0.093839,0.0834211,0.0231469,-0.0483051,0.0515565
2134,0.135317,0.0118588,-0.00976801,0.0115018,0.0259774,0.0625291,0.0869085,-0.00925863,-0.0479731,0.0434858
2142,0.135317,0.0118504,-0.00976801,0.0115018,0.026324,-0.0234057,0.0844111,0.0169744,-0.0306042,0.0320503
2149,0.135317,0.0118467,-0.00976801,0.0115018,0.0262774,-0.115467,0.0790021,0.0509229,-0.0102835,0.0194589
2158,0.135238,0.0118766,-0.00976801,0.0115018,0.0252386,-0.165294,0.0738711,0.00565762,-0.00498761,0.00330975
2166,0.135238,0.0118859,-0.00976801,0.0115018,0.0239448,-0.121598,0.0764696,-0.0102877,-0.0127881,0.00746146
2174,0.135317,0.0118584,-0.00976801,0.0115018,0.022934,-0.01488,0.077437,-0.0200609,-0.0305759,0.0232551
2182,0.135317,0.0118502,-0.00976801,0.0115018,0.0228846,0.127013,0.0815872,0.0483515,-0.0468481,0.0561098
2190,0.135317,0.0118466,-0.00976801,0.0115018,0.0237767,0.165785,0.0918638,0.0565817,-0.0552525,0.0665902
2198,0.135317,0.0118451,-0.00976801,0.0115018,0.024626,0.0862441,0.0965364,-0.00565825,-0.0512164,0.0476328
2206,0.135317,0.0118444,-0.00976801,0.0115018,0.0248388,-0.0922869,0.0956772,-2e-08,-0.0208601,0.0180675
2214,0.135317,0.0118442,-0.00976801,0.0115018,0.0239081,-0.195004,0.0874076,-0.0468086,-0.00658618,-0.00758452
2221,0.135317,0.011844,-0.00976801,0.0115018,0.0224261,-0.183548,0.074762,0.004115,0.00158223,-0.00372169
2230,0.135238,0.0118754,-0.00976801,0.0115018,0.0211898,-0.0258074,0.0840472,0.0133738,-0.02344,0.0239518
2238,0.135238,0.0118854,-0.00976801,0.0115018,0.0212202,0.110758,0.0939481,-0.0164599,-0.0514021,0.0452923
2246,0.135238,0.0118897,-0.00976801,0.0115018,0.0220403,0.183637,0.10771,0.054524,-0.0585623,0.069444
2254,0.135238,0.0118915,-0.00976801,0.0115018,0.022548,0.0721196,0.103547,0.0216038,-0.0438311,0.0466078
2262,0.135238,0.0118923,-0.00976801,0.0115018,0.022447,-0.0336641,0.104672,0.0324057,-0.0249194,0.02992
2270,0.135238,0.0118927,-0.00976801,0.0115018,0.0216561,-0.155036,0.100492,0.0226325,-0.00401985,0.00632927
2278,0.135238,0.0118928,-0.00976801,0.0115018,0.0203844,-0.198604,0.0917653,-0.0473217,-0.00181835,-0.0125371
2286,0.135238,0.0118929,-0.00976801,0.0115018,0.0189337,-0.103478,0.0868307,0.0786992,-7.058e-05,0.0157295
2293,0.135238,0.0118929,-0.00976801,0.0115018,0.0182221,0.0450725,0.0919065,0.0673833,-0.0260658,0.0394992
2302,0.135317,0.0118615,-0.00976801,0.0115018,0.0186774,0.202156,0.111646,0.0200608,-0.0617579,0.0645129
2310,0.135317,0.0118515,-0.00976801,0.0115018,0.0201242,0.173778,0.119965,-0.0478369,-0.0683656,0.0550303
2318,0.135317,0.0118472,-0.00976801,0.0115018,0.0213065,0.00230567,0.111393,-0.0483515,-0.0400186,0.0260526
2326,0.135317,0.0118453,-0.00976801,0.0115018,0.0212167,-0.102677,0.111057,0.107504,-0.00392952,0.026427
2334,0.135238,0.011876,-0.00976801,0.0115018,0.020319,-0.210328,0.101291,-0.0421782,-0.00072006,-0.012457
2342,0.135238,0.0118856,-0.00976801,0.0115018,0.0187845,-0.150644,0.0987221,-0.0961875,-0.0145123,-0.011253
2350,0.135238,0.0118898,-0.00732601,0.0115018,0.0180218,0.0168283,0.103461,-0.020575,-0.0329043,0.0254882
2358,0.135238,0.0118916,-0.00732601,0.0115018,0.01827,0.157523,0.112333,0.113677,-0.04237,0.0670777
2365,0.135238,0.0118923,-0.00732601,0.0115018,0.019399,0.188967,0.134922,0.0462938,-0.060761,0.0696797
2374,0.135238,0.0118927,-0.00732601,0.0115018,0.0206571,0.0430741,0.131937,-0.0421791,-0.048058,0.0356655
2382,0.135238,0.0118928,-0.00732601,0.0115018,0.0203212,-0.0956164,0.131815,0.0529806,-0.0131829,0.0228208
2390,0.135317,0.0118614,-0.00976801,0.0115018,0.0190931,-0.231509,0.125,0.103389,0.0178335,0.00326734
2398,0.135317,0.0118515,-0.00976801,0.0115018,0.017272,-0.229113,0.11524,0.016459,0.0112642,-0.0107025
2406,0.135317,0.0118472,-0.00732601,0.0115018,0.0155693,-0.114672,0.112022,0.00308651,-0.00618532,0.00391578
2414,0.135317,0.0118453,-0.00732601,0.0115018,0.0148159,0.101429,0.120287,0.0221181,-0.0403629,0.0432379
2422,0.135317,0.0118446,-0.00732601,0.0115018,0.0156949,0.188834,0.128649,0.0725273,-0.0515977,0.066653
2430,0.135317,0.0118442,-0.00732601,0.0115018,0.0170517,0.216944,0.14391,0.0750986,-0.0603267,0.076097
2437,0.135317,0.0118441,-0.00732601,0.0115018,0.0183628,-0.0122182,0.138367,0.0128592,-0.0302681,0.0306641
2446,0.135317,0.011844,-0.00976801,0.0115018,0.0180624,-0.137583,0.137377,-0.0375492,-0.0150681,0.00317724
2454,0.135317,0.011844,-0.00976801,0.0115018,0.0170761,-0.219118,0.127416,0.0159456,0.00783194,-0.0073622
2462,0.135317,0.011844,-0.00976801,0.0115018,0.0152762,-0.184086,0.115658,0.0786996,0.0137494,0.00161159
2470,0.135317,0.011844,-0.00976801,0.0115018,0.0143713,0.00376831,0.127948,-0.0144025,-0.0293543,0.0233043
2478,0.135317,0.011844,-0.00976801,0.0115018,0.0144391,0.163252,0.132551,0.0246901,-0.0522453,0.0559129
2486,0.135317,0.011844,-0.00976801,0.0115018,0.0157444,0.217877,0.153657,0.0982454,-0.0579134,0.0791317
2494,0.135317,0.011844,-0.00976801,0.0115018,0.0167144,0.0933048,0.146651,0.0540094,-0.0425111,0.05292
2502,0.135317,0.011844,-0.00976801,0.0115018,0.0170849,-0.0736348,0.150997,0.0241758,-0.0193297,0.022191
2509,0.135317,0.011844,-0.00976801,0.0115018,0.016243,-0.22618,0.139558,0.00668675,0.00711688,-0.0088653
2518,0.135238,0.0118754,-0.00976801,0.0115018,0.0144245,-0.235109,0.124043,0.0195462,0.0151695,-0.013939
2526,0.135238,0.0118854,-0.00976801,0.0115018,0.0130572,-0.0813656,0.126078,0.0997887,0.00050267,0.0201186
2534,0.135238,0.0118897,-0.00976801,0.0115018,0.0129871,0.0955682,0.131757,0.0365211,-0.0373345,0.0435645
2542,0.135238,0.0118915,-0.00976801,0.0115018,0.0137332,0.245724,0.150615,-0.0365206,-0.0751013,0.0645647
2550,0.135238,0.0118923,-0.00976801,0.0115018,0.0156451,0.23906,0.164494,0.157398,-0.0560143,0.0912582
2558,0.135238,0.0118927,-0.00976801,0.0115018,0.0169924,-0.0358004,0.153361,0.0581245,-0.0218403,0.0328287
2566,0.135317,0.0118614,-0.00976801,0.0115018,0.0163917,-0.163295,0.161389,0.00823028,-0.00691172,0.00572482
2574,0.135317,0.0118514,-0.00976801,0.0115018,0.014865,-0.280671,0.13934,0.0339488,0.0213874,-0.0168889
2581,0.135317,0.0118472,-0.00976801,0.0115018,0.0125587,-0.216594,0.129497,-0.0159451,0.00956189,-0.0166788
2590,0.135317,0.0118453,-0.00976801,0.0115018,0.0115058,0.0202883,0.142685,0.0822999,-0.019136,0.0359203
2598,0.135317,0.0118445,-0.00976801,0.0115018,0.0118761,0.175909,0.142896,0.0745843,-0.0466076,0.0620535
2606,0.135317,0.0118442,-0.00976801,0.0115018,0.0133022,0.287157,0.169309,-0.0149169,-0.0819754,0.0766616
2614,0.135317,0.0118441,-0.00976801,0.0115018,0.0155565,0.190831,0.170677,0.134252,-0.051631,0.0812641
2622,0.135317,0.011844,-0.00976801,0.0115018,0.0169704,-0.098819,0.165052,0.0658403,-0.0123161,0.024934
2630,0.135317,0.011844,-0.00976801,0.0115018,0.0155974,-0.238436,0.162142,-0.0102872,0.0044202,-0.0102198
2638,0.135317,0.011844,-0.00976801,0.0115018,0.0136637,-0.310249,0.13941,0.00462938,0.0245155,-0.0270459
2646,0.135317,0.011844,-0.00976801,0.0115018,0.0117212,-0.143318,0.144933,-0.00154317,-0.00232494,-0.00117873
2653,0.135317,0.011844,-0.00976801,0.0115018,0.0109638,0.0465359,0.147625,0.063783,-0.0257545,0.0382411
2662,0.135317,0.011844,-0.00976801,0.0115018,0.0113701,0.210417,0.153686,0.0596675,-0.0551737,0.0671984
2670,0.135317,0.011844,-0.00976801,0.0115018,0.0129805,0.290086,0.183884,0.00308653,-0.0822471,0.0811885
2678,0.135317,0.011844,-0.00976801,0.0115018,0.0152304,0.0476043,0.167379,0.056067,-0.0359174,0.0466519
2686,0.135317,0.011844,-0.00976801,0.0115018,0.0151045,-0.112004,0.170423,0.0565814,-0.0094905,0.0198553
2694,0.135317,0.011844,-0.00976801,0.0115018,0.0139184,-0.252159,0.16121,0.00462931,0.0109411,-0.0132872
2702,0.135317,0.011844,-0.00976801,0.0115018,0.0119032,-0.270682,0.14405,-0.00462938,0.0184943,-0.0231144
2710,0.135317,0.011844,-0.00976801,0.0115018,0.00995827,-0.0637812,0.152281,0.0339488,-0.0101881,0.0152801
2718,0.135317,0.011844,-0.00976801,0.0115018,0.00944802,0.121548,0.155974,0.0545237,-0.0386364,0.049146
2725,0.135317,0.011844,-0.00976801,0.0115018,0.0106019,0.268907,0.172288,0.0786995,-0.0646444,0.0813311
2734,0.135317,0.011844,-0.00976801,0.0115018,0.0126709,0.255981,0.192926,0.0390926,-0.0733319,0.0806636
2742,0.135317,0.011844,-0.00976801,0.0115018,0.0133628,-0.0841642,0.178641,0.0195463,-0.017426,0.0191097
2750,0.135317,0.011844,-0.00976801,0.0115018,0.0119772,-0.196068,0.184384,0.0714981,0.00839176,0.00519093
2758,0.135317,0.011844,-0.00976801,0.0115018,0.0105587,-0.294392,0.157579,-0.00822959,0.0217122,-0.0272734
2766,0.135238,0.0118754,-0.00976801,0.0115018,0.00880644,-0.16903,0.157431,0.0370351,0.00856744,-0.00308665
2774,0.135238,0.0118854,-0.00976801,0.0115018,0.00767323,0.0200218,0.151903,-0.0339489,-0.0289234,0.0182116
2782,0.135238,0.0118897,-0.00976801,0.0115018,0.00847997,0.230535,0.16938,0.0612103,-0.0568177,0.0692259
2790,0.135238,0.0118915,-0.00976801,0.0115018,0.0103816,0.284228,0.189216,0.102361,-0.0667617,0.0890779
2797,0.135238,0.0118923,-0.00976801,0.0115018,0.0118678,0.131141,0.186152,0.0133741,-0.0532187,0.0540836
2806,0.135238,0.0118927,-0.00732601,0.0115018,0.0118658,-0.0825641,0.188121,0.0545237,-0.0125742,0.0224964
2814,0.135238,0.0118928,-0.00732601,0.0115018,0.0110764,-0.248029,0.170874,-0.0149166,0.0107668,-0.0177557
2822,0.135317,0.0118614,-0.00732601,0.0115018,0.00909006,-0.273611,0.159782,0.0406357,0.0260868,-0.0200727
2830,0.135317,0.0118515,-0.00732601,0.0115018,0.0072876,-0.115341,0.158033,-0.0699548,-0.0106443,-0.00898599
2838,0.135317,0.0118472,-0.00732601,0.0115018,0.00686739,0.132071,0.164645,-0.022118,-0.0468598,0.0392739
2846,0.135317,0.0118453,-0.00732601,0.0115018,0.00802133,0.287427,0.177617,0.0853868,-0.0638511,0.0821348
2854,0.135317,0.0118446,-0.00976801,0.0115018,0.0100652,0.299548,0.197223,0.0627536,-0.0749196,0.0879312
2862,0.135317,0.0118442,-0.00976801,0.0115018,0.011707,0.057726,0.19652,0.05761,-0.037254,0.0483343
2869,0.135317,0.0118441,-0.00976801,0.0115018,0.0114466,-0.123328,0.194529,-0.0154309,-0.0149117,0.00819271
2878,0.135317,0.011844,-0.00976801,0.0115018,0.0101837,-0.277738,0.174161,0.00051465,0.0178056,-0.0212556
2886,0.135317,0.011844,-0.00976801,0.0115018,0.008033,-0.222319,0.165398,-0.0231472,0.0101352,-0.0190332
2894,0.135317,0.011844,-0.00976801,0.0115018,0.00644701,-0.0359355,0.165245,-0.0077154,-0.01699,0.0122823
2902,0.135317,0.011844,-0.00976801,0.0115018,0.00625206,0.184567,0.173893,-0.0169744,-0.056067,0.0498482
2910,0.135238,0.0118754,-0.00732601,0.0115018,0.00777451,0.324466,0.191248,0.0961877,-0.0705698,0.0915135
2918,0.135238,0.0118854,-0.00732601,0.0115018,0.010095,0.221873,0.197982,0.0570956,-0.0623047,0.0737421
2926,0.135317,0.0118582,-0.00976801,0.0115018,0.0110922,0.0181566,0.203521,-0.0205748,-0.0401097,0.032606
2934,0.135317,0.0118501,-0.00976801,0.0115018,0.0101624,-0.220453,0.186286,-0.00977324,0.00510188,-0.0108036
2941,0.135317,0.0118466,-0.00976801,0.0115018,0.008365,-0.273342,0.175681,-0.0442365,0.014069,-0.0280953
2950,0.135238,0.0118765,-0.00732601,0.0115018,0.00640632,-0.183019,0.166792,0.0144025,0.0104405,-0.0103797
2958,0.135238,0.0118859,-0.00732601,0.0115018,0.00507341,0.0970274,0.175518,-0.0385783,-0.0421578,0.0305529
2966,0.135238,0.0118899,-0.00976801,0.0115018,0.00676159,0.251587,0.182041,0.0252042,-0.0642444,0.0681942
2974,0.135238,0.0118916,-0.00976801,0.0115018,0.00870394,0.328461,0.202356,0.0185175,-0.0838323,0.0864707
2982,0.135238,0.0118924,-0.00976801,0.0115018,0.0108406,0.131405,0.207303,0.101846,-0.0448267,0.0665616
2990,0.135238,0.0118927,-0.00976801,0.0115018,0.0111391,-0.0932218,0.204431,0.0113166,-0.0179003,0.0175827
2998,0.135238,0.0118928,-0.00976801,0.0115018,0.0102582,-0.226311,0.196933,-0.0401213,0.00070697,-0.0135875
3006,0.135238,0.0118929,-0.00976801,0.0115018,0.00855814,-0.251626,0.181242,-0.0231464,0.0118131,-0.0207918
3013,0.135238,0.0118929,-0.00976801,0.0115018,0.00668091,-0.114673,0.181807,-0.0169743,-0.00784723,0.00071738
3022,0.135238,0.0118929,-0.00976801,0.0115018,0.00590537,0.106757,0.182234,0.0092587,-0.0407619,0.0404912
3030,0.135238,0.0118929,-0.00976801,0.0115018,0.00696237,0.281298,0.201151,0.0581242,-0.0686823,0.0804984
3038,0.135238,0.0118929,-0.00976801,0.0115018,0.00872989,0.245722,0.211162,0.0462937,-0.0681839,0.077126
3046,0.135238,0.0118929,-0.00976801,0.0115018,0.0103768,0.0581266,0.216163,0.0442364,-0.0401531,0.0480596
3054,0.135238,0.0118929,-0.00976801,0.0115018,0.00971492,-0.179554,0.19969,0.0226325,0.00059243,0.00147447
3062,0.135238,0.0118929,-0.00976801,0.0115018,0.00793706,-0.226576,0.195775,-0.0586389,0.00196173,-0.0192486
3070,0.135238,0.0118929,-0.00976801,0.0115018,0.00645516,-0.204467,0.178081,-0.0375494,0.00564781,-0.0179131
3078,0.135238,0.0118929,-0.00976801,0.0115018,0.00518204,0.013493,0.186734,0.0133737,-0.0244156,0.0248199
3085,0.135238,0.0118929,-0.00976801,0.0115018,0.00557758,0.157923,0.189676,0.0560668,-0.0445442,0.0554746
3094,0.135238,0.0118929,-0.00732601,0.0115018,0.00702529,0.286228,0.215617,0.03292,-0.0744994,0.0803838
3102,0.135238,0.0118929,-0.00732601,0.0115018,0.00850084,0.16365,0.212551,0.0483512,-0.0537387,0.0629113
3110,0.135238,0.0118929,-0.00732601,0.0115018,0.00975214,0.026285,0.219548,0.0473225,-0.033757,0.0422851
3118,0.135238,0.0118929,-0.00732601,0.0115018,0.00983883,-0.203001,0.198117,0.0144026,0.00401714,-0.00396324
3126,0.135238,0.0118929,-0.00976801,0.0115018,0.00845596,-0.197534,0.197121,-0.0483512,-0.00261346,-0.0121482
3134,0.135238,0.0118929,-0.00976801,0.0115018,0.00702266,-0.147845,0.182692,-0.0406358,-0.00570552,-0.00710569
3142,0.135317,0.0118615,-0.00732601,0.0115018,0.00628598,0.0869051,0.198256,-0.0133736,-0.0428696,0.0372038
3150,0.135317,0.0118515,-0.00732601,0.0115018,0.00716189,0.197762,0.199334,0.0534945,-0.054921,0.0653915
3157,0.135317,0.0118472,-0.00732601,0.0115018,0.00873506,0.267041,0.22049,0.014917,-0.0766345,0.0782378
3166,0.135317,0.0118453,-0.00976801,0.0115018,0.0102772,0.0815771,0.21394,0.0545232,-0.0424341,0.0528395
3174,0.135317,0.0118446,-0.00976801,0.0115018,0.0107192,-0.0619107,0.221063,0.0303481,-0.0230535,0.0273202
3182,0.135317,0.0118442,-0.00976801,0.0115018,0.00988611,-0.259355,0.199029,-0.0231466,0.00835055,-0.0173307
3190,0.135317,0.0118441,-0.00976801,0.0115018,0.00792534,-0.222718,0.198016,-0.0210893,0.00533979,-0.0137514
3198,0.135238,0.0118754,-0.00976801,0.0115018,0.00665545,-0.126397,0.187474,-0.037035,-0.00915302,-0.00274722
3206,0.135238,0.0118854,-0.00976801,0.0115018,0.00580912,0.163113,0.21112,-0.00411492,-0.0562865,0.0530338
3214,0.135238,0.0118897,-0.00976801,0.0115018,0.00747595,0.221477,0.213644,0.0714977,-0.0598345,0.0746328
3222,0.135238,0.0118915,-0.00976801,0.0115018,0.00914675,0.230799,0.241272,-0.00565814,-0.0772378,0.0738814
3229,0.135238,0.0118923,-0.00976801,0.0115018,0.010645,-0.0171489,0.226649,0.0174889,-0.0327837,0.0341513
3238,0.135238,0.0118927,-0.00976801,0.0115018,0.0101697,-0.173688,0.226182,0.0411499,-0.00310152,0.00956676
3246,0.135238,0.0118928,-0.00976801,0.0115018,0.00901405,-0.278669,0.205284,-0.0329194,0.0106792,-0.0220381
3254,0.135238,0.0118929,-0.00976801,0.0115018,0.00693163,-0.204867,0.202094,-0.00565821,0.00494658,-0.00967605
3262,0.135238,0.0118929,-0.00976801,0.0115018,0.00569489,-0.0560523,0.198331,-0.0241757,-0.0197928,0.01113
3270,0.135238,0.0118929,-0.00976801,0.0115018,0.00531362,0.166979,0.207668,0.0282907,-0.0518638,0.0562638
3278,0.135238,0.0118929,-0.00976801,0.0115018,0.00749347,0.271437,0.227832,0.0555526,-0.0723679,0.0835576
3286,0.135317,0.0118615,-0.00976801,0.0115018,0.00904068,0.197092,0.233577,0.0771566,-0.060511,0.0765964
3294,0.135317,0.0118515,-0.00976801,0.0115018,0.0105408,-0.0756379,0.232911,0.0288049,-0.0225929,0.0264517
3301,0.135317,0.0118472,-0.00976801,0.0115018,0.00925631,-0.245765,0.217856,0.014917,0.00840507,-0.00836675
3310,0.135317,0.0118453,-0.00976801,0.0115018,0.00747843,-0.274407,0.208187,-0.00462935,0.0149011,-0.0195917
3318,0.135317,0.0118446,-0.00976801,0.0115018,0.00541409,-0.198475,0.198698,-0.040121,0.00240419,-0.0152709
3326,0.135238,0.0118756,-0.00976801,0.0115018,0.00437883,0.0843705,0.211802,-0.0118306,-0.0421831,0.0368468
3334,0.135238,0.0118855,-0.00976801,0.0115018,0.00531131,0.204289,0.21341,0.0663545,-0.0545465,0.0680459
3342,0.135317,0.0118583,-0.00976801,0.0115018,0.0068589,0.287557,0.247095,0.0483512,-0.0781964,0.0877293
3350,0.135317,0.0118501,-0.00976801,0.0115018,0.00923238,0.0382764,0.230477,0.0282906,-0.0394997,0.0435668
3358,0.135238,0.011878,-0.00976801,0.0115018,0.0095006,-0.107341,0.234725,-0.00154327,-0.0196922,0.0162751
3366,0.135238,0.0118865,-0.00976801,0.0115018,0.0088074,-0.244963,0.221521,-0.0390919,0.00198026,-0.0146939
3373,0.135238,0.0118902,-0.00976801,0.0115018,0.00678545,-0.281607,0.203553,-0.0123449,0.0169475,-0.0234925
3382,0.135238,0.0118917,-0.00976801,0.0115018,0.00507881,-0.160906,0.195791,-0.027262,-0.00137361,-0.00834855
3390,0.135238,0.0118924,-0.00976801,0.0115018,0.00404307,0.137132,0.21316,0.028805,-0.0459453,0.0503569
3398,0.135238,0.0118927,-0.00976801,0.0115018,0.0052504,0.247723,0.225669,0.043722,-0.0663528,0.0746437
3406,0.135238,0.0118928,-0.00976801,0.0115018,0.00724877,0.270904,0.239814,0.0339488,-0.0764163,0.0825028
3414,0.135317,0.0118614,-0.00976801,0.0115018,0.00885853,-0.0146192,0.244041,0.04115,-0.0307943,0.0377301
3422,0.135317,0.0118515,-0.00976801,0.0115018,0.00827614,-0.23524,0.231209,0.0267475,0.00724867,-0.00439894
3430,0.135317,0.0118472,-0.00976801,0.0115018,0.00597811,-0.313443,0.218074,-0.0277761,0.0191822,-0.0294773
3438,0.135317,0.0118453,-0.00976801,0.0115018,0.00385967,-0.248301,0.204449,-0.00102887,0.0165617,-0.0203769
3445,0.135317,0.0118446,-0.00976801,0.0115018,0.00237806,-0.0367365,0.208526,-0.0113165,-0.0186299,0.0130138
3454,0.135317,0.0118442,-0.00976801,0.0115018,0.00238752,0.188565,0.215054,0.0313768,-0.0523295,0.0574822
3462,0.135317,0.0118441,-0.00976801,0.0115018,0.00389692,0.301149,0.229479,0.0925874,-0.0683477,0.0883175
3470,0.135317,0.011844,-0.00976801,0.0115018,0.00616349,0.206416,0.238239,0.0653255,-0.0602644,0.0735437
3478,0.135317,0.011844,-0.00976801,0.0115018,0.0077039,-0.0338022,0.231199,0.0468081,-0.0232815,0.0314755
3486,0.135317,0.011844,-0.00732601,0.0115018,0.00712063,-0.216854,0.226785,0.0159457,0.005594,-0.0052553
3494,0.135317,0.011844,-0.00732601,0.0115018,0.00545107,-0.305851,0.21002,-0.0370349,0.0192362,-0.0317023
3502,0.135317,0.011844,-0.00732601,0.0115018,0.00341077,-0.155575,0.210539,-0.0401223,-0.00351522,-0.00924907
3510,0.135317,0.011844,-0.00732601,0.0115018,0.00246764,0.0484006,0.208561,0.0334346,-0.0273271,0.0325358
3517,0.135317,0.011844,-0.00732601,0.0115018,0.00331186,0.235065,0.223803,0.0596674,-0.059063,0.0710502
3526,0.135317,0.011844,-0.00976801,0.0115018,0.00506426,0.268106,0.238282,0.0653257,-0.0690661,0.0825183
3534,0.135317,0.011844,-0.00976801,0.0115018,0.00690921,0.105026,0.240125,0.031377,-0.0486483,0.053615
3542,0.135317,0.011844,-0.00732601,0.0115018,0.00743975,-0.122932,0.235999,0.0252044,-0.0109414,0.0137592
3550,0.135317,0.011844,-0.00732601,0.0115018,0.0065128,-0.265083,0.21886,-0.046808,0.00837906,-0.0230101
3558,0.135317,0.011844,-0.00732601,0.0115018,0.00481777,-0.221119,0.212747,-0.0473231,0.00429465,-0.0189383
3566,0.135317,0.011844,-0.00732601,0.0115018,0.00329159,-0.0679096,0.203798,-0.0241759,-0.0150416,0.00630751
3574,0.135317,0.011844,-0.00732601,0.0115018,0.00307733,0.160984,0.214193,0.0457792,-0.0464431,0.0549206
3582,0.135317,0.011844,-0.00732601,0.0115018,0.00442664,0.261047,0.21898,0.0627536,-0.0638061,0.0766177
3589,0.135317,0.011844,-0.00732601,0.0115018,0.006362,0.252516,0.240442,0.0694408,-0.0677221,0.0821171
3598,0.135317,0.011844,-0.00732601,0.0115018,0.00873292,0.0130939,0.236813,0.0318914,-0.0348113,0.0396441
3606,0.135317,0.011844,-0.00732601,0.0115018,0.00818134,-0.153039,0.233436,-0.0303478,-0.0130652,0.0026894
3614,0.135317,0.011844,-0.00732601,0.0115018,0.00702477,-0.257088,0.22178,0.00102887,0.0115011,-0.0148086
3622,0.135317,0.011844,-0.00732601,0.0115018,0.00540457,-0.179154,0.213701,-0.0437216,-0.00326085,-0.0103952
3630,0.135317,0.011844,-0.00732601,0.0115018,0.00424917,0.0122951,0.218597,-0.0324057,-0.0331258,0.0227111
3638,0.135317,0.011844,-0.00732601,0.0115018,0.00441744,0.171646,0.22338,0.0226324,-0.0542836,0.0573514
3646,0.135317,0.011844,-0.00976801,0.0115018,0.00578141,0.268106,0.247646,0.0714979,-0.0708378,0.0857585
3654,0.135317,0.011844,-0.00976801,0.0115018,0.00799865,0.115418,0.244295,0.0540092,-0.0498955,0.0602528
3662,0.135317,0.011844,-0.00976801,0.0115018,0.00864476,-0.0559166,0.246362,0.00822997,-0.0278717,0.0269079
3670,0.135317,0.011844,-0.00976801,0.0115018,0.00775822,-0.244565,0.228699,-0.00874436,0.00573535,-0.0112993
3678,0.135317,0.011844,-0.00976801,0.0115018,0.00565062,-0.245097,0.21936,-0.0185171,0.00908832,-0.016993
3686,0.135317,0.011844,-0.00976801,0.0115018,0.00360955,-0.106814,0.217934,-0.00874449,-0.00982877,0.00462423
3694,0.135317,0.011844,-0.00976801,0.0115018,0.00312575,0.0827759,0.219468,0.020575,-0.037648,0.0399382
3702,0.135317,0.011844,-0.00976801,0.0115018,0.0037673,0.253451,0.240636,0.0735558,-0.0642342,0.0795649
3710,0.135317,0.011844,-0.00976801,0.0115018,0.00559991,0.226937,0.246116,0.0967024,-0.0604885,0.0812291
3718,0.135317,0.011844,-0.00976801,0.0115018,0.00629634,0.0703856,0.254253,0.0565813,-0.0413166,0.0521185
3726,0.135317,0.011844,-0.00976801,0.0115018,0.00635,-0.154773,0.245838,0.0190317,-0.00681847,0.00806679
3733,0.135317,0.011844,-0.00976801,0.0115018,0.00507417,-0.27454,0.235636,-0.0118305,0.012973,-0.0193966
3742,0.135317,0.011844,-0.00976801,0.0115018,0.00299358,-0.220323,0.225901,-0.0344634,0.00568448,-0.017316
3750,0.135317,0.011844,-0.00976801,0.0115018,0.00156234,-0.056321,0.223429,0.0144026,-0.0136,0.0139838
3758,0.135317,0.011844,-0.00976801,0.0115018,0.00145716,0.181769,0.234111,0.0493799,-0.0508569,0.0602263
3766,0.135317,0.011844,-0.00976801,0.0115018,0.00291605,0.266243,0.24226,0.0699552,-0.0658824,0.0803899
3774,0.135317,0.011844,-0.00976801,0.0115018,0.00438531,0.178973,0.247574,0.0421787,-0.0574512,0.0651574
3782,0.135317,0.011844,-0.00976801,0.0115018,0.00542823,-0.0196798,0.244433,0.0946453,-0.0189944,0.0384903
3790,0.135317,0.011844,-0.00976801,0.0115018,0.00513195,-0.173023,0.242363,0.0426933,0.00126245,0.00549624
3798,0.135317,0.011844,-0.00976801,0.0115018,0.00372476,-0.247364,0.225649,-0.0586386,0.00638738,-0.023797
3805,0.135317,0.011844,-0.00976801,0.0115018,0.00210635,-0.116671,0.227658,-0.0010286,-0.00676174,0.00332679
3814,0.135317,0.011844,-0.00976801,0.0115018,0.00168854,0.0714524,0.228011,0.0133738,-0.0359941,0.0365294
3822,0.135317,0.011844,-0.00976801,0.0115018,0.00223548,0.231601,0.24095,0.0622392,-0.0598493,0.072419
3830,0.135317,0.011844,-0.00732601,0.0115018,0.00415009,0.248786,0.255166,0.0277763,-0.0713238,0.0758418
3838,0.135317,0.011844,-0.00732601,0.0115018,0.00591711,0.0563964,0.254884,0.0216036,-0.0422835,0.0447808
3846,0.135317,0.011844,-0.00976801,0.0115018,0.00620751,-0.1176,0.253278,0.0144026,-0.0145797,0.0148481
3854,0.135317,0.011844,-0.00976801,0.0115018,0.00493564,-0.244164,0.239673,-0.036006,0.00458766,-0.0166259
3862,0.135317,0.011844,-0.00976801,0.0115018,0.00292349,-0.205799,0.230181,-0.0421791,0.00175488,-0.0151635
3870,0.135317,0.011844,-0.00976801,0.0115018,0.00189482,-0.0596479,0.231096,-0.0570956,-0.023162,0.00666564
3877,0.135317,0.011844,-0.00976801,0.0115018,0.0013993,0.109957,0.237888,0.036006,-0.040956,0.046948
3886,0.135317,0.011844,-0.00976801,0.0115018,0.00248559,0.213349,0.253356,0.0596676,-0.0594446,0.0713565
3894,0.135317,0.011844,-0.00976801,0.0115018,0.00385234,0.160453,0.263061,-0.00205758,-0.0613251,0.0585271
3902,0.135317,0.011844,-0.00976801,0.0115018,0.00461914,-0.0267393,0.261067,0.0293194,-0.0270724,0.0311175
3910,0.135317,0.011844,-0.00976801,0.0115018,0.00438449,-0.187277,0.257969,0.0277764,0.00040689,0.00277776
3918,0.135317,0.011844,-0.00976801,0.0115018,0.00286216,-0.27614,0.23862,0.00205795,0.0174517,-0.0206348
3926,0.135317,0.011844,-0.00976801,0.0115018,0.00065873,-0.155308,0.238333,0.0365207,0.00440184,0.00088709
3934,0.135317,0.011844,-0.00976801,0.0115018,-0.00012361,0.0338787,0.237624,-0.00154293,-0.0305154,0.0273886
3942,0.135317,0.011844,-0.00976801,0.0115018,0.00030345,0.172446,0.244317,0.0298338,-0.0516515,0.0563627
3949,0.135317,0.011844,-0.00976801,0.0115018,0.00171777,0.236398,0.26477,0.0401214,-0.0663785,0.0737374
3958,0.135317,0.011844,-0.00732601,0.0115018,0.00255704,0.0653257,0.257999,0.0241756,-0.0393335,0.0424155
3966,0.135317,0.011844,-0.00732601,0.0115018,0.00272444,-0.0700366,0.262863,0.0385782,-0.016022,0.0220913
3974,0.135317,0.011844,-0.00976801,0.0115018,0.00242418,-0.194336,0.249739,-0.00411483,0.00186298,-0.00625746
3982,0.135317,0.011844,-0.00976801,0.0115018,0.00085995,-0.230047,0.231776,-0.0138882,0.0117354,-0.0185715
3990,0.135317,0.011844,-0.00976801,0.0115018,-0.00017843,-0.0902939,0.230773,0.0684116,-0.00033531,0.0133376
3998,0.135317,0.011844,-0.00976801,0.0115018,-0.00036686,0.0783809,0.238573,0.0426932,-0.0325599,0.0400072
4006,0.135317,0.011844,-0.00976801,0.0115018,0.00032331,0.239062,0.254714,0.0154312,-0.0661871,0.0677046
4014,0.135317,0.011844,-0.00976801,0.0115018,0.00224627,0.227068,0.274723,0.00514393,-0.071273,0.0703565
4021,0.135317,0.011844,-0.00976801,0.0115018,0.00341458,0.00150785,0.263748,0.0385781,-0.0294717,0.035771
4030,0.135317,0.011844,-0.00976801,0.0115018,0.00312912,-0.15357,0.271359,0.00977328,-0.00777164,0.00679309
4038,0.135317,0.011844,-0.00976801,0.0115018,0.00196782,-0.26788,0.253897,-0.0298335,0.0110882,-0.021785
4046,0.135317,0.011844,-0.00732601,0.0115018,-0.0001226,-0.248167,0.237485,-0.00308624,0.0168684,-0.0212248
4054,0.135317,0.011844,-0.00732601,0.0115018,-0.00162713,-0.0581843,0.244299,-0.00822988,-0.0145174,0.00950797
4062,0.135317,0.011844,-0.00732601,0.0115018,-0.00183159,0.128743,0.248867,0.0216038,-0.0427054,0.0453085
4070,0.135317,0.011844,-0.00732601,0.0115018,-0.00079317,0.229204,0.260263,0.0365206,-0.0610124,0.067461
4078,0.135238,0.0118754,-0.00976801,0.0115018,0.00111762,0.207882,0.276875,0.0401212,-0.0626819,0.069945
4086,0.135238,0.0118854,-0.00976801,0.0115018,0.00210688,-0.0729715,0.261195,0.0606963,-0.0121454,0.0234167
4093,0.135238,0.0118897,-0.00976801,0.0115018,0.001366,-0.171421,0.261586,0.0118312,-0.00048275,-9.263e-05
4102,0.135238,0.0118915,-0.00976801,0.0115018,0.00050099,-0.224449,0.244582,-0.0313765,0.00722493,-0.018176
4110,0.135238,0.0118923,-0.00976801,0.0115018,-0.00140392,-0.178622,0.232973,-0.062239,0.00043126,-0.0185561
4118,0.135317,0.0118612,-0.00976801,0.0115018,-0.00243477,0.0583924,0.244336,-0.0303479,-0.0358721,0.0259876
4126,0.135317,0.0118514,-0.00976801,0.0115018,-0.00160941,0.200158,0.249173,0.0313769,-0.054232,0.0593643
4134,0.135317,0.0118472,-0.00976801,0.0115018,-0.00028089,0.252785,0.265705,0.0226324,-0.068564,0.0718154
4142,0.135317,0.0118453,-0.00976801,0.0115018,0.00168863,0.106359,0.268566,0.0406358,-0.0451477,0.0522291
4150,0.135317,0.0118445,-0.00976801,0.0115018,0.00213372,-0.0978838,0.259389,0.0380637,-0.0104442,0.0162977
4158,0.135317,0.0118442,-0.00976801,0.0115018,0.00112581,-0.193803,0.251296,-0.0432067,-0.00128892,-0.01235
4165,0.135317,0.0118441,-0.00976801,0.0115018,-1.08e-05,-0.199002,0.242568,-0.0442357,0.00243459,-0.0163503
4174,0.135317,0.011844,-0.00976801,0.0115018,-0.0016572,-0.108544,0.233815,-0.0236613,-0.00657973,-0.0022278
4182,0.135317,0.011844,-0.00976801,0.0115018,-0.00217739,0.149658,0.251586,-0.00771557,-0.0500099,0.0457522
4190,0.135317,0.011844,-0.00976801,0.0115018,-0.00085054,0.249722,0.257828,0.0478366,-0.0630312,0.0722129
4198,0.135317,0.011844,-0.00976801,0.0115018,0.00091143,0.24852,0.272546,0.0468079,-0.0677558,0.0767189
4206,0.135317,0.011844,-0.00976801,0.0115018,0.0028067,0.0174899,0.273891,-0.00977296,-0.0386342,0.0335623
4214,0.135317,0.011844,-0.00976801,0.0115018,0.00254724,-0.202867,0.256649,0.00154313,0.00267268,-0.00575528
4222,0.135317,0.011844,-0.00976801,0.0115018,0.00080698,-0.260685,0.24708,-0.0339487,0.012102,-0.0237661
4230,0.135317,0.011844,-0.00976801,0.0115018,-0.00113688,-0.184083,0.24289,-0.0555521,0.00011063,-0.0166683
4237,0.135317,0.011844,-0.00976801,0.0115018,-0.00254278,-0.00582486,0.237719,-0.00205748,-0.0206121,0.0172061
4246,0.135317,0.011844,-0.00976801,0.0115018,-0.0022498,0.219742,0.255908,0.0108019,-0.0601404,0.0604677
4254,0.135317,0.011844,-0.00976801,0.0115018,-0.00056909,0.274902,0.264588,0.0406356,-0.0695668,0.077131
4262,0.135317,0.011844,-0.00976801,0.0115018,0.00057994,0.149661,0.270566,0.0560666,-0.0493614,0.0602014
4270,0.135317,0.011844,-0.00976801,0.0115018,0.00168462,-0.0440597,0.274616,0.0077154,-0.024851,0.0237014
4278,0.135317,0.011844,-0.00976801,0.0115018,0.00069616,-0.233775,0.257888,-0.0133735,0.00843971,-0.0151654
4286,0.135317,0.011844,-0.00976801,0.0115018,-0.00135173,-0.253494,0.242413,-0.0617246,0.0113609,-0.0295916
4294,0.135317,0.011844,-0.00976801,0.0115018,-0.00256495,-0.0917573,0.243447,-0.0519516,-0.0130168,-0.00242915
4302,0.135317,0.011844,-0.00976801,0.0115018,-0.00298742,0.0937017,0.238734,0.00823001,-0.0355878,0.0349086
4309,0.135317,0.011844,-0.00976801,0.0115018,-0.0020938,0.26411,0.257606,0.0406357,-0.0645318,0.0720394
4318,0.135238,0.0118754,-0.00976801,0.0115018,-0.00012493,0.239194,0.266998,0.0267475,-0.0661839,0.0703667
4326,0.135238,0.0118854,-0.00976801,0.0115018,0.00099686,0.054531,0.263669,0.0632681,-0.0320176,0.0442705
4334,0.135238,0.0118897,-0.00976801,0.0115018,0.00128443,-0.100015,0.268092,0.0421788,-0.00977654,0.0165826
4342,0.135238,0.0118915,-0.00976801,0.0115018,0.0005092,-0.240702,0.252261,-0.0231466,0.00966276,-0.0187203
4350,0.135317,0.0118609,-0.00976801,0.0115018,-0.00136919,-0.195806,0.244191,-0.0411497,0.003902,-0.0170998
4358,0.135317,0.0118512,-0.00976801,0.0115018,-0.00296252,-0.0308712,0.247861,0.00257184,-0.0169232,0.0145277
4366,0.135317,0.0118471,-0.00976801,0.0115018,-0.00312059,0.144065,0.248966,0.0432076,-0.0413459,0.0490761
4374,0.135317,0.0118453,-0.00976801,0.0115018,-0.00191049,0.275568,0.269635,0.053495,-0.0671209,0.0777029
4381,0.135317,0.0118445,-0.00976801,0.0115018,0.00025389,0.228666,0.275788,0.0180032,-0.0674437,0.0695376
4390,0.135317,0.0118442,-0.00976801,0.0115018,0.00195521,-0.0475248,0.264369,0.0200607,-0.0215401,0.0232967
4398,0.135317,0.0118441,-0.00976801,0.0115018,0.00158559,-0.147841,0.267029,1.3e-07,-0.00705141,0.00376017
4406,0.135317,0.011844,-0.00976801,0.0115018,0.00037582,-0.266283,0.243257,-0.0349778,0.0141279,-0.0260589
4414,0.135317,0.011844,-0.00976801,0.0115018,-0.00146367,-0.171028,0.239471,-0.0241765,0.00262698,-0.0117443
4422,0.135317,0.011844,-0.00976801,0.0115018,-0.00231857,0.0470677,0.24554,0.0200607,-0.0284178,0.0303987
4430,0.135317,0.011844,-0.00976801,0.0115018,-0.00185952,0.211616,0.252598,0.0720125,-0.0515762,0.0663316
4438,0.135317,0.011844,-0.00976801,0.0115018,-0.0002269,0.284361,0.274448,0.0596673,-0.0709664,0.0830579
4446,0.135317,0.011844,-0.00976801,0.0115018,0.00206839,0.124343,0.280562,0.0236613,-0.0526128,0.0557498
4453,0.135317,0.011844,-0.00976801,0.0115018,0.0026725,-0.100282,0.272375,0.0534951,-0.0110617,0.0205596
4462,0.135317,0.011844,-0.00976801,0.0115018,0.00172642,-0.236704,0.264635,-0.0370351,0.00363174,-0.0159352
4470,0.135317,0.011844,-0.00976801,0.0115018,-9.361e-05,-0.26535,0.249715,-0.046808,0.0121864,-0.0269131
4478,0.135317,0.011844,-0.00976801,0.0115018,-0.00191833,-0.136789,0.243788,-0.0246899,-0.00322482,-0.00591495
4486,0.135317,0.011844,-0.00976801,0.0115018,-0.00323423,0.0968978,0.250987,-0.00617257,-0.0394516,0.0353804
4494,0.135317,0.011844,-0.00976801,0.0115018,-0.00246487,0.239996,0.263576,0.0478371,-0.060101,0.0692295
4502,0.135317,0.011844,-0.00976801,0.0115018,-0.0008154,0.248787,0.276614,0.0210893,-0.0691006,0.0719688
4510,0.135317,0.011844,-0.00976801,0.0115018,0.00010061,0.0445368,0.274207,0.0519518,-0.0321961,0.0417358
4518,0.135317,0.011844,-0.00976801,0.0115018,0.00033598,-0.152107,0.267036,0.084872,0.0053864,0.0113231
4525,0.135317,0.011844,-0.00976801,0.0115018,-0.00118199,-0.272408,0.252114,-0.00668652,0.0192105,-0.024505
4534,0.135317,0.011844,-0.00976801,0.0115018,-0.00308643,-0.225918,0.241692,-0.0334343,0.0125964,-0.0240911
4542,0.135317,0.011844,-0.00976801,0.0115018,-0.00446654,0.00097007,0.246563,0.0216038,-0.0177273,0.0198992
4550,0.135317,0.011844,-0.00976801,0.0115018,-0.0044232,0.17391,0.249295,0.0406356,-0.0448962,0.0520915
4558,0.135317,0.011844,-0.00976801,0.0115018,-0.00297372,0.299284,0.271291,0.0488656,-0.070431,0.0799773
4566,0.135317,0.011844,-0.00976801,0.0115018,-0.00079588,0.217343,0.276612,0.0262331,-0.0632644,0.0672505
4574,0.135317,0.011844,-0.00976801,0.0115018,8.55e-05,-0.04486,0.271901,-0.0159456,-0.0248587,0.0180978
4582,0.135317,0.011844,-0.00976801,0.0115018,-0.00055851,-0.216187,0.266629,0.04938,0.0132185,-0.00509617
4590,0.135317,0.011844,-0.00976801,0.0115018,-0.00242726,-0.277606,0.246233,0.020575,0.0259589,-0.0248539
4597,0.135317,0.011844,-0.00976801,0.0115018,-0.00445904,-0.173827,0.238129,0.00257232,0.0106001,-0.0134573
4606,0.135317,0.011844,-0.00976801,0.0115018,-0.00471328,0.0833075,0.245763,0.0653256,-0.0258711,0.0386114
4614,0.135317,0.011844,-0.00976801,0.0115018,-0.00389354,0.227605,0.249708,0.0514374,-0.0533983,0.0633158
4622,0.135317,0.011844,-0.00976801,0.0115018,-0.00205681,0.314206,0.275916,0.101332,-0.0687555,0.0907455
4630,0.135317,0.011844,-0.00976801,0.0115018,-0.00056267,0.108357,0.269217,0.087958,-0.0369032,0.0551268
4638,0.135317,0.011844,-0.00976801,0.0115018,9.45e-05,-0.057515,0.268136,-0.00411517,-0.0207553,0.0167477
4646,0.135317,0.011844,-0.00976801,0.0115018,-0.00041719,-0.215255,0.259864,-0.00822996,0.00716938,-0.0126406
4654,0.135317,0.011844,-0.00976801,0.0115018,-0.00217138,-0.245233,0.243898,-0.0123448,0.0166909,-0.0232532
4662,0.135317,0.011844,-0.00976801,0.0115018,-0.0041812,-0.147715,0.232747,-0.0432069,0.00132421,-0.014903
4669,0.135317,0.011844,-0.00976801,0.0115018,-0.00497396,0.131671,0.247688,0.0462933,-0.0361485,0.0445413
4678,0.135317,0.011844,-0.00976801,0.0115018,-0.0037861,0.25292,0.255846,0.0493802,-0.0590096,0.0685214
4686,0.135317,0.011844,-0.00976801,0.0115018,-0.00179961,0.305543,0.278831,0.0704697,-0.0717682,0.0864513
4694,0.135317,0.011844,-0.00976801,0.0115018,-6.608e-05,0.0353449,0.270946,0.101846,-0.0240254,0.0453107
4702,0.135317,0.011844,-0.00976801,0.0115018,-0.00072336,-0.12546,0.268588,0.0210898,-0.00536983,0.0070908
4710,0.135317,0.011844,-0.00976801,0.0115018,-0.00169143,-0.260284,0.248627,-1.7e-07,0.0192368,-0.0229239
4718,0.135317,0.011844,-0.00976801,0.0115018,-0.00347764,-0.217523,0.240782,0.0468081,0.0213341,-0.0138693
4726,0.135317,0.011844,-0.00976801,0.0115018,-0.00514988,-0.0848321,0.230979,-0.0308621,-0.00611093,-0.0043759
4734,0.135317,0.011844,-0.00976801,0.0115018,-0.00559455,0.216406,0.246365,0.0586384,-0.0477895,0.0593466
4741,0.135317,0.011844,-0.00976801,0.0115018,-0.00342173,0.304482,0.256041,0.0380638,-0.0694976,0.076502
4750,0.135317,0.011844,-0.00976801,0.0115018,-0.00123627,0.28023,0.271302,0.0786989,-0.0661324,0.0826878
4758,0.135317,0.011844,-0.00976801,0.0115018,0.00078433,-0.0142187,0.271022,0.0843576,-0.0189872,0.0360052
4766,0.135317,0.011844,-0.00976801,0.0115018,-0.00048969,-0.18821,0.265494,-0.0216033,0.00026589,-0.00881115
4774,0.135317,0.011844,-0.00976801,0.0115018,-0.00220325,-0.292925,0.245565,-0.0036007,0.0254696,-0.0301146
4782,0.135317,0.011844,-0.00976801,0.0115018,-0.00447597,-0.173026,0.244071,0.00823008,0.0101993,-0.0117182
4790,0.135317,0.011844,-0.00976801,0.0115018,-0.0054783,-0.00782299,0.236688,-0.0360055,-0.0200569,0.00858803
4798,0.135317,0.011844,-0.00976801,0.0115018,-0.00529695,0.246521,0.249624,0.043722,-0.0555174,0.0636508
4806,0.135317,0.011844,-0.00976801,0.0115018,-0.00323486,0.317006,0.263655,0.0246902,-0.0746516,0.0785414
4813,0.135317,0.011844,-0.00976801,0.0115018,-0.00174158,0.235596,0.272684,0.0555522,-0.0609225,0.0718703
4822,0.135317,0.011844,-0.00976801,0.0115018,-0.00052498,-0.0148849,0.274327,0.0282907,-0.0242054,0.0279687
4830,0.135317,0.011844,-0.00976801,0.0115018,-0.00089355,-0.198869,0.264595,-0.0699546,-0.00294648,-0.01705
4838,0.135317,0.011844,-0.00976801,0.0115018,-0.00259326,-0.282535,0.244357,-0.059667,0.0178602,-0.0357126
4846,0.135317,0.011844,-0.00976801,0.0115018,-0.00437088,-0.133058,0.244059,0.0133738,0.00398041,-0.00416106
4854,0.135317,0.011844,-0.00976801,0.0115018,-0.00517824,0.0345449,0.238368,0.00925878,-0.0224918,0.0218412
4862,0.135317,0.011844,-0.00976801,0.0115018,-0.00450839,0.26291,0.250939,0.0653255,-0.0570129,0.0703077
4870,0.135317,0.011844,-0.00976801,0.0115018,-0.00237064,0.29782,0.268401,0.063268,-0.068857,0.081807
4878,0.135317,0.011844,-0.00976801,0.0115018,-0.00129188,0.171509,0.273542,0.0560669,-0.0509074,0.061787
4886,0.135317,0.011844,-0.00976801,0.0115018,6.947e-05,-0.0322039,0.276045,0.0668688,-0.0178626,0.0306875
4894,0.135317,0.011844,-0.00976801,0.0115018,-0.00026054,-0.213258,0.267411,-0.051951,0.00025234,-0.0160338
4902,0.135317,0.011844,-0.00976801,0.0115018,-0.00203118,-0.281337,0.24533,-0.0709838,0.0153933,-0.0359047
4910,0.135317,0.011844,-0.00976801,0.0115018,-0.00398965,-0.126397,0.248211,-0.0360061,-0.0041465,-0.00766279
4918,0.135317,0.011844,-0.00976801,0.0115018,-0.00431449,0.0685193,0.248044,-0.0339488,-0.0360138,0.0252831
4926,0.135317,0.011844,-0.00976801,0.0115018,-0.00363312,0.2356,0.256678,0.0334344,-0.0583381,0.0640355
4934,0.135317,0.011844,-0.00976801,0.0115018,-0.00174622,0.289823,0.27592,0.0303482,-0.0734723,0.0786377
4942,0.135317,0.011844,-0.00976801,0.0115018,-0.00010969,0.0929004,0.274929,0.0262332,-0.0431375,0.046752
4950,0.135317,0.011844,-0.00976801,0.0115018,4.812e-05,-0.0929535,0.269933,0.084872,-0.0045715,0.0214584
4957,0.135317,0.011844,-0.00976801,0.0115018,-0.00063423,-0.216852,0.263544,-0.00205716,0.00787073,-0.0118927
4966,0.135317,0.011844,-0.00976801,0.0115018,-0.00242613,-0.22738,0.245382,-0.055038,0.00878895,-0.0253771
4974,0.135317,0.011844,-0.00976801,0.0115018,-0.00417779,-0.0861623,0.244295,-0.0226323,-0.00840649,-0.000126
4982,0.135317,0.011844,-0.00976801,0.0115018,-0.00450275,0.132472,0.251858,0.0128591,-0.0415444,0.0420556
4990,0.135317,0.011844,-0.00976801,0.0115018,-0.0034186,0.269308,0.260197,0.0421787,-0.0638063,0.0716746
4998,0.135317,0.011844,-0.00976801,0.0115018,-0.00126165,0.287559,0.279046,0.0180031,-0.0757211,0.0779734
5006,0.135317,0.011844,-0.00976801,0.0115018,0.00025269,0.055593,0.280829,-0.0190321,-0.0436846,0.0365067
5014,0.135317,0.011844,-0.00976801,0.0115018,0.00049696,-0.165031,0.266225,-0.00051424,-0.00260518,-0.00087652
5022,0.135317,0.011844,-0.00976801,0.0115018,-0.0008538,-0.238834,0.262646,0.00360094,0.0126602,-0.0154175
5029,0.135317,0.011844,-0.00976801,0.0115018,-0.00274501,-0.247366,0.247096,-0.0488651,0.0130218,-0.0282188
5038,0.135317,0.011844,-0.00976801,0.0115018,-0.00465722,-0.0601856,0.24118,-0.0159457,-0.0107974,0.00391533
5046,0.135317,0.011844,-0.00976801,0.0115018,-0.00467014,0.184566,0.255825,0.0432076,-0.0470853,0.0549173
5054,0.135317,0.011844,-0.00976801,0.0115018,-0.00317382,0.269708,0.26573,0.0653257,-0.0623753,0.0757124
5062,0.135317,0.011844,-0.00976801,0.0115018,-0.00182896,0.258113,0.279252,0.0576099,-0.0653815,0.0768835
5070,0.135317,0.011844,-0.00976801,0.0115018,-7.675e-05,0.00549859,0.284093,-0.00514387,-0.0337444,0.0296864
5078,0.135317,0.011844,-0.00976801,0.0115018,-0.00050823,-0.205798,0.270419,-0.0318912,0.00122635,-0.0122536
5086,0.135238,0.0118754,-0.00976801,0.0115018,-0.00218914,-0.287197,0.259773,-0.010802,0.0213826,-0.0277081
5094,0.135238,0.0118854,-0.00976801,0.0115018,-0.00396245,-0.198605,0.255313,-0.0437214,0.00587848,-0.0197295
5101,0.135238,0.0118897,-0.00976801,0.0115018,-0.00549504,-0.0464608,0.249388,-0.0334346,-0.0152606,0.00428051
5110,0.135238,0.0118915,-0.00976801,0.0115018,-0.00575004,0.201754,0.260424,0.0138882,-0.0525921,0.05354
5118,0.135238,0.0118923,-0.00976801,0.0115018,-0.0041431,0.275568,0.276341,0.0709836,-0.0629834,0.0776597
5126,0.135317,0.0118612,-0.00976801,0.0115018,-0.00292474,0.179906,0.273455,0.0833289,-0.0468057,0.064121
5134,0.135317,0.0118514,-0.00976801,0.0115018,-0.00174585,-0.0059579,0.28225,-0.00411459,-0.0290952,0.0252197
5142,0.135317,0.0118472,-0.00976801,0.0115018,-0.00179517,-0.172623,0.271812,-0.00308635,0.00063175,-0.00477747
5150,0.135317,0.0118453,-0.00976801,0.0115018,-0.00338377,-0.276941,0.251975,-0.00308669,0.0234581,-0.0279497
5158,0.135317,0.0118445,-0.00976801,0.0115018,-0.00551326,-0.17556,0.248759,-0.0262333,0.00724092,-0.016917
5166,0.135317,0.0118442,-0.00976801,0.0115018,-0.00626692,0.069184,0.254925,0.00925859,-0.0294451,0.0288864
5173,0.135317,0.0118441,-0.00976801,0.0115018,-0.00568841,0.238664,0.256647,0.00771556,-0.0590364,0.058642
5182,0.135238,0.0118754,-0.00976801,0.0115018,-0.00365648,0.345115,0.292329,0.049894,-0.0803621,0.090283
5190,0.135238,0.0118854,-0.00976801,0.0115018,-0.00211667,0.0910364,0.279855,0.0601817,-0.0367894,0.048381
5198,0.135317,0.0118582,-0.00976801,0.0115018,-0.00120587,-0.0970844,0.281464,-0.0246895,-0.016895,0.00789165
5206,0.135317,0.0118501,-0.00976801,0.0115018,-0.00174104,-0.212721,0.27675,-0.0524664,0.00065111,-0.0165738
5214,0.135317,0.0118466,-0.00976801,0.0115018,-0.00352795,-0.285201,0.256248,0.00462932,0.0252608,-0.0279582
5222,0.135317,0.0118451,-0.00976801,0.0115018,-0.00571945,-0.180758,0.246421,-0.0257186,0.00883269,-0.0184066
5230,0.135238,0.0118759,-0.00976801,0.0115018,-0.00675824,0.122342,0.2646,0.00925872,-0.0391672,0.0387646
5238,0.135238,0.0118856,-0.00976801,0.0115018,-0.00551377,0.234801,0.266236,0.0241756,-0.0581738,0.0616555
5245,0.135238,0.0118898,-0.00976801,0.0115018,-0.00373342,0.304079,0.287203,0.034463,-0.0743702,0.0805212
5254,0.135317,0.0118601,-0.00976801,0.0115018,-0.00172393,0.0591927,0.28729,0.0745836,-0.0315444,0.0464448
5262,0.135317,0.0118509,-0.00976801,0.0115018,-0.00113419,-0.127193,0.285671,0.00257222,-0.00943646,0.00677698
5270,0.135317,0.0118469,-0.00976801,0.0115018,-0.00249675,-0.260285,0.266406,-0.058125,0.0106417,-0.0280582
5278,0.135317,0.0118452,-0.00976801,0.0115018,-0.00406848,-0.228313,0.257335,-0.042693,0.0107446,-0.024445
5286,0.135317,0.0118445,-0.00976801,0.0115018,-0.00566618,-0.112942,0.248048,-0.0216035,-0.00235604,-0.00603754
5294,0.135317,0.0118442,-0.00976801,0.0115018,-0.00637053,0.134069,0.253872,0.0293194,-0.037616,0.0419896
5302,0.135317,0.0118441,-0.00976801,0.0115018,-0.00506974,0.275969,0.271182,0.0432075,-0.0642871,0.0723952
5310,0.135317,0.011844,-0.00976801,0.0115018,-0.00317678,0.258781,0.27892,0.0411501,-0.0655172,0.073116
5317,0.135317,0.011844,-0.00976801,0.0115018,-0.00173824,0.0843752,0.281397,0.0735555,-0.0349288,0.0496632
5326,0.135317,0.011844,-0.00976801,0.0115018,-0.001665,-0.0942868,0.283186,0.0102876,-0.0129044,0.0121589
5334,0.135317,0.011844,-0.00976801,0.0115018,-0.00243294,-0.238303,0.266607,-0.0550382,0.00720578,-0.0238252
5342,0.135238,0.0118754,-0.00976801,0.0115018,-0.00445392,-0.200203,0.252287,-0.0797274,0.00305561,-0.0254176
5350,0.135238,0.0118854,-0.00976801,0.0115018,-0.00599523,-0.0431284,0.254818,-0.0272619,-0.0152799,0.00576022
5358,0.135317,0.0118582,-0.00976801,0.0115018,-0.00618959,0.161251,0.255273,0.0216036,-0.0435256,0.046164
5366,0.135317,0.0118501,-0.00976801,0.0115018,-0.00481649,0.280765,0.270265,0.0339486,-0.0663735,0.0723145
5374,0.135317,0.0118466,-0.00976801,0.0115018,-0.00268536,0.262241,0.28398,0.0216038,-0.0698887,0.0728925
5382,0.135317,0.0118451,-0.00976801,0.0115018,-0.00127902,0.0246843,0.275678,0.0704692,-0.0250252,0.0388542
5389,0.135317,0.0118444,-0.00976801,0.0115018,-0.0010401,-0.103744,0.274718,0.0159461,-0.0101554,0.0107248
5398,0.135317,0.0118442,-0.00976801,0.0115018,-0.00182881,-0.195403,0.26744,-0.0447511,0.00027754,-0.0143283
5406,0.135317,0.011844,-0.00976801,0.0115018,-0.00337194,-0.158105,0.251986,-0.0750982,-0.00491282,-0.0162111
5414,0.135317,0.011844,-0.00976801,0.0115018,-0.00419787,0.0346789,0.260395,0.00925874,-0.0274161,0.026783
5422,0.135317,0.011844,-0.00976801,0.0115018,-0.00381713,0.206553,0.268238,0.0334344,-0.05509,0.0606968
5430,0.135317,0.011844,-0.00976801,0.0115018,-0.00218539,0.263045,0.280495,0.0164598,-0.0707622,0.0725613
5438,0.135317,0.011844,-0.00976801,0.0115018,-0.00038991,0.182036,0.288035,-0.0174888,-0.0649139,0.0584793
5446,0.135317,0.011844,-0.00732601,0.0115018,0.0010957,-0.0311395,0.294217,0.0185175,-0.0276884,0.0291211
5454,0.135317,0.011844,-0.00732601,0.0115018,-1.136e-05,-0.232842,0.275861,0.00668718,0.00912319,-0.0111199
5461,0.135317,0.011844,-0.00732601,0.0115018,-0.00180614,-0.262818,0.263565,-0.0272617,0.0145943,-0.0247241
5470,0.135317,0.011844,-0.00976801,0.0115018,-0.00327499,-0.115473,0.262163,-0.0154313,-0.00678301,-0.0001243
5478,0.135317,0.011844,-0.00976801,0.0115018,-0.00394998,0.0638569,0.262764,0.00514384,-0.0335027,0.0319918
5486,0.135317,0.011844,-0.00732601,0.0172528,-0.00344923,0.246656,0.274245,0.0895014,-0.0569484,0.0745602
5494,0.135317,0.011844,-0.00732601,0.0172528,-0.00146959,0.274103,0.296481,0.0833287,-0.0685801,0.0848511
5502,0.135317,0.011844,-0.00732601,0.0172528,-0.00063072,0.0863736,0.294449,0.0262334,-0.0447547,0.046986
5510,0.135317,0.011844,-0.00732601,0.0172528,-0.00098773,-0.11054,0.289853,0.0102877,-0.0124809,0.0103386
5518,0.135317,0.011844,-0.00976801,0.0115018,-0.00180904,-0.207125,0.281964,-0.0401213,0.00041587,-0.0134079
5526,0.135317,0.011844,-0.00976801,0.0115018,-0.00338125,-0.226581,0.264927,-0.00771542,0.0124023,-0.0178305
5533,0.135317,0.011844,-0.00976801,0.0115018,-0.00509645,-0.0937575,0.263421,0.0128596,-0.00476654,0.00457634
5542,0.135317,0.011844,-0.00732601,0.0115018,-0.00546456,0.115285,0.269846,-0.00360052,-0.0417856,0.0383464
5550,0.135317,0.011844,-0.00732601,0.0115018,-0.00434625,0.270639,0.282943,0.0823002,-0.0612904,0.0786211
5558,0.135238,0.0118754,-0.00732601,0.0172528,-0.00252549,0.230534,0.28554,0.0560669,-0.0612377,0.0709228
5566,0.135238,0.0118854,-0.00732601,0.0172528,-0.00128072,0.091302,0.293477,0.0174887,-0.0454967,0.0456685
5574,0.135317,0.0118582,-0.00976801,0.0172528,-0.00063943,-0.108009,0.287568,0.0169744,-0.012603,0.0120518
5582,0.135317,0.0118501,-0.00976801,0.0172528,-0.00174478,-0.225647,0.273852,-0.0293187,0.00533379,-0.0171903
5590,0.135238,0.011878,-0.00976801,0.0172528,-0.00304027,-0.176088,0.270738,-0.0540091,-0.00354255,-0.0140095
5598,0.135238,0.0118865,-0.00976801,0.0172528,-0.00379923,0.00043908,0.273034,-0.0231469,-0.0287194,0.0189818
5605,0.135238,0.0118902,-0.00976801,0.0172528,-0.00381162,0.133808,0.274289,0.0257188,-0.0454318,0.0476369
5614,0.135317,0.0118603,-0.00976801,0.0172528,-0.00281318,0.221877,0.292378,0.00771568,-0.0666119,0.0648552
5622,0.135317,0.011851,-0.00976801,0.0172528,-0.00118038,0.162318,0.304953,0.0380635,-0.0573731,0.0626226
5630,0.135317,0.011847,-0.00976801,0.0115018,-0.00053555,-0.0824309,0.298154,0.087958,-0.00970206,0.0273439
5638,0.135317,0.0118452,-0.00976801,0.0115018,-0.00143708,-0.216986,0.288652,0.0149172,0.00695994,-0.00698514
5646,0.135317,0.0118445,-0.00976801,0.0115018,-0.00307458,-0.240434,0.277462,-0.0313771,0.00948871,-0.0205384
5654,0.135317,0.0118442,-0.00976801,0.0115018,-0.00489311,-0.134524,0.274195,0.0164599,0.00045695,8.18e-05
5662,0.135238,0.0118755,-0.00976801,0.0115018,-0.00547606,0.0472025,0.273894,0.0262333,-0.0278772,0.031271
5670,0.135238,0.0118854,-0.00976801,0.0115018,-0.00497619,0.200558,0.285898,-0.00565809,-0.0598751,0.0562203
5677,0.135238,0.0118897,-0.00976801,0.0115018,-0.00346076,0.24639,0.30238,0.00154296,-0.0714283,0.069638
5686,0.135238,0.0118915,-0.00976801,0.0115018,-0.00233737,0.0615936,0.296638,0.0504088,-0.0354098,0.0446029
5694,0.135238,0.0118923,-0.00976801,0.0115018,-0.00242379,-0.101346,0.295074,0.0288051,-0.0103506,0.0139436
5702,0.135317,0.0118612,-0.00976801,0.0115018,-0.00348815,-0.20726,0.28613,-0.0411502,0.00198935,-0.0152495
5710,0.135317,0.0118514,-0.00976801,0.0115018,-0.00483551,-0.203,0.276,0.0159458,0.0114835,-0.0112752
5718,0.135317,0.0118472,-0.00732601,0.0115018,-0.00618038,-0.110276,0.269056,0.0437219,0.00261855,0.00440919
5726,0.135317,0.0118453,-0.00732601,0.0115018,-0.00684376,0.113419,0.275341,0.0462936,-0.0345733,0.0428849
5734,0.135317,0.0118445,-0.00732601,0.0115018,-0.00560267,0.243193,0.290697,0.0720122,-0.0574268,0.0722271
5742,0.135317,0.0118442,-0.00732601,0.0115018,-0.00367186,0.230534,0.306102,0.010288,-0.0677318,0.0679549
5749,0.135317,0.0118441,-0.00732601,0.0115018,-0.00252991,0.0509348,0.302445,-0.0277763,-0.0431805,0.033885
5758,0.135317,0.011844,-0.00732601,0.0172528,-0.00243158,-0.161434,0.30122,0.020575,-0.00259711,0.00270661
5766,0.135317,0.011844,-0.00732601,0.0172528,-0.00394246,-0.268811,0.285717,0.0308623,0.02115,-0.0189659
5774,0.135317,0.011844,-0.00976801,0.0172528,-0.00609146,-0.25403,0.269327,0.0401215,0.0249848,-0.0206035
5782,0.135317,0.011844,-0.00976801,0.0172528,-0.00764293,-0.0308732,0.272282,-0.0704704,-0.0236846,0.00262432
5790,0.135317,0.011844,-0.00976801,0.0115018,-0.00755392,0.190829,0.281902,0.0437216,-0.0482884,0.0562208
5798,0.135317,0.011844,-0.00976801,0.0115018,-0.00583683,0.285295,0.297166,0.0915586,-0.0632749,0.0828153
5806,0.135317,0.011844,-0.00976801,0.0115018,-0.00390032,0.195361,0.303362,0.050923,-0.0567008,0.0664037
5814,0.135317,0.011844,-0.00976801,0.0115018,-0.00247081,-0.0456599,0.300946,0.0262331,-0.0209025,0.0240596
5821,0.135317,0.011844,-0.00976801,0.0115018,-0.0030196,-0.190341,0.291975,-0.00154239,0.00221517,-0.00606685
5830,0.135317,0.011844,-0.00976801,0.0115018,-0.00447932,-0.242432,0.28048,-0.0118305,0.0135792,-0.020042
5838,0.135317,0.011844,-0.00976801,0.0115018,-0.00640624,-0.154109,0.268662,-0.0622397,-0.00256041,-0.0155597
5846,0.135238,0.0118754,-0.00976801,0.0115018,-0.00741452,0.0518661,0.273599,0.00977311,-0.0278716,0.0273655
5854,0.135238,0.0118854,-0.00976801,0.0115018,-0.00717479,0.226538,0.280632,0.0154314,-0.057848,0.0592172
5862,0.135317,0.0118582,-0.00976801,0.0115018,-0.00556292,0.270239,0.292088,-0.0036006,-0.0715105,0.0685475
5870,0.135317,0.0118501,-0.00976801,0.0115018,-0.0036177,0.141799,0.30182,0.096702,-0.0424864,0.0628342
5878,0.135317,0.0118466,-0.00976801,0.0115018,-0.00277268,-0.0368645,0.300066,0.0509232,-0.0189014,0.0279085
5886,0.135317,0.0118451,-0.00976801,0.0115018,-0.00301588,-0.165027,0.28799,-0.0468083,-0.00671168,-0.00774693
5893,0.135317,0.0118444,-0.00976801,0.0115018,-0.00433755,-0.2427,0.272299,-0.066868,0.00826183,-0.0277148
5902,0.135317,0.0118442,-0.00976801,0.0115018,-0.00620291,-0.120669,0.263621,-0.0149167,-0.00204377,-0.00480153
5910,0.135317,0.011844,-0.00976801,0.0115018,-0.00666451,0.120213,0.27286,0.00874434,-0.0403763,0.0398487
5918,0.135317,0.011844,-0.00976801,0.0115018,-0.00563147,0.264378,0.280908,-0.026233,-0.0713215,0.0629965
5926,0.135317,0.011844,-0.00976801,0.0115018,-0.00357655,0.29289,0.298412,0.0457792,-0.0732613,0.0820535
5934,0.135238,0.0118754,-0.00976801,0.0115018,-0.00186518,0.0976972,0.299256,0.0432074,-0.0433883,0.0509999
5942,0.135238,0.0118854,-0.00976801,0.0115018,-0.00156515,-0.0996173,0.29501,-0.0509224,-0.0212183,0.00601113
5950,0.135238,0.0118897,-0.00976801,0.0115018,-0.00258241,-0.255756,0.279198,0.0236613,0.0176225,-0.0157211
5958,0.135238,0.0118915,-0.00976801,0.0115018,-0.0044096,-0.211127,0.271488,-0.0262327,0.00805274,-0.0178192
5965,0.135238,0.0118923,-0.00976801,0.0115018,-0.00594362,-0.0601838,0.266931,-0.0390925,-0.015836,0.00347356
5974,0.135317,0.0118612,-0.00976801,0.0115018,-0.00612928,0.173375,0.272728,0.04115,-0.0461399,0.0534318
5982,0.135317,0.0118514,-0.00976801,0.0115018,-0.0046302,0.281832,0.284957,0.055038,-0.066689,0.0776154
5990,0.135317,0.0118472,-0.00976801,0.0115018,-0.00277217,0.258247,0.299697,-0.0097729,-0.0753287,0.0709147
5998,0.135317,0.0118453,-0.00976801,0.0115018,-0.00186071,0.0490665,0.30193,-0.0411497,-0.0456769,0.0332293
6006,0.135317,0.0118445,-0.00976801,0.0115018,-0.001698,-0.131989,0.297345,0.0324056,-0.00622967,0.01059
6014,0.135317,0.0118442,-0.00976801,0.0115018,-0.00280584,-0.25016,0.278971,-0.00514336,0.0135907,-0.018474
6022,0.135317,0.0118441,-0.00976801,0.0115018,-0.00467618,-0.198071,0.270283,-0.0437216,0.00432006,-0.0181781
6030,0.135317,0.011844,-0.00976801,0.0115018,-0.00626965,-0.0268754,0.27118,-0.0190317,-0.0193342,0.0118051
6037,0.135317,0.011844,-0.00976801,0.0115018,-0.00637678,0.189231,0.277421,0.0534953,-0.0477738,0.0580253
6046,0.135317,0.011844,-0.00976801,0.0115018,-0.0049269,0.295821,0.295145,0.03292,-0.0728749,0.0786204
6054,0.135317,0.011844,-0.00976801,0.0115018,-0.00325035,0.241057,0.303639,0.0756128,-0.0623735,0.0780538
6062,0.135317,0.011844,-0.00976801,0.0115018,-0.00143254,-0.00062948,0.299972,0.0421787,-0.027829,0.0349033
6070,0.135317,0.011844,-0.00976801,0.0115018,-0.0019196,-0.189943,0.291055,-0.0689252,-0.00716192,-0.0125767
6078,0.135317,0.011844,-0.00976801,0.0115018,-0.00349742,-0.257488,0.27806,-0.0936158,0.00549344,-0.0312919
6086,0.135317,0.011844,-0.00976801,0.0115018,-0.00543734,-0.162901,0.268151,-0.00668687,0.00419863,-0.00921905
6094,0.135317,0.011844,-0.00976801,0.0115018,-0.00634711,0.0919664,0.275051,2.3e-07,-0.0374758,0.0348026
6102,0.135317,0.011844,-0.00976801,0.0115018,-0.00528311,0.247057,0.280411,0.0118306,-0.0643424,0.0649536
6109,0.135317,0.011844,-0.00976801,0.0115018,-0.00333302,0.310472,0.302471,0.122935,-0.0681002,0.0951616
6118,0.135317,0.011844,-0.00976801,0.0115018,-0.00051177,0.0902382,0.303903,0.0432076,-0.0448036,0.0524136
6126,0.135317,0.011844,-0.00976801,0.0115018,-0.0005714,-0.0737682,0.307893,-0.00565835,-0.0237035,0.0192761
6134,0.135317,0.011844,-0.00976801,0.0115018,-0.00124797,-0.227911,0.294629,-0.0761266,-0.00316639,-0.018378
6142,0.135317,0.011844,-0.00976801,0.0115018,-0.00295709,-0.227114,0.285893,-0.0252044,0.00646811,-0.0160173
6150,0.135317,0.011844,-0.00976801,0.0115018,-0.00462232,-0.153709,0.274449,-0.0133738,-0.00026597,-0.00629173
6158,0.135317,0.011844,-0.00976801,0.0115018,-0.0052667,0.0954309,0.28707,-0.00925872,-0.0425741,0.0377436
6166,0.135317,0.011844,-0.00732601,0.0115018,-0.00382468,0.216147,0.29462,0.0519523,-0.0583576,0.0683671
6174,0.135317,0.011844,-0.00732601,0.0115018,-0.0022297,0.252917,0.313736,0.0159457,-0.074029,0.0756784
6181,0.135317,0.011844,-0.00732601,0.0115018,-0.00069864,0.0504022,0.31177,0.00205751,-0.0436081,0.041381
6190,0.135317,0.011844,-0.00732601,0.0115018,-0.00153729,-0.176755,0.303906,0.0411499,0.00139813,0.00489173
6198,0.135317,0.011844,-0.00732601,0.0115018,-0.00303884,-0.262016,0.28855,0.0385781,0.019896,-0.0144988
6206,0.135317,0.011844,-0.00732601,0.0115018,-0.00486739,-0.242171,0.279993,0.0262333,0.0190281,-0.0165119
6214,0.135317,0.011844,-0.00732601,0.0115018,-0.00654944,-0.0555203,0.28182,-0.050409,-0.0191764,0.00415011
6222,0.135317,0.011844,-0.00976801,0.0115018,-0.00688613,0.151791,0.283501,-0.0169744,-0.0500934,0.0435901
6230,0.135317,0.011844,-0.00976801,0.0115018,-0.00547264,0.279699,0.299544,0.111105,-0.0609225,0.0850651
6238,0.135317,0.011844,-0.00976801,0.0115018,-0.00401376,0.211349,0.313316,0.0123451,-0.0653654,0.0660111
6246,0.135317,0.011844,-0.00976801,0.0115018,-0.00338151,-0.00635557,0.308668,-0.0246897,-0.0334586,0.0247042
6253,0.135317,0.011844,-0.00976801,0.0115018,-0.00364998,-0.153571,0.304954,0.0349776,-0.00084878,0.00572176
6262,0.135317,0.011844,-0.00976801,0.0115018,-0.00495242,-0.247095,0.288493,0.0570958,0.0218426,-0.0120571
6270,0.135317,0.011844,-0.00976801,0.0115018,-0.00672522,-0.204335,0.277358,0.0360064,0.0164517,-0.0115405
6278,0.135317,0.011844,-0.00976801,0.0115018,-0.0080685,-0.0126205,0.281135,-0.0174885,-0.0206539,0.0135071
6286,0.135317,0.011844,-0.00976801,0.0115018,-0.00753477,0.196159,0.286211,0.0354918,-0.0508696,0.0568766
6294,0.135317,0.011844,-0.00976801,0.0115018,-0.00582234,0.291291,0.306648,0.0519519,-0.070491,0.0807027
6302,0.135317,0.011844,-0.00976801,0.0115018,-0.00477964,0.189365,0.3109,0.066354,-0.0538796,0.067194
6310,0.135317,0.011844,-0.00976801,0.0115018,-0.00387998,-0.0373993,0.304456,0.022118,-0.021387,0.0235775
6318,0.135317,0.011844,-0.00976801,0.0115018,-0.00452245,-0.181015,0.301952,0.00308658,0.00167058,-0.0044224
6325,0.135317,0.011844,-0.00976801,0.0115018,-0.00587433,-0.257354,0.287623,-0.00977305,0.0170926,-0.0231356
6334,0.135317,0.011844,-0.00976801,0.0115018,-0.00765076,-0.174757,0.273176,0.0329202,0.0130955,-0.00883622
6342,0.135317,0.011844,-0.00976801,0.0115018,-0.00926445,0.0466685,0.279296,0.0951592,-0.0153451,0.0349505
6350,0.135317,0.011844,-0.00976801,0.0115018,-0.00839722,0.203755,0.288787,0.0509231,-0.0495448,0.0592048
6358,0.135317,0.011844,-0.00976801,0.0115018,-0.00646675,0.287025,0.310325,0.0421787,-0.0706314,0.0785139
6366,0.135317,0.011844,-0.00976801,0.0115018,-0.00501684,0.123679,0.303037,0.0822999,-0.0394257,0.056298
6374,0.135317,0.011844,-0.00976801,0.0115018,-0.00452157,-0.0489891,0.306652,0.0684119,-0.0134626,0.026535
6382,0.135317,0.011844,-0.00976801,0.0115018,-0.00491695,-0.184212,0.298873,-0.00360046,0.00245793,-0.00680412
6390,0.135317,0.011844,-0.00976801,0.0115018,-0.00643942,-0.255358,0.283149,-0.0411499,0.0145633,-0.028015
6397,0.135317,0.011844,-0.00976801,0.0115018,-0.00830148,-0.150379,0.27798,-0.0144022,0.0035694,-0.0104141
6406,0.135317,0.011844,-0.00976801,0.0115018,-0.00916656,0.0958318,0.282164,0.0277763,-0.0321004,0.0359538
6414,0.135317,0.011844,-0.00976801,0.0115018,-0.00809553,0.235066,0.295043,0.0987602,-0.0505673,0.0716196
6422,0.135317,0.011844,-0.00976801,0.0115018,-0.00642001,0.250256,0.304369,0.0380638,-0.0640745,0.0708731
6430,0.135317,0.011844,-0.00976801,0.0115018,-0.00517862,0.120216,0.308733,0.0174888,-0.047177,0.0487394
6438,0.135317,0.011844,-0.00976801,0.0115018,-0.0042888,-0.0721716,0.310223,0.0637825,-0.0110291,0.0229416
6446,0.135317,0.011844,-0.00976801,0.0115018,-0.00497778,-0.219652,0.292697,-0.00308589,0.00952194,-0.013857
6454,0.135317,0.011844,-0.00976801,0.0115018,-0.00702177,-0.236841,0.281265,-0.047836,0.0117878,-0.0267697
6462,0.135317,0.011844,-0.00976801,0.0115018,-0.00880427,-0.0728404,0.278034,-0.0864148,-0.0171919,-0.00641976
6469,0.135317,0.011844,-0.00976801,0.0115018,-0.00887106,0.125012,0.290797,0.00977309,-0.0408983,0.0405973
6478,0.135317,0.011844,-0.00976801,0.0115018,-0.00772953,0.250923,0.29828,0.103389,-0.0536998,0.075899
6486,0.135317,0.011844,-0.00976801,0.0115018,-0.00575631,0.252252,0.309955,0.0216039,-0.068164,0.0710942
6494,0.135317,0.011844,-0.00976801,0.0115018,-0.00409985,0.0901018,0.318445,0.0174887,-0.0451969,0.0466841
6502,0.135317,0.011844,-0.00976801,0.0115018,-0.00381837,-0.141717,0.309167,0.0684118,0.00066287,0.0121359
6510,0.135317,0.011844,-0.00976801,0.0115018,-0.0051302,-0.277872,0.292273,0.0205755,0.0223217,-0.0212527
6518,0.135317,0.011844,-0.00976801,0.0115018,-0.00710243,-0.218988,0.284078,-0.0406349,0.00931009,-0.0225385
6526,0.135317,0.011844,-0.00976801,0.0115018,-0.00865733,-0.0296738,0.28787,-0.0462933,-0.0214684,0.00746228
6534,0.135317,0.011844,-0.00976801,0.0115018,-0.00865238,0.150727,0.289624,0.0437218,-0.0413106,0.0491045
6541,0.135317,0.011844,-0.00976801,0.0115018,-0.00748387,0.275834,0.302174,0.077156,-0.0619217,0.0780097
6550,0.135317,0.011844,-0.00976801,0.0115018,-0.00566966,0.209617,0.315468,-0.00720136,-0.0654382,0.0614405
6558,0.135317,0.011844,-0.00976801,0.0115018,-0.00434467,0.0260182,0.320062,0.0087445,-0.0354363,0.0346595
6566,0.135317,0.011844,-0.00976801,0.0115018,-0.00462807,-0.180751,0.311335,0.0411501,0.00474568,0.00148693
6574,0.135317,0.011844,-0.00976801,0.0115018,-0.00621864,-0.26455,0.290961,0.0185178,0.0215669,-0.0209592
6582,0.135238,0.0118754,-0.00976801,0.0115018,-0.00805078,-0.18808,0.287204,-0.0550379,0.00328203,-0.0198292
6590,0.135238,0.0118854,-0.00976801,0.0115018,-0.00910802,0.0316128,0.286429,-0.0293193,-0.0288065,0.0189873
6598,0.135317,0.0118582,-0.00976801,0.0115018,-0.00851279,0.214015,0.291872,0.0699545,-0.0493351,0.0635169
6606,0.135317,0.0118501,-0.00976801,0.0115018,-0.00691168,0.279834,0.305817,0.0540091,-0.0666862,0.0773318
6613,0.135317,0.0118466,-0.00976801,0.0115018,-0.00504548,0.232931,0.317095,-0.0282905,-0.072941,0.0640466
6622,0.135238,0.0118765,-0.00976801,0.0115018,-0.00340499,-0.00529243,0.324372,-0.0138878,-0.0348198,0.0286191
6630,0.135238,0.0118859,-0.00976801,0.0115018,-0.00407116,-0.222451,0.308438,0.0452648,0.0119428,-0.00485919
6638,0.135317,0.0118584,-0.00976801,0.0115018,-0.00588093,-0.289995,0.299049,-0.00668675,0.0211018,-0.0265155
6646,0.135317,0.0118502,-0.00976801,0.0115018,-0.00801946,-0.181688,0.291274,-0.0864146,-0.00220321,-0.0217292
6654,0.135317,0.0118466,-0.00976801,0.0115018,-0.00898637,0.0453365,0.291979,0.0190318,-0.0265152,0.0281535
6662,0.135317,0.0118451,-0.00976801,0.0115018,-0.00865402,0.180439,0.296966,0.107504,-0.0399416,0.0628819
6670,0.135317,0.0118444,-0.00976801,0.0115018,-0.00731469,0.28263,0.317345,0.0257187,-0.0717947,0.0757668
6678,0.135317,0.0118442,-0.00976801,0.0115018,-0.00549823,0.163516,0.32459,-0.038578,-0.0631336,0.0515922
6685,0.135317,0.011844,-0.00976801,0.0115018,-0.00448972,-0.0633782,0.322565,0.0149167,-0.0199668,0.0203707
6694,0.135317,0.011844,-0.00976801,0.0115018,-0.00540503,-0.22125,0.314093,0.012345,0.00875141,-0.00945323
6702,0.135317,0.011844,-0.00976801,0.0115018,-0.0071483,-0.276142,0.297523,-0.041664,0.0166414,-0.0302872
6710,0.135317,0.011844,-0.00976801,0.0115018,-0.00933801,-0.144249,0.292976,-0.0720121,-0.00522648,-0.0152111
6718,0.135317,0.011844,-0.00976801,0.0115018,-0.0103333,0.061192,0.296735,-0.0360064,-0.0345597,0.0232363
6726,0.135238,0.0118754,-0.00976801,0.0115018,-0.00965432,0.229602,0.307743,0.115734,-0.0474984,0.0725177
6734,0.135238,0.0118854,-0.00976801,0.0115018,-0.00788646,0.268639,0.322025,0.0555525,-0.0658413,0.0768033
6742,0.135317,0.0118582,-0.00732601,0.0115018,-0.00589604,0.140466,0.321084,0.00720125,-0.0523595,0.051546
6750,0.135317,0.0118501,-0.00732601,0.0115018,-0.00512486,-0.0828306,0.31932,-0.0020574,-0.016913,0.0132407
6757,0.135317,0.0118466,-0.00732601,0.0115018,-0.00591877,-0.243766,0.308538,-0.0236612,0.0102746,-0.0195526
6766,0.135317,0.0118451,-0.00976801,0.0115018,-0.00777635,-0.254961,0.29115,-0.0329197,0.0160262,-0.0275532
6774,0.135317,0.0118444,-0.00976801,0.0115018,-0.00926034,-0.0577844,0.300257,-0.0318912,-0.0162335,0.00553295
6782,0.135317,0.0118442,-0.00976801,0.0115018,-0.00937982,0.0937038,0.296435,-0.0432072,-0.0421117,0.0292026
6790,0.135317,0.011844,-0.00976801,0.0115018,-0.00859006,0.259713,0.318467,0.0668682,-0.0615349,0.0751304
6798,0.135317,0.011844,-0.00976801,0.0115018,-0.00642551,0.236527,0.329124,0.0704691,-0.0619408,0.0763486
6806,0.135317,0.011844,-0.00976801,0.0115018,-0.00502628,0.0140291,0.325267,0.019032,-0.0321166,0.0337216
6814,0.135317,0.011844,-0.00732601,0.0115018,-0.0051956,-0.161965,0.322883,-0.0262325,-0.00701666,-0.00260501
6822,0.135317,0.011844,-0.00732601,0.0115018,-0.00649902,-0.266148,0.308687,-0.0277763,0.0143052,-0.0246318
6829,0.135317,0.011844,-0.00732601,0.0115018,-0.00863838,-0.256962,0.290625,-0.031891,0.018149,-0.0294525
6838,0.135317,0.011844,-0.00732601,0.0115018,-0.00966187,-0.00729017,0.296705,-0.0329202,-0.0232768,0.0124816
6846,0.135317,0.011844,-0.00732601,0.0115018,-0.00954072,0.154591,0.298256,-0.0262331,-0.0499686,0.0412502
6854,0.135238,0.0118754,-0.00732601,0.0115018,-0.00814368,0.298218,0.322714,0.0509228,-0.0707065,0.0806626
6862,0.135238,0.0118854,-0.00732601,0.0115018,-0.00584741,0.233197,0.332362,0.097731,-0.0590359,0.079876
6870,0.135238,0.0118897,-0.00976801,0.0115018,-0.00439986,-0.0206145,0.322502,0.0488658,-0.0231719,0.0317209
6878,0.135238,0.0118915,-0.00976801,0.0115018,-0.00488061,-0.181815,0.323089,-0.0447503,-0.00668848,-0.00736034
6886,0.135238,0.0118923,-0.00976801,0.0115018,-0.00621267,-0.293194,0.30255,-0.0596672,0.0153176,-0.0332509
6894,0.135238,0.0118927,-0.00976801,0.0115018,-0.0080033,-0.186349,0.30049,-0.045779,0.00190215,-0.0162567
6901,0.135238,0.0118928,-0.00976801,0.0115018,-0.0092676,-0.00076352,0.298191,-0.00925866,-0.0226955,0.0175108
6910,0.135317,0.0118614,-0.00732601,0.0115018,-0.00895474,0.19656,0.305031,-0.0154314,-0.0575886,0.0515577
6918,0.135317,0.0118515,-0.00732601,0.0115018,-0.00738405,0.276368,0.321826,-0.00102886,-0.0741222,0.0717609
6926,0.135317,0.0118472,-0.00976801,0.0115018,-0.00544452,0.159785,0.324952,0.0396067,-0.0534265,0.0603285
6934,0.135317,0.0118453,-0.00976801,0.0115018,-0.00435451,-0.0172812,0.327615,0.03292,-0.0265503,0.0313476
6942,0.135317,0.0118446,-0.00976801,0.0115018,-0.00480267,-0.205264,0.309621,-0.00360034,0.00408913,-0.00849701
6950,0.135317,0.0118442,-0.00976801,0.0115018,-0.00657431,-0.247763,0.300909,-0.0452652,0.010135,-0.0245348
6958,0.135317,0.0118441,-0.00732601,0.0115018,-0.00835854,-0.10095,0.302885,-0.0169746,-0.00853594,0.00123722
6966,0.135317,0.011844,-0.00732601,0.0115018,-0.00856488,0.0929012,0.304222,0.0154311,-0.0370555,0.0379972
6973,0.135317,0.011844,-0.00732601,0.0115018,-0.00789604,0.23107,0.313923,0.00977314,-0.063307,0.063348
6982,0.135317,0.011844,-0.00732601,0.0115018,-0.0062724,0.240926,0.329189,-0.0169743,-0.0728078,0.0665917
6990,0.135317,0.011844,-0.00732601,0.0115018,-0.00472673,0.0827737,0.335059,-0.00771577,-0.0483582,0.043866
6998,0.135238,0.0118754,-0.00976801,0.0115018,-0.00422694,-0.143182,0.324371,0.0622395,-0.00167105,0.0130038
7006,0.135238,0.0118854,-0.00976801,0.0115018,-0.00534835,-0.265748,0.314093,-0.00668608,0.0139104,-0.0192401
7014,0.135317,0.0118582,-0.00976801,0.0115018,-0.00747518,-0.224187,0.302745,-0.0524668,0.00631315,-0.0223539
7022,0.135317,0.0118501,-0.00976801,0.0115018,-0.00894866,-0.0304738,0.305021,-0.00823048,-0.0192014,0.0141744
7030,0.135317,0.0118466,-0.00976801,0.0115018,-0.00875378,0.166448,0.313983,0.0606961,-0.0457186,0.0575683
7038,0.135317,0.0118451,-0.00976801,0.0115018,-0.00740741,0.241596,0.322468,0.0895009,-0.0581161,0.0770161
7045,0.135317,0.0118444,-0.00976801,0.0115018,-0.00556687,0.190963,0.333412,0.0560667,-0.0578968,0.0687787
7054,0.135317,0.0118442,-0.00976801,0.0115018,-0.00419153,-0.017414,0.334692,-0.060695,-0.0389245,0.0216284
7062,0.135317,0.011844,-0.00976801,0.0115018,-0.00495376,-0.178618,0.328888,-0.0282904,-0.00616962,-0.00398431
7070,0.135317,0.011844,-0.00976801,0.0115018,-0.00642527,-0.249761,0.316644,-0.0108016,0.011789,-0.0180565
7078,0.135317,0.011844,-0.00976801,0.0115018,-0.00758647,-0.14798,0.313584,-0.00925825,-0.0029477,-0.00266101
7086,0.135317,0.011844,-0.00976801,0.0115018,-0.00783628,0.0180241,0.308094,0.0457794,-0.0229856,0.0308724
7094,0.135317,0.011844,-0.00976801,0.0115018,-0.00779299,0.155525,0.319835,0.0210894,-0.0508322,0.053315
7102,0.135238,0.0118754,-0.00976801,0.0115018,-0.00661375,0.206155,0.330212,0.0324057,-0.0612154,0.0665425
7110,0.135238,0.0118854,-0.00976801,0.0115018,-0.00547585,0.113821,0.33731,0.0581246,-0.0454544,0.0565865
7117,0.135238,0.0118897,-0.00976801,0.0115018,-0.00538445,-0.0545824,0.336679,0.0185177,-0.0219941,0.0232626
7126,0.135238,0.0118915,-0.00976801,0.0115018,-0.0060982,-0.206594,0.324456,-0.0128597,0.00267165,-0.00928725
7134,0.135238,0.0118923,-0.00976801,0.0115018,-0.007769,-0.243235,0.318889,-0.0457796,0.00812207,-0.0226457
7142,0.135238,0.0118927,-0.00976801,0.0115018,-0.00969029,-0.130796,0.310148,-0.030862,-0.00485066,-0.00583682
7150,0.135238,0.0118928,-0.00976801,0.0115018,-0.00937311,0.0921019,0.321879,0.0380639,-0.0363101,0.0425808
7158,0.135317,0.0118614,-0.00976801,0.0115018,-0.00827889,0.20389,0.331249,0.04938,-0.0567276,0.0660299
7166,0.135317,0.0118515,-0.00976801,0.0115018,-0.00677401,0.187899,0.343313,0.027262,-0.0606959,0.0647525
7174,0.135317,0.0118472,-0.00976801,0.0115018,-0.00564806,-0.029671,0.338358,0.051437,-0.0222383,0.0313499
7182,0.135317,0.0118453,-0.00976801,0.0115018,-0.00671095,-0.163162,0.337854,-0.034463,-0.00849589,-0.00309283
7189,0.135317,0.0118446,-0.00976801,0.0115018,-0.00801557,-0.229909,0.319665,-0.0730411,0.00284798,-0.0237685
7198,0.135317,0.0118442,-0.00976801,0.0115018,-0.00969764,-0.173158,0.31682,-0.0442362,-0.00046435,-0.0135086
7206,0.135317,0.0118441,-0.00976801,0.0115018,-0.0109496,-0.0138181,0.314896,0.0221181,-0.0172451,0.0194036
7214,0.135317,0.011844,-0.00976801,0.0115018,-0.01071,0.144066,0.323243,0.0781849,-0.0387091,0.0545899
7222,0.135317,0.011844,-0.00976801,0.0115018,-0.00947826,0.218945,0.337972,0.0262333,-0.0614217,0.0652899
7230,0.135317,0.011844,-0.00976801,0.0115018,-0.00778221,0.148729,0.342308,0.0113163,-0.0544821,0.0546398
7238,0.135317,0.011844,-0.00976801,0.0115018,-0.00672318,-0.0595156,0.344293,0.0421788,-0.017815,0.0246346
7246,0.135317,0.011844,-0.00976801,0.0115018,-0.0074365,-0.220851,0.330825,0.0339491,0.0113413,-0.00697109
7254,0.135317,0.011844,-0.00976801,0.0115018,-0.00921278,-0.279073,0.315405,-0.0118302,0.0206181,-0.0272601
7261,0.135317,0.011844,-0.00976801,0.0115018,-0.0113938,-0.154377,0.315082,-0.0550384,-0.00225426,-0.0142363
7270,0.135238,0.0118754,-0.00976801,0.0115018,-0.0119431,0.0563954,0.31967,0.0144025,-0.0292493,0.0297873
7278,0.135238,0.0118854,-0.00976801,0.0115018,-0.0113688,0.220942,0.327614,0.0426928,-0.0554756,0.0632048
7286,0.135238,0.0118897,-0.00732601,0.0115018,-0.00976423,0.236262,0.344605,0.053495,-0.0613168,0.0716681
7294,0.135238,0.0118915,-0.00732601,0.0115018,-0.00784344,0.0550638,0.338618,0.0560668,-0.0324157,0.0428464
7302,0.135238,0.0118923,-0.00732601,0.0115018,-0.00799501,-0.125861,0.336762,-0.0149178,-0.0100319,0.00315077
7310,0.135238,0.0118927,-0.00732601,0.0115018,-0.00971678,-0.249362,0.319141,-0.056581,0.0109166,-0.0280377
7318,0.135238,0.0118928,-0.00976801,0.0115018,-0.0116007,-0.198206,0.309184,-0.0236613,0.0100579,-0.019281
7326,0.135238,0.0118929,-0.00976801,0.0115018,-0.013294,-0.00728872,0.311763,-0.0452646,-0.0224725,0.00871065
7333,0.135238,0.0118929,-0.00976801,0.0115018,-0.0133266,0.162852,0.31619,-0.0231471,-0.0489701,0.0409503
7342,0.135238,0.0118929,-0.00976801,0.0115018,-0.0120879,0.278499,0.334001,0.0113163,-0.0688174,0.069307
7350,0.135238,0.0118929,-0.00976801,0.0115018,-0.0101715,0.20615,0.335526,-0.0118305,-0.062345,0.0571781
7358,0.135238,0.0118929,-0.00732601,0.0115018,-0.00882368,0.018957,0.336886,0.0077157,-0.0304433,0.0293361
7366,0.135238,0.0118929,-0.00732601,0.0115018,-0.00882232,-0.153438,0.325779,0.0169746,0.00124712,-0.00069867
7374,0.135317,0.0118615,-0.00976801,0.0115018,-0.00988839,-0.212456,0.313718,-0.0452643,0.00677118,-0.0211108
7382,0.135317,0.0118515,-0.00976801,0.0115018,-0.011645,-0.0977509,0.311215,-0.0313768,-0.00795267,-0.00278359
7390,0.135317,0.0118472,-0.00976801,0.0115018,-0.0119214,0.067056,0.313167,-0.0303486,-0.0353218,0.0253299
7398,0.135317,0.0118453,-0.00976801,0.0115018,-0.0113648,0.231468,0.324012,-0.0226328,-0.0644165,0.0567595
7405,0.135317,0.0118446,-0.00976801,0.0115018,-0.00946708,0.269839,0.336727,0.0653259,-0.0651382,0.0783896
7414,0.135317,0.0118442,-0.00976801,0.0115018,-0.007745,0.0927673,0.339263,0.0113161,-0.0446874,0.0446736
7422,0.135317,0.0118441,-0.00976801,0.0115018,-0.00722766,-0.122265,0.331835,-0.0313767,-0.0132878,0.00254458
7430,0.135317,0.011844,-0.00976801,0.0115018,-0.00846783,-0.233773,0.320587,-0.0324055,0.0087572,-0.0201049
7438,0.135317,0.011844,-0.00976801,0.0115018,-0.0103101,-0.165164,0.31101,-0.097217,-0.00626161,-0.0202018
7446,0.135317,0.011844,-0.00976801,0.0115018,-0.0110023,0.0317484,0.312316,-0.0144026,-0.0286774,0.0223546
7454,0.135317,0.011844,-0.00976801,0.0115018,-0.0105973,0.157924,0.317541,0.0380635,-0.0449903,0.0514447
7462,0.135317,0.011844,-0.00976801,0.0115018,-0.00940535,0.25372,0.329864,-0.0128593,-0.070636,0.065384
7470,0.135317,0.011844,-0.00976801,0.0115018,-0.0074022,0.187763,0.340393,-0.00565825,-0.0632242,0.0595006
7477,0.135317,0.011844,-0.00976801,0.0115018,-0.00644263,0.00869967,0.339432,0.0282905,-0.0304599,0.0342143
7486,0.135317,0.011844,-0.00976801,0.0115018,-0.00654887,-0.172089,0.33069,-0.0360058,-0.00625713,-0.00572146
7494,0.135317,0.011844,-0.00976801,0.0115018,-0.00792761,-0.227113,0.319678,-0.0159455,0.00898325,-0.0164175
7502,0.135317,0.011844,-0.00976801,0.0115018,-0.0093764,-0.133458,0.313119,-0.0401216,-0.00646429,-0.00641135
7510,0.135317,0.011844,-0.00976801,0.0115018,-0.00983067,0.0711845,0.318148,-0.00257188,-0.0364341,0.0330428
7518,0.135317,0.011844,-0.00976801,0.0115018,-0.00914055,0.205887,0.330192,0.0632681,-0.0540888,0.0666626
7526,0.135317,0.011844,-0.00976801,0.0115018,-0.00760274,0.257315,0.342209,0.0257187,-0.0711701,0.075063
7534,0.135317,0.011844,-0.00976801,0.0115018,-0.00618489,0.0635893,0.339236,0.00874411,-0.0422635,0.0415765
7542,0.135317,0.011844,-0.00976801,0.0115018,-0.0056393,-0.124795,0.334625,-0.0360059,-0.0160539,0.0042343
7549,0.135317,0.011844,-0.00976801,0.0115018,-0.00666812,-0.238304,0.324877,-0.0812717,0.00058001,-0.0234483
7558,0.135317,0.011844,-0.00976801,0.0115018,-0.008472,-0.178221,0.321578,-0.0241756,0.00028604,-0.00952081
7566,0.135317,0.011844,-0.00976801,0.0115018,-0.00958894,-0.00129315,0.323017,0.00977325,-0.0239811,0.0232854
7574,0.135317,0.011844,-0.00976801,0.0115018,-0.00938696,0.166183,0.328642,0.0627534,-0.0469219,0.0592485
7582,0.135317,0.011844,-0.00976801,0.0115018,-0.00813721,0.189634,0.337365,0.0550384,-0.0548826,0.0654798
7590,0.135317,0.011844,-0.00976801,0.0115018,-0.00675635,0.113688,0.342298,1e-07,-0.0513729,0.0487675
7598,0.135317,0.011844,-0.00976801,0.0115018,-0.0061874,-0.0639102,0.343405,-0.0210893,-0.0251317,0.0170125
7606,0.135317,0.011844,-0.00976801,0.0115018,-0.00681262,-0.182614,0.333597,-0.0174885,-0.00241975,-0.00522409
7614,0.135317,0.011844,-0.00976801,0.0115018,-0.00806871,-0.207929,0.324549,-0.00514326,0.00645921,-0.0112865
7621,0.135317,0.011844,-0.00976801,0.0115018,-0.00941329,-0.139719,0.323737,-0.0313767,-0.0060465,-0.00478369
7630,0.135317,0.011844,-0.00976801,0.0115018,-0.0105276,0.0490673,0.324833,0.00822993,-0.0315779,0.0306586
7638,0.135317,0.011844,-0.00976801,0.0115018,-0.00983248,0.172845,0.337034,0.0426926,-0.0511354,0.0587418
7646,0.135317,0.011844,-0.00976801,0.0115018,-0.00884476,0.168981,0.345105,0.0498941,-0.0523052,0.0616151
7654,0.135317,0.011844,-0.00976801,0.0115018,-0.00744696,-0.0127494,0.340977,0.068926,-0.0209479,0.0342129
7662,0.135317,0.011844,-0.00976801,0.0115018,-0.00794274,-0.14238,0.332718,0.00925812,-0.00429194,0.0030676
7670,0.135317,0.011844,-0.00976801,0.0115018,-0.00909864,-0.200732,0.32254,-0.0236609,0.0048206,-0.0140122
7678,0.135317,0.011844,-0.00976801,0.0115018,-0.0106603,-0.148778,0.314349,-0.0396064,-0.00226715,-0.0105529
7686,0.135317,0.011844,-0.00976801,0.0115018,-0.0115579,0.0232221,0.323655,-0.0005146,-0.0266746,0.0235966
7693,0.135317,0.011844,-0.00976801,0.0115018,-0.0112463,0.137672,0.323918,0.0473222,-0.0406444,0.0492131
7702,0.135317,0.011844,-0.00976801,0.0115018,-0.010011,0.232665,0.346875,0.0617246,-0.0602318,0.0725121
7710,0.135317,0.011844,-0.00976801,0.0115018,-0.00816934,0.124479,0.343524,0.0828145,-0.0416651,0.0586187
7718,0.135317,0.011844,-0.00976801,0.0115018,-0.00750824,-0.0989494,0.340295,0.0411503,-0.00961546,0.0160592
7726,0.135317,0.011844,-0.00976801,0.0115018,-0.00836405,-0.225115,0.330958,-0.0426933,0.00428372,-0.0180305
7734,0.135317,0.011844,-0.00976801,0.0115018,-0.0100452,-0.22738,0.318077,0.0102876,0.0153016,-0.0165766
7742,0.135317,0.011844,-0.00976801,0.0115018,-0.0118643,-0.110277,0.313218,-0.00668693,-0.0029797,-0.00197032
7750,0.135317,0.011844,-0.00976801,0.0115018,-0.0123248,0.104094,0.322116,0.0514377,-0.032766,0.0421868
7758,0.135317,0.011844,-0.00976801,0.0115018,-0.0115406,0.191233,0.329636,0.0303478,-0.0521129,0.0568356
7765,0.135317,0.011844,-0.00976801,0.0115018,-0.0105829,0.233598,0.342514,-0.004115,-0.0666529,0.0633869
7774,0.135317,0.011844,-0.00976801,0.0115018,-0.00938931,-0.00169304,0.336527,0.0581241,-0.0206692,0.0313891
7782,0.135317,0.011844,-0.00976801,0.0115018,-0.0103605,-0.132387,0.32566,0.0910444,0.00815013,0.00992348
7790,0.135317,0.011844,-0.00976801,0.0115018,-0.0113218,-0.209395,0.318306,0.0169752,0.0148095,-0.0144699
7798,0.135317,0.011844,-0.00976801,0.0115018,-0.0126914,-0.16823,0.306802,0.013374,0.0112484,-0.0116542
7806,0.135317,0.011844,-0.00976801,0.0115018,-0.013611,0.0214883,0.311256,-0.00051441,-0.0215516,0.0184363
7814,0.135317,0.011844,-0.00976801,0.0115018,-0.0130117,0.200291,0.317955,0.0462937,-0.0478349,0.0563259
7822,0.135317,0.011844,-0.00976801,0.0115018,-0.0114575,0.265841,0.335108,0.0750988,-0.060309,0.075825
7830,0.135317,0.011844,-0.00976801,0.0115018,-0.00972838,0.146329,0.337073,0.00823013,-0.0509131,0.0503054
7837,0.135317,0.011844,-0.00976801,0.0115018,-0.00891081,-0.0759023,0.333108,0.0236614,-0.012434,0.0147988
7846,0.135317,0.011844,-0.00976801,0.0115018,-0.00974646,-0.223116,0.316045,0.0190319,0.0155337,-0.0147275
7854,0.135317,0.011844,-0.00976801,0.0115018,-0.0117143,-0.208862,0.30917,0.00308665,0.0150975,-0.0180413
7862,0.135317,0.011844,-0.00976801,0.0115018,-0.0132637,-0.0334021,0.308035,-0.0293195,-0.0157302,0.00565249
7870,0.135317,0.011844,-0.00976801,0.0115018,-0.0134597,0.161118,0.311509,-0.0375493,-0.0495076,0.0380815
7878,0.135317,0.011844,-0.00976801,0.0115018,-0.012027,0.272772,0.326247,0.072012,-0.0596175,0.0744168
7886,0.135317,0.011844,-0.00976801,0.0115018,-0.0111065,0.183502,0.329075,0.0396066,-0.0502388,0.0571296
7894,0.135317,0.011844,-0.00976801,0.0115018,-0.0101322,0.0377451,0.328061,-0.0226326,-0.0343875,0.0261552
7902,0.135317,0.011844,-0.00976801,0.0115018,-0.00987338,-0.132788,0.325441,-0.0236613,-0.00593521,-0.00305931
7909,0.135317,0.011844,-0.00976801,0.0115018,-0.0109254,-0.203663,0.320176,-0.0102873,0.00979043,-0.0158619
7918,0.135317,0.011844,-0.00976801,0.0115018,-0.0125067,-0.131723,0.309701,-0.00514336,0.00224132,-0.00690276
7926,0.135317,0.011844,-0.00976801,0.0115018,-0.0134566,0.0802441,0.313428,0.042178,-0.0269071,0.0340513
7934,0.135317,0.011844,-0.00976801,0.0115018,-0.0124793,0.216013,0.320677,0.0128595,-0.0555764,0.0562324
7942,0.135317,0.011844,-0.00976801,0.0115018,-0.0107549,0.24026,0.332178,0.0848713,-0.0553797,0.0731341
7950,0.135317,0.011844,-0.00976801,0.0115018,-0.00960826,0.039211,0.33285,0.0288049,-0.0300671,0.0339885
7958,0.135317,0.011844,-0.00976801,0.0115018,-0.0104249,-0.10561,0.323173,-0.0529804,-0.012806,-0.00303388
7966,0.135317,0.011844,-0.00976801,0.0115018,-0.0112762,-0.172754,0.314635,-0.0406356,0.00242458,-0.0155703
7974,0.135317,0.011844,-0.00976801,0.0115018,-0.0125842,-0.129725,0.310226,-0.0534945,-0.00376701,-0.0123018
7981,0.135317,0.011844,-0.00976801,0.0115018,-0.0129723,0.0003069,0.311302,0.0164601,-0.0169002,0.017736
7990,0.135317,0.011844,-0.00732601,0.0115018,-0.0129022,0.17431,0.31816,0.0200604,-0.0463732,0.048594
7998,0.135317,0.011844,-0.00732601,0.0115018,-0.0115718,0.241726,0.328615,0.0396068,-0.0588622,0.0659243
8006,0.135317,0.011844,-0.00732601,0.0115018,-0.00991453,0.166714,0.329693,0.0565812,-0.046785,0.0576484
8014,0.135317,0.011844,-0.00732601,0.0115018,-0.0088027,-0.0127509,0.329462,0.0257186,-0.0219177,0.0249627
8022,0.135317,0.011844,-0.00976801,0.0115018,-0.00910709,-0.140913,0.32327,-0.0169743,-0.00449787,-0.00293205
8030,0.135317,0.011844,-0.00976801,0.0115018,-0.0099492,-0.175686,0.314612,-0.0565812,-0.00079346,-0.0161051
8038,0.135317,0.011844,-0.00976801,0.0115018,-0.0113849,-0.0721714,0.314082,-0.0632681,-0.0168178,-0.00136298
8046,0.135317,0.011844,-0.00976801,0.0115018,-0.0115597,0.107426,0.320143,-0.00051433,-0.0401832,0.0373631
8053,0.135317,0.011844,-0.00976801,0.0115018,-0.0106001,0.224273,0.332664,0.0468076,-0.0574838,0.0662073
8062,0.135317,0.011844,-0.00976801,0.0115018,-0.00898645,0.159919,0.34255,0.0725266,-0.0475165,0.0621381
8070,0.135317,0.011844,-0.00976801,0.0115018,-0.00798951,-0.0393944,0.334427,0.051952,-0.016689,0.0258571
8078,0.135317,0.011844,-0.00976801,0.0115018,-0.00864004,-0.17995,0.323667,-0.0308614,-0.00031715,-0.0105033
8086,0.135317,0.011844,-0.00976801,0.0115018,-0.0102991,-0.178351,0.318089,-0.0380631,0.00175741,-0.0142981
8094,0.135317,0.011844,-0.00732601,0.0115018,-0.0116278,-0.113207,0.311803,-0.0555522,-0.00795282,-0.00853682
8102,0.135317,0.011844,-0.00732601,0.0115018,-0.0120336,0.077181,0.32491,0.00154306,-0.0346044,0.0321703
8110,0.135317,0.011844,-0.00976801,0.0115018,-0.0114558,0.170581,0.33301,0.0195461,-0.0505937,0.0527052
8118,0.135317,0.011844,-0.00976801,0.0115018,-0.0101239,0.183636,0.339841,0.0180031,-0.0558978,0.0577057
8125,0.135317,0.011844,-0.00976801,0.0115018,-0.00957697,0.0815776,0.339211,0.0648111,-0.0339752,0.0465264
8134,0.135317,0.011844,-0.00732601,0.0115018,-0.00892463,-0.0997483,0.3341,0.0241758,-0.00813426,0.0105469
8142,0.135317,0.011844,-0.00732601,0.0115018,-0.00968831,-0.22325,0.325526,-0.0437217,0.00694828,-0.0209526
8150,0.135317,0.011844,-0.00976801,0.0115018,-0.0114618,-0.162898,0.321677,-0.0324055,0.0008687,-0.0120436
8158,0.135317,0.011844,-0.00976801,0.0115018,-0.0125563,-0.00768745,0.317618,-0.0169743,-0.0210951,0.0140217
8166,0.135317,0.011844,-0.00976801,0.0115018,-0.0124325,0.146864,0.321231,0.0128594,-0.0441703,0.0446148
8174,0.135317,0.011844,-0.00976801,0.0115018,-0.0110399,0.209619,0.335271,0.0478366,-0.0547252,0.0636403
8182,0.135317,0.011844,-0.00976801,0.0115018,-0.00954278,0.121949,0.344352,-0.0262327,-0.0523265,0.0435134
8190,0.135317,0.011844,-0.00976801,0.0115018,-0.0097267,-0.0512527,0.342424,0.0252042,-0.0167465,0.0195399
8197,0.135317,0.011844,-0.00976801,0.0115018,-0.0103694,-0.180215,0.333834,-0.0149166,0.00235725,-0.00943971
8206,0.135317,0.011844,-0.00976801,0.0115018,-0.011843,-0.191808,0.31705,-0.0303478,0.00721594,-0.018
8214,0.135317,0.011844,-0.00976801,0.0115018,-0.0131345,-0.0792323,0.317683,-0.00205766,-0.00658869,0.00280807
8222,0.135317,0.011844,-0.00976801,0.0115018,-0.013442,0.07132,0.320183,0.0128595,-0.0299778,0.0301755
8230,0.135317,0.011844,-0.00976801,0.0115018,-0.0126617,0.207752,0.335136,0.0231468,-0.0550601,0.0581176
8238,0.135317,0.011844,-0.00976801,0.0115018,-0.0110579,0.190164,0.340947,-0.00668672,-0.0587862,0.0547728
8246,0.135317,0.011844,-0.00976801,0.0115018,-0.00999295,0.0182937,0.336774,0.0195463,-0.0277618,0.0294284
8254,0.135317,0.011844,-0.00976801,0.0115018,-0.0106825,-0.132388,0.32876,-0.0123446,-0.00408556,-0.00224835
8262,0.135317,0.011844,-0.00976801,0.0115018,-0.0112441,-0.16476,0.325527,0.00308631,0.0044408,-0.00724055
8269,0.135317,0.011844,-0.00976801,0.0115018,-0.0122472,-0.13985,0.318223,-0.0195461,0.000172,-0.00825307
8278,0.135317,0.011844,-0.00976801,0.0115018,-0.0131155,0.0269522,0.317979,-0.00771536,-0.0250807,0.0202907
8286,0.135317,0.011844,-0.00976801,0.0115018,-0.0128084,0.158723,0.321585,0.0087443,-0.0461752,0.0456793
8294,0.135317,0.011844,-0.00976801,0.0115018,-0.0116159,0.229202,0.33125,0.0334345,-0.0582526,0.0638194
8302,0.135317,0.011844,-0.00976801,0.0115018,-0.00979202,0.139132,0.337057,0.023661,-0.0478013,0.0508128
8310,0.135317,0.011844,-0.00976801,0.0115018,-0.00889478,-0.0713705,0.3304,0.0226323,-0.0128988,0.0150345
8318,0.135317,0.011844,-0.00976801,0.0115018,-0.0100228,-0.171156,0.323735,-0.0879574,-0.00661521,-0.0176753
8326,0.135317,0.011844,-0.00976801,0.0115018,-0.0112005,-0.137451,0.314411,-0.035492,-0.00293976,-0.00888249
8334,0.135317,0.011844,-0.00976801,0.0115018,-0.0122623,0.00057141,0.310941,-0.0174883,-0.0218669,0.0147013
8341,0.135317,0.011844,-0.00976801,0.0115018,-0.0115653,0.179373,0.323272,0.0370348,-0.048283,0.0545466
8350,0.135317,0.011844,-0.00976801,0.0115018,-0.0100784,0.202824,0.32997,0.0992744,-0.0480032,0.0690521
8358,0.135317,0.011844,-0.00976801,0.0115018,-0.00979575,0.103298,0.332434,0.0329199,-0.0399701,0.0450565
8366,0.135317,0.011844,-0.00976801,0.0115018,-0.00981117,-0.0120815,0.32679,-0.00771558,-0.0245388,0.0196793
8374,0.135317,0.011844,-0.00976801,0.0115018,-0.00994626,-0.0909522,0.320186,-0.0344633,-0.0132548,0.00183728
8382,0.135317,0.011844,-0.00976801,0.0115018,-0.0106098,-0.0984129,0.319392,-0.035492,-0.0110842,-0.0006089
8390,0.135317,0.011844,-0.00976801,0.0115018,-0.0112946,-0.0483204,0.317709,-0.0426928,-0.0190899,0.00584041
8398,0.135317,0.011844,-0.00976801,0.0115018,-0.0117422,0.0647924,0.318887,0.0483511,-0.0268441,0.0354242
8406,0.135317,0.011844,-0.00976801,0.0115018,-0.0110718,0.212281,0.331984,0.0761273,-0.0512636,0.0668635
8413,0.135317,0.011844,-0.00976801,0.0115018,-0.00939699,0.170313,0.329195,0.0421787,-0.0501115,0.0575944
8422,0.135317,0.011844,-0.00976801,0.0115018,-0.00816941,0.0542649,0.335016,0.0694407,-0.0301325,0.0437131
8430,0.135317,0.011844,-0.00976801,0.0115018,-0.00783203,-0.131057,0.325124,-0.0138878,-0.0078417,0.00118975
8438,0.135317,0.011844,-0.00976801,0.0115018,-0.00918288,-0.183015,0.312626,0.0015434,0.00654155,-0.00973212
8446,0.135317,0.011844,-0.00976801,0.0115018,-0.0101317,-0.0556501,0.314204,-0.0257185,-0.0169065,0.00765793
8454,0.135317,0.011844,-0.00976801,0.0115018,-0.010676,0.108492,0.318576,-0.0190318,-0.0435115,0.036337
8462,0.135317,0.011844,-0.00976801,0.0115018,-0.00978725,0.215346,0.331068,0.0689266,-0.0542511,0.0681799
8470,0.135317,0.011844,-0.00976801,0.0115018,-0.00827226,0.142467,0.335274,0.0936156,-0.0419288,0.0614845
8478,0.135317,0.011844,-0.00976801,0.0115018,-0.00808303,-0.00342177,0.325204,0.0205757,-0.0247848,0.0266551
8485,0.135317,0.011844,-0.00976801,0.0115018,-0.0082201,-0.0619081,0.321912,0.0252044,-0.0137425,0.0165235
8494,0.135317,0.011844,-0.00976801,0.0115018,-0.00854668,-0.102544,0.312007,-0.0344625,-0.0119327,0.00049984
8502,0.135317,0.011844,-0.00976801,0.0115018,-0.00895473,-0.0357973,0.314252,-0.00822985,-0.0197983,0.014756
8510,0.135317,0.011844,-0.00976801,0.0115018,-0.00908169,0.0650596,0.318527,0.0195462,-0.0338997,0.0357214
8518,0.135317,0.011844,-0.00976801,0.0115018,-0.00863173,0.14993,0.324237,0.00977336,-0.0507807,0.0505633
8526,0.135317,0.011844,-0.00732601,0.0115018,-0.00747523,0.178706,0.339547,0.0195462,-0.0581099,0.0603061
8534,0.135317,0.011844,-0.00732601,0.0115018,-0.00615112,0.0126957,0.336748,0.0174885,-0.0319777,0.0331985
8542,0.135317,0.011844,-0.00976801,0.0115018,-0.00617528,-0.116666,0.331925,0.0483515,-0.00629825,0.0144063
8550,0.135317,0.011844,-0.00976801,0.0115018,-0.00670017,-0.187544,0.32318,0.0180037,0.00410879,-0.00338992
8557,0.135317,0.011844,-0.00976801,0.0115018,-0.00803657,-0.144116,0.313042,0.0365206,0.0025092,0.00269241
8566,0.135317,0.011844,-0.00976801,0.0115018,-0.00895551,0.0130967,0.316468,-0.00771543,-0.0282674,0.0234968
8574,0.135317,0.011844,-0.00976801,0.0115018,-0.00889634,0.145799,0.325077,0.00462951,-0.0504658,0.0490178
8582,0.135317,0.011844,-0.00976801,0.0115018,-0.00766159,0.202955,0.338584,-0.00360062,-0.0648718,0.0616764
8590,0.135317,0.011844,-0.00976801,0.0115018,-0.00664155,0.0389448,0.330616,0.0560663,-0.0305488,0.040948
8598,0.135317,0.011844,-0.00976801,0.0115018,-0.00642778,-0.102411,0.327137,0.0349779,-0.00913723,0.0141282
8606,0.135317,0.011844,-0.00976801,0.0115018,-0.00739177,-0.171156,0.317725,-0.0586381,-0.00582701,-0.0115046
8614,0.135317,0.011844,-0.00976801,0.0115018,-0.00836526,-0.106544,0.314437,0.0010288,-0.00772445,0.00465936
8622,0.135317,0.011844,-0.00976801,0.0115018,-0.00843741,0.0032404,0.318411,0.0159458,-0.0248604,0.0256523
8629,0.135317,0.011844,-0.00976801,0.0115018,-0.00866717,0.121417,0.32584,0.097217,-0.0359205,0.0562547
8638,0.135317,0.011844,-0.00976801,0.0115018,-0.00782319,0.143533,0.335288,0.0293194,-0.0503052,0.0546949
8646,0.135317,0.011844,-0.00976801,0.0115018,-0.0084119,0.046807,0.326884,0.0570956,-0.0286954,0.0393348
8654,0.135317,0.011844,-0.00732601,0.0115018,-0.00815684,-0.097748,0.321655,0.0236613,-0.00758535,0.00989284
8662,0.135317,0.011844,-0.00732601,0.0115018,-0.00891623,-0.137716,0.317871,-0.0123446,-0.00348757,-0.00283779
8670,0.135317,0.011844,-0.00732601,0.0115018,-0.0101168,-0.139315,0.309973,-0.0149167,-0.00059278,-0.00636334
8678,0.135317,0.011844,-0.00732601,0.0115018,-0.0111191,4.111e-05,0.315458,0.00617266,-0.020904,0.0193386
8686,0.135317,0.011844,-0.00732601,0.0115018,-0.0111009,0.145266,0.319091,0.0560664,-0.0399137,0.0505709
8694,0.135317,0.011844,-0.00732601,0.0115018,-0.0100127,0.190699,0.328269,0.0267474,-0.0539448,0.0578384
8701,0.135317,0.011844,-0.00732601,0.0115018,-0.00885317,0.123415,0.328642,0.0673833,-0.0395705,0.0528664
8710,0.135317,0.011844,-0.00732601,0.0115018,-0.00836542,-0.0324669,0.321326,-0.0113158,-0.0222788,0.0165277
8718,0.135317,0.011844,-0.00732601,0.0115018,-0.00879206,-0.135583,0.312901,-0.0519518,-0.0078817,-0.00778433
8726,0.135317,0.011844,-0.00976801,0.0115018,-0.00969882,-0.127326,0.307236,-0.0483512,-0.00706634,-0.0077384
8734,0.135317,0.011844,-0.00976801,0.0115018,-0.0102238,-0.00781954,0.308941,-2e-08,-0.0208974,0.0178639
8742,0.135317,0.011844,-0.00732601,0.0115018,-0.00993981,0.146331,0.314043,0.0195463,-0.0451855,0.0472429
8750,0.135317,0.011844,-0.00732601,0.0115018,-0.00845762,0.207485,0.328094,0.00411499,-0.0615375,0.0601638
8758,0.135317,0.011844,-0.00976801,0.0115018,-0.00719231,0.125147,0.325857,-0.00977316,-0.0511898,0.0463044
8766,0.135317,0.011844,-0.00976801,0.0115018,-0.00614115,-0.0339325,0.322865,-0.0133736,-0.0259898,0.0197821
8773,0.135317,0.011844,-0.00976801,0.0115018,-0.00663241,-0.124126,0.317908,0.0509235,-0.00185898,0.0105429
8782,0.135317,0.011844,-0.00732601,0.0115018,-0.00753443,-0.146112,0.30366,-0.0262332,-0.00334025,-0.00626992
8790,0.135317,0.011844,-0.00732601,0.0115018,-0.00823078,-0.0146139,0.306361,-0.0457795,-0.0270995,0.013269
8798,0.135317,0.011844,-0.00976801,0.0115018,-0.00830543,0.089042,0.30951,-0.0329199,-0.0437106,0.0332328
8806,0.135317,0.011844,-0.00976801,0.0115018,-0.00761355,0.187768,0.322109,0.0174884,-0.057261,0.0589956
8814,0.135317,0.011844,-0.00976801,0.0115018,-0.00621299,0.138336,0.325991,0.0401212,-0.0488903,0.0558367
8822,0.135317,0.011844,-0.00976801,0.0115018,-0.00553176,-0.0147471,0.323117,0.0226323,-0.0258373,0.0281961
8830,0.135317,0.011844,-0.00976801,0.0115018,-0.00578823,-0.124659,0.315781,-0.0329197,-0.012472,0.00137705
8838,0.135317,0.011844,-0.00976801,0.0115018,-0.00677456,-0.139582,0.305146,-0.0478362,-0.00865931,-0.00601807
8845,0.135317,0.011844,-0.00976801,0.0115018,-0.00768754,-0.0381962,0.30889,-0.0144026,-0.0210113,0.0145231
8854,0.135317,0.011844,-0.00976801,0.0115018,-0.00777617,0.0771832,0.308461,0.0200607,-0.0360479,0.0380466
8862,0.135317,0.011844,-0.00976801,0.0115018,-0.00723306,0.164185,0.316793,0.0252044,-0.0520788,0.0555674
8870,0.135317,0.011844,-0.00976801,0.0115018,-0.0060986,0.160986,0.322951,-1.5e-07,-0.0570725,0.0546198
8878,0.135317,0.011844,-0.00976801,0.0115018,-0.00489295,0.019358,0.325083,0.0257188,-0.0323743,0.035576
8886,0.135317,0.011844,-0.00976801,0.0115018,-0.00484563,-0.115334,0.313357,0.019032,-0.00882154,0.0100312
8894,0.135317,0.011844,-0.00976801,0.0115018,-0.00551448,-0.164228,0.309749,-0.0380633,-0.00586965,-0.00655732
8902,0.135317,0.011844,-0.00976801,0.0115018,-0.0065971,-0.0603134,0.306337,-0.0334344,-0.0206514,0.00961917
8910,0.135317,0.011844,-0.00976801,0.0115018,-0.00647739,0.0697221,0.309312,0.0303482,-0.0355196,0.039943
8917,0.135317,0.011844,-0.00976801,0.0115018,-0.00598679,0.143536,0.316435,0.108533,-0.0404726,0.0635845
8926,0.135317,0.011844,-0.00976801,0.0115018,-0.0049908,0.135939,0.322211,0.0385781,-0.0497509,0.0563435
8934,0.135317,0.011844,-0.00976801,0.0115018,-0.00406131,0.0184271,0.319069,-0.0246896,-0.0383379,0.0296505
8942,0.135317,0.011844,-0.00976801,0.0115018,-0.00450088,-0.10774,0.311567,-0.0195461,-0.0148243,0.00695653
8950,0.135317,0.011844,-0.00976801,0.0115018,-0.00528474,-0.179284,0.305937,-0.00668683,0.00064081,-0.0057051
8958,0.135317,0.011844,-0.00976801,0.0115018,-0.00656493,-0.0681729,0.305198,-0.0092583,-0.0163499,0.0110003
8966,0.135317,0.011844,-0.00976801,0.0115018,-0.00701649,0.0585309,0.309829,-0.00102877,-0.0366842,0.0336594
8974,0.135317,0.011844,-0.00976801,0.0115018,-0.00673377,0.155925,0.316827,0.0303481,-0.0507869,0.0554717
8982,0.135317,0.011844,-0.00976801,0.0115018,-0.00562741,0.128346,0.317168,0.0627535,-0.0439416,0.056207
8989,0.135317,0.011844,-0.00976801,0.0115018,-0.00493515,0.0158975,0.315279,0.104418,-0.0208859,0.0426507
8998,0.135317,0.011844,-0.00976801,0.0115018,-0.00541172,-0.109471,0.308278,0.0030866,-0.0100804,0.0075354
9006,0.135317,0.011844,-0.00976801,0.0115018,-0.00620693,-0.142913,0.300981,-0.0447504,-0.00785231,-0.00609891
9014,0.135238,0.0118754,-0.00976801,0.0115018,-0.00725317,-0.047123,0.298626,-0.0329203,-0.0206114,0.00972997
9022,0.135238,0.0118854,-0.00976801,0.0115018,-0.00719735,0.0870428,0.308163,0.0262334,-0.0376644,0.0411582
9030,0.135238,0.0118897,-0.00732601,0.0115018,-0.00642676,0.146066,0.316998,0.0128592,-0.0511927,0.0517229
9038,0.135238,0.0118915,-0.00732601,0.0115018,-0.0054396,0.111958,0.316106,0.0195464,-0.0459215,0.0479401
9046,0.135317,0.0118609,-0.00732601,0.0115018,-0.00463032,0.00617047,0.316725,0.0622393,-0.0244666,0.0362503
9054,0.135317,0.0118512,-0.00732601,0.0115018,-0.00472867,-0.105074,0.310368,0.0298338,-0.00854081,0.0123326
9061,0.135317,0.0118471,-0.00732601,0.0115018,-0.00556728,-0.151305,0.302461,-0.0195464,-0.00420401,-0.00381464
9070,0.135317,0.0118453,-0.00732601,0.0115018,-0.00679395,-0.0861579,0.294151,-0.0010288,-0.00988283,0.00641556
9078,0.135317,0.0118445,-0.00732601,0.0115018,-0.0074312,0.0631931,0.299221,0.035492,-0.0304852,0.0360872
9086,0.135317,0.0118442,-0.00976801,0.0115018,-0.00656445,0.159256,0.306692,0.0704692,-0.0452179,0.0593842
9094,0.135317,0.0118441,-0.00976801,0.0115018,-0.00532489,0.16112,0.317393,0.00822997,-0.0562986,0.0557999
9102,0.135317,0.011844,-0.00976801,0.0115018,-0.00432404,0.0458726,0.313277,-0.0108018,-0.039994,0.0346641
9110,0.135317,0.011844,-0.00976801,0.0115018,-0.00401593,-0.0945508,0.306386,0.0282907,-0.0112284,0.0146988
9118,0.135317,0.011844,-0.00976801,0.0115018,-0.00468891,-0.141313,0.302489,0.0663545,0.00263098,0.00966978
9126,0.135317,0.011844,-0.00976801,0.0115018,-0.00570236,-0.106809,0.299297,0.0252045,-0.00607154,0.00874995
9133,0.135317,0.011844,-0.00976801,0.0115018,-0.00635784,0.00283894,0.298452,-0.0010285,-0.0264513,0.0232643
9142,0.135238,0.0118754,-0.00976801,0.0115018,-0.00597781,0.141935,0.304424,0.0416643,-0.0461163,0.0534386
9150,0.135238,0.0118854,-0.00976801,0.0115018,-0.0048434,0.160721,0.309519,0.109047,-0.0436904,0.066992
9158,0.135238,0.0118897,-0.00732601,0.0115018,-0.00366354,0.0550664,0.312045,0.031377,-0.0368205,0.0414831
9166,0.135238,0.0118915,-0.00732601,0.0115018,-0.00355021,-0.0853574,0.304458,-0.0236611,-0.0187681,0.0100103
9174,0.135238,0.0118923,-0.00976801,0.0115018,-0.00486882,-0.170756,0.293712,0.0267474,0.00460368,-0.00174586
9182,0.135238,0.0118927,-0.00976801,0.0115018,-0.00623487,-0.108674,0.289418,0.0344632,-0.00228452,0.00713301
9190,0.135238,0.0118928,-0.00732601,0.0115018,-0.00692126,-0.00955144,0.292935,-0.0118309,-0.0235304,0.0177458
9198,0.135238,0.0118929,-0.00732601,0.0115018,-0.007016,0.133541,0.299956,0.0113162,-0.0457182,0.0458351
9205,0.135238,0.0118929,-0.00732601,0.0115018,-0.00553998,0.189766,0.305171,0.0895012,-0.0487816,0.0675476
9214,0.135238,0.0118929,-0.00976801,0.0115018,-0.00416391,0.0865087,0.307871,0.102361,-0.0327376,0.0542434
9222,0.135238,0.0118929,-0.00976801,0.0115018,-0.00364054,-0.0649738,0.300432,0.020061,-0.0166415,0.0182645
9230,0.135238,0.0118929,-0.00732601,0.0115018,-0.00418317,-0.173021,0.287221,-0.0308618,-0.00131274,-0.00942476
9238,0.135238,0.0118929,-0.00732601,0.0115018,-0.00551166,-0.142382,0.279572,1.2e-07,0.00026924,-0.00364904
9246,0.135238,0.0118929,-0.00732601,0.0115018,-0.00632471,-0.0255403,0.283425,0.0406355,-0.0139684,0.0205264
9254,0.135238,0.0118929,-0.00732601,0.0115018,-0.00623989,0.144066,0.294392,0.0267477,-0.0458348,0.0496372
9262,0.135317,0.0118615,-0.00976801,0.0115018,-0.00513228,0.208152,0.298469,0.0108019,-0.0610523,0.0613054
9270,0.135317,0.0118515,-0.00976801,0.0115018,-0.00385013,0.126878,0.304218,0.0642966,-0.0438732,0.0565234
9277,0.135317,0.0118472,-0.00976801,0.0115018,-0.00296251,-0.00715427,0.304307,0.0750986,-0.02144,0.036242
9286,0.135317,0.0118453,-0.00732601,0.0115018,-0.00328783,-0.166228,0.287966,-0.00514357,-0.00082888,-0.00380354
9294,0.135317,0.0118446,-0.00732601,0.0115018,-0.00469566,-0.162098,0.277637,-0.0442358,-0.00251787,-0.011351
9302,0.135317,0.0118442,-0.00976801,0.0115018,-0.0059689,-0.0162143,0.280241,-0.0267475,-0.0239001,0.014588
9310,0.135317,0.0118441,-0.00976801,0.0115018,-0.00570556,0.114622,0.2865,0.0385781,-0.039448,0.0459608
9318,0.135317,0.011844,-0.00732601,0.0115018,-0.00492109,0.208152,0.293028,0.0612102,-0.0541593,0.0663129
9326,0.135317,0.011844,-0.00732601,0.0115018,-0.00331246,0.128743,0.299229,-0.0390925,-0.0559226,0.0441828
9334,0.135317,0.011844,-0.00976801,0.0115018,-0.0026333,0.00510385,0.300641,0.0432072,-0.0271154,0.0344322
9342,0.135317,0.011844,-0.00976801,0.0115018,-0.00308525,-0.148108,0.291241,0.043722,0.00069685,0.00626377
9349,0.135317,0.011844,-0.00976801,0.0115018,-0.00442859,-0.153305,0.28593,-0.041664,-0.0057836,-0.00744611
9358,0.135317,0.011844,-0.00976801,0.0115018,-0.0053623,-0.0312672,0.28592,-0.0529804,-0.0262273,0.0106869
9366,0.135317,0.011844,-0.00976801,0.0115018,-0.00551984,0.0709212,0.285926,0.06584,-0.0290945,0.0419105
9374,0.135317,0.011844,-0.00976801,0.0115018,-0.0048718,0.146333,0.288673,0.112648,-0.0375241,0.0616296
9382,0.135317,0.011844,-0.00976801,0.0115018,-0.00377793,0.135141,0.296972,0.010802,-0.0505005,0.05055
9390,0.135317,0.011844,-0.00732601,0.0115018,-0.00274701,0.030818,0.30048,-0.00822978,-0.0368983,0.0321512
9398,0.135317,0.011844,-0.00732601,0.0115018,-0.00312358,-0.126259,0.283525,0.0113163,-0.00508476,0.00446197
9406,0.135317,0.011844,-0.00976801,0.0115018,-0.00411678,-0.142912,0.280546,-0.00205747,-0.00241811,-0.00142727
9414,0.135317,0.011844,-0.00976801,0.0115018,-0.00503344,-0.052718,0.281834,-0.0642964,-0.0237707,0.00549802
9421,0.135317,0.011844,-0.00976801,0.0115018,-0.00540001,0.0577317,0.286045,-0.00154293,-0.0350134,0.0318863
9430,0.135317,0.011844,-0.00976801,0.0115018,-0.00495556,0.140204,0.290949,0.0452649,-0.0446896,0.0528708
9438,0.135317,0.011844,-0.00976801,0.0115018,-0.00394443,0.130744,0.292035,0.0318911,-0.0462553,0.051266
9446,0.135317,0.011844,-0.00976801,0.0115018,-0.00327492,0.0517355,0.29586,0.0221182,-0.0357395,0.0382115
9454,0.135317,0.011844,-0.00976801,0.0115018,-0.00364888,-0.0860233,0.278597,0.0236613,-0.00923067,0.011637
9462,0.135317,0.011844,-0.00976801,0.0115018,-0.00437043,-0.0998794,0.277592,-0.0380636,-0.0130283,0.00081219
9470,0.135317,0.011844,-0.00976801,0.0115018,-0.00515421,-0.0287343,0.277562,-0.0586386,-0.0262587,0.00939278
9478,0.135317,0.011844,-0.00976801,0.0115018,-0.00512287,0.062529,0.277156,0.00462946,-0.0340393,0.0323869
9486,0.135317,0.011844,-0.00976801,0.0115018,-0.00462842,0.145,0.28535,0.0349775,-0.0462534,0.0520254
9493,0.135317,0.011844,-0.00976801,0.0115018,-0.00346279,0.155258,0.293938,0.0308622,-0.0514466,0.056297
9502,0.135317,0.011844,-0.00976801,0.0115018,-0.00236335,0.029218,0.293595,0.0282908,-0.0321422,0.0360154
9510,0.135317,0.011844,-0.00976801,0.0115018,-0.002355,-0.0845577,0.285283,0.0308625,-0.0114914,0.0156219
9518,0.135317,0.011844,-0.00976801,0.0115018,-0.00299813,-0.129056,0.281171,-0.0298339,-0.00965303,-0.00068921
9526,0.135317,0.011844,-0.00976801,0.0115018,-0.00371157,-0.058579,0.282484,0.00720131,-0.0162976,0.0149025
9534,0.135317,0.011844,-0.00976801,0.0115018,-0.00410534,0.0246901,0.277449,0.0704694,-0.021409,0.0351961
9542,0.135317,0.011844,-0.00976801,0.0115018,-0.00384867,0.113157,0.287976,0.00720131,-0.0457027,0.0448329
9550,0.135317,0.011844,-0.00976801,0.0115018,-0.0029477,0.140869,0.296881,0.0138882,-0.0522265,0.0530344
9558,0.135317,0.011844,-0.00976801,0.0115018,-0.00211042,-0.00475471,0.286703,0.0488656,-0.023278,0.0319064
9565,0.135317,0.011844,-0.00976801,0.0115018,-0.00236506,-0.105608,0.286604,-0.0005144,-0.0118681,0.00852812
9574,0.135317,0.011844,-0.00976801,0.0115018,-0.00334173,-0.127058,0.277899,-0.0288048,-0.00886432,-0.00123438
9582,0.135317,0.011844,-0.00976801,0.0115018,-0.00379527,-0.0429908,0.282539,0.00257196,-0.0193422,0.016901
9590,0.135317,0.011844,-0.00976801,0.0115018,-0.0040148,0.0346828,0.280072,-0.0169742,-0.0339297,0.0271097
9598,0.135317,0.011844,-0.00976801,0.0115018,-0.00380981,0.117288,0.287073,-0.0046294,-0.0476955,0.0440464
9606,0.135317,0.011844,-0.00976801,0.0115018,-0.00292913,0.100899,0.292402,0.0606963,-0.0393337,0.051067
9614,0.135317,0.011844,-0.00976801,0.0115018,-0.00212867,0.0256229,0.286628,0.0529808,-0.0278342,0.0375268
9622,0.135317,0.011844,-0.00732601,0.0115018,-0.00239127,-0.093084,0.279793,-0.0447506,-0.0176472,0.00390315
9630,0.135317,0.011844,-0.00732601,0.0115018,-0.00326264,-0.108139,0.274969,-0.036006,-0.0121194,0.00037963
9637,0.135317,0.011844,-0.00732601,0.0115018,-0.00402582,-0.0625749,0.271186,0.0144025,-0.012134,0.0124201
9646,0.135317,0.011844,-0.00732601,0.0115018,-0.00448658,0.0193609,0.273583,0.0144025,-0.0255813,0.0261122
9654,0.135317,0.011844,-0.00732601,0.0115018,-0.00418578,0.115689,0.283857,0.00514372,-0.0448462,0.0434927
9662,0.135317,0.011844,-0.00732601,0.0115018,-0.00352016,0.118886,0.289214,0.0570957,-0.0410418,0.051971
9670,0.135317,0.011844,-0.00732601,0.0115018,-0.00283437,0.0182956,0.288248,0.0293194,-0.0282898,0.0323645
9678,0.135317,0.011844,-0.00732601,0.0115018,-0.00303959,-0.0723005,0.282882,-0.028805,-0.0188449,0.0089189
9686,0.135317,0.011844,-0.00732601,0.0115018,-0.00360002,-0.107606,0.279879,0.0118309,-0.00689721,0.00644557
9694,0.135317,0.011844,-0.00976801,0.0115018,-0.00444435,-0.076031,0.27059,0.0257189,-0.00827033,0.0111802
9702,0.135317,0.011844,-0.00976801,0.0115018,-0.00499744,0.0141649,0.272384,0.010802,-0.0246314,0.024289
9709,0.135317,0.011844,-0.00976801,0.0115018,-0.00476274,0.115689,0.279112,0.0293194,-0.0408297,0.0451736
9718,0.135317,0.011844,-0.00732601,0.0115018,-0.00382282,0.135141,0.282737,0.0298337,-0.04551,0.0500491
9726,0.135317,0.011844,-0.00732601,0.0115018,-0.00302084,0.03255,0.283524,-0.0020572,-0.0333512,0.0300605
9734,0.135317,0.011844,-0.00976801,0.0115018,-0.00287273,-0.0429897,0.283298,0.0334343,-0.0171028,0.0219599
9742,0.135317,0.011844,-0.00976801,0.0115018,-0.00313388,-0.111336,0.275116,0.0236612,-0.00514979,0.00748575
9750,0.135317,0.011844,-0.00976801,0.0115018,-0.00410412,-0.0844255,0.272702,-0.0550377,-0.017192,0.00102029
9758,0.135317,0.011844,-0.00976801,0.0115018,-0.00459729,0.0208266,0.273753,-0.00565806,-0.0284576,0.0242567
9766,0.135317,0.011844,-0.00976801,0.0115018,-0.00434775,0.104631,0.275273,0.0745842,-0.0336031,0.0486027
9774,0.135317,0.011844,-0.00976801,0.0115018,-0.0034073,0.126748,0.28061,0.0195462,-0.0459436,0.048035
9781,0.135317,0.011844,-0.00976801,0.0115018,-0.00259527,0.0506709,0.276676,0.00565811,-0.0353498,0.0339416
9790,0.135317,0.011844,-0.00976801,0.0115018,-0.00221263,-0.0411246,0.275841,0.0282906,-0.0177314,0.0213892
9798,0.135317,0.011844,-0.00976801,0.0115018,-0.00317979,-0.0861562,0.264541,-0.045264,-0.0157135,0.00185633
9806,0.135317,0.011844,-0.00976801,0.0115018,-0.00374938,-0.0389932,0.267202,-0.0390926,-0.0225125,0.0102485
9814,0.135317,0.011844,-0.00976801,0.0115018,-0.00406086,0.0244252,0.262942,0.0133738,-0.0258166,0.0261256
9822,0.135317,0.011844,-0.00976801,0.0115018,-0.00384841,0.143267,0.274785,-0.00462932,-0.0500061,0.0464347
9830,0.135317,0.011844,-0.00976801,0.0115018,-0.00287994,0.132476,0.275015,0.0149166,-0.047274,0.0482976
9838,0.135317,0.011844,-0.00976801,0.0115018,-0.00196306,0.0862428,0.28109,0.0473224,-0.0379718,0.0465167
9846,0.135317,0.011844,-0.00976801,0.0115018,-0.00150618,-0.0379276,0.269493,-0.00771531,-0.0224615,0.0176404
9853,0.135317,0.011844,-0.00976801,0.0115018,-0.00183029,-0.0612415,0.269828,-0.0180032,-0.0193823,0.0120566
9862,0.135317,0.011844,-0.00976801,0.0115018,-0.002327,-0.0479191,0.260228,0.0216037,-0.0147106,0.0167658
9870,0.135317,0.011844,-0.00976801,0.0115018,-0.00264439,0.0504042,0.265015,-0.0056584,-0.0346926,0.0306105
9878,0.135317,0.011844,-0.00732601,0.0115018,-0.00196534,0.123284,0.270425,-0.00668694,-0.0484135,0.0443226
9886,0.135317,0.011844,-0.00732601,0.0115018,-0.00110641,0.139936,0.278592,0.0817855,-0.0432753,0.0601315
9894,0.135317,0.011844,-0.00976801,0.0115018,-0.00040126,0.029087,0.273782,0.0360062,-0.0307305,0.0364515
9902,0.135317,0.011844,-0.00976801,0.0115018,-0.00037373,-0.0210066,0.277679,-0.0210893,-0.0297488,0.0218408
9910,0.135317,0.011844,-0.00732601,0.0115018,-0.00051605,-0.0817589,0.269795,-0.00102859,-0.0153691,0.0120065
9918,0.135317,0.011844,-0.00732601,0.0115018,-0.00114169,-0.0344636,0.272275,0.0108019,-0.0214171,0.0209828
9925,0.135317,0.011844,-0.00732601,0.0115018,-0.00132732,0.0020417,0.266191,0.0200607,-0.0251926,0.0270522
9934,0.135317,0.011844,-0.00732601,0.0115018,-0.00104561,0.13967,0.281673,0.0802423,-0.0439928,0.0604851
9942,0.135317,0.011844,-0.00732601,0.0115018,0.00015436,0.0825137,0.276074,0.0426931,-0.0396176,0.0470891
9950,0.135317,0.011844,-0.00732601,0.0115018,0.00063949,0.0413454,0.280175,0.0468082,-0.0335811,0.0419053
9958,0.135317,0.011844,-0.00732601,0.0115018,0.00094316,-0.0415244,0.276382,0.0401214,-0.0203235,0.0268195
9966,0.135317,0.011844,-0.00976801,0.0115018,0.00060508,-0.0849572,0.269184,-0.0277761,-0.0198294,0.0101606
9974,0.135317,0.011844,-0.00976801,0.0115018,-9.268e-05,-0.0797622,0.265828,-0.0138881,-0.0175572,0.0111715
9982,0.135317,0.011844,-0.00976801,0.0115018,-0.00050328,0.0533346,0.275793,0.0308624,-0.0355731,0.0401532
9990,0.135317,0.011844,-0.00976801,0.0115018,0.00019251,0.103698,0.281216,0.0864149,-0.0392819,0.0571395
9997,0.135317,0.011844,-0.00976801,0.0115018,7.747e-05,0.0886426,0.277467,0.0226327,-0.0435172,0.0462719
10006,0.135317,0.011844,-0.00976801,0.0115018,0.00052757,0.0413446,0.282896,0.0216037,-0.0372275,0.0396015
10014,0.135317,0.011844,-0.00976801,0.0115018,0.00092507,-0.057112,0.275188,0.022118,-0.020015,0.0222136
10022,0.135317,0.011844,-0.00976801,0.0115018,0.00046061,-0.105475,0.265229,-0.00154316,-0.012472,0.00892944
10030,0.135317,0.011844,-0.00976801,0.0115018,-0.00016873,-0.0119481,0.268593,-0.00051457,-0.0276587,0.0246368
10038,0.135317,0.011844,-0.00732601,0.0115018,0.00037933,0.0687911,0.271979,0.0349775,-0.0378838,0.043495
10046,0.135317,0.011844,-0.00732601,0.0115018,0.00077649,0.0765192,0.272666,1.3e-07,-0.043956,0.0413412
10054,0.135317,0.011844,-0.00976801,0.0115018,0.00122996,0.0810479,0.283876,0.0606961,-0.0403871,0.0521206
10062,0.135317,0.011844,-0.00976801,0.0115018,0.00185409,-0.0246044,0.283113,0.0159456,-0.0287364,0.0295925
10069,0.135317,0.011844,-0.00976801,0.0115018,0.00149633,-0.100945,0.276376,-0.0298336,-0.0197885,0.00959913
10078,0.135317,0.011844,-0.00976801,0.0115018,0.00072195,-0.0973478,0.276447,0.0375494,-0.0113925,0.0171071
10086,0.135317,0.011844,-0.00976801,0.0115018,-8.409e-05,-0.0552477,0.277854,0.0396069,-0.0173015,0.0236189
10094,0.135317,0.011844,-0.00732601,0.0115018,-0.00049372,0.0260233,0.279191,0.0375495,-0.0303866,0.0364615
10102,0.135317,0.011844,-0.00732601,0.0115018,-0.00034194,0.0743872,0.283077,0.0180032,-0.0416104,0.0432227
10110,0.135238,0.0118754,-0.00732601,0.0115018,0.00020718,0.0424115,0.283037,0.0365207,-0.0347926,0.0406853
10118,0.135238,0.0118854,-0.00732601,0.0115018,0.00040512,-0.045788,0.279363,0.0586385,-0.0171137,0.0279589
10126,0.135317,0.0118582,-0.00732601,0.0115018,-0.00042266,-0.100412,0.269012,0.00154304,-0.0119311,0.00911925
10134,0.135317,0.0118501,-0.00732601,0.0115018,-0.00118292,-0.050184,0.275185,-0.0128593,-0.02198,0.0159123
10141,0.135317,0.0118466,-0.00732601,0.0115018,-0.00128014,-0.00728362,0.270386,0.0123453,-0.02528,0.025291
10150,0.135317,0.0118451,-0.00732601,0.0115018,-0.00133296,0.0470738,0.269456,0.0180033,-0.0334798,0.0349921
10158,0.135317,0.0118444,-0.00732601,0.0115018,-0.00080659,0.0917067,0.285092,0.0406355,-0.0415212,0.0485219
10166,0.135317,0.0118442,-0.00732601,0.0115018,-9.754e-05,0.0321517,0.282799,0.0241756,-0.0341149,0.0370582
10174,0.135317,0.011844,-0.00732601,0.0115018,-0.00050219,-0.0640398,0.275635,0.0432076,-0.014079,0.0212126
10182,0.135317,0.011844,-0.00976801,0.0115018,-0.00098229,-0.0792284,0.276559,0.0308627,-0.0128733,0.0170397
10190,0.135317,0.011844,-0.00976801,0.0115018,-0.00155918,-0.0659048,0.271008,-0.00668652,-0.0178339,0.0131692
10198,0.135317,0.011844,-0.00732601,0.0115018,-0.00210059,-0.0184759,0.267867,0.0272618,-0.0201159,0.0236009
10206,0.135317,0.011844,-0.00732601,0.0115018,-0.00238514,0.0501388,0.271196,0.0354918,-0.0307602,0.0363943
10213,0.135317,0.011844,-0.00732601,0.0115018,-0.00199301,0.0835795,0.27786,0.0689264,-0.0340262,0.0476611
10222,0.135317,0.011844,-0.00976801,0.0115018,-0.00139786,0.0236249,0.272754,0.0360061,-0.028275,0.0339643
10230,0.135317,0.011844,-0.00976801,0.0115018,-0.00143116,-0.019274,0.275527,-0.0282901,-0.0290796,0.0194612
10238,0.135317,0.011844,-0.00976801,0.0115018,-0.00169165,-0.0549798,0.275216,0.014917,-0.0176098,0.0180762
10246,0.135317,0.011844,-0.00976801,0.0115018,-0.00217838,-0.0568453,0.266097,0.0529806,-0.0106721,0.0201088
10254,0.135317,0.011844,-0.00732601,0.0115018,-0.00264686,-0.010749,0.270958,-0.0138877,-0.0259992,0.0197875
10262,0.135317,0.011844,-0.00732601,0.0115018,-0.00266836,0.0753193,0.278147,0.0257188,-0.0368494,0.0402505
10270,0.135317,0.011844,-0.00732601,0.0115018,-0.00206668,0.0577331,0.273708,0.0493801,-0.0312379,0.0401784
10278,0.135317,0.011844,-0.00732601,0.0115018,-0.00195356,0.0285562,0.276464,-0.0241752,-0.0356268,0.0271184
10285,0.135317,0.011844,-0.00732601,0.0115018,-0.00172907,-0.0348626,0.272626,0.00257198,-0.0215652,0.0191784
10294,0.135317,0.011844,-0.00732601,0.0115018,-0.00242664,-0.0720336,0.261453,0.00874478,-0.0118607,0.0108052
10302,0.135317,0.011844,-0.00732601,0.0115018,-0.00295379,-0.0435228,0.262508,-0.0025719,-0.017402,0.0137552
10310,0.135317,0.011844,-0.00976801,0.0115018,-0.0032693,0.0472076,0.265416,-0.0128594,-0.034208,0.0284071
10318,0.135317,0.011844,-0.00976801,0.0115018,-0.00287518,0.111293,0.269746,0.0370348,-0.0402846,0.0464633
10326,0.135317,0.011844,-0.00976801,0.0115018,-0.00194485,0.0977027,0.274075,0.012345,-0.0429041,0.0432278
10334,0.135317,0.011844,-0.00976801,0.0115018,-0.00139555,0.0344158,0.278471,0.0164602,-0.033306,0.0344156
10342,0.135317,0.011844,-0.00732601,0.0115018,-0.00118287,-0.0499173,0.267802,0.0267477,-0.0161774,0.0194583
10350,0.135317,0.011844,-0.00732601,0.0115018,-0.00157842,-0.060576,0.266902,-0.0339484,-0.0208556,0.00977164
10357,0.135317,0.011844,-0.00732601,0.0115018,-0.00214921,-0.0238047,0.265392,-0.0442364,-0.0271834,0.0137752
10366,0.135317,0.011844,-0.00732601,0.0115018,-0.00227067,0.052403,0.263072,0.0401214,-0.0294429,0.0361775
10374,0.135317,0.011844,-0.00732601,0.0115018,-0.00202842,0.0919734,0.267333,-0.00205741,-0.0420485,0.038953
10382,0.135317,0.011844,-0.00732601,0.0115018,-0.00135927,0.0982349,0.275189,0.00874431,-0.0440123,0.0434964
10390,0.135317,0.011844,-0.00732601,0.0115018,-0.00114231,0.0101688,0.267602,0.0277763,-0.0261251,0.0298337
10398,0.135317,0.011844,-0.00976801,0.0115018,-0.00112212,-0.0433891,0.270489,-0.0468079,-0.0268454,0.0127863
10406,0.135317,0.011844,-0.00976801,0.0115018,-0.00147358,-0.0551134,0.26521,0.00565816,-0.017368,0.0156508
10414,0.135317,0.011844,-0.00976801,0.0115018,-0.00173195,-0.00528553,0.266735,-0.00102895,-0.0263746,0.0232281
10422,0.135317,0.011844,-0.00976801,0.0115018,-0.00176992,0.0521378,0.267482,-0.0390927,-0.0405269,0.0285719
10429,0.135317,0.011844,-0.00976801,0.0115018,-0.00141231,0.098502,0.270147,0.0344627,-0.0405348,0.0460889
10438,0.135317,0.011844,-0.00976801,0.0115018,-0.00067293,0.0466745,0.26582,0.00205758,-0.0360129,0.03377
10446,0.135317,0.011844,-0.00976801,0.0115018,-0.00023459,0.0132333,0.271051,-0.0324056,-0.0359308,0.0254581
10454,0.135317,0.011844,-0.00976801,0.0115018,-0.00020449,-0.0671047,0.262886,0.0185175,-0.0152269,0.0165268
10462,0.135317,0.011844,-0.00976801,0.0115018,-0.00101432,-0.0404586,0.26254,-0.0144019,-0.0223857,0.0159852
10470,0.135317,0.011844,-0.00976801,0.0115018,-0.00122983,0.0112351,0.266035,-0.00514363,-0.030202,0.0261425
10478,0.135317,0.011844,-0.00976801,0.0115018,-0.00122123,0.0667929,0.267089,0.0118306,-0.0376717,0.0377892
10486,0.135317,0.011844,-0.00976801,0.0115018,-0.00091353,0.0705232,0.266221,0.0128594,-0.0384593,0.0388356
10494,0.135317,0.011844,-0.00976801,0.0115018,-0.00036608,0.0645269,0.274201,0.0452647,-0.0356803,0.0436959
10501,0.135317,0.011844,-0.00976801,0.0115018,-2.954e-05,-0.016876,0.264123,0.0113163,-0.0249133,0.0246703
10510,0.135317,0.011844,-0.00976801,0.0172528,-0.00025445,-0.0224715,0.265679,-0.0046293,-0.0264741,0.0210897
10518,0.135317,0.011844,-0.00976801,0.0172528,-0.00043575,-0.0046192,0.265708,0.0396068,-0.0240008,0.0291096
10526,0.135317,0.011844,-0.00732601,0.0115018,-0.00028912,0.0230934,0.262782,0.0108016,-0.0306879,0.0304418
10534,0.135317,0.011844,-0.00732601,0.0115018,-0.0001353,0.0509386,0.265117,0.0144025,-0.0355073,0.036199
10542,0.135317,0.011844,-0.00976801,0.0115018,0.00032172,0.0822474,0.271879,0.0252043,-0.0415824,0.0449275
10550,0.135317,0.011844,-0.00976801,0.0115018,0.00066782,0.0145657,0.264441,0.0138884,-0.0308811,0.0313521
10558,0.135317,0.011844,-0.00976801,0.0115018,0.000614,-0.00355358,0.266734,-0.015431,-0.0316014,0.0250959
10566,0.135317,0.011844,-0.00976801,0.0115018,0.0005429,-0.0290001,0.26394,-0.00668661,-0.0257688,0.0212479
10573,0.135317,0.011844,-0.00976801,0.0115018,0.00040345,-0.0134124,0.263489,0.0133737,-0.0257458,0.0260055
10582,0.135317,0.011844,-0.00976801,0.0115018,0.00028126,0.0282888,0.265247,0.0390926,-0.0298014,0.0362577
10590,0.135317,0.011844,-0.00976801,0.0115018,0.00052838,0.0641282,0.273476,0.0252044,-0.039096,0.0423888
10598,0.135317,0.011844,-0.00976801,0.0115018,0.00092439,0.0512049,0.271716,0.0164603,-0.0382294,0.0394244
10606,0.135317,0.011844,-0.00976801,0.0115018,0.00109291,0.0234919,0.272491,-0.0123449,-0.0373479,0.0316616
10614,0.135317,0.011844,-0.00976801,0.0115018,0.00119632,-0.023005,0.266652,0.0272619,-0.0241107,0.0276311
10622,0.135317,0.011844,-0.00976801,0.0115018,0.00069475,-0.0609758,0.261875,-0.0118303,-0.0209065,0.0150754
10630,0.135317,0.011844,-0.00976801,0.0115018,0.00019498,-0.0226065,0.262126,-0.0200605,-0.0276407,0.0199773
10638,0.135317,0.011844,-0.00976801,0.0115018,0.00031978,0.038281,0.269134,0.0390925,-0.0321512,0.0386392
10645,0.135317,0.011844,-0.00976801,0.0115018,0.00057705,0.0569337,0.271626,0.0308626,-0.0369958,0.0416026
10654,0.135317,0.011844,-0.00976801,0.0115018,0.00095414,0.0481409,0.279909,-0.030348,-0.0445928,0.0347315
10662,0.135317,0.011844,-0.00976801,0.0115018,0.0012534,-0.00821666,0.277784,0.0483509,-0.0259699,0.0345155
10670,0.135317,0.011844,-0.00976801,0.0115018,0.0010854,-0.0712342,0.276126,0.0360064,-0.0163902,0.0218261
10678,0.135317,0.011844,-0.00976801,0.0115018,0.00031561,-0.0889535,0.273323,-0.0514371,-0.0222159,0.00694618
10686,0.135317,0.011844,-0.00976801,0.0115018,-0.00027327,-0.0302001,0.273723,0.0519521,-0.0191076,0.0284124
10694,0.135317,0.011844,-0.00976801,0.0115018,-0.00049817,0.0036405,0.270925,0.0318913,-0.0263672,0.0310372
10702,0.135317,0.011844,-0.00976801,0.0115018,-0.00050529,0.0566665,0.276478,-0.0128591,-0.041389,0.0356596
10710,0.135317,0.011844,-0.00976801,0.0115018,-0.00020135,0.025225,0.270023,0.0828145,-0.0242404,0.0410004
10717,0.135317,0.011844,-0.00976801,0.0115018,-0.00014077,-0.00368784,0.273368,0.0241757,-0.0269382,0.0297702
10726,0.135317,0.011844,-0.00976801,0.0115018,-0.00028507,-0.0664376,0.266541,-0.0282908,-0.0213308,0.0115837
10734,0.135317,0.011844,-0.00976801,0.0115018,-0.00083803,-0.0405913,0.267402,0.0416642,-0.0167844,0.02362
10742,0.135317,0.011844,-0.00976801,0.0115018,-0.00111681,0.00430647,0.270657,0.0087448,-0.028308,0.0275075
10750,0.135317,0.011844,-0.00976801,0.0115018,-0.00092257,0.0493396,0.272151,0.0149168,-0.0356181,0.0364155
10758,0.135317,0.011844,-0.00976801,0.0115018,-0.00049134,0.066127,0.273431,0.0668687,-0.0331054,0.0462232
10766,0.135317,0.011844,-0.00976801,0.0115018,0.00013072,0.0302872,0.277539,0.0267478,-0.0333619,0.0369097
10774,0.135238,0.0118754,-0.00976801,0.0115018,-0.00020168,-0.0352622,0.270382,-0.0216037,-0.0264499,0.018378
10782,0.135238,0.0118854,-0.00976801,0.0115018,-0.00055129,-0.0401915,0.269709,0.0180031,-0.0203543,0.0216104
10789,0.135238,0.0118897,-0.00976801,0.0115018,-0.00070969,-0.0384594,0.26743,0.00668709,-0.0213854,0.0199732
10798,0.135238,0.0118915,-0.00976801,0.0115018,-0.00103482,-0.0066189,0.264108,-0.00411483,-0.026993,0.0231235
10806,0.135238,0.0118923,-0.00976801,0.0115018,-0.00105512,0.0236252,0.270476,0.0545236,-0.0261353,0.0361995
10814,0.135317,0.0118612,-0.00976801,0.0115018,-0.0009102,0.0799829,0.274625,0.0416646,-0.0379813,0.0451862
10822,0.135317,0.0118514,-0.00976801,0.0115018,-0.00032575,0.014699,0.269196,-0.00822993,-0.0328925,0.0281289
10830,0.135317,0.0118472,-0.00976801,0.0115018,-0.00030551,-0.0122127,0.272813,0.0565812,-0.0213737,0.0318257
10838,0.135317,0.0118453,-0.00976801,0.0115018,-0.00023756,-0.0633733,0.270875,0.021604,-0.0167262,0.0187665
10846,0.135317,0.0118445,-0.00976801,0.0115018,-0.00079508,-0.0415242,0.272206,0.0123451,-0.0209151,0.0208288
10854,0.135317,0.0118442,-0.00976801,0.0115018,-0.00113057,-0.00941627,0.269346,0.045265,-0.0214805,0.0292574
10861,0.135317,0.0118441,-0.00976801,0.0115018,-0.00110867,0.0502719,0.276014,0.0354918,-0.0337148,0.0393691
10870,0.135317,0.011844,-0.00976801,0.0115018,-0.00087715,0.028689,0.27097,0.021604,-0.0312504,0.0335634
10878,0.135317,0.011844,-0.00976801,0.0115018,-0.00093849,0.0104365,0.267622,0.0668687,-0.0222419,0.0351816
10886,0.135317,0.011844,-0.00976801,0.0115018,-0.00081754,-0.0297996,0.269323,0.0468083,-0.0183201,0.0264035
10894,0.135317,0.011844,-0.00976801,0.0115018,-0.00122313,-0.075497,0.262531,0.00205766,-0.0142989,0.0116728
10902,0.135317,0.011844,-0.00976801,0.0115018,-0.00184408,-0.0146125,0.264351,0.0200605,-0.0217916,0.0235924
10910,0.135317,0.011844,-0.00976801,0.0115018,-0.00165009,0.0508051,0.273459,0.0442363,-0.0316144,0.039326
10918,0.135317,0.011844,-0.00976801,0.0115018,-0.00172544,0.0627966,0.269393,0.0185176,-0.0358904,0.0375668
10926,0.135317,0.011844,-0.00976801,0.0115018,-0.0015193,0.0481405,0.270166,0.0221181,-0.0334251,0.0359095
10933,0.135317,0.011844,-0.00976801,0.0115018,-0.00110934,0.010302,0.271978,0.00462956,-0.0300182,0.028265
10942,0.135317,0.011844,-0.00976801,0.0115018,-0.00102013,-0.0423234,0.261266,0.00822994,-0.0191942,0.0181296
10950,0.135317,0.011844,-0.00976801,0.0115018,-0.00136281,-0.0235369,0.262122,-0.0133739,-0.0245448,0.0184336
10958,0.135317,0.011844,-0.00976801,0.0115018,-0.00162199,0.0137667,0.264953,-0.00205743,-0.0295456,0.0262163
10966,0.135317,0.011844,-0.00976801,0.0115018,-0.0016301,0.0232263,0.261779,0.0365207,-0.0260594,0.0318643
10974,0.135317,0.011844,-0.00976801,0.0115018,-0.00155884,0.0651942,0.271022,0.0344631,-0.034905,0.040355
10982,0.135317,0.011844,-0.00976801,0.0115018,-0.00101905,0.0358829,0.272377,0.00102884,-0.0349079,0.0323847
10990,0.135317,0.011844,-0.00976801,0.0115018,-0.00114251,-0.0160766,0.262157,-0.0092587,-0.025617,0.0205033
10998,0.135317,0.011844,-0.00976801,0.0115018,-0.00126191,-0.0202068,0.270841,0.0236612,-0.0222817,0.0249246
11005,0.135317,0.011844,-0.00976801,0.0115018,-0.00130131,-0.0385928,0.265459,0.00308647,-0.0207109,0.0184399
11014,0.135317,0.011844,-0.00732601,0.0115018,-0.00172093,0.00630549,0.262451,0.023147,-0.0243957,0.0269905
11022,0.135317,0.011844,-0.00732601,0.0115018,-0.00148942,0.0574667,0.269893,0.0298337,-0.0336792,0.0380135
11030,0.135317,0.011844,-0.00732601,0.0115018,-0.0009347,0.0667928,0.270885,0.0468081,-0.0341644,0.0425422
11038,0.135317,0.011844,-0.00732601,0.0115018,-0.00057063,0.0189635,0.263495,0.0334344,-0.0270569,0.032136
11046,0.135317,0.011844,-0.00732601,0.0115018,-0.0003657,-0.00088852,0.271419,-0.00668688,-0.0300247,0.0255769
11054,0.135317,0.011844,-0.00732601,0.0115018,-0.00038277,-0.0431212,0.261335,-0.0185173,-0.0227104,0.0153394
11062,0.135317,0.011844,-0.00976801,0.0115018,-0.00079202,-0.049518,0.260618,0.0113161,-0.0178386,0.0174836
11070,0.135317,0.011844,-0.00976801,0.0115018,-0.00115503,0.0409453,0.272048,-0.00154298,-0.0358165,0.0326997
11077,0.135317,0.011844,-0.00976801,0.0115018,-0.00082951,0.0296215,0.267115,0.0246899,-0.0304877,0.0335323
11086,0.135317,0.011844,-0.00976801,0.0115018,-0.00097095,0.0568006,0.269908,0.0252044,-0.0352252,0.0384728
11094,0.135317,0.011844,-0.00976801,0.0115018,-0.00039644,0.018696,0.271511,0.03292,-0.0289977,0.0339583
11102,0.135317,0.011844,-0.00976801,0.0115018,-0.00032742,-0.0198073,0.26834,0.0164601,-0.0240848,0.025043
11110,0.135317,0.011844,-0.00976801,0.0115018,-0.00050275,-0.0432554,0.263982,-0.0432076,-0.026251,0.0130507
11118,0.135317,0.011844,-0.00976801,0.0115018,-0.00073325,0.0129673,0.268438,-0.00925867,-0.0320495,0.0270316
11126,0.135317,0.011844,-0.00976801,0.0115018,-0.00040192,0.0105693,0.264911,0.0262332,-0.0273565,0.030713
11134,0.135317,0.011844,-0.00976801,0.0115018,-0.00067956,0.0538693,0.266152,-0.00360069,-0.0379266,0.0343703
11142,0.135317,0.011844,-0.00976801,0.0115018,-0.00014047,0.0629291,0.274022,0.0118306,-0.0396352,0.0397578
11149,0.135317,0.011844,-0.00976801,0.0115018,-8.755e-05,0.00550637,0.265873,0.03292,-0.0263114,0.0312355
11158,0.135317,0.011844,-0.00976801,0.0115018,-0.00015266,-0.0360609,0.26463,-0.00205737,-0.0231934,0.0197331
11166,0.135317,0.011844,-0.00976801,0.0115018,-0.00026681,-0.00794987,0.27116,-0.00051424,-0.0286051,0.0255944
11174,0.135317,0.011844,-0.00976801,0.0115018,-0.00024591,-0.00794986,0.267681,-0.00308617,-0.0283766,0.0247587
11182,0.135317,0.011844,-0.00976801,0.0115018,-0.00048843,0.0465415,0.273972,0.0282907,-0.0344677,0.0384199
11190,0.135317,0.011844,-0.00976801,0.0115018,-4.653e-05,0.0325521,0.280107,0.0236612,-0.034273,0.0370969
11198,0.135317,0.011844,-0.00976801,0.0115018,-0.00028486,0.00044391,0.272338,0.03292,-0.0262339,0.0311403
11206,0.135317,0.011844,-0.00976801,0.0115018,-0.00041492,-0.0376604,0.272423,0.00257198,-0.0232734,0.0208978
11214,0.135317,0.011844,-0.00976801,0.0115018,-0.00078257,-0.0352621,0.270762,0.00925883,-0.0221111,0.0213156
11221,0.135317,0.011844,-0.00976801,0.0115018,-0.00117996,-0.0388592,0.26177,0.0493799,-0.0147854,0.0234418
11230,0.135317,0.011844,-0.00976801,0.0115018,-0.00168555,-0.00861623,0.264406,0.00051467,-0.0253248,0.0225329
11238,0.135317,0.011844,-0.00976801,0.0115018,-0.00168252,0.0522704,0.272173,0.0133738,-0.0352437,0.0356747
11246,0.135317,0.011844,-0.00976801,0.0115018,-0.00133321,0.0546691,0.271778,0.0786993,-0.0283668,0.0442291
11254,0.135317,0.011844,-0.00976801,0.0115018,-0.00105501,0.00883554,0.274528,-0.0354914,-0.034986,0.0237596
11262,0.135317,0.011844,-0.00976801,0.0115018,-0.0010502,0.00937014,0.276086,-0.0210892,-0.0336359,0.0258108
11270,0.135317,0.011844,-0.00976801,0.0115018,-0.00093863,-0.0385928,0.268306,0.0519517,-0.015913,0.0251815
11278,0.135317,0.011844,-0.00976801,0.0115018,-0.00159563,-0.0485851,0.264861,-0.0421787,-0.0238707,0.0108807
11286,0.135317,0.011844,-0.00976801,0.0115018,-0.00174805,0.0232261,0.269878,-0.0118306,-0.0328976,0.0272892
11293,0.135317,0.011844,-0.00976801,0.0115018,-0.00156004,0.0261583,0.264523,0.00771577,-0.030482,0.0294984
11302,0.135317,0.011844,-0.00976801,0.0115018,-0.00133372,0.0546683,0.270765,-0.0190317,-0.0397177,0.0325123
11310,0.135317,0.011844,-0.00976801,0.0115018,-0.0007819,0.0546684,0.275321,0.0416646,-0.0340624,0.0411919
11318,0.135317,0.011844,-0.00976801,0.0115018,-0.00035136,-0.00182125,0.268252,0.0216037,-0.0264384,0.0286654
11326,0.135317,0.011844,-0.00976801,0.0115018,-0.00033342,-0.0447221,0.264698,-0.0282901,-0.0245975,0.0149163
11334,0.135317,0.011844,-0.00976801,0.0115018,-0.00055082,-0.0531156,0.265292,0.0483508,-0.0139596,0.0223391
11342,0.135317,0.011844,-0.00976801,0.0115018,-0.00087347,-0.0231386,0.26329,0.0185176,-0.0217179,0.0231427
11350,0.135317,0.011844,-0.00976801,0.0115018,-0.00085857,0.0528029,0.272338,-0.0329195,-0.0419519,0.0314701
11358,0.135317,0.011844,-0.00976801,0.0115018,-0.00041243,0.0667933,0.279237,0.0303482,-0.0385637,0.0430654
11365,0.135317,0.011844,-0.00976801,0.0115018,-0.0001502,0.0217609,0.275276,0.0462937,-0.028881,0.0370117
11374,0.135317,0.011844,-0.00976801,0.0115018,-2.323e-05,-0.0275351,0.275878,-0.0195462,-0.0286695,0.0211107
11382,0.135317,0.011844,-0.00976801,0.0115018,-0.00021945,-0.0657712,0.27222,-0.0339485,-0.0231141,0.0120353
11390,0.135317,0.011844,-0.00976801,0.0115018,-0.00082943,-0.0822926,0.258748,0.0226325,-0.0106733,0.0128881
11398,0.135317,0.011844,-0.00976801,0.0115018,-0.00134085,-0.0308664,0.261401,-0.0262325,-0.0247487,0.0155802
11406,0.135317,0.011844,-0.00976801,0.0115018,-0.00149552,0.0553343,0.269295,-0.0046294,-0.0376719,0.0338654
11414,0.135317,0.011844,-0.00976801,0.0115018,-0.00087152,0.0910414,0.272517,0.0447505,-0.039204,0.0471719
11422,0.135317,0.011844,-0.00976801,0.0115018,-0.00011077,0.0746533,0.277782,0.00462937,-0.0430904,0.04155
11430,0.135317,0.011844,-0.00976801,0.0115018,0.00045186,0.00537245,0.278263,0.0144026,-0.0312115,0.031774
11437,0.135317,0.011844,-0.00976801,0.0115018,0.00050063,-0.0589765,0.272143,0.0046295,-0.020687,0.0187454
11446,0.135317,0.011844,-0.00976801,0.0115018,7.467e-05,-0.0929516,0.266959,-0.0442365,-0.0193414,0.00575469
11454,0.135317,0.011844,-0.00976801,0.0115018,-0.00045638,-0.0267368,0.267394,0.0282904,-0.0212021,0.0249293
11462,0.135317,0.011844,-0.00976801,0.0115018,-0.00044624,0.0268232,0.265583,0.0293194,-0.0297571,0.0338914
11470,0.135317,0.011844,-0.00976801,0.0115018,-0.00031716,0.0746532,0.269873,-0.0504086,-0.0480162,0.0334812
11478,0.135317,0.011844,-0.00976801,0.0115018,-0.00014548,0.0452096,0.272484,0.0385781,-0.0332669,0.0396482
11486,0.135317,0.011844,-0.00976801,0.0115018,-0.00041479,-0.0135455,0.265504,0.0308625,-0.0228573,0.0272324
11494,0.135317,0.011844,-0.00976801,0.0115018,-0.00069375,-0.0176756,0.2659,-0.0406358,-0.0302694,0.0177519
11502,0.135317,0.011844,-0.00976801,0.0115018,-0.00089738,-0.0220722,0.261089,-0.00617256,-0.0244178,0.0200176
11509,0.135317,0.011844,-0.00976801,0.0115018,-0.00105156,0.0127009,0.261016,0.00668704,-0.0284911,0.0272306
11518,0.135317,0.011844,-0.00976801,0.0115018,-0.00094834,0.0825143,0.264053,0.00360066,-0.0411576,0.0393846
11526,0.135317,0.011844,-0.00976801,0.0115018,-0.00028634,0.0938393,0.270505,0.0308623,-0.0417925,0.0464994
11534,0.135317,0.011844,-0.00732601,0.0115018,0.00040689,0.040947,0.267556,-0.0123446,-0.0381301,0.0324864
11542,0.135317,0.011844,-0.00732601,0.0115018,0.00071918,0.0378812,0.276824,0.0257185,-0.0350571,0.0383937
11550,0.135317,0.011844,-0.00976801,0.0115018,0.0007406,-0.0367282,0.264519,0.0159456,-0.0221766,0.0229769
11558,0.135317,0.011844,-0.00976801,0.0115018,0.00033842,-0.0477858,0.262072,-0.0272618,-0.0244692,0.015031
11566,0.135317,0.011844,-0.00976801,0.0115018,-3.458e-05,-0.0216735,0.262384,0.0216037,-0.022612,0.0247822
11574,0.135317,0.011844,-0.00976801,0.0115018,-9.151e-05,0.0545349,0.270756,0.0478369,-0.0335312,0.042127
11581,0.135317,0.011844,-0.00976801,0.0115018,0.00020576,0.0925063,0.273762,0.015946,-0.0445313,0.0457211
11590,0.135317,0.011844,-0.00976801,0.0115018,0.00082763,0.0469407,0.27805,0.0725264,-0.0317973,0.0462118
11598,0.135317,0.011844,-0.00976801,0.0115018,0.00100656,-0.014478,0.274863,0.0591532,-0.022839,0.033911
11606,0.135317,0.011844,-0.00976801,0.0115018,0.00087424,-0.0729667,0.274735,0.0154317,-0.018009,0.01858
11614,0.135317,0.011844,-0.00976801,0.0115018,0.00022693,-0.0940184,0.269539,-0.0257184,-0.017607,0.00839048
11622,0.135317,0.011844,-0.00732601,0.0115018,-0.00046198,-0.00182232,0.270213,0.0252045,-0.0257838,0.0288589
11630,0.135317,0.011844,-0.00732601,0.0115018,-0.00031122,0.0400129,0.270842,0.0344632,-0.0319962,0.0373874
11638,0.135317,0.011844,-0.00732601,0.0115018,-8.146e-05,0.0897087,0.276722,-0.0200605,-0.0479928,0.0406711
11646,0.135317,0.011844,-0.00732601,0.0115018,0.0004809,0.0594643,0.274466,0.0709837,-0.0326231,0.0467061
11653,0.135317,0.011844,-0.00732601,0.0115018,0.00084561,-0.0162109,0.271131,0.112134,-0.0150903,0.038659
11662,0.135317,0.011844,-0.00976801,0.0115018,0.00033328,-0.106941,0.259998,-0.0267466,-0.014178,0.00467974
11670,0.135317,0.011844,-0.00976801,0.0115018,-0.00056238,-0.0138137,0.267572,0.00668682,-0.0257901,0.0244562
11678,0.135317,0.011844,-0.00976801,0.0115018,-0.00055324,0.0464087,0.270103,0.0030864,-0.0367024,0.0347038
11686,0.135317,0.011844,-0.00976801,0.0115018,-0.00081754,0.0962377,0.270236,0.0498943,-0.0391739,0.0483724
11694,0.135317,0.011844,-0.00732601,0.0115018,5.339e-05,0.121151,0.284,0.0678975,-0.0442442,0.0577826
11702,0.135317,0.011844,-0.00732601,0.0115018,0.00056053,0.0324188,0.278896,0.0138884,-0.0356522,0.0361777
11710,0.135317,0.011844,-0.00976801,0.0115018,0.00039587,-0.0679041,0.2739,0.046808,-0.0143632,0.0223483
11718,0.135317,0.011844,-0.00976801,0.0115018,-0.00032999,-0.0744319,0.269567,0.00823022,-0.0161168,0.0149649
11725,0.135317,0.011844,-0.00976801,0.0115018,-0.00035926,-0.0432565,0.270436,-0.0318907,-0.0261551,0.0156287
11734,0.135317,0.011844,-0.00732601,0.0115018,-0.00082497,-0.00262144,0.266043,0.0339486,-0.0234468,0.0285776
11742,0.135317,0.011844,-0.00732601,0.0115018,-0.00076369,0.0861109,0.279815,0.0843573,-0.0346443,0.0519476
11750,0.135317,0.011844,-0.00732601,0.0115018,4.55e-06,0.0962363,0.287508,0.0853864,-0.0385162,0.0561057
11758,0.135317,0.011844,-0.00732601,0.0115018,0.00082201,-0.0107478,0.278803,0.0365207,-0.0261155,0.0318544
11766,0.135317,0.011844,-0.00976801,0.0115018,0.00039422,-0.0703009,0.276763,0.00051397,-0.0198759,0.016927
11774,0.135317,0.011844,-0.00976801,0.0115018,-1.042e-05,-0.0848234,0.279949,0.0298338,-0.0139478,0.0178691
11782,0.135317,0.011844,-0.00976801,0.0115018,-0.00056804,-0.0671058,0.273894,0.00308651,-0.0183157,0.0159692
11790,0.135317,0.011844,-0.00976801,0.0115018,-0.00127254,0.00577159,0.276458,0.0272619,-0.0270903,0.0306632
11797,0.135317,0.011844,-0.00976801,0.0115018,-0.00087031,0.0858447,0.28492,0.0169746,-0.0436073,0.0450046
11806,0.135317,0.011844,-0.00976801,0.0115018,-0.00037169,0.0480073,0.281354,0.02469,-0.0364872,0.0395966
11814,0.135317,0.011844,-0.00976801,0.0115018,-0.00065499,-0.00755042,0.27701,0.0385782,-0.0244719,0.0306843
11822,0.135317,0.011844,-0.00976801,0.0115018,-0.00056766,-0.0447212,0.282224,0.0174888,-0.021703,0.0228255
11830,0.135317,0.011844,-0.00976801,0.0115018,-0.00078126,-0.100811,0.278347,0.0108019,-0.0121945,0.011563
11838,0.135317,0.011844,-0.00976801,0.0115018,-0.0017551,-0.0589789,0.2779,0.0308626,-0.0154071,0.0196243
11846,0.135317,0.011844,-0.00976801,0.0115018,-0.00209221,0.0453409,0.284894,0.0138881,-0.0355076,0.0360339
11854,0.135317,0.011844,-0.00976801,0.0115018,-0.00130425,0.101433,0.291744,0.0550383,-0.0422283,0.0526519
11862,0.135317,0.011844,-0.00976801,0.0115018,-0.00095214,0.023093,0.285432,0.0385782,-0.0305408,0.0368436
11869,0.135317,0.011844,-0.00976801,0.0115018,-0.00090947,-0.0403248,0.288426,0.0241758,-0.022177,0.0248868
11878,0.135317,0.011844,-0.00976801,0.0115018,-0.00124846,-0.091618,0.286353,0.0210896,-0.0131634,0.0149822
11886,0.135317,0.011844,-0.00976801,0.0115018,-0.00201464,-0.107341,0.276608,-0.00051422,-0.0104525,0.00711137
11894,0.135317,0.011844,-0.00976801,0.0115018,-0.00296939,-0.0408592,0.275861,0.0385782,-0.0155214,0.0215969
11902,0.135317,0.011844,-0.00976801,0.0115018,-0.00316746,0.0544016,0.282324,0.0606962,-0.0296082,0.0411941
11910,0.135317,0.011844,-0.00976801,0.0115018,-0.00260708,0.0999676,0.288411,0.069955,-0.0378893,0.0518095
11918,0.135317,0.011844,-0.00976801,0.0115018,-0.00221903,0.0501387,0.283091,0.0570956,-0.0307533,0.0414906
11926,0.135317,0.011844,-0.00976801,0.0115018,-0.00218697,-0.0276683,0.283903,-0.0149168,-0.0264056,0.0199076
11934,0.135317,0.011844,-0.00976801,0.0115018,-0.00242427,-0.0521821,0.286048,-0.00462939,-0.0211131,0.0169648
11941,0.135317,0.011844,-0.00976801,0.0115018,-0.00284376,-0.073632,0.27766,0.038578,-0.010506,0.016483
11950,0.135317,0.011844,-0.00976801,0.0115018,-0.00340589,-0.0216725,0.278517,-0.0375496,-0.0275233,0.0156829
11958,0.135317,0.011844,-0.00976801,0.0115018,-0.00344609,0.0919731,0.286883,-0.0118307,-0.0447838,0.0393627
11966,0.135317,0.011844,-0.00976801,0.0115018,-0.00284668,0.074787,0.282347,0.0365204,-0.0363113,0.0422584
11974,0.135317,0.011844,-0.00976801,0.0115018,-0.00231136,0.0189635,0.282096,-0.010802,-0.0332536,0.0278678
11982,0.135317,0.011844,-0.00976801,0.0115018,-0.00262466,-0.036595,0.281927,-0.0195463,-0.0245359,0.0169111
11990,0.135317,0.011844,-0.00976801,0.0115018,-0.00292242,-0.0389923,0.280804,0.0241756,-0.0183916,0.0210746
11998,0.135317,0.011844,-0.00976801,0.0115018,-0.00328021,-0.0196742,0.276764,0.0169744,-0.0213246,0.0223613
12006,0.135317,0.011844,-0.00976801,0.0115018,-0.00339163,0.0540025,0.283371,-0.0529806,-0.0427939,0.0275442
12013,0.135317,0.011844,-0.00976801,0.0115018,-0.00310295,0.078784,0.284914,0.00462943,-0.0407965,0.039225
12022,0.135317,0.011844,-0.00976801,0.0115018,-0.00296621,0.0614637,0.28252,0.0252043,-0.03528,0.0385135
12030,0.135317,0.011844,-0.00976801,0.0115018,-0.00272583,0.0181627,0.284885,-0.0144024,-0.0334206,0.0271767
12038,0.135317,0.011844,-0.00976801,0.0115018,-0.00257532,-0.00595095,0.282694,-0.0282905,-0.0308807,0.0212868
12046,0.135317,0.011844,-0.00976801,0.0115018,-0.00261161,-0.0296662,0.276988,-0.0133734,-0.0241895,0.0180426
12054,0.135317,0.011844,-0.00976801,0.0115018,-0.00285022,0.0169643,0.279483,-0.0133735,-0.0320573,0.0260501
12062,0.135317,0.011844,-0.00976801,0.0115018,-0.00266745,0.0610641,0.285275,0.013888,-0.0374029,0.0379689
12070,0.135317,0.011844,-0.00976801,0.0115018,-0.00217857,0.0687917,0.2871,0.0457792,-0.0359066,0.0440311
12078,0.135317,0.011844,-0.00976801,0.0115018,-0.00173968,0.0361494,0.286568,0.00205777,-0.0361216,0.0338328
12085,0.135317,0.011844,-0.00976801,0.0115018,-0.00148917,0.00790503,0.289139,-0.0365205,-0.0367053,0.0252282
12094,0.135317,0.011844,-0.00976801,0.0115018,-0.00132456,-0.0292668,0.283787,0.00154328,-0.0253716,0.0227667
12102,0.135317,0.011844,-0.00976801,0.0115018,-0.0019294,-0.0521822,0.278077,-0.00977302,-0.0211188,0.0157629
12110,0.135317,0.011844,-0.00976801,0.0115018,-0.00236341,0.0244249,0.287996,-0.0504088,-0.0397115,0.0249939
12118,0.135317,0.011844,-0.00976801,0.0115018,-0.00196446,0.0627962,0.288374,0.0174887,-0.0387384,0.0401705
12126,0.135317,0.011844,-0.00976801,0.0172528,-0.00172651,0.0489394,0.285787,-0.00051427,-0.0391328,0.0349189
12134,0.135317,0.011844,-0.00976801,0.0172528,-0.00182378,0.0237596,0.289466,-0.039092,-0.0399268,0.026529
12142,0.135317,0.011844,-0.00976801,0.0115018,-0.00163502,-0.0152777,0.289799,0.00822982,-0.027462,0.0264742
12150,0.135317,0.011844,-0.00976801,0.0115018,-0.00184047,-0.0443214,0.286871,0.0570957,-0.0160937,0.0265473
12157,0.135317,0.011844,-0.00976801,0.0115018,-0.00221333,-0.00142102,0.286945,0.0108021,-0.0282168,0.0278697
12166,0.135317,0.011844,-0.00976801,0.0115018,-0.0021443,0.0669263,0.294937,-0.0293197,-0.0457526,0.036147
12174,0.135317,0.011844,-0.00976801,0.0115018,-0.00162234,0.048274,0.295736,0.0365204,-0.0357267,0.0416121
12182,0.135317,0.011844,-0.00976801,0.0115018,-0.00149887,0.0256245,0.290551,0.0396069,-0.030912,0.0374577
12190,0.135317,0.011844,-0.00976801,0.0115018,-0.00125978,-0.00981452,0.292853,-0.034977,-0.0344761,0.0233128
12198,0.135317,0.011844,-0.00976801,0.0115018,-0.00144764,-0.0252695,0.292681,0.0025719,-0.0271812,0.0248305
12206,0.135317,0.011844,-0.00976801,0.0115018,-0.00177464,-0.0556467,0.285101,0.00925874,-0.0196424,0.0187711
12214,0.135317,0.011844,-0.00976801,0.0115018,-0.00233442,0.015498,0.288045,0.0128594,-0.0308127,0.0310015
12222,0.135317,0.011844,-0.00976801,0.0115018,-0.00193579,0.0699903,0.291869,0.0293195,-0.0391498,0.0433971
12229,0.135317,0.011844,-0.00976801,0.0115018,-0.00143378,0.0594654,0.295724,0.0658396,-0.0344018,0.0472446
12238,0.135317,0.011844,-0.00976801,0.0115018,-0.00096694,0.019229,0.29363,0.0540095,-0.0293766,0.0393105
12246,0.135317,0.011844,-0.00976801,0.0115018,-0.00108624,-0.00115574,0.30006,-0.0298343,-0.0367183,0.0267988
12254,0.135317,0.011844,-0.00976801,0.0115018,-0.0010197,-0.0323308,0.297231,-0.0159456,-0.0295064,0.0227701
12262,0.135317,0.011844,-0.00976801,0.0115018,-0.00130803,-0.0447219,0.294624,0.0401209,-0.0200109,0.0264656
12270,0.135317,0.011844,-0.00976801,0.0115018,-0.00171005,-0.00675159,0.294467,0.00308634,-0.0301414,0.0279652
12278,0.135317,0.011844,-0.00976801,0.0115018,-0.00154959,0.0405464,0.299225,-0.035492,-0.0435818,0.0324478
12286,0.135317,0.011844,-0.00976801,0.0115018,-0.00124352,0.0272227,0.302687,0.0642965,-0.0305777,0.042961
12294,0.135317,0.011844,-0.00976801,0.0115018,-0.00129395,-0.0283341,0.296508,0.0900157,-0.0171948,0.0354768
12301,0.135317,0.011844,-0.00976801,0.0115018,-0.00162184,-0.0572447,0.298398,-0.00925813,-0.0239097,0.0186666
12310,0.135317,0.011844,-0.00976801,0.0115018,-0.00202628,-0.0463202,0.29938,-0.0252042,-0.0272143,0.018235
12318,0.135317,0.011844,-0.00976801,0.0115018,-0.00232471,-0.0242043,0.302818,0.0534949,-0.0217806,0.0314406
12326,0.135317,0.011844,-0.00976801,0.0115018,-0.00267038,0.0168308,0.302756,0.0401213,-0.0297289,0.036353
12333,0.135317,0.011844,-0.00976801,0.0115018,-0.0026433,0.0313531,0.305517,-0.046808,-0.042881,0.0290322
12342,0.135317,0.011844,-0.00976801,0.0115018,-0.00247295,-0.00222016,0.305108,-0.0241757,-0.0347711,0.0261638
12350,0.135317,0.011844,-0.00976801,0.0115018,-0.00247452,-0.0357949,0.302547,0.062239,-0.0185621,0.0302482
12358,0.135317,0.011844,-0.00976801,0.0115018,-0.00276936,-0.0721663,0.298708,0.0226327,-0.0161226,0.0183439
12366,0.135317,0.011844,-0.00976801,0.0115018,-0.00346383,-0.0551155,0.299692,-0.0606955,-0.02799,0.0105853
12373,0.135317,0.011844,-0.00976801,0.0115018,-0.00381886,0.0119015,0.300817,0.00977303,-0.0305818,0.0300102
12382,0.135317,0.011844,-0.00976801,0.0115018,-0.00370956,0.0408121,0.304052,0.117791,-0.0233601,0.0483748
12390,0.135317,0.011844,-0.00976801,0.0115018,-0.00337599,0.0316195,0.308004,0.0565814,-0.0301325,0.040677
12398,0.135317,0.011844,-0.00976801,0.0115018,-0.00321487,0.00084293,0.311087,-0.046294,-0.0378275,0.0239985
12406,0.135317,0.011844,-0.00976801,0.0115018,-0.00331419,-0.0528487,0.30264,0.00617227,-0.021172,0.0195597
12414,0.135317,0.011844,-0.00976801,0.0115018,-0.00387223,-0.0729667,0.300485,0.068412,-0.00935772,0.0223657
12422,0.135317,0.011844,-0.00976801,0.0115018,-0.00433283,-0.0475199,0.300369,0.0113162,-0.0196839,0.0192867
12430,0.135317,0.011844,-0.00976801,0.0115018,-0.00476194,0.00324197,0.299747,-0.0627535,-0.0362042,0.0184733
12438,0.135317,0.011844,-0.00976801,0.0115018,-0.00471046,0.0625293,0.305943,0.0226324,-0.0371244,0.0397306
12445,0.135317,0.011844,-0.00976801,0.0115018,-0.00418901,0.050405,0.304811,0.113162,-0.0249691,0.0489136
12454,0.135317,0.011844,-0.00976801,0.0115018,-0.00379331,-0.0104811,0.308179,0.037549,-0.0247883,0.0307053
12462,0.135317,0.011844,-0.00976801,0.0115018,-0.00381347,-0.0675045,0.303159,-0.0365206,-0.023146,0.0114045
12470,0.135317,0.011844,-0.00976801,0.0115018,-0.00436831,-0.0880217,0.299267,0.0169744,-0.0120199,0.0128333
12478,0.135317,0.011844,-0.00976801,0.0115018,-0.00462437,-0.0239388,0.305052,0.104418,-0.0130084,0.0346544
12486,0.135238,0.0118754,-0.00976801,0.0115018,-0.00456032,0.0244239,0.305205,2.7e-07,-0.0334689,0.030618
12494,0.135238,0.0118854,-0.00976801,0.0115018,-0.00441343,0.0582668,0.311708,-0.053495,-0.0466645,0.0312935
12502,0.135238,0.0118897,-0.00976801,0.0115018,-0.00439948,-0.00768337,0.301991,0.0483514,-0.0220908,0.0305557
12510,0.135238,0.0118915,-0.00976801,0.0115018,-0.0046761,-0.03353,0.30442,0.0771562,-0.0143838,0.0295644
12517,0.135238,0.0118923,-0.00976801,0.0115018,-0.00494367,-0.0685692,0.3015,-0.0154314,-0.0185955,0.0118108
12526,0.135317,0.0118612,-0.00976801,0.0115018,-0.00557787,-0.0421907,0.29892,-0.0262334,-0.023022,0.0137592
12534,0.135317,0.0118514,-0.00976801,0.0115018,-0.00587108,0.0206941,0.300126,0.0432074,-0.025156,0.0324722
12542,0.135238,0.0118786,-0.00976801,0.0115018,-0.00570354,0.0686576,0.303477,0.0956734,-0.0277278,0.0475772
12550,0.135238,0.0118868,-0.00976801,0.0115018,-0.00519772,0.0516048,0.305404,0.0185175,-0.034966,0.0365595
12558,0.135317,0.0118588,-0.00976801,0.0115018,-0.00486706,0.0210945,0.304964,-0.0473217,-0.038045,0.0240101
12566,0.135317,0.0118503,-0.00976801,0.0115018,-0.00487868,-0.0327305,0.29929,-0.00205743,-0.0227955,0.0192786
12574,0.135238,0.0118781,-0.00976801,0.0115018,-0.00513162,-0.0343295,0.297908,0.0318913,-0.017924,0.0224109
12582,0.135238,0.0118866,-0.00976801,0.0115018,-0.00532445,-0.00954982,0.301856,-0.0174886,-0.0282413,0.0211465
12589,0.135238,0.0118902,-0.00976801,0.0115018,-0.00550532,0.0100362,0.300302,-0.0396067,-0.0336157,0.0213574
12598,0.135317,0.0118603,-0.00976801,0.0115018,-0.00552711,0.0509388,0.303141,0.0262328,-0.0331606,0.0365684
12606,0.135317,0.011851,-0.00976801,0.0115018,-0.00511595,0.0682585,0.308573,0.0992742,-0.0289059,0.0496136
12614,0.135317,0.011847,-0.00976801,0.0115018,-0.00432074,0.0119007,0.311763,0.00720119,-0.0319502,0.0307652
12622,0.135317,0.0118452,-0.00976801,0.0115018,-0.00447407,-0.0493857,0.306434,-0.0576097,-0.0282729,0.0115998
12630,0.135317,0.0118445,-0.00976801,0.0115018,-0.00518502,-0.0737653,0.30125,-0.00308635,-0.0159572,0.0120674
12638,0.135317,0.0118442,-0.00976801,0.0115018,-0.00572144,-0.0163443,0.305919,0.0617249,-0.017932,0.0295082
12646,0.135317,0.0118441,-0.00976801,0.0115018,-0.00543654,0.0181634,0.307408,-0.0205748,-0.0340312,0.0262923
12654,0.135317,0.011844,-0.00976801,0.0115018,-0.00528077,0.0468081,0.307714,-0.0658398,-0.0444175,0.0260849
12661,0.135317,0.011844,-0.00976801,0.0115018,-0.00561594,0.0186967,0.303208,0.0210895,-0.0282871,0.0303809
12670,0.135317,0.011844,-0.00976801,0.0115018,-0.00558345,0.0113688,0.304511,0.0915583,-0.0190142,0.037719
12678,0.135317,0.011844,-0.00976801,0.0115018,-0.00545294,-0.0218071,0.305966,-0.0334336,-0.0286092,0.0177123
12686,0.135317,0.011844,-0.00976801,0.0115018,-0.00549585,-0.0166096,0.307861,-0.0745843,-0.0345725,0.0139783
12694,0.135317,0.011844,-0.00976801,0.0115018,-0.00598899,-0.0372606,0.300227,0.0267472,-0.0172704,0.020522
12702,0.135317,0.011844,-0.00976801,0.0115018,-0.00639481,0.058932,0.306378,0.0653256,-0.0292363,0.0418833
12710,0.135317,0.011844,-0.00976801,0.0115018,-0.00574675,0.0618639,0.307476,-0.0632675,-0.0459495,0.0282633
12718,0.135317,0.011844,-0.00976801,0.0115018,-0.00545608,0.0272234,0.307306,-0.0565811,-0.0397447,0.0235348
12726,0.135317,0.011844,-0.00976801,0.0115018,-0.00573626,-0.0341963,0.303422,0.0365207,-0.0174949,0.0230669
12733,0.135317,0.011844,-0.00976801,0.0115018,-0.00625646,-0.016477,0.309073,0.0360065,-0.0207092,0.0262071
12742,0.135317,0.011844,-0.00976801,0.0115018,-0.0062053,0.171112,0.328747,0.0144021,-0.0578544,0.0588312
12750,0.135317,0.011844,-0.00976801,0.0115018,-0.00484854,-0.00755221,0.30605,-0.0360053,-0.0321437,0.0206926
12758,0.135317,0.011844,-0.00976801,0.0115018,-0.0051585,-0.0796279,0.303672,0.0180032,-0.0129199,0.0139905
12766,0.135317,0.011844,-0.00976801,0.0115018,-0.00560919,-0.0547142,0.308641,0.0313763,-0.0156871,0.0199844
12774,0.135317,0.011844,-0.00976801,0.0115018,-0.00588206,0.0140324,0.312234,-0.0344625,-0.0351387,0.0241032
12782,0.135317,0.011844,-0.00976801,0.0115018,-0.00523654,0.0601312,0.313614,0.00617257,-0.0391717,0.0378785
12790,0.135317,0.011844,-0.00976801,0.0115018,-0.0051444,0.0406799,0.317266,0.0236613,-0.0345747,0.0373515
12798,0.135317,0.011844,-0.00976801,0.0115018,-0.00484879,0.0249585,0.314797,-0.0169741,-0.036745,0.0298865
12805,0.135317,0.011844,-0.00976801,0.0115018,-0.00452375,-0.0163435,0.31813,0.0149167,-0.0270686,0.0276158
12814,0.135317,0.011844,-0.00976801,0.0115018,-0.00457453,-0.0784279,0.311667,-0.00822996,-0.0183057,0.0131978
12822,0.135317,0.011844,-0.00976801,0.0115018,-0.00529593,-0.0870894,0.308445,0.0334343,-0.0104334,0.0151218
12830,0.135317,0.011844,-0.00976801,0.0115018,-0.00599103,-0.0182093,0.307429,0.0318913,-0.0210064,0.0255314
12838,0.135317,0.011844,-0.00976801,0.0115018,-0.00614962,0.0766517,0.312788,-0.044236,-0.0464783,0.033324
12846,0.135317,0.011844,-0.00976801,0.0115018,-0.0054254,0.108762,0.32644,0.0221181,-0.0472278,0.0498459
12854,0.135317,0.011844,-0.00976801,0.0115018,-0.00470931,-0.00448748,0.318673,0.0462938,-0.0251849,0.0331718
12862,0.135317,0.011844,-0.00976801,0.0115018,-0.00519183,-0.0680361,0.316786,-0.0416642,-0.0239541,0.0109778
12870,0.135317,0.011844,-0.00976801,0.0115018,-0.00586989,-0.0568446,0.315193,-0.0488656,-0.0254803,0.0108283
12878,0.135317,0.011844,-0.00976801,0.0115018,-0.00623979,-0.0436551,0.313619,-0.00154318,-0.0213451,0.0178974
12886,0.135317,0.011844,-0.00976801,0.0115018,-0.00661622,-0.0244716,0.311593,-0.0149168,-0.0252816,0.0187303
12894,0.135317,0.011844,-0.00976801,0.0115018,-0.00673045,0.0229595,0.314779,0.0231471,-0.0290815,0.0316586
12902,0.135317,0.011844,-0.00976801,0.0115018,-0.00685467,0.0606643,0.315994,0.00874475,-0.0371058,0.0363975
12910,0.135317,0.011844,-0.00976801,0.0115018,-0.00647814,0.0591982,0.32038,0.0390925,-0.0345116,0.0409679
12918,0.135317,0.011844,-0.00976801,0.0115018,-0.00593423,-0.0347294,0.318505,0.0545237,-0.0174404,0.0272588
12926,0.135317,0.011844,-0.00976801,0.0115018,-0.00625693,-0.0914852,0.312872,-0.0360061,-0.0172655,0.00553652
12934,0.135317,0.011844,-0.00976801,0.0115018,-0.00704094,-0.0492514,0.316819,-0.0648115,-0.0272728,0.00886303
12942,0.135317,0.011844,-0.00976801,0.0115018,-0.00744387,0.0162983,0.314106,-4e-08,-0.0296013,0.0266838
12949,0.135317,0.011844,-0.00976801,0.0115018,-0.00730346,0.0553347,0.320036,0.0509232,-0.0312765,0.040501
12958,0.135317,0.011844,-0.00976801,0.0115018,-0.00659904,0.0445435,0.323177,-0.0108012,-0.0382238,0.0328571
12966,0.135317,0.011844,-0.00976801,0.0115018,-0.00635024,-0.0266023,0.319853,0.0205748,-0.0224416,0.0242658
12974,0.135317,0.011844,-0.00976801,0.0115018,-0.00688097,-0.0691023,0.314368,0.0113164,-0.0148108,0.0143109
12982,0.135317,0.011844,-0.00976801,0.0115018,-0.00703011,-0.0340627,0.314631,-0.0205747,-0.0242623,0.0163404
12990,0.135317,0.011844,-0.00976801,0.0115018,-0.00692821,-0.00834973,0.317317,-0.0118305,-0.0281041,0.0223268
12998,0.135317,0.011844,-0.00976801,0.0115018,-0.00697587,0.0294879,0.318099,-0.00102872,-0.0332171,0.0301047
13006,0.135317,0.011844,-0.00976801,0.0115018,-0.00667797,0.0404133,0.320536,-0.00720117,-0.0365748,0.0320438
13014,0.135317,0.011844,-0.00976801,0.0115018,-0.00690991,0.0226932,0.314949,-0.0236608,-0.0343315,0.025857
13021,0.135317,0.011844,-0.00976801,0.0115018,-0.00637706,0.0107021,0.320407,-0.00205757,-0.0313966,0.0279929
13030,0.135317,0.011844,-0.00976801,0.0115018,-0.00628159,-0.038993,0.313134,-0.00308621,-0.0221705,0.0183723
13038,0.135317,0.011844,-0.00976801,0.0115018,-0.00640966,-0.040058,0.315904,0.0601816,-0.0148074,0.0259375
13046,0.135317,0.011844,-0.00976801,0.0115018,-0.00675294,-0.0148784,0.312478,0.00823006,-0.0241119,0.0230515
13054,0.135317,0.011844,-0.00976801,0.0115018,-0.00682611,0.0661273,0.316074,-0.0360062,-0.043344,0.0320903
13062,0.135317,0.011844,-0.00976801,0.0115018,-0.00636459,0.0829133,0.324187,0.0365205,-0.0395493,0.0454734
13070,0.135317,0.011844,-0.00976801,0.0115018,-0.00568802,0.0230927,0.319976,0.0324057,-0.03029,0.035069
13078,0.135317,0.011844,-0.00976801,0.0115018,-0.00558347,-0.0435228,0.319006,-0.0318911,-0.0267172,0.0161172
13086,0.135317,0.011844,-0.00976801,0.0115018,-0.00592965,-0.0535135,0.3136,-0.0360058,-0.0241828,0.0125753
13093,0.135317,0.011844,-0.00976801,0.0115018,-0.00639252,-0.0155442,0.31629,0.00874422,-0.0250517,0.0241164
13102,0.135317,0.011844,-0.00976801,0.0115018,-0.00631182,0.00857084,0.317279,0.00257114,-0.0300812,0.0277642
13110,0.135317,0.011844,-0.00976801,0.0115018,-0.00650681,0.0103032,0.31829,0.0262331,-0.0274765,0.0307469
13118,0.135317,0.011844,-0.00976801,0.0115018,-0.00634449,0.0232262,0.32239,0.0385779,-0.0290671,0.0352938
13126,0.135317,0.011844,-0.00976801,0.0115018,-0.00622282,0.00790522,0.32128,0.00668647,-0.0302524,0.0289065
13134,0.135317,0.011844,-0.00976801,0.0115018,-0.00608538,0.0178972,0.326559,0.013888,-0.0321146,0.0325016
13142,0.135317,0.011844,-0.00976801,0.0115018,-0.00592232,-0.023804,0.321385,0.00668709,-0.0253834,0.0239448
13150,0.135317,0.011844,-0.00976801,0.0115018,-0.00621594,-0.053115,0.321664,-0.00565803,-0.0215772,0.0171305
13158,0.135317,0.011844,-0.00976801,0.0115018,-0.00686507,-0.046454,0.311708,0.0277761,-0.0162512,0.0197057
13165,0.135317,0.011844,-0.00976801,0.0115018,-0.00693746,0.0397463,0.31859,0.0277763,-0.0316703,0.0353889
13174,0.135317,0.011844,-0.00976801,0.0115018,-0.0064308,0.0678591,0.320565,-0.0015429,-0.0408424,0.0377348
13182,0.135317,0.011844,-0.00976801,0.0115018,-0.00582148,0.0837128,0.329117,0.09053,-0.0348637,0.0535468
13190,0.135317,0.011844,-0.00976801,0.0115018,-0.00517083,-0.0234054,0.318946,0.0411502,-0.0220348,0.0287428
13198,0.135317,0.011844,-0.00976801,0.0115018,-0.00600678,-0.0483188,0.315369,0.0504088,-0.0150481,0.0238521
13206,0.135317,0.011844,-0.00976801,0.0115018,-0.00607642,-0.01621,0.320101,0.0113162,-0.0256878,0.0253627
13214,0.135317,0.011844,-0.00976801,0.0115018,-0.00592248,0.0412125,0.322998,-0.00822954,-0.0382697,0.0335099
13222,0.135317,0.011844,-0.00976801,0.0115018,-0.00533611,0.0529368,0.331188,0.0236611,-0.0386013,0.0414143
13230,0.135317,0.011844,-0.00976801,0.0115018,-0.00554723,-0.0136785,0.320664,0.0267471,-0.0251146,0.0284474
13237,0.135317,0.011844,-0.00976801,0.0115018,-0.00628017,0.00643907,0.325096,0.0252046,-0.0283609,0.0313809
13246,0.135317,0.011844,-0.00976801,0.0115018,-0.00611085,-0.00861582,0.326535,0.0200605,-0.0269159,0.0286782
13254,0.135317,0.011844,-0.00976801,0.0115018,-0.00600768,-0.035928,0.324555,0.0581246,-0.0176888,0.028353
13262,0.135317,0.011844,-0.00976801,0.0115018,-0.00630445,-0.0619081,0.327543,0.0514375,-0.0142048,0.0232068
13270,0.135317,0.011844,-0.00976801,0.0115018,-0.00704669,-0.0146125,0.328252,-0.00565807,-0.0279274,0.0235871
13278,0.135317,0.011844,-0.00976801,0.0115018,-0.00720763,0.0205619,0.325867,0.0519517,-0.0264136,0.0357763
13286,0.135317,0.011844,-0.00976801,0.0115018,-0.00713384,0.0510716,0.331179,0.0277762,-0.03532,0.0390717
13294,0.135317,0.011844,-0.00976801,0.0115018,-0.00665487,0.0012432,0.327693,-0.0349771,-0.0344837,0.0232776
13302,0.135317,0.011844,-0.00976801,0.0115018,-0.00667211,-0.0617746,0.326477,0.0457793,-0.0142142,0.0218755
13309,0.135317,0.011844,-0.00976801,0.0115018,-0.00724517,-0.0673707,0.324869,-0.00411426,-0.0181067,0.0139656
13318,0.135317,0.011844,-0.00976801,0.0115018,-0.00785911,-0.0142119,0.320815,0.0426932,-0.0199775,0.027038
13326,0.135317,0.011844,-0.00976801,0.0115018,-0.00796627,0.0222934,0.327701,0.0246899,-0.0291625,0.0320847
13334,0.135317,0.011844,-0.00976801,0.0115018,-0.00771135,0.0546692,0.33068,0.00411511,-0.0378312,0.0360005
13342,0.135317,0.011844,-0.00976801,0.0115018,-0.00726744,0.0160316,0.334079,0.0740698,-0.0242904,0.0388597
13350,0.135317,0.011844,-0.00976801,0.0115018,-0.00742438,-0.0357947,0.329879,0.0231468,-0.0207328,0.023121
13358,0.135317,0.011844,-0.00976801,0.0115018,-0.00795983,-0.0585772,0.32576,-0.00925851,-0.0193391,0.0140003
13366,0.135317,0.011844,-0.00976801,0.0115018,-0.00846721,-0.0485853,0.32775,0.00823017,-0.0185686,0.0173809
13374,0.135317,0.011844,-0.00976801,0.0115018,-0.00901906,-0.0256696,0.323907,0.0128595,-0.0204728,0.0204395
13381,0.135317,0.011844,-0.00976801,0.0115018,-0.00909548,0.0425446,0.330434,0.0637825,-0.0268225,0.0390173
13390,0.135317,0.011844,-0.00976801,0.0115018,-0.00879444,0.029755,0.329697,0.0581244,-0.0256481,0.0364727
13398,0.135317,0.011844,-0.00976801,0.0115018,-0.00857329,0.0246913,0.329583,0.0210889,-0.0294523,0.031523
13406,0.135317,0.011844,-0.00976801,0.0115018,-0.00844191,-0.0207399,0.32515,0.0560667,-0.0172037,0.0273924
13414,0.135317,0.011844,-0.00976801,0.0115018,-0.00876595,-0.041657,0.322431,-0.0308623,-0.0230635,0.012665
13422,0.135317,0.011844,-0.00976801,0.0115018,-0.00899172,-0.00088879,0.324248,-0.012345,-0.0276779,0.021772
13430,0.135317,0.011844,-0.00976801,0.0115018,-0.00885814,0.0148327,0.326527,0.00925881,-0.0283124,0.027556
13438,0.135317,0.011844,-0.00976801,0.0115018,-0.00898441,0.0316201,0.327807,-0.0149167,-0.033999,0.0275862
13446,0.135317,0.011844,-0.00976801,0.0115018,-0.0089752,0.0449432,0.326496,-0.0138879,-0.0359065,0.0297775
13453,0.135317,0.011844,-0.00976801,0.0115018,-0.00871996,0.0173642,0.325129,-0.0437218,-0.0349435,0.0216918
13462,0.135317,0.011844,-0.00976801,0.0115018,-0.00858215,-0.00555174,0.325429,0.0216036,-0.0236545,0.0257534
13470,0.135317,0.011844,-0.00976801,0.0115018,-0.00861817,-0.0188748,0.32345,0.04938,-0.0177861,0.0263995
13478,0.135317,0.011844,-0.00976801,0.0115018,-0.00868827,0.00897042,0.323634,-0.0324053,-0.03201,0.0214039
13486,0.135317,0.011844,-0.00976801,0.0115018,-0.00871938,0.0506722,0.324001,-0.0622388,-0.0425126,0.0249923
13494,0.135317,0.011844,-0.00976801,0.0115018,-0.00840355,0.0578667,0.328571,0.0138882,-0.0359184,0.0363937
13502,0.135317,0.011844,-0.00976801,0.0115018,-0.00802545,0.0480061,0.331969,-0.0288049,-0.0403696,0.0307438
13510,0.135317,0.011844,-0.00976801,0.0115018,-0.0076416,-0.00168819,0.328176,0.0252041,-0.0256179,0.0285928
13518,0.135317,0.011844,-0.00976801,0.0115018,-0.00777969,-0.0324645,0.326135,-0.00720099,-0.0237713,0.0190009
13525,0.135317,0.011844,-0.00976801,0.0115018,-0.00811488,-0.0311319,0.323005,-0.0457794,-0.0275722,0.0136949
13534,0.135317,0.011844,-0.00976801,0.0115018,-0.00834165,0.00031124,0.326107,0.0267476,-0.02447,0.0278046
13542,0.135317,0.011844,-0.00976801,0.0115018,-0.00809249,0.0512048,0.329923,-0.0123448,-0.0385429,0.0328108
13550,0.135317,0.011844,-0.00976801,0.0115018,-0.00737998,0.0721222,0.330617,0.0282905,-0.038348,0.042282
13558,0.135317,0.011844,-0.00976801,0.0115018,-0.00690469,0.0115024,0.330145,0.0396068,-0.027461,0.0338871
13566,0.135317,0.011844,-0.00976801,0.0115018,-0.00690627,-0.0323307,0.328928,-0.0565809,-0.0312681,0.0148562
13574,0.135317,0.011844,-0.00976801,0.0115018,-0.00725878,-0.0349959,0.328925,-0.0714976,-0.0320925,0.0121464
13582,0.135317,0.011844,-0.00976801,0.0115018,-0.00735831,-0.00235448,0.333063,0.00771552,-0.0287454,0.0275952
13590,0.135317,0.011844,-0.00976801,0.0115018,-0.00738077,0.0140332,0.332986,0.0262331,-0.0292598,0.0325302
13597,0.135317,0.011844,-0.00976801,0.0115018,-0.00729878,-0.00195404,0.330561,0.056067,-0.0227948,0.0330589
13606,0.135317,0.011844,-0.00976801,0.0115018,-0.00732844,0.0265571,0.335918,-0.00771545,-0.035898,0.031195
13614,0.135317,0.011844,-0.00976801,0.0115018,-0.00703279,0.00603925,0.334494,-0.0072013,-0.0325863,0.027946
13622,0.135317,0.011844,-0.00976801,0.0115018,-0.00688537,-0.0266021,0.332697,0.0200607,-0.0238316,0.0255279
13630,0.135317,0.011844,-0.00976801,0.0115018,-0.00709467,-0.0431233,0.331056,1.2e-07,-0.0228798,0.0197872
13638,0.135317,0.011844,-0.00976801,0.0115018,-0.00743479,-0.0119466,0.333569,-0.0133737,-0.0296025,0.0234441
13646,0.135317,0.011844,-0.00976801,0.0115018,-0.00752779,0.0021756,0.329912,0.00514409,-0.029064,0.0273179
13654,0.135317,0.011844,-0.00976801,0.0115018,-0.007685,0.0329521,0.33132,0.00360056,-0.0344007,0.0323824
13662,0.135317,0.011844,-0.00976801,0.0115018,-0.00743804,0.0154994,0.329359,-0.0102875,-0.0331446,0.0277982
13669,0.135317,0.011844,-0.00976801,0.0115018,-0.00736379,-0.00368559,0.333536,0.0432075,-0.0244097,0.0316326
13678,0.135317,0.011844,-0.00976801,0.0115018,-0.00741057,-0.0160767,0.334535,0.0329202,-0.0236467,0.0284029
13686,0.135317,0.011844,-0.00976801,0.0115018,-0.00761542,-0.0167431,0.332969,0.0370352,-0.0225151,0.0282373
13694,0.135317,0.011844,-0.00976801,0.0115018,-0.00780499,-0.0147454,0.333556,-0.0087442,-0.0280757,0.0229959
13702,0.135317,0.011844,-0.00976801,0.0115018,-0.00811871,0.0230932,0.334845,-0.0226325,-0.0358119,0.0275655
13710,0.135317,0.011844,-0.00976801,0.0115018,-0.00789764,0.0184298,0.335139,-0.0092588,-0.0338094,0.0287086
13718,0.135317,0.011844,-0.00976801,0.0115018,-0.0078458,-0.0074165,0.334404,0.0370348,-0.0239873,0.0297347
13726,0.135317,0.011844,-0.00976801,0.0115018,-0.00795514,-0.0180752,0.333378,0.0298337,-0.0227376,0.0267509
13734,0.135317,0.011844,-0.00976801,0.0115018,-0.00811588,-0.0361946,0.332254,0.0416645,-0.0179115,0.0246592
13741,0.135317,0.011844,-0.00976801,0.0115018,-0.00860273,-0.0331305,0.330325,0.00874446,-0.0213193,0.0202987
13750,0.135317,0.011844,-0.00976801,0.0115018,-0.00889614,0.00497318,0.334796,0.0432075,-0.0239436,0.0311703
13758,0.135317,0.011844,-0.00976801,0.0115018,-0.00890882,0.0116355,0.333824,-0.00051415,-0.0300346,0.0269618
13766,0.135317,0.011844,-0.00976801,0.0115018,-0.00878943,0.050805,0.338878,0.00514389,-0.0368951,0.0352803
13774,0.135317,0.011844,-0.00976801,0.0115018,-0.00841202,0.0141666,0.338373,0.0473228,-0.0262405,0.0344743
13782,0.135317,0.011844,-0.00976801,0.0115018,-0.00858746,-0.0523155,0.334882,-0.00565802,-0.0205639,0.0160857
13790,0.135317,0.011844,-0.00976801,0.0115018,-0.00901528,-0.0456537,0.335618,0.00257184,-0.0202355,0.017714
13798,0.135317,0.011844,-0.00976801,0.0115018,-0.00937465,-0.034329,0.332453,0.0113161,-0.0200923,0.0196637
13806,0.135317,0.011844,-0.00976801,0.0115018,-0.00962001,-0.00035577,0.332132,0.0493799,-0.0208965,0.0295527
13813,0.135317,0.011844,-0.00976801,0.0115018,-0.00956669,0.0670596,0.336893,0.0750989,-0.0299769,0.0449117
13822,0.135317,0.011844,-0.00976801,0.0115018,-0.00890508,0.0428109,0.338678,0.0246905,-0.0330638,0.0360362
13830,0.135317,0.011844,-0.00976801,0.0115018,-0.00871372,0.00803792,0.340523,-0.0138882,-0.0323574,0.0261204
13838,0.135317,0.011844,-0.00976801,0.0115018,-0.00870753,-0.0535147,0.334858,0.0154314,-0.017709,0.0182031
13846,0.135317,0.011844,-0.00976801,0.0115018,-0.00963129,-0.0633738,0.331676,-0.0221181,-0.0186963,0.0102832
13854,0.135317,0.011844,-0.00976801,0.0115018,-0.0100681,-0.0203409,0.327646,0.0144024,-0.0203351,0.020667
13862,0.135317,0.011844,-0.00976801,0.0115018,-0.00993377,0.0350836,0.334259,0.0519519,-0.0264271,0.0357946
13870,0.135317,0.011844,-0.00976801,0.0115018,-0.00965247,0.0691915,0.340021,0.0457796,-0.0341731,0.0421932
13878,0.135317,0.011844,-0.00976801,0.0115018,-0.0095379,0.0401471,0.339371,0.0267475,-0.0316135,0.0350539
13885,0.135317,0.011844,-0.00976801,0.0115018,-0.00950858,-0.0367274,0.337404,0.00051442,-0.0215764,0.0185895
13894,0.135317,0.011844,-0.00976801,0.0115018,-0.0100143,-0.0537806,0.331739,0.0334345,-0.0132359,0.0179586
13902,0.135317,0.011844,-0.00976801,0.0115018,-0.0104461,-0.0552463,0.328912,0.0709836,-0.00751493,0.0210892
13910,0.135317,0.011844,-0.00976801,0.0172528,-0.0108075,-0.00848357,0.326798,0.0128592,-0.0220188,0.0206543
13918,0.135317,0.011844,-0.00976801,0.0172528,-0.0109204,0.0464084,0.334763,-0.0113161,-0.0351706,0.0282676
13926,0.135317,0.011844,-0.00976801,0.0172528,-0.0106391,0.0861113,0.33644,0.0365206,-0.0368305,0.0413445
13934,0.135317,0.011844,-0.00976801,0.0172528,-0.0103816,0.0261577,0.329752,0.037035,-0.0260256,0.0304803
13942,0.135317,0.011844,-0.00976801,0.0115018,-0.0102306,0.00897,0.331037,0.0792137,-0.0179206,0.0336379
13950,0.135317,0.011844,-0.00976801,0.0115018,-0.0101509,-0.0118135,0.326113,0.0174892,-0.0210357,0.022121
13957,0.135317,0.011844,-0.00976801,0.0115018,-0.0102059,0.00284214,0.329454,0.0216037,-0.023463,0.0255638
13966,0.135317,0.011844,-0.00976801,0.0115018,-0.0101234,0.0286886,0.331391,0.00154351,-0.0305734,0.0280202
13974,0.135317,0.011844,-0.00976801,0.0115018,-0.0101169,0.0506721,0.331846,0.0108021,-0.0332398,0.0329395
13982,0.135317,0.011844,-0.00976801,0.0115018,-0.00985676,0.0422781,0.329845,0.00462934,-0.032601,0.0308217
13990,0.135317,0.011844,-0.00976801,0.0115018,-0.00958619,0.0185633,0.329518,0.00874437,-0.0284727,0.0275959
13998,0.135317,0.011844,-0.00976801,0.0172528,-0.00938848,0.00444116,0.332543,0.0221182,-0.025974,0.0268564
14006,0.135317,0.011844,-0.00976801,0.0172528,-0.00906407,-0.00488511,0.335473,0.0246901,-0.025032,0.0264979
14014,0.135317,0.011844,-0.00976801,0.0172528,-0.00928916,-0.0174089,0.331086,-0.0221179,-0.0274356,0.0178112
14022,0.135317,0.011844,-0.00976801,0.0172528,-0.0095913,-0.0122129,0.330134,0.00102893,-0.0250064,0.0208567
14029,0.135317,0.011844,-0.00976801,0.0172528,-0.0099853,0.0474752,0.336296,0.0550379,-0.0290696,0.0378456
14038,0.135317,0.011844,-0.00976801,0.0172528,-0.00959955,0.0432104,0.335164,0.0164602,-0.0332525,0.0329155
14046,0.135317,0.011844,-0.00976801,0.0172528,-0.00908436,0.0112358,0.336895,-0.0174885,-0.0328975,0.0244573
14054,0.135317,0.011844,-0.00976801,0.0172528,-0.00903337,-0.0235376,0.338234,0.00977333,-0.0241582,0.0220469
14062,0.135317,0.011844,-0.00976801,0.0172528,-0.00937965,-0.02527,0.337032,0.031891,-0.0205909,0.0236894
14070,0.135317,0.011844,-0.00976801,0.0115018,-0.00983814,-0.0178088,0.33131,0.00668707,-0.0225751,0.0210976
14078,0.135317,0.011844,-0.00976801,0.0115018,-0.00978468,0.0142999,0.329019,0.028805,-0.0250418,0.0288838
14086,0.135317,0.011844,-0.00976801,0.0115018,-0.00962808,0.0181636,0.331387,0.00668691,-0.0288915,0.0275273
14094,0.135317,0.011844,-0.00976801,0.0115018,-0.00923525,0.0647944,0.340841,0.0457788,-0.0341465,0.0421592
14102,0.135317,0.011844,-0.00976801,0.0115018,-0.0089782,0.00217599,0.333518,-0.0118302,-0.0296413,0.0238675
14110,0.135317,0.011844,-0.00976801,0.0115018,-0.00925907,-0.0124789,0.329925,-0.0272618,-0.0280429,0.0185771
14118,0.135317,0.011844,-0.00976801,0.0115018,-0.00947122,-0.0110144,0.327057,0.00925877,-0.0232299,0.0223852
14126,0.135317,0.011844,-0.00976801,0.0115018,-0.00964992,0.0282882,0.331931,-0.0308625,-0.0350657,0.0248695
14134,0.135317,0.011844,-0.00976801,0.0115018,-0.00913284,0.0524039,0.333553,-0.00617253,-0.0371637,0.032877
14142,0.135317,0.011844,-0.00976801,0.0115018,-0.00844527,0.046408,0.339698,0.00411501,-0.0368888,0.0350228
14150,0.135317,0.011844,-0.00976801,0.0115018,-0.00821389,-0.0284671,0.332878,0.00720119,-0.023229,0.0218645
14158,0.135317,0.011844,-0.00976801,0.0115018,-0.00875711,-0.0194074,0.332965,0.0550381,-0.018371,0.0283172
14166,0.135317,0.011844,-0.00976801,0.0115018,-0.00891116,-0.0123473,0.331516,-0.0226322,-0.0282563,0.0198891
14173,0.135317,0.011844,-0.00976801,0.0115018,-0.00889219,0.0139004,0.333735,-0.0200607,-0.0327249,0.0250457
14182,0.135317,0.011844,-0.00976801,0.0115018,-0.00845169,0.0386811,0.339138,0.0133738,-0.0344071,0.0347026
14190,0.135317,0.011844,-0.00976801,0.0115018,-0.00820942,0.0151,0.34597,-0.00771553,-0.0343846,0.0296344
14198,0.135317,0.011844,-0.00976801,0.0115018,-0.00885221,-0.0190081,0.338941,0.055038,-0.0192689,0.0292156
14206,0.135317,0.011844,-0.00976801,0.0115018,-0.00925974,-0.0368612,0.337078,0.0113166,-0.0205725,0.0201385
14214,0.135317,0.011844,-0.00976801,0.0115018,-0.00966446,-0.0212723,0.333653,0.012345,-0.0219467,0.0217969
14222,0.135317,0.011844,-0.00976801,0.0115018,-0.00983127,-0.00155485,0.333627,0.0108019,-0.0251903,0.0247341
14230,0.135317,0.011844,-0.00976801,0.0115018,-0.00936835,0.00404148,0.33941,0.0164599,-0.0270302,0.0279342
14238,0.135317,0.011844,-0.00976801,0.0115018,-0.00951986,0.0165652,0.340192,0.0113164,-0.0296464,0.0293727
14245,0.135317,0.011844,-0.00976801,0.0115018,-0.00963274,0.0157652,0.338679,0.0046296,-0.0299009,0.0280446
14254,0.135317,0.011844,-0.00976801,0.0115018,-0.00971316,0.0135008,0.338831,-0.0154313,-0.0317994,0.0251999
14262,0.135317,0.011844,-0.00976801,0.0115018,-0.00964484,-0.0143451,0.336939,-0.0133739,-0.0266914,0.0204929
14270,0.135317,0.011844,-0.00976801,0.0115018,-0.00955456,-0.0309984,0.336807,-0.0056581,-0.0231018,0.0186747
14278,0.135317,0.011844,-0.00976801,0.0115018,-0.00980789,-0.0383268,0.337667,-0.00154325,-0.0211805,0.0176986
14286,0.135317,0.011844,-0.00976801,0.0115018,-0.0101947,-0.0139461,0.337917,0.0550381,-0.0180957,0.0280377
14294,0.135317,0.011844,-0.00976801,0.0115018,-0.0106472,0.0262901,0.337101,0.0298342,-0.0270354,0.0311451
14302,0.135317,0.011844,-0.00976801,0.0115018,-0.0106981,0.034818,0.336833,-0.0216033,-0.034408,0.0264022
14310,0.135317,0.011844,-0.00976801,0.0115018,-0.010662,-0.00075527,0.333305,0.049894,-0.0195188,0.0282797
14317,0.135317,0.011844,-0.00976801,0.0115018,-0.0105675,-0.00022241,0.337267,0.0036007,-0.0258307,0.0236684
14326,0.135317,0.011844,-0.00976801,0.0115018,-0.0105308,-0.00994901,0.339725,-0.0488654,-0.0308329,0.0162579
14334,0.135317,0.011844,-0.00976801,0.0115018,-0.0106969,-0.025803,0.335475,-0.00822988,-0.0224809,0.0174456
14342,0.135317,0.011844,-0.00976801,0.0115018,-0.0112753,-0.0114139,0.336518,0.00822998,-0.0223161,0.0212015
14350,0.135317,0.011844,-0.00976801,0.0115018,-0.0113484,0.0309541,0.3332,0.0416644,-0.0248242,0.0317297
14358,0.135317,0.011844,-0.00976801,0.0115018,-0.011095,0.0262908,0.331786,0.0298338,-0.0255609,0.0296633
14366,0.135317,0.011844,-0.00976801,0.0115018,-0.0108773,0.0152327,0.33516,-0.0329194,-0.0319501,0.0212104
14374,0.135317,0.011844,-0.00976801,0.0115018,-0.0108804,0.00617283,0.333491,-0.0267477,-0.0294352,0.0201243
14382,0.135317,0.011844,-0.00976801,0.0115018,-0.0112309,-0.00528516,0.332407,-0.00514373,-0.0243156,0.0200634
14389,0.135317,0.011844,-0.00976801,0.0115018,-0.011449,0.0172303,0.327587,-0.0360062,-0.0306382,0.0191667
14398,0.135317,0.011844,-0.00976801,0.0115018,-0.0111724,0.0510717,0.332065,-0.0216037,-0.035702,0.0277384
14406,0.135317,0.011844,-0.00976801,0.0115018,-0.0106879,0.0465418,0.33104,0.0108019,-0.0316309,0.0313092
14414,0.135317,0.011844,-0.00976801,0.0115018,-0.0102453,0.0501394,0.336362,0.0231469,-0.0322464,0.0348568
14422,0.135317,0.011844,-0.00976801,0.0115018,-0.00989653,0.0249581,0.334853,0.0185174,-0.0288209,0.0302664
14430,0.135317,0.011844,-0.00976801,0.0115018,-0.0100943,-0.00262067,0.326464,-0.0118308,-0.0261617,0.0203556
14438,0.135317,0.011844,-0.00976801,0.0115018,-0.0101004,0.0205617,0.328081,-0.0174885,-0.0309559,0.0238856
14446,0.135317,0.011844,-0.00976801,0.0115018,-0.00980952,0.044277,0.333786,0.0138881,-0.0325443,0.0329576
14454,0.135317,0.011844,-0.00976801,0.0115018,-0.00934332,0.0449431,0.334214,-0.0118307,-0.0363988,0.0307507
14461,0.135317,0.011844,-0.00976801,0.0115018,-0.00936838,0.026024,0.337018,-0.00257183,-0.0325621,0.0290413
14470,0.135317,0.011844,-0.00976801,0.0115018,-0.00963972,0.00310839,0.332763,0.0329201,-0.0234893,0.0282708
14478,0.135317,0.011844,-0.00976801,0.0115018,-0.0101042,0.00643948,0.33041,-0.0241753,-0.0297528,0.021061
14486,0.135317,0.011844,-0.00976801,0.0115018,-0.00993337,0.0360163,0.334516,0.0349775,-0.028625,0.0339889
14493,0.135317,0.011844,-0.00976801,0.0115018,-0.00952134,0.0260238,0.332083,0.035492,-0.0270712,0.0325318
14502,0.135317,0.011844,-0.00976801,0.0115018,-0.00886513,0.0160324,0.34009,0.0272617,-0.0285666,0.0320646
14510,0.135317,0.011844,-0.00976801,0.0115018,-0.00874098,0.0129671,0.337843,0.0324054,-0.0272578,0.0319621
14518,0.135317,0.011844,-0.00976801,0.0115018,-0.00881561,0.0158994,0.33679,-0.0108015,-0.032566,0.0270799
14526,0.135317,0.011844,-0.00976801,0.0115018,-0.00867693,0.00923747,0.33074,-0.0159453,-0.0312754,0.0245561
14534,0.135317,0.011844,-0.00976801,0.0115018,-0.00838808,0.0176309,0.334385,0.0108017,-0.0305134,0.0301376
14542,0.135317,0.011844,-0.00976801,0.0115018,-0.00816734,-0.00648334,0.333459,-0.00720081,-0.0287589,0.0240633
14550,0.135317,0.011844,-0.00976801,0.0115018,-0.00788725,0.0597316,0.340664,0.0442363,-0.0353154,0.0429686
14558,0.135317,0.011844,-0.00976801,0.0115018,-0.00732776,0.0185634,0.335212,0.0282908,-0.0302065,0.0339775
14566,0.135317,0.011844,-0.00976801,0.0115018,-0.00729247,0.00164304,0.330126,0.0277764,-0.026668,0.0302657
14574,0.135317,0.011844,-0.00976801,0.0115018,-0.00735544,0.0297547,0.33248,0.034463,-0.030872,0.0361335
14582,0.135317,0.011844,-0.00976801,0.0115018,-0.00697041,0.00750493,0.335992,0.00514365,-0.0317043,0.0299833
14590,0.135317,0.011844,-0.00976801,0.0115018,-0.00676802,0.034418,0.337753,0.00462923,-0.0368274,0.0350708
14598,0.135317,0.011844,-0.00976801,0.0115018,-0.00606821,0.0178968,0.344401,0.0149172,-0.0348906,0.0355228
14605,0.135317,0.011844,-0.00976801,0.0115018,-0.00595305,-0.0299331,0.334796,0.0154314,-0.0254461,0.0260537
14614,0.135317,0.011844,-0.00976801,0.0115018,-0.00654044,-0.00928209,0.33933,0.0504089,-0.0246963,0.0336147
14622,0.135317,0.011844,-0.00976801,0.0115018,-0.00668749,-0.0107476,0.339097,0.0514376,-0.0240895,0.033244
14630,0.135317,0.011844,-0.00976801,0.0115018,-0.00678615,-0.0203397,0.334732,0.0174889,-0.0256465,0.0267566
14638,0.135317,0.011844,-0.00976801,0.0115018,-0.00687632,-0.00528501,0.342594,0.0498943,-0.0254868,0.0342913
14646,0.135317,0.011844,-0.00976801,0.0115018,-0.00686553,0.00137602,0.34004,0.00154364,-0.0319006,0.0293132
14654,0.135317,0.011844,-0.00976801,0.0115018,-0.00687159,0.00710541,0.343365,0.0221183,-0.0309616,0.0332483
14662,0.135317,0.011844,-0.00976801,0.0115018,-0.00706465,-0.0118134,0.338894,0.0329202,-0.0255392,0.0303141
14670,0.135317,0.011844,-0.00976801,0.0115018,-0.00740772,-0.0325975,0.340993,-0.0200605,-0.0281711,0.0203723
14677,0.135317,0.011844,-0.00976801,0.0115018,-0.0076543,-0.0467197,0.334212,-0.00205741,-0.0222563,0.018659
14686,0.135317,0.011844,-0.00976801,0.0115018,-0.00793326,-0.0359285,0.336133,0.0267474,-0.0205905,0.0238212
14694,0.135317,0.011844,-0.00976801,0.0115018,-0.00819882,0.0188295,0.340356,0.0452649,-0.0278764,0.0356422
14702,0.135317,0.011844,-0.00976801,0.0115018,-0.00794563,0.024692,0.3423,0.0462938,-0.029398,0.0374286
14710,0.135317,0.011844,-0.00976801,0.0115018,-0.0078071,-0.0235371,0.336525,0.00925852,-0.0249601,0.0241028
14718,0.135317,0.011844,-0.00976801,0.0115018,-0.00797854,-0.00648378,0.344721,-0.0102873,-0.0311972,0.0257771
14726,0.135317,0.011844,-0.00976801,0.0115018,-0.00806127,-0.0501834,0.335416,0.0221181,-0.0184606,0.0205529
14734,0.135317,0.011844,-0.00976801,0.0115018,-0.00847829,-0.0444548,0.339248,-0.00565822,-0.022732,0.01828
14742,0.135317,0.011844,-0.00976801,0.0115018,-0.00885157,-0.0313983,0.334247,0.0365206,-0.0186241,0.0241616
14749,0.135317,0.011844,-0.00976801,0.0115018,-0.00913472,-0.0230048,0.336501,0.0437218,-0.0191507,0.0264096
14758,0.135317,0.011844,-0.00976801,0.0115018,-0.00935183,0.0537359,0.339407,0.0498946,-0.0314208,0.0403692
14766,0.135317,0.011844,-0.00976801,0.0115018,-0.00893403,0.00990317,0.333952,0.0396071,-0.0250036,0.031395
14774,0.135317,0.011844,-0.00976801,0.0115018,-0.00895562,-0.0139457,0.329502,-0.00822983,-0.0259064,0.0209328
14782,0.135317,0.011844,-0.00976801,0.0115018,-0.00906601,-0.0307321,0.326893,0.0411499,-0.0167094,0.0233376
14790,0.135317,0.011844,-0.00976801,0.0115018,-0.00916878,0.0284219,0.332067,0.0216039,-0.0295929,0.031788
14798,0.135317,0.011844,-0.00976801,0.0115018,-0.00910062,0.00537271,0.331029,-0.0318907,-0.0319694,0.0214683
14806,0.135317,0.011844,-0.00976801,0.0115018,-0.00949545,0.0144331,0.333521,-0.0159456,-0.0314613,0.024746
14814,0.135317,0.011844,-0.00976801,0.0115018,-0.00952424,0.00577336,0.332513,-0.00257194,-0.0282358,0.02465
14821,0.135317,0.011844,-0.00976801,0.0115018,-0.00954788,0.0428115,0.335262,0.023661,-0.031747,0.0344665
14830,0.135317,0.011844,-0.00976801,0.0115018,-0.00918412,0.0131007,0.329312,0.0236612,-0.0263241,0.0289573
14838,0.135317,0.011844,-0.00976801,0.0115018,-0.00900931,0.00404136,0.33302,0.00051474,-0.0283756,0.0255207
14846,0.135317,0.011844,-0.00976801,0.0115018,-0.00909009,-0.0219384,0.328543,-0.023661,-0.0260481,0.0174056
14854,0.135317,0.011844,-0.00976801,0.0115018,-0.00941303,-0.00448599,0.330631,-0.0447505,-0.0313407,0.0177694
14862,0.135317,0.011844,-0.00976801,0.0115018,-0.00948187,0.0202951,0.326353,-0.00565812,-0.0300936,0.0258238
14870,0.135317,0.011844,-0.00976801,0.0115018,-0.00940291,0.0762524,0.335345,-0.0138881,-0.0419753,0.0359367
14878,0.135317,0.011844,-0.00976801,0.0115018,-0.00836267,0.0554677,0.33194,0.0169743,-0.0357528,0.0369502
14886,0.135317,0.011844,-0.00976801,0.0115018,-0.00790236,-0.00022228,0.334483,0.0231469,-0.0267609,0.0292515
14893,0.135317,0.011844,-0.00976801,0.0115018,-0.00797553,-0.0384605,0.333609,-0.0550383,-0.0293384,0.0132564
14902,0.135317,0.011844,-0.00976801,0.0115018,-0.00851591,-0.0282007,0.330113,0.0318911,-0.019502,0.0239612
14910,0.135317,0.011844,-0.00976801,0.0115018,-0.00868046,0.0153653,0.329855,0.00720112,-0.0294254,0.028188
14918,0.135317,0.011844,-0.00976801,0.0115018,-0.00793283,0.0586657,0.33097,0.0298337,-0.0352098,0.0394585
14926,0.135317,0.011844,-0.00976801,0.0115018,-0.00732724,0.0350838,0.334638,0.0200605,-0.0338463,0.0357254
14934,0.135317,0.011844,-0.00976801,0.0115018,-0.00696971,0.0129676,0.336135,-0.0545233,-0.0396715,0.0238841
14942,0.135317,0.011844,-0.00976801,0.0115018,-0.00694488,-0.0297995,0.33411,-0.0128593,-0.0273211,0.0212367
14950,0.135317,0.011844,-0.00976801,0.0115018,-0.00732816,-0.0499169,0.329045,-0.0144023,-0.0227946,0.016278
14958,0.135317,0.011844,-0.00976801,0.0115018,-0.00770788,-0.00768363,0.334005,0.00823023,-0.0274627,0.0264125
14965,0.135317,0.011844,-0.00976801,0.0115018,-0.0076191,0.0103035,0.33107,0.0859001,-0.0209685,0.038307
14974,0.135317,0.011844,-0.00976801,0.0115018,-0.00756961,0.047341,0.335717,-0.00514361,-0.0387039,0.0346681
14982,0.135317,0.011844,-0.00976801,0.0115018,-0.00727464,0.0270902,0.332793,-0.0221183,-0.037255,0.0291546
14990,0.135317,0.011844,-0.00976801,0.0115018,-0.00760626,-0.0357946,0.326716,-0.00771565,-0.0236083,0.0187089
14998,0.135317,0.011844,-0.00976801,0.0115018,-0.00789262,-0.0275341,0.326176,-0.0293195,-0.0270522,0.0170746
15006,0.135317,0.011844,-0.00976801,0.0115018,-0.00792174,-0.00088895,0.326526,0.0288049,-0.0246745,0.0284974
15014,0.135317,0.011844,-0.00976801,0.0115018,-0.0078391,0.0472077,0.330456,-0.00154302,-0.0370378,0.0338468
15022,0.135317,0.011844,-0.00976801,0.0115018,-0.00744199,0.0546691,0.331376,0.0169744,-0.0368002,0.0380089
15030,0.135317,0.011844,-0.00976801,0.0115018,-0.00711552,0.0338846,0.332084,0.0267475,-0.032739,0.0361956
15037,0.135317,0.011844,-0.00976801,0.0115018,-0.00682191,-0.00088791,0.328424,0.00823022,-0.0289237,0.027907
15046,0.135317,0.011844,-0.00976801,0.0115018,-0.00682902,-0.0138117,0.327107,0.0627539,-0.0201172,0.0319299
15054,0.135317,0.011844,-0.00976801,0.0115018,-0.00673314,0.00723934,0.327052,0.00771482,-0.0302448,0.0291325
15062,0.135317,0.011844,-0.00976801,0.0115018,-0.00663524,0.00377426,0.328193,-0.0241756,-0.0337418,0.0250933
15070,0.135317,0.011844,-0.00976801,0.0115018,-0.00663026,0.00950337,0.327596,0.00462944,-0.0312165,0.0293845
15078,0.135317,0.011844,-0.00976801,0.0115018,-0.00674201,0.0297544,0.335201,0.00823008,-0.0352483,0.0343274
15086,0.135317,0.011844,-0.00976801,0.0115018,-0.00652958,0.0262907,0.332672,0.0648113,-0.0278889,0.0403152
15094,0.135317,0.011844,-0.00976801,0.0115018,-0.00621857,0.00617186,0.334503,0.0432078,-0.0277954,0.0350658
15102,0.135317,0.011844,-0.00976801,0.0115018,-0.00618359,-0.0439218,0.334288,0.0154313,-0.0227073,0.0232684
15109,0.135317,0.011844,-0.00976801,0.0115018,-0.00681812,-0.0528478,0.330035,0.0478366,-0.0158355,0.0240079
15118,0.135317,0.011844,-0.00976801,0.0115018,-0.00726206,-0.0400578,0.327925,-0.0118301,-0.0240506,0.0181723
15126,0.135317,0.011844,-0.00976801,0.0115018,-0.00759741,0.0290882,0.331546,0.0303484,-0.0307607,0.0350452
15134,0.135317,0.011844,-0.00976801,0.0115018,-0.00731416,0.0618636,0.335251,0.0288051,-0.0374097,0.0414352
15142,0.135317,0.011844,-0.00976801,0.0115018,-0.00681726,0.0346839,0.34062,0.0288052,-0.034417,0.0383671
15150,0.135317,0.011844,-0.00976801,0.0115018,-0.00671914,-0.0524488,0.335631,-0.00257173,-0.0228795,0.0191573
15158,0.135317,0.011844,-0.00976801,0.0115018,-0.0071553,-0.078561,0.334687,-0.0144019,-0.0191534,0.0125523
15166,0.135317,0.011844,-0.00976801,0.0115018,-0.00781519,-0.0664381,0.330441,0.0252045,-0.0149182,0.0176923
15174,0.135317,0.011844,-0.00976801,0.0115018,-0.00819197,-0.00688437,0.328179,0.0797284,-0.0175653,0.0333855
15181,0.135317,0.011844,-0.00976801,0.0115018,-0.00801352,0.0204285,0.331868,0.0349778,-0.0282445,0.033589
15190,0.135317,0.011844,-0.00976801,0.0115018,-0.00789841,0.0558673,0.332982,0.00977332,-0.0374771,0.0369831
15198,0.135317,0.011844,-0.00976801,0.0115018,-0.00754869,0.00337461,0.332656,0.00205753,-0.0300412,0.0275702
15206,0.135317,0.011844,-0.00976801,0.0115018,-0.00765629,-0.0270016,0.327986,-0.0241758,-0.0271532,0.018395
15214,0.135317,0.011844,-0.00976801,0.0115018,-0.00793349,-0.0456537,0.326001,0.0282906,-0.0171507,0.0207147
15222,0.135317,0.011844,-0.00976801,0.0115018,-0.00825921,-0.0139452,0.328743,0.0113167,-0.0244431,0.0240934
15230,0.135317,0.011844,-0.00976801,0.0115018,-0.00832938,0.0173635,0.333227,0.0180032,-0.0295147,0.0308387
15238,0.135317,0.011844,-0.00976801,0.0115018,-0.00821824,0.0157654,0.335136,0.0632681,-0.0243753,0.0363802
15246,0.135317,0.011844,-0.00976801,0.0115018,-0.00823991,0.00497345,0.3341,0.0457794,-0.024435,0.0322785
15253,0.135317,0.011844,-0.00976801,0.0115018,-0.0083013,-0.00848262,0.328,0.0339489,-0.022512,0.0275203
15262,0.135317,0.011844,-0.00976801,0.0115018,-0.00840855,-0.0278011,0.326663,0.0437221,-0.0177674,0.0250215
15270,0.135317,0.011844,-0.00976801,0.0115018,-0.00846218,-0.0131464,0.327788,0.00720188,-0.0246274,0.0233058
15278,0.135317,0.011844,-0.00976801,0.0115018,-0.00848143,-0.016343,0.328253,0.0396069,-0.0203232,0.0266402
15286,0.135317,0.011844,-0.00976801,0.0115018,-0.00865352,0.00563924,0.330985,0.0180033,-0.0267459,0.0280288
15294,0.135317,0.011844,-0.00976801,0.0115018,-0.00869981,-0.0043526,0.326085,0.0540092,-0.01998,0.0297297
15302,0.135317,0.011844,-0.00976801,0.0115018,-0.00910678,0.0330848,0.327913,0.0509233,-0.0263346,0.0354648
15310,0.135317,0.011844,-0.00976801,0.0115018,-0.00859794,0.0470746,0.328485,0.00308627,-0.0351045,0.0329942
15318,0.135317,0.011844,-0.00976801,0.0115018,-0.00815657,0.00817127,0.326677,0.0349778,-0.0251617,0.0304659
15325,0.135317,0.011844,-0.00976801,0.0115018,-0.00806972,-0.0276676,0.324584,0.00720135,-0.022226,0.0208652
15334,0.135317,0.011844,-0.00976801,0.0115018,-0.0084342,-0.0294002,0.320979,0.0221183,-0.0190946,0.0212436
15342,0.135317,0.011844,-0.00976801,0.0115018,-0.00918499,-0.0082166,0.319351,0.00977309,-0.0227913,0.02208
15350,0.135317,0.011844,-0.00976801,0.0115018,-0.00937567,0.0420118,0.323309,-0.0390925,-0.0373197,0.0252263
15358,0.135317,0.011844,-0.00976801,0.0115018,-0.00890523,0.0481405,0.326158,-0.00102869,-0.0349682,0.0318851
15366,0.135317,0.011844,-0.00976801,0.0115018,-0.00854287,0.00830469,0.324662,0.0504087,-0.0225078,0.0314486
15374,0.135317,0.011844,-0.00976801,0.0115018,-0.00876789,-0.0127455,0.322566,0.00668691,-0.0234917,0.0220447
15382,0.135317,0.011844,-0.00976801,0.0115018,-0.00902672,-0.0163432,0.320471,0.0185175,-0.0208013,0.0221315
15390,0.135317,0.011844,-0.00976801,0.0115018,-0.00892776,0.0120351,0.322401,0.00308625,-0.0278113,0.025588
15397,0.135317,0.011844,-0.00976801,0.0115018,-0.00874334,-0.0014212,0.32345,-0.00514375,-0.0269551,0.0227508
15406,0.135317,0.011844,-0.00976801,0.0115018,-0.00893367,0.00950311,0.322408,0.0457792,-0.0223507,0.0301964
15414,0.135317,0.011844,-0.00976801,0.0115018,-0.00903588,0.0193634,0.321288,-0.0123446,-0.0305258,0.024681
15422,0.135317,0.011844,-0.00976801,0.0115018,-0.00891937,0.0168319,0.320408,-0.0241757,-0.0315158,0.0228724
15430,0.135317,0.011844,-0.00976801,0.0115018,-0.0087914,0.0108359,0.323074,-0.00617245,-0.0289983,0.0245881
15438,0.135317,0.011844,-0.00732601,0.0115018,-0.0086618,0.00497385,0.326508,0.0262333,-0.0245391,0.0277617
15446,0.135317,0.011844,-0.00732601,0.0115018,-0.00879129,-0.0176762,0.321323,0.0190318,-0.020587,0.0220379
15454,0.135317,0.011844,-0.00732601,0.0115018,-0.00894796,0.00044353,0.318841,0.0447503,-0.0199698,0.027544
15462,0.135317,0.011844,-0.00732601,0.0115018,-0.00927378,0.0241584,0.31746,-0.0123446,-0.0299889,0.0241546
15469,0.135317,0.011844,-0.00732601,0.0115018,-0.0090195,0.0745207,0.324021,-0.00205748,-0.0386043,0.0353571
15478,0.135317,0.011844,-0.00976801,0.0115018,-0.0083226,0.0196288,0.320674,0.00720108,-0.0291537,0.0279338
15486,0.135317,0.011844,-0.00976801,0.0115018,-0.00833736,-0.0111474,0.317431,-0.00925886,-0.0254052,0.0202052
15494,0.135317,0.011844,-0.00732601,0.0115018,-0.00852563,-0.0131457,0.319817,-0.0236611,-0.0264989,0.0178906
15502,0.135317,0.011844,-0.00732601,0.0115018,-0.00865953,0.0169644,0.320671,-0.0509229,-0.0346973,0.0197448
15510,0.135317,0.011844,-0.00732601,0.0115018,-0.00827843,0.0568005,0.32628,0.0195461,-0.0344839,0.0362928
15518,0.135317,0.011844,-0.00732601,0.0115018,-0.00778459,0.00883718,0.324131,0.0416644,-0.0241957,0.0310852
15526,0.135317,0.011844,-0.00732601,0.0115018,-0.00793568,-0.016476,0.319512,0.0396067,-0.0192537,0.0255771
15534,0.135317,0.011844,-0.00732601,0.0115018,-0.00806265,-0.00768384,0.321794,-0.0303483,-0.029158,0.0189952
15542,0.135317,0.011844,-0.00732601,0.0115018,-0.00794166,0.00550654,0.323004,-0.00565803,-0.028816,0.0245232
15551,0.135317,0.011844,-0.00732601,0.0115018,-0.0077121,0.00963672,0.323493,0.0154313,-0.0274175,0.0281187
15558,0.135317,0.011844,-0.00732601,0.0115018,-0.00765734,0.00617264,0.325013,0.00514364,-0.0283711,0.0266344
15566,0.135317,0.011844,-0.00732601,0.0115018,-0.00769448,-0.017675,0.319805,0.0221182,-0.0214941,0.0236897
15574,0.135317,0.011844,-0.00732601,0.0115018,-0.00781969,0.0212279,0.324839,-0.0195461,-0.0335447,0.0260241
15582,0.135317,0.011844,-0.00732601,0.0115018,-0.00760032,0.0146992,0.325062,0.00051455,-0.0304285,0.0276262
15590,0.135317,0.011844,-0.00732601,0.0115018,-0.00717613,0.00790468,0.326151,0.0267475,-0.0269632,0.0303383
15598,0.135317,0.011844,-0.00732601,0.0115018,-0.00686169,-0.027135,0.322662,0.0437216,-0.0189778,0.0262562
15606,0.135317,0.011844,-0.00732601,0.0115018,-0.00706147,-0.0424563,0.318198,0.0257187,-0.0175426,0.0205213
15613,0.135317,0.011844,-0.00732601,0.0115018,-0.0073975,0.00963689,0.32014,-0.0159458,-0.031009,0.0243085
15622,0.135317,0.011844,-0.00976801,0.0115018,-0.00720017,0.0089711,0.32161,-0.0447506,-0.0351942,0.0216962
15630,0.135317,0.011844,-0.00976801,0.0115018,-0.00715617,0.0129672,0.326012,0.0298335,-0.0278444,0.031964
15638,0.135317,0.011844,-0.00732601,0.0115018,-0.00706376,-0.0112804,0.323875,0.00720103,-0.0258475,0.0245515
15646,0.135317,0.011844,-0.00732601,0.0115018,-0.00731389,-0.0291339,0.323909,-0.0118304,-0.0247651,0.0189187
15654,0.135317,0.011844,-0.00732601,0.0115018,-0.00761541,-0.0224719,0.323126,0.00668671,-0.0231546,0.0216946
15662,0.135317,0.011844,-0.00732601,0.0115018,-0.00773814,-0.0206064,0.322566,-0.027776,-0.0272671,0.0176767
15670,0.135317,0.011844,-0.00976801,0.0115018,-0.00761419,-0.0188749,0.324906,0.0488656,-0.0194679,0.0279751
15678,0.135317,0.011844,-0.00976801,0.0115018,-0.00779477,-0.00648438,0.319414,0.0298337,-0.0226477,0.0266974
15685,0.135317,0.011844,-0.00976801,0.0115018,-0.0078863,0.00603968,0.318993,-0.00051447,-0.0281229,0.0250465
15694,0.135317,0.011844,-0.00976801,0.0115018,-0.00789433,-0.00808282,0.317716,0.0015432,-0.0253028,0.0226684
15702,0.135317,0.011844,-0.00976801,0.0115018,-0.00795891,-0.0242038,0.317117,-0.00617253,-0.0233311,0.0188251
15710,0.135317,0.011844,-0.00976801,0.0115018,-0.00814877,0.00683968,0.323986,-0.0416639,-0.0335466,0.0207567
15718,0.135317,0.011844,-0.00976801,0.0115018,-0.00821024,4.433e-05,0.322165,0.0360063,-0.0228811,0.0284018
15726,0.135317,0.011844,-0.00976801,0.0115018,-0.00833394,0.0121682,0.321336,0.0262333,-0.0257549,0.0290042
15734,0.135317,0.011844,-0.00976801,0.0115018,-0.00809529,0.0117687,0.323711,-0.0200605,-0.0318548,0.0241798
15742,0.135317,0.011844,-0.00976801,0.0115018,-0.00810446,-0.00621795,0.319243,0.0190319,-0.0235097,0.025006
15750,0.135317,0.011844,-0.00976801,0.0115018,-0.00786114,-0.0258033,0.316178,-0.00257199,-0.0226234,0.0189637
15757,0.135317,0.011844,-0.00976801,0.0115018,-0.00805763,-0.0228714,0.315948,-0.0349774,-0.026623,0.0153207
15766,0.135317,0.011844,-0.00976801,0.0115018,-0.00838021,-0.0127461,0.31276,-0.0442363,-0.0284475,0.0149857
15774,0.135317,0.011844,-0.00976801,0.0115018,-0.00848595,0.026557,0.317254,-0.0205749,-0.032808,0.0250505
15782,0.135317,0.011844,-0.00976801,0.0115018,-0.00827349,0.0322859,0.317543,-0.00925863,-0.0327725,0.0277067
15790,0.135317,0.011844,-0.00976801,0.0115018,-0.00808195,0.0274896,0.316309,0.0123451,-0.0294912,0.0295126
15798,0.135317,0.011844,-0.00976801,0.0172528,-0.0079789,0.00617291,0.312233,-0.0329201,-0.0314241,0.0193399
15806,0.135317,0.011844,-0.00976801,0.0172528,-0.00815845,0.00524017,0.31109,-0.0334343,-0.0308966,0.0186853
15814,0.135317,0.011844,-0.00976801,0.0115018,-0.00794597,0.0209608,0.315583,0.0349777,-0.0258039,0.0311493
15822,0.135317,0.011844,-0.00976801,0.0115018,-0.00777486,0.0180301,0.310815,-0.0051436,-0.0295096,0.0253781
15829,0.135317,0.011844,-0.00976801,0.0115018,-0.0076034,0.0492064,0.3151,-0.0267474,-0.0381939,0.0290619
15838,0.135317,0.011844,-0.00732601,0.0115018,-0.00722052,0.0277564,0.309939,-0.0282905,-0.034094,0.0245369
15846,0.135317,0.011844,-0.00732601,0.0115018,-0.00708276,0.0228266,0.314832,0.0174887,-0.0288546,0.0300903
15854,0.135317,0.011844,-0.00732601,0.0115018,-0.00689758,-0.00741646,0.318271,0.00051433,-0.0266082,0.0237478
15862,0.135317,0.011844,-0.00732601,0.0115018,-0.00723872,-0.00395329,0.316118,0.0560665,-0.0198239,0.0300808
15870,0.135317,0.011844,-0.00732601,0.0115018,-0.00731475,0.020429,0.315861,0.0108024,-0.0290867,0.0287335
15878,0.135317,0.011844,-0.00732601,0.0115018,-0.00708567,0.0440102,0.31757,-0.0221181,-0.0374995,0.0294519
15886,0.135317,0.011844,-0.00976801,0.0115018,-0.00654704,0.0241598,0.321699,0.0653258,-0.0256805,0.0382203
15894,0.135317,0.011844,-0.00976801,0.0115018,-0.00643588,-0.0103477,0.318628,0.0781851,-0.0180555,0.0335259
15901,0.135317,0.011844,-0.00976801,0.0115018,-0.00653388,-0.0339304,0.315463,0.00051449,-0.0226192,0.0196828
15910,0.135317,0.011844,-0.00732601,0.0115018,-0.00684336,-0.0179424,0.314914,-0.0720123,-0.0329279,0.0129171
15918,0.135317,0.011844,-0.00732601,0.0115018,-0.00673891,0.0120344,0.317087,-0.0144023,-0.0316459,0.0253266
15926,0.135317,0.011844,-0.00976801,0.0115018,-0.00667096,0.00270871,0.318562,-0.00102872,-0.029236,0.0260461
15934,0.135317,0.011844,-0.00976801,0.0115018,-0.00663623,0.0166982,0.317994,0.0540095,-0.0250466,0.0348907
15942,0.135317,0.011844,-0.00976801,0.0115018,-0.00653861,0.0322868,0.319061,0.00308619,-0.0339591,0.0318332
15950,0.135317,0.011844,-0.00976801,0.0115018,-0.00652455,0.00643997,0.312316,-0.0735551,-0.0376011,0.0173056
15958,0.135317,0.011844,-0.00976801,0.0115018,-0.00656367,0.0127015,0.316882,0.0380637,-0.0261783,0.0322474
15966,0.135317,0.011844,-0.00976801,0.0115018,-0.00649199,-0.00954848,0.312865,0.0678975,-0.0183955,0.0314388
15973,0.135317,0.011844,-0.00976801,0.0115018,-0.00652057,0.0117683,0.315486,0.0766417,-0.0213116,0.036484
15982,0.135317,0.011844,-0.00976801,0.0115018,-0.00643217,0.0162984,0.316447,-0.051951,-0.0374968,0.0223326
15990,0.135317,0.011844,-0.00976801,0.0115018,-0.00638512,0.0504056,0.321134,-0.0483511,-0.0435945,0.0293858
15998,0.135317,0.011844,-0.00732601,0.0115018,-0.00585684,0.00110966,0.323191,0.0241758,-0.0274759,0.0302425
16006,0.135317,0.011844,-0.00732601,0.0115018,-0.00610061,-0.0325983,0.323847,0.102875,-0.0123372,0.0335724
16014,0.135317,0.011844,-0.00976801,0.0115018,-0.00624851,-0.0455205,0.317343,0.0555528,-0.0148939,0.0249172
16022,0.135317,0.011844,-0.00976801,0.0115018,-0.00651077,-0.0127461,0.319276,0.00154326,-0.0266856,0.0240578
16030,0.135317,0.011844,-0.00976801,0.0115018,-0.0064413,-0.00555154,0.319481,0.0360062,-0.0239569,0.0294866
16038,0.135317,0.011844,-0.00976801,0.0115018,-0.00652342,0.0205623,0.319983,0.0246902,-0.0296231,0.0325607
16045,0.135317,0.011844,-0.00976801,0.0115018,-0.00632776,0.00377465,0.321233,0.0385783,-0.0256519,0.0318192
16054,0.135317,0.011844,-0.00732601,0.0115018,-0.00681005,-0.0236703,0.314751,0.0267478,-0.0203542,0.0236367
16062,0.135317,0.011844,-0.00732601,0.0115018,-0.00687363,-0.0317979,0.316883,-0.00668666,-0.0231902,0.0185555
16070,0.135317,0.011844,-0.00976801,0.0115018,-0.00716885,-0.0171423,0.318451,-0.0169742,-0.0270905,0.0200686
16078,0.135317,0.011844,-0.00976801,0.0115018,-0.0073131,-0.00515176,0.320396,0.01646,-0.0252698,0.0261742
16086,0.135317,0.011844,-0.00976801,0.0115018,-0.00743314,0.00124374,0.318013,0.0128591,-0.0262135,0.0262856
16094,0.135317,0.011844,-0.00976801,0.0115018,-0.00755398,-0.00088848,0.31944,0.0493798,-0.0216171,0.030301
16102,0.135317,0.011844,-0.00976801,0.0172528,-0.00754243,0.00031066,0.318831,0.0252046,-0.0252613,0.0268856
16110,0.135317,0.011844,-0.00976801,0.0172528,-0.00752985,-0.00208751,0.321694,0.0241758,-0.0254601,0.0268347
16117,0.135317,0.011844,-0.00976801,0.0172528,-0.00759871,-0.0573778,0.317053,0.016975,-0.0162227,0.0157265
16126,0.135317,0.011844,-0.00976801,0.0172528,-0.00810575,-0.0493842,0.317,-0.0252042,-0.0218197,0.0113849
16134,0.135317,0.011844,-0.00976801,0.0172528,-0.00856954,-0.0223391,0.315354,0.037035,-0.0181022,0.0224336
16142,0.135317,0.011844,-0.00976801,0.0115018,-0.00887241,0.0138999,0.315008,-0.00257174,-0.0276753,0.0241222
16150,0.135317,0.011844,-0.00976801,0.0115018,-0.00866595,0.0322863,0.320074,0.0483514,-0.0258503,0.0343768
16158,0.135317,0.011844,-0.00732601,0.0115018,-0.00845501,0.020961,0.316342,0.0637826,-0.0214359,0.0335724
16166,0.135317,0.011844,-0.00732601,0.0115018,-0.0083942,0.00031108,0.318957,0.00771574,-0.0250949,0.0239356
16174,0.135317,0.011844,-0.00976801,0.0115018,-0.00838045,-0.0266015,0.309604,0.00617248,-0.0196834,0.0180768
16182,0.135317,0.011844,-0.00976801,0.0115018,-0.0085888,0.0176305,0.314329,0.062754,-0.0208846,0.0327661
16189,0.135317,0.011844,-0.00976801,0.0115018,-0.00822664,0.029622,0.312225,0.0354918,-0.0262627,0.0317515
16198,0.135317,0.011844,-0.00732601,0.0115018,-0.00798696,0.00590581,0.312846,-0.0462931,-0.0319719,0.0180874
16206,0.135317,0.011844,-0.00732601,0.0115018,-0.00788865,0.00230906,0.313218,-0.0144025,-0.0278089,0.0214421
16214,0.135317,0.011844,-0.00976801,0.0115018,-0.00813434,0.0182969,0.31482,0.00462931,-0.0285513,0.0267224
16222,0.135317,0.011844,-0.00976801,0.0115018,-0.00792773,0.0268234,0.317337,0.045779,-0.025819,0.0337323
16230,0.135317,0.011844,-0.00732601,0.0115018,-0.00770504,0.00310857,0.314542,-0.0154311,-0.0285305,0.0219263
16238,0.135317,0.011844,-0.00732601,0.0115018,-0.00767208,-0.0192748,0.313678,-0.0308624,-0.0265131,0.0161983
16246,0.135317,0.011844,-0.00732601,0.0115018,-0.00799392,-0.00688459,0.310021,-0.0154313,-0.0257327,0.019093
16254,0.135317,0.011844,-0.00732601,0.0115018,-0.00827205,0.0280224,0.312552,8e-08,-0.0297736,0.0268794
16261,0.135317,0.011844,-0.00732601,0.0115018,-0.0080383,0.0480067,0.312862,-0.0113162,-0.0348207,0.0293202
16270,0.135317,0.011844,-0.00732601,0.0115018,-0.00767767,-0.00035625,0.310811,-0.0663546,-0.033388,0.0147536
16278,0.135317,0.011844,-0.00732601,0.0115018,-0.00784022,-0.00435248,0.307927,-0.0401212,-0.0289401,0.0164826
16286,0.135317,0.011844,-0.00976801,0.0115018,-0.00789691,0.0228266,0.312681,-0.00617269,-0.0305647,0.0262034
16294,0.135317,0.011844,-0.00976801,0.0115018,-0.00775804,0.0328192,0.313659,-0.00822992,-0.0328268,0.0280128
16302,0.135317,0.011844,-0.00732601,0.0115018,-0.00739234,0.0181634,0.311141,-0.0210896,-0.0315982,0.0237089
16310,0.135317,0.011844,-0.00732601,0.0115018,-0.00765649,0.00071018,0.309686,0.00102845,-0.0254752,0.0227488
16318,0.135317,0.011844,-0.00976801,0.0115018,-0.00790507,0.0272236,0.309014,-0.0025718,-0.0302736,0.0267752
16326,0.135317,0.011844,-0.00976801,0.0115018,-0.0075497,0.0228269,0.308189,-0.0138881,-0.0312299,0.0250522
16333,0.135317,0.011844,-0.00976801,0.0115018,-0.00751351,0.00510767,0.306841,-0.0514377,-0.0325247,0.0174302
16342,0.135317,0.011844,-0.00732601,0.0115018,-0.00773988,0.0161652,0.308845,-0.039607,-0.0325961,0.0203245
16350,0.135317,0.011844,-0.00732601,0.0115018,-0.00770526,0.0280229,0.30768,0.00565808,-0.0291054,0.0275545
16358,0.135317,0.011844,-0.00732601,0.0115018,-0.00743729,0.0420119,0.30977,-0.00514372,-0.0334234,0.0293701
16366,0.135317,0.011844,-0.00732601,0.0115018,-0.00711759,0.0137668,0.311455,-0.00257151,-0.0291115,0.0255836
16374,0.135317,0.011844,-0.00976801,0.0115018,-0.00703836,0.00950384,0.309754,-0.0180029,-0.0304458,0.0232638
16382,0.135317,0.011844,-0.00976801,0.0115018,-0.00696115,0.00870399,0.308051,0.00257197,-0.0277202,0.0253931
16390,0.135317,0.011844,-0.00732601,0.0115018,-0.00707383,0.0281559,0.310474,0.0653256,-0.0234196,0.0359623
16398,0.135317,0.011844,-0.00732601,0.0115018,-0.00673651,0.0572003,0.311947,-0.031376,-0.0403719,0.0301842
16405,0.135317,0.011844,-0.00732601,0.0115018,-0.00627212,0.00417365,0.306521,-0.0462938,-0.0330323,0.0191672
16414,0.135317,0.011844,-0.00732601,0.0115018,-0.00614032,0.00870406,0.309633,0.00720112,-0.0281701,0.0269478
16422,0.135317,0.011844,-0.00732601,0.0115018,-0.00602947,-0.00981495,0.311074,0.0102876,-0.0250958,0.024547
16430,0.135317,0.011844,-0.00732601,0.0115018,-0.00608758,0.0397466,0.312832,-0.0108018,-0.036069,0.0306937
16438,0.135317,0.011844,-0.00732601,0.0115018,-0.00573947,0.0348174,0.312791,-0.0349774,-0.0385676,0.0274762
16446,0.135317,0.011844,-0.00976801,0.0115018,-0.00546959,0.0206954,0.314868,0.0437216,-0.0280349,0.0354801
16454,0.135317,0.011844,-0.00976801,0.0115018,-0.00545351,0.00097671,0.314767,0.0360064,-0.0256533,0.0312173
16462,0.135317,0.011844,-0.00976801,0.0115018,-0.00546761,-0.0223386,0.30928,0.0164601,-0.0231554,0.0240335
16470,0.135317,0.011844,-0.00976801,0.0115018,-0.00563075,-0.00421884,0.309708,-0.019546,-0.0302705,0.0227032
16477,0.135317,0.011844,-0.00976801,0.0115018,-0.00544917,-0.00035535,0.312203,0.00668686,-0.0284782,0.0271175
16486,0.135317,0.011844,-0.00976801,0.0115018,-0.005531,-0.00182124,0.308996,0.028805,-0.0249976,0.0288515
16494,0.135317,0.011844,-0.00976801,0.0115018,-0.00559913,0.0241591,0.316637,0.00874442,-0.032841,0.0320394
16502,0.135317,0.011844,-0.00732601,0.0172528,-0.00545566,0.0177639,0.316174,-0.00360052,-0.0336342,0.0285436
16510,0.135317,0.011844,-0.00732601,0.0172528,-0.00535915,-0.00981485,0.316578,0.0159458,-0.0269192,0.0263591
16518,0.135317,0.011844,-0.00976801,0.0172528,-0.00557655,-0.041657,0.314903,0.0293194,-0.0198434,0.022339
16526,0.135317,0.011844,-0.00976801,0.0172528,-0.00591763,-0.00688381,0.317677,0.014917,-0.0273292,0.0265273
16534,0.135317,0.011844,-0.00976801,0.0172528,-0.00566824,-0.0210061,0.314565,0.03292,-0.0226904,0.0260979
16542,0.135317,0.011844,-0.00976801,0.0172528,-0.00589781,-0.0296664,0.312545,0.0730414,-0.0158731,0.0287202
16549,0.135317,0.011844,-0.00976801,0.0172528,-0.0063223,-0.0150112,0.315632,0.0329201,-0.0229611,0.0263773
16558,0.135317,0.011844,-0.00976801,0.0172528,-0.00647251,0.0157658,0.314574,-0.0216037,-0.0341523,0.0247912
16566,0.135317,0.011844,-0.00976801,0.0172528,-0.00610545,0.0144331,0.319412,0.017489,-0.0306099,0.0304778
16574,0.135317,0.011844,-0.00976801,0.0115018,-0.00594304,-0.0211396,0.320819,-0.00874421,-0.0275272,0.0224541
16582,0.135317,0.011844,-0.00976801,0.0115018,-0.00621118,-0.0569785,0.319296,0.0185174,-0.0177081,0.0189556
16590,0.135317,0.011844,-0.00976801,0.0115018,-0.00666078,-0.0511164,0.31738,0.0344634,-0.0158797,0.020902
16598,0.135317,0.011844,-0.00976801,0.0115018,-0.00706802,-0.020207,0.316015,0.00617211,-0.0235979,0.0220311
16606,0.135317,0.011844,-0.00976801,0.0115018,-0.00706262,-0.00581765,0.316362,0.0468081,-0.021279,0.0293479
16614,0.135317,0.011844,-0.00976801,0.0115018,-0.00712537,-0.00102177,0.317469,0.00360072,-0.0272631,0.0251476
16621,0.135317,0.011844,-0.00976801,0.0115018,-0.0073172,-0.0132791,0.312658,-0.00668669,-0.0253862,0.0208015
16630,0.135317,0.011844,-0.00976801,0.0115018,-0.00741509,-0.0110142,0.310671,0.00668689,-0.0237339,0.022311
16638,0.135317,0.011844,-0.00976801,0.0115018,-0.00750983,-0.0156768,0.312737,0.0231469,-0.021217,0.0236637
16646,0.135238,0.0118754,-0.00732601,0.0115018,-0.0075592,-0.00435213,0.317797,0.00308642,-0.0257891,0.0235348
16654,0.135238,0.0118854,-0.00732601,0.0115018,-0.00801044,-0.00728355,0.317774,-0.0396063,-0.0296887,0.0173417
16662,0.135238,0.0118897,-0.00976801,0.0115018,-0.00826615,-0.0111478,0.312749,0.0277763,-0.0203285,0.02387
16670,0.135238,0.0118915,-0.00976801,0.0115018,-0.00825907,-0.00075512,0.314515,0.0401213,-0.0209026,0.02739
16678,0.135238,0.0118923,-0.00976801,0.0115018,-0.00828553,-0.0131459,0.314755,0.0617252,-0.0162874,0.0278356
16686,0.135238,0.0118927,-0.00976801,0.0115018,-0.00827405,-0.00075524,0.313249,0.0216038,-0.0228583,0.0249746
16693,0.135238,0.0118928,-0.00976801,0.0115018,-0.00832643,-0.00648437,0.311062,-0.00411507,-0.0245063,0.0205335
16702,0.135317,0.0118614,-0.00976801,0.0115018,-0.00847722,-0.0142114,0.30987,0.0174888,-0.0203064,0.0214071
16710,0.135317,0.0118515,-0.00976801,0.0115018,-0.00844681,-0.00035523,0.311633,0.0514372,-0.0189628,0.0281197
16718,0.135238,0.0118786,-0.00732601,0.0115018,-0.00832924,0.0125675,0.312887,0.0118308,-0.0257278,0.0255773
16726,0.135238,0.0118868,-0.00732601,0.0115018,-0.00835002,0.00257574,0.312415,0.0097731,-0.0241845,0.0235172
16734,0.135238,0.0118903,-0.00732601,0.0115018,-0.00861518,0.00470756,0.309027,0.0375493,-0.0203513,0.0262423
16742,0.135238,0.0118918,-0.00732601,0.0115018,-0.00856935,0.0254912,0.309838,0.0349776,-0.0243197,0.0296681
16750,0.135317,0.011861,-0.00976801,0.0115018,-0.00834422,0.00830439,0.311755,0.0154313,-0.0248009,0.0254872
16758,0.135317,0.0118513,-0.00976801,0.0115018,-0.00844243,-0.00821642,0.306128,0.020575,-0.0204045,0.0222523
16765,0.135317,0.0118471,-0.00976801,0.0115018,-0.00863618,0.012967,0.303425,0.039607,-0.0210062,0.027408
16774,0.135317,0.0118453,-0.00976801,0.0115018,-0.00849001,0.0230931,0.302957,-0.00102881,-0.0276158,0.0244596
16782,0.135317,0.0118445,-0.00976801,0.0115018,-0.00830527,0.0186965,0.311243,-0.0216035,-0.0308957,0.0228734
16790,0.135317,0.0118442,-0.00976801,0.0115018,-0.00817324,-0.0126128,0.306316,0.0164601,-0.0205661,0.0214334
16798,0.135317,0.0118441,-0.00976801,0.0115018,-0.00853985,-0.00395246,0.30435,0.00874469,-0.0221001,0.0211671
16806,0.135317,0.011844,-0.00976801,0.0115018,-0.00856788,0.0222934,0.30872,0.00720114,-0.0273349,0.0261182
16814,0.135317,0.011844,-0.00976801,0.0115018,-0.00836111,0.0261574,0.310392,0.0144026,-0.0276873,0.0281855
16822,0.135317,0.011844,-0.00976801,0.0172528,-0.00820138,-0.0043522,0.305396,0.020575,-0.0219532,0.0224592
16830,0.135317,0.011844,-0.00976801,0.0172528,-0.00842066,-0.0211388,0.299814,0.00771562,-0.01946,0.0168753
16837,0.135317,0.011844,-0.00976801,0.0172528,-0.00857744,0.0317527,0.306559,-0.00154286,-0.0302628,0.0256535
16846,0.135317,0.011844,-0.00976801,0.0172528,-0.00796376,0.0208281,0.306969,-0.00308632,-0.0295321,0.0245341
16854,0.135317,0.011844,-0.00976801,0.0172528,-0.00801663,0.0123015,0.304642,-0.00257189,-0.0275983,0.0226946
16862,0.135317,0.011844,-0.00976801,0.0115018,-0.0081928,-0.00195432,0.30576,0.00360066,-0.0237469,0.0216113
16870,0.135317,0.011844,-0.00976801,0.0115018,-0.00832241,0.0170973,0.304927,-0.00205755,-0.0272853,0.0238706
16878,0.135317,0.011844,-0.00976801,0.0172528,-0.00804609,0.00350793,0.308687,-0.00462931,-0.0269813,0.021565
16886,0.135317,0.011844,-0.00976801,0.0172528,-0.00811184,0.00777157,0.308047,0.0072013,-0.0261063,0.0234944
16894,0.135317,0.011844,-0.00976801,0.0115018,-0.00819012,0.00577308,0.302967,0.0195463,-0.0227138,0.0243653
16902,0.135317,0.011844,-0.00976801,0.0115018,-0.00813724,0.0444105,0.305072,0.00874436,-0.0308579,0.0300793
16909,0.135317,0.011844,-0.00976801,0.0115018,-0.00774735,0.0193629,0.301611,-0.00051434,-0.0277426,0.0247072
16918,0.135317,0.011844,-0.00976801,0.0115018,-0.00743924,0.0256238,0.307633,-0.00051403,-0.0301846,0.0271738
16926,0.135317,0.011844,-0.00976801,0.0115018,-0.00756255,-0.0150109,0.296842,0.00051452,-0.0213619,0.0184662
16934,0.135317,0.011844,-0.00976801,0.0172528,-0.00779845,0.0349509,0.304893,-0.0365205,-0.0357263,0.0228824
16942,0.135317,0.011844,-0.00976801,0.0172528,-0.00737661,0.0362828,0.307646,-0.0344631,-0.0367328,0.0243852
16950,0.135317,0.011844,-0.00976801,0.0115018,-0.00708635,0.00883747,0.309959,0.0210892,-0.0256951,0.0277374
16958,0.135317,0.011844,-0.00976801,0.0115018,-0.00720219,-0.0115473,0.306836,0.00462937,-0.0235636,0.0216563
16966,0.135317,0.011844,-0.00976801,0.0115018,-0.00731611,0.00830445,0.304795,-0.0113162,-0.0282751,0.022663
16974,0.135317,0.011844,-0.00976801,0.0115018,-0.00716526,0.0142999,0.309849,0.0138879,-0.0273301,0.0276882
16981,0.135317,0.011844,-0.00976801,0.0115018,-0.00730953,-0.0200735,0.30375,0.00823003,-0.0210688,0.0199832
16990,0.135317,0.011844,-0.00976801,0.0115018,-0.00781637,-0.00794964,0.301276,0.0118306,-0.0215727,0.0213664
16998,0.135317,0.011844,-0.00976801,0.0115018,-0.0079087,0.026957,0.302858,-0.0318912,-0.0326869,0.0222666
17006,0.135317,0.011844,-0.00976801,0.0115018,-0.00758729,0.0482739,0.309022,0.0149169,-0.0321723,0.0328711
17014,0.135317,0.011844,-0.00976801,0.0115018,-0.00698608,0.00430784,0.306467,0.0190318,-0.0247564,0.0263003
17022,0.135317,0.011844,-0.00976801,0.0115018,-0.00710155,-0.01088,0.303025,-0.0267476,-0.0268973,0.0175871
17030,0.135317,0.011844,-0.00976801,0.0115018,-0.00720129,0.027756,0.311141,-0.00925852,-0.0324651,0.0274008
17038,0.135317,0.011844,-0.00976801,0.0115018,-0.00682113,0.00244264,0.307787,0.0226326,-0.0244608,0.0268515
17046,0.135317,0.011844,-0.00976801,0.0115018,-0.00682495,-0.00315324,0.30909,0.0303482,-0.0228208,0.0270155
17053,0.135317,0.011844,-0.00976801,0.0115018,-0.0070465,-0.0243368,0.297747,0.0144025,-0.0190252,0.0193868
17062,0.135317,0.011844,-0.00976801,0.0115018,-0.00727477,0.0354842,0.30569,-0.0313765,-0.0353837,0.0251208
17070,0.135317,0.011844,-0.00976801,0.0115018,-0.00656674,0.0306871,0.305912,0.0185177,-0.0297168,0.0312265
17078,0.135317,0.011844,-0.00976801,0.0115018,-0.00647762,-0.0220721,0.303289,-0.0149168,-0.0245367,0.017994
17086,0.135317,0.011844,-0.00976801,0.0115018,-0.00687743,-0.00421961,0.309139,-0.0252041,-0.0291232,0.0202018
17094,0.135317,0.011844,-0.00976801,0.0115018,-0.00688199,0.0035087,0.309319,-0.0375496,-0.0318925,0.0200808
17102,0.135317,0.011844,-0.00976801,0.0115018,-0.00682425,0.00590596,0.313416,0.0303483,-0.025033,0.029256
17110,0.135317,0.011844,-0.00976801,0.0115018,-0.0066988,-0.0463199,0.309819,0.0020575,-0.0192294,0.0166162
17118,0.135317,0.011844,-0.00976801,0.0115018,-0.00729932,-0.0409916,0.307738,-0.0252042,-0.0221674,0.0131268
17125,0.135317,0.011844,-0.00976801,0.0115018,-0.00776901,-0.0004888,0.306942,-0.00102869,-0.0253131,0.0220957
17134,0.135317,0.011844,-0.00732601,0.0115018,-0.0074894,0.0076382,0.308733,0.0272617,-0.0236199,0.027109
17142,0.135317,0.011844,-0.00732601,0.0115018,-0.00752807,0.00590631,0.308797,0.0164601,-0.02456,0.0254936
17150,0.135317,0.011844,-0.00732601,0.0115018,-0.00762072,-0.0103476,0.302811,-0.0144025,-0.0243868,0.017984
17158,0.135317,0.011844,-0.00732601,0.0115018,-0.00809202,-0.0341964,0.295451,-0.00977289,-0.0180179,0.0126269
17166,0.135317,0.011844,-0.00732601,0.0115018,-0.00802738,-0.00168833,0.303312,0.0102877,-0.0224443,0.0218898
17174,0.135317,0.011844,-0.00732601,0.0115018,-0.00798705,0.0190962,0.309121,-0.00823005,-0.0290922,0.0242318
17182,0.135317,0.011844,-0.00732601,0.0115018,-0.00797871,0.0340178,0.304382,-0.0102872,-0.0310773,0.0257768
17190,0.135317,0.011844,-0.00732601,0.0115018,-0.00814612,0.0398801,0.307717,-1e-07,-0.0311513,0.0282947
17197,0.135317,0.011844,-0.00732601,0.0115018,-0.00777808,0.0189628,0.310503,0.0226325,-0.0259448,0.0283719
17206,0.135317,0.011844,-0.00732601,0.0115018,-0.00742491,-0.0155444,0.30623,0.0185175,-0.0204605,0.0218153
17214,0.135317,0.011844,-0.00732601,0.0115018,-0.00799432,-0.0762981,0.294739,-0.0462938,-0.0153028,0.00116402
17222,0.135317,0.011844,-0.00976801,0.0115018,-0.00869952,-0.0202073,0.297414,-0.0802425,-0.0285297,0.00654005
17230,0.135317,0.011844,-0.00976801,0.0115018,-0.00881133,0.0326857,0.304159,-0.00411505,-0.0293347,0.0254747
17238,0.135238,0.0118754,-0.00732601,0.0115018,-0.00855809,0.0538699,0.302911,-0.00823008,-0.0330761,0.0283127
17246,0.135238,0.0118854,-0.00732601,0.0115018,-0.00829043,0.0795818,0.307875,-0.038578,-0.0421044,0.0302612
17254,0.135238,0.0118897,-0.00732601,0.0115018,-0.00785531,0.0115017,0.29946,-0.0473222,-0.0309959,0.0168855
17262,0.135238,0.0118915,-0.00732601,0.0115018,-0.00766575,0.0107026,0.307374,0.0174887,-0.0247601,0.0259484
17269,0.135238,0.0118923,-0.00732601,0.0115018,-0.00758159,-0.0455203,0.298046,0.00360075,-0.0156126,0.0133508
17278,0.135238,0.0118927,-0.00976801,0.0115018,-0.00800139,0.00870301,0.297991,-0.0164601,-0.0268429,0.0200063
17286,0.135238,0.0118928,-0.00976801,0.0115018,-0.00792168,0.0571999,0.303152,-0.0216037,-0.0364954,0.0285951
17294,0.135317,0.0118614,-0.00976801,0.0115018,-0.00751724,0.0675928,0.304096,0.00565817,-0.035772,0.034345
17302,0.135317,0.0118515,-0.00976801,0.0115018,-0.00703204,0.0313532,0.307985,-0.031891,-0.0354482,0.025055
17310,0.135317,0.0118472,-0.00976801,0.0115018,-0.00757548,-0.0215388,0.302885,-0.0267474,-0.0244337,0.0150837
17318,0.135317,0.0118453,-0.00976801,0.0115018,-0.00778452,-0.0136783,0.307061,0.0169742,-0.0209828,0.021974
17326,0.135317,0.0118446,-0.00976801,0.0115018,-0.00780802,-0.0263364,0.305447,-0.0123448,-0.0220299,0.0160615
17334,0.135317,0.0118442,-0.00976801,0.0115018,-0.00797242,0.00110995,0.306741,-0.00360064,-0.0255697,0.0217472
17341,0.135317,0.0118441,-0.00976801,0.0115018,-0.00817211,0.0133671,0.306871,-0.00051454,-0.0270005,0.0239409
17350,0.135238,0.0118754,-0.00976801,0.0115018,-0.00830791,0.0538692,0.30696,0.0822997,-0.0238005,0.0404095
17358,0.135238,0.0118854,-0.00976801,0.0115018,-0.00782051,0.0141659,0.30598,0.0360066,-0.0231206,0.0286883
17366,0.135238,0.0118897,-0.00976801,0.0115018,-0.00781276,-0.0251359,0.304079,-0.0293192,-0.0239476,0.0139756
17374,0.135238,0.0118915,-0.00976801,0.0115018,-0.00830845,-0.0159436,0.302025,-0.00822992,-0.0219812,0.0170075
17382,0.135238,0.0118923,-0.00976801,0.0115018,-0.0084766,0.0208277,0.306463,-0.00720095,-0.028487,0.0238668
17390,0.135238,0.0118927,-0.00976801,0.0115018,-0.00821005,0.0390812,0.306964,-0.0036002,-0.0315617,0.0278515
17398,0.135238,0.0118928,-0.00976801,0.0115018,-0.0078046,0.0189625,0.313034,0.012345,-0.027858,0.0278564
17406,0.135238,0.0118929,-0.00976801,0.0115018,-0.00773103,-0.00581709,0.30238,0.0113163,-0.0222234,0.0219029
17413,0.135238,0.0118929,-0.00976801,0.0115018,-0.0078443,0.0420118,0.307492,0.0205752,-0.0297931,0.0318035
17422,0.135238,0.0118929,-0.00732601,0.0115018,-0.00739303,0.0337513,0.308032,0.0041149,-0.0306688,0.0287752
17430,0.135238,0.0118929,-0.00732601,0.0115018,-0.0070735,0.0172306,0.304177,0.0514374,-0.0221524,0.0313822
17438,0.135317,0.0118615,-0.00732601,0.0115018,-0.00732314,0.00444026,0.302744,0.0329199,-0.0216594,0.0264758
17446,0.135317,0.0118515,-0.00732601,0.0115018,-0.00728728,0.0326856,0.305361,0.0087443,-0.0297146,0.0289124
17454,0.135317,0.0118472,-0.00732601,0.0115018,-0.00699517,0.0293547,0.314547,0.01646,-0.0301376,0.0311517
17462,0.135317,0.0118453,-0.00732601,0.0115018,-0.00683266,-0.0174095,0.30717,0.00874454,-0.0222678,0.021319
17470,0.135317,0.0118446,-0.00976801,0.0115018,-0.00761353,-0.0159435,0.308985,0.0216039,-0.0206058,0.0226856
17478,0.135317,0.0118442,-0.00976801,0.0115018,-0.00787596,0.0120348,0.311076,0.0437219,-0.022652,0.0300344
17485,0.135317,0.0118441,-0.00976801,0.0115018,-0.00772655,0.0131011,0.309635,0.0591532,-0.0209866,0.0320166
17494,0.135317,0.011844,-0.00976801,0.0115018,-0.0076216,0.00217554,0.309792,0.0277766,-0.0230272,0.0266195
17502,0.135317,0.011844,-0.00976801,0.0115018,-0.00781124,0.0115022,0.304901,0.0432077,-0.0217186,0.0289783
17510,0.135317,0.011844,-0.00732601,0.0115018,-0.00794376,0.0265576,0.308839,0.0200608,-0.0270207,0.0288614
17518,0.135317,0.011844,-0.00732601,0.0115018,-0.00770896,0.0229602,0.306174,0.0180033,-0.0265568,0.0279041
17526,0.135317,0.011844,-0.00732601,0.0115018,-0.00730152,0.0165644,0.312733,0.028805,-0.0258342,0.0297181
17534,0.135317,0.011844,-0.00732601,0.0115018,-0.00728301,-0.0126125,0.308087,0.03292,-0.0197489,0.0245144
17542,0.135317,0.011844,-0.00976801,0.0115018,-0.00739105,0.00217577,0.308337,-0.021089,-0.0288689,0.0209306
17550,0.135317,0.011844,-0.00976801,0.0115018,-0.00733396,0.00350812,0.31514,-0.00462948,-0.0283269,0.0242793
17557,0.135317,0.011844,-0.00976801,0.0115018,-0.00733036,-0.00168791,0.315586,0.0545237,-0.0205655,0.0304641
17566,0.135317,0.011844,-0.00976801,0.0115018,-0.00748882,-0.0271351,0.314374,0.0432074,-0.0172305,0.0243775
17574,0.135317,0.011844,-0.00976801,0.0115018,-0.00798647,-0.00781734,0.307106,0.014917,-0.0219353,0.0224559
17582,0.135317,0.011844,-0.00976801,0.0172528,-0.00767952,0.00510716,0.31475,-0.00565832,-0.0288528,0.0232047
17590,0.135317,0.011844,-0.00976801,0.0172528,-0.00745508,-0.00834958,0.314787,0.018003,-0.0241313,0.0240301
17598,0.135238,0.0118754,-0.00976801,0.0115018,-0.00756484,-0.0244702,0.313365,0.0375495,-0.0180379,0.0238561
17606,0.135238,0.0118854,-0.00976801,0.0115018,-0.00789194,-0.00581742,0.315856,0.0169745,-0.0235153,0.0245295
17614,0.135317,0.0118582,-0.00976801,0.0172528,-0.0079629,-0.00688419,0.309578,-0.0354914,-0.029119,0.0163875
17622,0.135317,0.0118501,-0.00976801,0.0172528,-0.00790562,0.00417472,0.314809,0.0365206,-0.0234161,0.0277171
17629,0.135317,0.0118466,-0.00976801,0.0172528,-0.00789737,-0.0274011,0.310115,0.0714981,-0.0132765,0.0257362
17638,0.135317,0.0118451,-0.00976801,0.0115018,-0.00818754,-0.00808248,0.310187,0.0185178,-0.0216836,0.0230506
17646,0.135317,0.0118444,-0.00976801,0.0115018,-0.00831168,0.0266903,0.30771,0.0128595,-0.0275939,0.0277299
17654,0.135317,0.0118442,-0.00976801,0.0172528,-0.0082376,0.0177637,0.305481,0.0195464,-0.025735,0.0260655
17662,0.135317,0.011844,-0.00976801,0.0172528,-0.00800648,0.0416119,0.311449,0.00668688,-0.0325176,0.0298901
17670,0.135317,0.011844,-0.00976801,0.0115018,-0.0078323,-0.00874864,0.302357,-0.00257198,-0.0232881,0.0196797
17678,0.135317,0.011844,-0.00976801,0.0115018,-0.00803048,-0.00248723,0.303317,-0.0108018,-0.0251855,0.0196509
17686,0.135317,0.011844,-0.00732601,0.0115018,-0.00815792,0.03162,0.305537,-0.0252043,-0.0323725,0.0235412
17694,0.135317,0.011844,-0.00732601,0.0115018,-0.00782684,0.0577334,0.31034,0.00565789,-0.0343328,0.0328715
17701,0.135317,0.011844,-0.00732601,0.0115018,-0.00737603,0.0137667,0.305571,-0.00822984,-0.0284734,0.0236055
17710,0.135238,0.0118754,-0.00732601,0.0115018,-0.0076899,0.0237594,0.307055,-0.0267473,-0.0320918,0.0228789
17718,0.135238,0.0118854,-0.00732601,0.0115018,-0.00747453,0.0329521,0.30867,-0.00257177,-0.0313237,0.0278483
17726,0.135238,0.0118897,-0.00732601,0.0115018,-0.00720068,0.00124361,0.304284,-0.00720116,-0.0262354,0.0215737
17734,0.135238,0.0118915,-0.00732601,0.0115018,-0.00730559,0.00830449,0.302581,-0.0344629,-0.0302058,0.0191294
17742,0.135317,0.0118609,-0.00732601,0.0115018,-0.00728507,0.0044408,0.298442,-0.063782,-0.0324136,0.0144054
17750,0.135317,0.0118512,-0.00732601,0.0115018,-0.00730189,0.0466751,0.308083,-0.0318912,-0.0372598,0.0269092
17758,0.135317,0.0118471,-0.00732601,0.0115018,-0.00683728,0.0401471,0.308496,0.0329201,-0.0292462,0.0341802
17766,0.135317,0.0118453,-0.00732601,0.0115018,-0.00656817,0.0245589,0.309137,0.004115,-0.0305116,0.028603
17773,0.135317,0.0118445,-0.00732601,0.0115018,-0.00649298,0.0192285,0.307992,-0.0576097,-0.0368134,0.0203205
17782,0.135238,0.0118756,-0.00732601,0.0115018,-0.00622399,0.0136337,0.30727,-0.0159458,-0.0311856,0.0245131
17790,0.135238,0.0118855,-0.00732601,0.0115018,-0.00605952,0.00230938,0.306955,0.0365208,-0.0232741,0.0289529
17798,0.135317,0.0118583,-0.00732601,0.0115018,-0.00604104,-0.0103478,0.302684,0.0349774,-0.0207106,0.0259864
17806,0.135317,0.0118501,-0.00732601,0.0115018,-0.00638718,0.0161649,0.304986,-0.0524666,-0.0353496,0.0200623
17814,0.135317,0.0118466,-0.00976801,0.0115018,-0.0062598,0.0441437,0.306761,-0.0185175,-0.0368871,0.0297012
17822,0.135317,0.0118451,-0.00976801,0.0115018,-0.00587168,0.0200288,0.311656,0.0334342,-0.0280612,0.0330699
17830,0.135238,0.0118759,-0.00976801,0.0172528,-0.00580391,-0.00102193,0.308675,-0.019546,-0.0310374,0.0221194
17838,0.135238,0.0118856,-0.00976801,0.0172528,-0.0059008,-0.00608392,0.306157,-0.0462935,-0.03279,0.0175414
17845,0.135238,0.0118898,-0.00976801,0.0172528,-0.00594342,-0.0134117,0.309991,0.0313763,-0.0229671,0.0260282
17854,0.135238,0.0118916,-0.00976801,0.0172528,-0.00594925,-0.0103477,0.311225,0.0550381,-0.0208796,0.0295351
17862,0.135238,0.0118923,-0.00976801,0.0172528,-0.00609887,0.00150964,0.308352,-0.00205749,-0.028918,0.0241309
17870,0.135317,0.0118612,-0.00976801,0.0115018,-0.0061495,0.0366819,0.303626,-0.0375492,-0.0375092,0.0258094
17878,0.135317,0.0118514,-0.00976801,0.0115018,-0.00577833,0.0328189,0.306699,0.0144025,-0.0317637,0.0323203
17886,0.135238,0.0118786,-0.00976801,0.0115018,-0.00551578,-8.947e-05,0.308616,0.0360063,-0.0243551,0.0299137
17894,0.135238,0.0118868,-0.00976801,0.0115018,-0.00570339,-0.0392594,0.303308,0.00462929,-0.0203803,0.0184094
17902,0.135238,0.0118903,-0.00976801,0.0115018,-0.00613392,-0.02114,0.301016,-0.0452648,-0.0283185,0.0146198
17910,0.135238,0.0118918,-0.00976801,0.0115018,-0.00620293,0.0442766,0.307657,0.00205762,-0.0346482,0.0323193
17917,0.135238,0.0118924,-0.00976801,0.0115018,-0.00588304,0.0445438,0.309574,0.0452647,-0.0303518,0.038227
17926,0.135238,0.0118927,-0.00976801,0.0115018,-0.00575448,0.030554,0.306472,0.0385783,-0.0284791,0.0347347
17934,0.135238,0.0118928,-0.00976801,0.0115018,-0.00592583,-0.00102226,0.304056,0.002572,-0.0268181,0.0244755
17942,0.135238,0.0118929,-0.00976801,0.0172528,-0.0058941,0.00537341,0.306987,-0.0102871,-0.0305955,0.0238807
17950,0.135238,0.0118929,-0.00976801,0.0172528,-0.0056008,-0.00275374,0.30779,0.0524663,-0.0223778,0.0304544
17958,0.135317,0.0118615,-0.00976801,0.0172528,-0.00567975,-0.0182086,0.302937,0.0282907,-0.0217906,0.0241122
17966,0.135317,0.0118515,-0.00976801,0.0172528,-0.00589334,-0.00035545,0.302966,-0.0241755,-0.0306802,0.02067
17974,0.135238,0.0118786,-0.00976801,0.0115018,-0.00604087,0.0131008,0.305143,-0.00308618,-0.029881,0.0262448
17982,0.135238,0.0118868,-0.00976801,0.0115018,-0.0059275,0.0334857,0.308582,0.0714979,-0.0251996,0.039232
17989,0.135238,0.0118903,-0.00976801,0.0115018,-0.0057239,-0.0122129,0.306598,0.0514377,-0.0198822,0.0290424
17998,0.135238,0.0118918,-0.00976801,0.0115018,-0.00590452,0.00350734,0.307928,-0.0282909,-0.0318659,0.0222533
18006,0.135238,0.0118924,-0.00976801,0.0115018,-0.00579447,0.0119017,0.309548,0.00977321,-0.0291962,0.0285955
18014,0.135238,0.0118927,-0.00976801,0.0115018,-0.00577879,-0.00888309,0.307282,0.107504,-0.0138639,0.036267
18022,0.135238,0.0118928,-0.00976801,0.0115018,-0.00565814,-0.0132794,0.304939,0.0653258,-0.0178877,0.0303235
18030,0.135317,0.0118614,-0.00976801,0.0115018,-0.00584366,-0.0256697,0.303408,-0.0313763,-0.0267453,0.0163158
18038,0.135317,0.0118515,-0.00976801,0.0115018,-0.00614016,0.0108357,0.305295,-0.0108018,-0.0303322,0.0248668
18046,0.135317,0.0118472,-0.00976801,0.0115018,-0.0060454,0.00923654,0.31138,0.0406354,-0.0251212,0.0317938
18054,0.135317,0.0118453,-0.00976801,0.0115018,-0.00606088,0.00603994,0.308997,0.0128594,-0.0274568,0.0275631
18061,0.135317,0.0118446,-0.00976801,0.0115018,-0.00600893,-0.00048894,0.314914,0.00823027,-0.0279365,0.0269317
18070,0.135238,0.0118756,-0.00976801,0.0115018,-0.00601646,-0.0428561,0.306907,-2.5e-07,-0.0204872,0.0174084
18078,0.135238,0.0118855,-0.00976801,0.0115018,-0.00633803,-0.0170094,0.307326,0.0262331,-0.0213259,0.0245133
18086,0.135317,0.0118583,-0.00976801,0.0115018,-0.00644748,-0.0120804,0.306861,0.0483512,-0.0193498,0.0277716
18094,0.135317,0.0118501,-0.00976801,0.0115018,-0.00652786,-0.00088848,0.304825,-0.00051382,-0.0265506,0.0234717
18102,0.135317,0.0118466,-0.00976801,0.0115018,-0.00653365,0.0249582,0.307648,-0.0246901,-0.0341715,0.0254659
18110,0.135317,0.0118451,-0.00976801,0.0115018,-0.00645368,0.00843788,0.301642,0.0318913,-0.0238884,0.0284876
18118,0.135317,0.0118444,-0.00976801,0.0115018,-0.00635881,0.0154983,0.306266,0.0642967,-0.0221274,0.0343989
18126,0.135317,0.0118442,-0.00976801,0.0115018,-0.00606613,-0.0252693,0.30698,-0.0190319,-0.0256496,0.0181324
18133,0.135317,0.011844,-0.00976801,0.0115018,-0.00684131,-0.0250032,0.305164,-0.0421785,-0.0270583,0.0140667
18142,0.135317,0.011844,-0.00976801,0.0115018,-0.00712291,-0.0308659,0.30398,0.0442361,-0.015317,0.0226997
18150,0.135317,0.011844,-0.00976801,0.0115018,-0.00736522,0.00497326,0.30506,0.0977315,-0.0148448,0.0349605
18158,0.135317,0.011844,-0.00976801,0.0115018,-0.00731794,0.0217605,0.305391,0.0123452,-0.0278302,0.0278444
18166,0.135317,0.011844,-0.00976801,0.0115018,-0.00718105,0.0453421,0.305519,-0.0200606,-0.0358003,0.02824
18174,0.135317,0.011844,-0.00976801,0.0115018,-0.00691835,0.00017648,0.300157,0.06584,-0.017628,0.0302077
18182,0.135317,0.011844,-0.00976801,0.0115018,-0.00712977,-0.0200739,0.29793,0.0555527,-0.0148039,0.02489
18190,0.135238,0.0118754,-0.00732601,0.0115018,-0.00700553,-0.0103472,0.297243,0.00514352,-0.0219989,0.0202178
18198,0.135238,0.0118854,-0.00732601,0.0115018,-0.00691892,0.00257523,0.298813,-0.0185173,-0.0273051,0.0199802
18205,0.135238,0.0118897,-0.00732601,0.0115018,-0.00705118,0.0213616,0.297138,0.045265,-0.0224715,0.0302567
18214,0.135238,0.0118915,-0.00732601,0.0115018,-0.0068498,0.0657281,0.302822,0.105447,-0.0239869,0.0461165
18222,0.135238,0.0118923,-0.00732601,0.0115018,-0.00614935,0.0518707,0.303842,-0.0252037,-0.0381949,0.0294549
18230,0.135238,0.0118927,-0.00732601,0.0115018,-0.00585658,0.0025751,0.300015,-0.0138883,-0.0284103,0.0221939
18238,0.135238,0.0118928,-0.00732601,0.0115018,-0.00617056,-0.0368603,0.294815,0.0514373,-0.0128513,0.0219277
18246,0.135238,0.0118929,-0.00976801,0.0172528,-0.00633668,-0.00928165,0.295169,0.0627537,-0.0170258,0.0274981
18254,0.135238,0.0118929,-0.00976801,0.0172528,-0.0064277,-0.0079485,0.292039,-0.0437213,-0.0291638,0.014507
18262,0.135238,0.0118929,-0.00976801,0.0172528,-0.00665937,0.0420115,0.295282,-0.0581245,-0.0394129,0.0215066
18270,0.135238,0.0118929,-0.00976801,0.0172528,-0.00628684,0.0837121,0.299001,0.0586388,-0.0337386,0.043526
18277,0.135238,0.0118929,-0.00976801,0.0172528,-0.0055579,0.0513378,0.298931,0.0576099,-0.0294446,0.0389008
18286,0.135238,0.0118929,-0.00976801,0.0115018,-0.00521245,-0.0168751,0.297023,-0.0174886,-0.0263845,0.0192682
18294,0.135238,0.0118929,-0.00976801,0.0115018,-0.00551719,-0.0476525,0.292514,-0.0370348,-0.0223965,0.0105673
18302,0.135238,0.0118929,-0.00976801,0.0172528,-0.00578108,-0.0131457,0.295458,0.0519516,-0.0184665,0.0263857
18310,0.135238,0.0118929,-0.00976801,0.0172528,-0.00587285,0.0197622,0.297971,0.0457795,-0.0249716,0.0315338
18318,0.135238,0.0118929,-0.00976801,0.0115018,-0.00573586,0.0201622,0.294204,-0.0231464,-0.0320643,0.023718
18326,0.135238,0.0118929,-0.00976801,0.0115018,-0.00563398,0.0478737,0.296592,0.0252044,-0.0315244,0.0346772
18334,0.135238,0.0118929,-0.00976801,0.0172528,-0.00508254,0.0332178,0.296036,0.0591532,-0.0264245,0.0361962
18342,0.135238,0.0118929,-0.00976801,0.0172528,-0.0046463,-0.0313982,0.293313,2e-08,-0.0227586,0.0183763
18349,0.135238,0.0118929,-0.00976801,0.0172528,-0.00510021,-0.0432564,0.290175,-0.0329202,-0.0235232,0.0113273
18358,0.135238,0.0118929,-0.00976801,0.0172528,-0.00533961,-0.0106147,0.291593,0.0282904,-0.0216644,0.0240127
18366,0.135238,0.0118929,-0.00976801,0.0172528,-0.00546644,0.0368153,0.299713,0.0550381,-0.0275727,0.0363788
18374,0.135317,0.0118615,-0.00976801,0.0172528,-0.00521526,0.0296212,0.297357,-0.0226328,-0.0355293,0.0259845
18382,0.135317,0.0118515,-0.00976801,0.0172528,-0.0058954,0.0108361,0.292705,0.0102873,-0.0268353,0.0249925
18390,0.135238,0.0118786,-0.00976801,0.0115018,-0.00594331,0.031753,0.294032,0.0426931,-0.0259496,0.0331762
18398,0.135238,0.0118868,-0.00976801,0.0115018,-0.00563609,-0.0068838,0.289649,0.0144024,-0.0225326,0.0229672
18406,0.135238,0.0118903,-0.00976801,0.0172528,-0.00569736,-0.0134124,0.283291,-0.0252042,-0.0256722,0.0153793
18414,0.135238,0.0118918,-0.00976801,0.0172528,-0.00584085,0.0261571,0.285717,-0.0339486,-0.0335063,0.0212688
18421,0.135238,0.0118924,-0.00976801,0.0172528,-0.00535299,0.081448,0.294977,0.0210894,-0.0384267,0.0393578
18430,0.135238,0.0118927,-0.00976801,0.0115018,-0.00458468,0.047874,0.296466,0.0210892,-0.0334383,0.0356354
18438,0.135238,0.0118928,-0.00976801,0.0115018,-0.00456645,-0.00768321,0.289021,-0.0252043,-0.0284334,0.0195329
18446,0.135238,0.0118929,-0.00976801,0.0172528,-0.00472607,-0.0140782,0.295011,-0.00462951,-0.0263622,0.0209393
18454,0.135238,0.0118929,-0.00976801,0.0172528,-0.00471838,-0.0295326,0.294523,-0.00154312,-0.0233477,0.0186059
18462,0.135238,0.0118929,-0.00976801,0.0172528,-0.00523643,-0.0142122,0.290446,0.0169745,-0.0223543,0.0220221
18470,0.135238,0.0118929,-0.00976801,0.0172528,-0.00535176,0.0172309,0.291777,0.00514366,-0.0290583,0.0260285
18478,0.135238,0.0118929,-0.00732601,0.0115018,-0.0051584,0.0767852,0.298056,0.0252044,-0.0368555,0.040104
18486,0.135238,0.0118929,-0.00732601,0.0115018,-0.00454864,0.0330853,0.296343,0.0555525,-0.0265425,0.036829
18493,0.135238,0.0118929,-0.00732601,0.0115018,-0.00445708,-0.0184742,0.287417,0.0102876,-0.0219473,0.0213921
18502,0.135238,0.0118929,-0.00976801,0.0115018,-0.00459772,-0.0288673,0.29008,-0.01646,-0.0239897,0.0170879
18510,0.135238,0.0118929,-0.00976801,0.0115018,-0.0047362,-0.0195408,0.291388,0.00514376,-0.0230226,0.0212466
18518,0.135238,0.0118929,-0.00732601,0.0115018,-0.0048956,0.00031005,0.291056,0.0257188,-0.0232491,0.0263877
18526,0.135238,0.0118929,-0.00732601,0.0115018,-0.0056654,0.0468083,0.291327,0.0334347,-0.0290918,0.0341827
18534,0.135238,0.0118929,-0.00732601,0.0115018,-0.00521869,0.0753202,0.298709,0.0036008,-0.039178,0.0373219
18542,0.135238,0.0118929,-0.00732601,0.0115018,-0.00469904,0.0422775,0.29935,0.0488658,-0.0291433,0.0378778
18550,0.135238,0.0118929,-0.00732601,0.0115018,-0.00451544,-0.0515166,0.28616,-0.0216035,-0.0198993,0.0117145
18558,0.135238,0.0118929,-0.00732601,0.0115018,-0.00494973,-0.0304661,0.286927,0.00720113,-0.0195475,0.0182196
18565,0.135238,0.0118929,-0.00732601,0.0115018,-0.00494291,-0.0096816,0.287485,0.0385782,-0.0194236,0.0255656
18574,0.135238,0.0118929,-0.00732601,0.0115018,-0.00504468,0.0306867,0.291171,0.00771568,-0.0302597,0.0292399
18582,0.135238,0.0118929,-0.00732601,0.0115018,-0.00483871,0.0468086,0.290758,0.00823005,-0.0331115,0.0322655
18590,0.135238,0.0118929,-0.00732601,0.0115018,-0.00444505,0.0301544,0.298787,-0.0257187,-0.036165,0.0272617
18598,0.135238,0.0118929,-0.00732601,0.0115018,-0.00436418,-0.0143447,0.298725,0.0195462,-0.0234962,0.0251416
18606,0.135238,0.0118929,-0.00732601,0.0115018,-0.00486069,-0.0643056,0.292509,0.0406357,-0.0109745,0.0174365
18614,0.135238,0.0118929,-0.00732601,0.0115018,-0.00540508,-0.0567133,0.290085,-0.0401212,-0.0206162,0.00803185
18622,0.135238,0.0118929,-0.00732601,0.0115018,-0.00538519,0.00670547,0.296265,0.00565801,-0.0268444,0.0252608
18630,0.135238,0.0118929,-0.00732601,0.0115018,-0.00517303,0.00937014,0.290131,0.0159455,-0.0253828,0.026238
18637,0.135238,0.0118929,-0.00732601,0.0115018,-0.00527304,0.0334851,0.288906,0.0205751,-0.0285322,0.0305525
18646,0.135238,0.0118929,-0.00732601,0.0115018,-0.00499318,0.044542,0.295528,-0.0226325,-0.0369241,0.0287848
18654,0.135238,0.0118929,-0.00732601,0.0115018,-0.00468349,-0.0123468,0.29229,0.0185176,-0.0224739,0.0238772
18662,0.135238,0.0118929,-0.00732601,0.0115018,-0.00505047,-0.0699021,0.28508,0.0308627,-0.00973206,0.0138665
18670,0.135238,0.0118929,-0.00732601,0.0115018,-0.00571494,-0.0624425,0.279104,-0.0149168,-0.0144925,0.0078338
18678,0.135238,0.0118929,-0.00732601,0.0115018,-0.00587135,0.00843717,0.288355,-0.00720108,-0.0267036,0.022082
18686,0.135238,0.0118929,-0.00732601,0.0115018,-0.00591072,0.0611973,0.290472,0.0118308,-0.0335656,0.0335976
18694,0.135238,0.0118929,-0.00732601,0.0115018,-0.00549169,0.0651944,0.290572,0.0545235,-0.0297983,0.0399257
18702,0.135238,0.0118929,-0.00732601,0.0115018,-0.00501914,0.0517373,0.29314,-0.00102855,-0.0351606,0.032142
18709,0.135238,0.0118929,-0.00732601,0.0115018,-0.00454967,-0.00102223,0.289884,-0.00771562,-0.0272548,0.0225026
18718,0.135238,0.0118929,-0.00732601,0.0115018,-0.0048991,-0.0671039,0.277627,0.0210895,-0.0103599,0.0121976
18726,0.135238,0.0118929,-0.00732601,0.0115018,-0.00545241,-0.0203411,0.279056,-0.0432076,-0.0252171,0.0120138
18734,0.135238,0.0118929,-0.00732601,0.0115018,-0.00555216,0.0176303,0.286681,-0.0200605,-0.0299263,0.0223023
18742,0.135238,0.0118929,-0.00732601,0.0115018,-0.0055954,0.0622635,0.283527,0.01646,-0.0325152,0.0336471
18750,0.135238,0.0118929,-0.00732601,0.0115018,-0.00510709,0.0910407,0.288334,0.0138881,-0.0390764,0.0396972
18758,0.135238,0.0118929,-0.00732601,0.0115018,-0.00437877,0.0747863,0.292153,0.0298337,-0.0361021,0.0404481
18766,0.135238,0.0118929,-0.00976801,0.0115018,-0.00381281,-0.0166104,0.290209,-0.0308627,-0.02884,0.018588
18774,0.135238,0.0118929,-0.00976801,0.0115018,-0.00416275,-0.0752315,0.281467,-0.0272616,-0.016727,0.00713905
18781,0.135238,0.0118929,-0.00976801,0.0115018,-0.00466816,-0.0224722,0.288645,-0.00102889,-0.0229121,0.0196709
18790,0.135238,0.0118929,-0.00732601,0.0115018,-0.00466902,0.0105692,0.282563,-0.0174885,-0.0289995,0.0219736
18798,0.135238,0.0118929,-0.00732601,0.0115018,-0.00461874,0.0669261,0.284118,0.0298336,-0.0331628,0.0374802
18806,0.135238,0.0118929,-0.00732601,0.0115018,-0.00405805,0.0707895,0.285221,-0.0437216,-0.0434268,0.0304032
18814,0.135238,0.0118929,-0.00732601,0.0115018,-0.00323307,0.0514713,0.293753,0.0236612,-0.0347726,0.0376074
18822,0.135238,0.0118929,-0.00732601,0.0115018,-0.00292522,-0.047386,0.286333,0.0627538,-0.0128746,0.0246372
18830,0.135238,0.0118929,-0.00732601,0.0115018,-0.00363046,-0.0311317,0.284158,0.00977305,-0.0205092,0.0198058
18838,0.135238,0.0118929,-0.00732601,0.0115018,-0.00353608,0.0087037,0.293499,-0.0210893,-0.0324381,0.0245747
18846,0.135238,0.0118929,-0.00732601,0.0115018,-0.0034588,0.00670572,0.29095,0.0221181,-0.0267096,0.0290393
18853,0.135238,0.0118929,-0.00732601,0.0115018,-0.00350335,-0.0132788,0.290134,0.0601818,-0.0186918,0.0299437
18862,0.135238,0.0118929,-0.00732601,0.0115018,-0.00403125,0.0237591,0.289023,0.0180033,-0.0289436,0.0303456
18870,0.135238,0.0118929,-0.00732601,0.0115018,-0.00374404,0.0256243,0.291626,0.00617254,-0.0314651,0.0300849
18878,0.135317,0.0118615,-0.00732601,0.0115018,-0.0037751,-0.040325,0.27824,0.0699551,-0.0107666,0.0242375
18886,0.135317,0.0118515,-0.00732601,0.0115018,-0.00415526,-0.0174088,0.28123,0.00154353,-0.0226282,0.0200169
18894,0.135238,0.0118786,-0.00732601,0.0115018,-0.00419924,0.022161,0.286567,-0.0462934,-0.035644,0.0218625
18902,0.135238,0.0118868,-0.00732601,0.0115018,-0.00407789,0.0394807,0.286557,0.0442363,-0.0280271,0.0356683
18910,0.135238,0.0118903,-0.00732601,0.0115018,-0.00403308,0.0186969,0.283848,0.0807571,-0.0198713,0.0360691
18918,0.135238,0.0118918,-0.00732601,0.0115018,-0.00407111,0.0646614,0.290913,0.00102873,-0.0380305,0.035551
18925,0.135238,0.0118924,-0.00732601,0.0115018,-0.003528,0.0226926,0.290718,-0.0252043,-0.0348247,0.0260327
18934,0.135238,0.0118927,-0.00732601,0.0115018,-0.0039224,-0.0331294,0.279648,0.0514375,-0.014137,0.0232568
18942,0.135238,0.0118928,-0.00732601,0.0115018,-0.00417136,-0.00022245,0.285703,0.03292,-0.0224499,0.0272967
18950,0.135238,0.0118929,-0.00732601,0.0115018,-0.00439116,0.032953,0.280769,-0.0123448,-0.0322294,0.0264902
18958,0.135238,0.0118929,-0.00732601,0.0115018,-0.00414042,0.0500055,0.283081,0.0653255,-0.0266467,0.0392965
18966,0.135238,0.0118929,-0.00976801,0.0115018,-0.00382368,0.0434771,0.28033,0.046808,-0.0281251,0.0363888
18974,0.135238,0.0118929,-0.00976801,0.0115018,-0.00339885,0.0694576,0.292843,0.0169744,-0.0385843,0.0398936
18982,0.135238,0.0118929,-0.00732601,0.0115018,-0.00297343,-0.0186078,0.282915,0.0149172,-0.0227034,0.0232622
18990,0.135238,0.0118929,-0.00732601,0.0115018,-0.00312399,-0.00088852,0.289514,0.0570956,-0.0215503,0.0321173
18997,0.135238,0.0118929,-0.00732601,0.0115018,-0.00310826,-0.00595142,0.288325,0.0390927,-0.0226554,0.0289577
19006,0.135238,0.0118929,-0.00732601,0.0115018,-0.00319061,0.0212277,0.294091,0.0524664,-0.0264372,0.0359789
19014,0.135238,0.0118929,-0.00732601,0.0115018,-0.00329337,0.00390792,0.290115,0.0745845,-0.0201542,0.0348614
19022,0.135238,0.0118929,-0.00732601,0.0115018,-0.0032224,0.0230936,0.290936,0.0360064,-0.0281364,0.0337979
19030,0.135238,0.0118929,-0.00732601,0.0115018,-0.00309115,-0.00395282,0.289608,0.028805,-0.0244319,0.0283126
19038,0.135238,0.0118929,-0.00732601,0.0115018,-0.00311611,0.0113687,0.287682,0.0884724,-0.0196178,0.0376283
19046,0.135238,0.0118929,-0.00732601,0.0115018,-0.00312186,-0.0128786,0.28333,0.0272622,-0.0220684,0.0255564
19054,0.135238,0.0118929,-0.00732601,0.0115018,-0.00327013,0.0109691,0.288666,-0.0257189,-0.0329509,0.0240052
19062,0.135238,0.0118929,-0.00732601,0.0115018,-0.00313785,0.0153667,0.291199,0.0776708,-0.022095,0.0375683
19069,0.135238,0.0118929,-0.00732601,0.0115018,-0.00301602,0.0108364,0.295046,0.093102,-0.0203076,0.0394115
19078,0.135238,0.0118929,-0.00976801,0.0115018,-0.00304763,-0.0176767,0.293865,-0.0262341,-0.029762,0.020611
19086,0.135238,0.0118929,-0.00976801,0.0115018,-0.00322323,-0.00874859,0.293942,-0.0164602,-0.0298726,0.0230533
19094,0.135238,0.0118929,-0.00732601,0.0115018,-0.00319399,-0.0144776,0.298842,0.0792135,-0.0180788,0.0338247
19102,0.135238,0.0118929,-0.00732601,0.0115018,-0.00342126,-0.0520488,0.29346,0.0390926,-0.015346,0.0215029
19110,0.135238,0.0118929,-0.00976801,0.0172528,-0.00380963,-0.0232713,0.292383,-0.0236611,-0.0279105,0.0179807
19118,0.135238,0.0118929,-0.00976801,0.0172528,-0.00397252,-0.0138118,0.289336,0.0396071,-0.0213213,0.0263511
19126,0.135238,0.0118929,-0.00732601,0.0172528,-0.00410362,0.0116354,0.299596,0.0534952,-0.0250161,0.0334008
19134,0.135238,0.0118929,-0.00732601,0.0172528,-0.0039854,-0.0263358,0.29697,0.028805,-0.0213192,0.0237613
19141,0.135238,0.0118929,-0.00732601,0.0172528,-0.00463773,-0.0436553,0.288248,-0.0236606,-0.0223006,0.0122954
19150,0.135238,0.0118929,-0.00732601,0.0172528,-0.00475165,-0.0191408,0.293758,0.0365207,-0.0200372,0.0243108
19158,0.135238,0.0118929,-0.00732601,0.0172528,-0.00475195,-0.00248735,0.296358,0.0684119,-0.0194813,0.0313335
19166,0.135238,0.0118929,-0.00976801,0.0172528,-0.00478703,0.0196287,0.298277,0.0123451,-0.0304375,0.0291239
19174,0.135238,0.0118929,-0.00976801,0.0172528,-0.00473516,0.0156327,0.290332,0.0252043,-0.0270465,0.0287558
19182,0.135238,0.0118929,-0.00732601,0.0172528,-0.00462444,0.0145663,0.292533,0.0694406,-0.0217703,0.0339191
19190,0.135238,0.0118929,-0.00732601,0.0172528,-0.00442017,-0.0148769,0.294763,0.0267479,-0.022521,0.0245059
19198,0.135238,0.0118929,-0.00732601,0.0115018,-0.00492818,-0.0272685,0.287159,-0.0164598,-0.0229367,0.0160343
19206,0.135238,0.0118929,-0.00732601,0.0115018,-0.00505268,-0.00968171,0.289636,0.00257194,-0.0238607,0.0215027
19213,0.135238,0.0118929,-0.00732601,0.0115018,-0.00480306,0.0252247,0.29204,0.0344631,-0.0266691,0.0319495
19222,0.135238,0.0118929,-0.00976801,0.0172528,-0.00452842,0.0125676,0.292324,0.0668689,-0.0222316,0.033769
19230,0.135238,0.0118929,-0.00976801,0.0172528,-0.00508446,0.0124344,0.291682,0.00720137,-0.0283681,0.0258133
19238,0.135238,0.0118929,-0.00976801,0.0172528,-0.00504753,0.0302871,0.296266,-0.0504084,-0.0389289,0.0228321
19246,0.135238,0.0118929,-0.00976801,0.0172528,-0.00485056,-0.0046185,0.296583,0.0293191,-0.0240245,0.0266418
19254,0.135238,0.0118929,-0.00732601,0.0172528,-0.00506752,-0.03806,0.288907,0.0144026,-0.0182636,0.0172534
19262,0.135238,0.0118929,-0.00732601,0.0172528,-0.00548908,-0.00488555,0.290932,-0.0236612,-0.0280369,0.018138
19270,0.135238,0.0118929,-0.00732601,0.0115018,-0.0055385,0.0386806,0.294724,-0.029834,-0.0359102,0.026045
19278,0.135238,0.0118929,-0.00732601,0.0115018,-0.00508868,0.0202953,0.291999,0.0113164,-0.0281714,0.027969
19285,0.135238,0.0118929,-0.00732601,0.0115018,-0.00522386,0.00244249,0.290072,0.0123451,-0.0245694,0.0245528
19294,0.135238,0.0118929,-0.00732601,0.0115018,-0.00531467,0.0068394,0.293048,-0.0226326,-0.0297793,0.0215193
19302,0.135238,0.0118929,-0.00732601,0.0115018,-0.00519448,-0.00182094,0.296912,-0.0180029,-0.0285748,0.0213832
19310,0.135238,0.0118929,-0.00732601,0.0172528,-0.0052804,-0.0143444,0.292841,0.00565817,-0.0235971,0.0205928
19318,0.135238,0.0118929,-0.00732601,0.0172528,-0.00541941,-0.00328669,0.289657,0.00205751,-0.0251646,0.0213419
19326,0.135238,0.0118929,-0.00732601,0.0115018,-0.00526294,0.0536023,0.299981,-0.0390924,-0.0407223,0.0287222
19334,0.135238,0.0118929,-0.00732601,0.0115018,-0.0048284,0.0132338,0.29503,-0.00308622,-0.0295358,0.0259165
19342,0.135238,0.0118929,-0.00732601,0.0115018,-0.00552369,-0.0206065,0.289919,-0.00720111,-0.0225815,0.0178763
19350,0.135238,0.0118929,-0.00732601,0.0115018,-0.00580302,0.00537332,0.291866,-0.00462961,-0.0265483,0.0225258
19357,0.135238,0.0118929,-0.00732601,0.0115018,-0.00572027,0.00217585,0.294038,-0.0128592,-0.0274477,0.0214744
19366,0.135238,0.0118929,-0.00732601,0.0115018,-0.00567001,-0.0151442,0.292973,-0.0216037,-0.0254811,0.0173913
19374,0.135238,0.0118929,-0.00732601,0.0115018,-0.00624832,0.00017729,0.289781,0.020575,-0.0217595,0.0236632
19382,0.135238,0.0118929,-0.00732601,0.0115018,-0.00622575,0.0525374,0.300284,0.0298335,-0.0311424,0.0353934
19390,0.135238,0.0118929,-0.00732601,0.0115018,-0.00571846,0.0278895,0.296092,0.0123451,-0.029109,0.0291637
19398,0.135238,0.0118929,-0.00732601,0.0115018,-0.00594533,0.00324163,0.296393,-0.00154326,-0.0263611,0.0230588
19406,0.135238,0.0118929,-0.00732601,0.0115018,-0.00642495,-0.0224715,0.292188,-0.00514377,-0.0211482,0.0169096
19414,0.135238,0.0118929,-0.00732601,0.0115018,-0.00648221,0.0296215,0.29432,-0.0195463,-0.0318157,0.0243368
19422,0.135238,0.0118929,-0.00732601,0.0115018,-0.00610744,0.00297482,0.292198,-0.0272616,-0.0284471,0.0190708
19429,0.135238,0.0118929,-0.00732601,0.0115018,-0.00683121,0.0218944,0.288825,0.0144023,-0.0251573,0.0256619
19438,0.135238,0.0118929,-0.00732601,0.0115018,-0.00670669,0.0486734,0.297852,0.00102882,-0.0328346,0.0302675
19446,0.135238,0.0118929,-0.00732601,0.0115018,-0.00629125,0.0490729,0.297122,-0.00411534,-0.0339636,0.0301896
19454,0.135238,0.0118929,-0.00732601,0.0115018,-0.00572849,0.00910354,0.294984,0.00308618,-0.0268677,0.0246792
19462,0.135238,0.0118929,-0.00732601,0.0115018,-0.00575448,-0.0218061,0.291667,-0.00051441,-0.021556,0.0184221
19470,0.135238,0.0118929,-0.00732601,0.0115018,-0.00573649,0.0297542,0.300087,0.0128593,-0.0299785,0.0301605
19478,0.135238,0.0118929,-0.00732601,0.0115018,-0.0053747,0.00803811,0.299145,-0.00977319,-0.0293637,0.0241424
19486,0.135238,0.0118929,-0.00732601,0.0115018,-0.00540688,0.0101694,0.290695,0.00257199,-0.0268599,0.0245577
19494,0.135238,0.0118929,-0.00732601,0.0115018,-0.00568132,0.038148,0.29652,0.0324054,-0.0285801,0.0334018
19501,0.135238,0.0118929,-0.00732601,0.0115018,-0.00535023,0.0306877,0.296422,0.0113164,-0.0302595,0.0300855
19510,0.135238,0.0118929,-0.00732601,0.0172528,-0.00507212,-0.0063511,0.293673,0.00257194,-0.0257184,0.0220134
19518,0.135238,0.0118929,-0.00732601,0.0172528,-0.00527202,-0.0387258,0.286708,0.0236614,-0.0164248,0.0175946
19526,0.135238,0.0118929,-0.00732601,0.0172528,-0.00549868,0.0456089,0.29744,0.030348,-0.0311475,0.0341519
19534,0.135238,0.0118929,-0.00732601,0.0172528,-0.00503749,0.0318866,0.298723,0.0231469,-0.0305461,0.0318157
19542,0.135238,0.0118929,-0.00732601,0.0172528,-0.00538602,0.0264241,0.298264,0.02469,-0.028896,0.0305078
19550,0.135238,0.0118929,-0.00732601,0.0172528,-0.00524406,0.00310843,0.297396,0.0447507,-0.0226919,0.0289693
19558,0.135238,0.0118929,-0.00732601,0.0172528,-0.00540586,0.0140336,0.302554,0.0339491,-0.0263978,0.0301572
19566,0.135238,0.0118929,-0.00732601,0.0172528,-0.00504303,-0.00715043,0.300385,-0.00308643,-0.0273727,0.0223308
19573,0.135238,0.0118929,-0.00732601,0.0172528,-0.00544241,-0.0167428,0.294185,0.0180031,-0.0217346,0.0216345
19582,0.135238,0.0118929,-0.00976801,0.0115018,-0.00568344,0.00270877,0.295912,0.03292,-0.0228889,0.0277236
19590,0.135238,0.0118929,-0.00976801,0.0115018,-0.00563331,0.0169645,0.296629,0.0498943,-0.0234563,0.032342
19598,0.135238,0.0118929,-0.00732601,0.0115018,-0.00541135,0.0222939,0.298977,0.0154315,-0.0286989,0.0294698
19606,0.135238,0.0118929,-0.00732601,0.0115018,-0.0053734,0.0011103,0.297125,0.0262333,-0.0236398,0.0268958
19614,0.135238,0.0118929,-0.00732601,0.0115018,-0.00541249,0.0314862,0.308184,-0.00668688,-0.0343226,0.0299021
19622,0.135238,0.0118929,-0.00732601,0.0115018,-0.0050542,0.00803809,0.304713,0.0293195,-0.0260971,0.0301083
19630,0.135238,0.0118929,-0.00976801,0.0115018,-0.00511839,-0.0309986,0.301946,0.0370353,-0.0185228,0.0242345
19638,0.135238,0.0118929,-0.00976801,0.0115018,-0.00577945,-0.0448531,0.296513,-0.0370344,-0.0231462,0.0113222
19645,0.135238,0.0118929,-0.00976801,0.0115018,-0.00615672,-0.0204742,0.298597,0.00874431,-0.0216416,0.0206921
19654,0.135238,0.0118929,-0.00732601,0.0115018,-0.00629505,0.0236262,0.300971,0.0606961,-0.0226892,0.0341352
19662,0.135238,0.0118929,-0.00732601,0.0115018,-0.00629766,0.00697206,0.292362,-0.00874438,-0.026697,0.0217008
19670,0.135238,0.0118929,-0.00976801,0.0115018,-0.00631899,0.0400136,0.300515,-0.0195463,-0.035169,0.0277253
19678,0.135238,0.0118929,-0.00976801,0.0115018,-0.00610254,0.0133673,0.299279,0.0231469,-0.0257852,0.0283399
19686,0.135238,0.0118929,-0.00976801,0.0115018,-0.00605653,-0.00168808,0.301857,0.0786992,-0.0172025,0.0328241
19694,0.135238,0.0118929,-0.00976801,0.0115018,-0.00623045,-0.0383266,0.297239,-0.00514401,-0.0199737,0.0156902
19702,0.135238,0.0118929,-0.00732601,0.0172528,-0.00662306,-0.00608432,0.299387,-0.0169742,-0.0268443,0.018504
19710,0.135238,0.0118929,-0.00732601,0.0172528,-0.00665598,0.00377438,0.30181,0.0380637,-0.0223521,0.0270325
19717,0.135238,0.0118929,-0.00732601,0.0172528,-0.00684639,0.0198958,0.297348,0.103389,-0.016368,0.0365135
19726,0.135238,0.0118929,-0.00976801,0.0115018,-0.00694536,0.0268236,0.29747,0.0344631,-0.0252457,0.0304998
19734,0.135238,0.0118929,-0.00976801,0.0115018,-0.00683781,0.0146985,0.292669,-0.0447502,-0.0319274,0.0184486
19742,0.135238,0.0118929,-0.00732601,0.0115018,-0.00665163,0.0121686,0.296092,0.0493797,-0.0208292,0.0295631
19750,0.135238,0.0118929,-0.00732601,0.0115018,-0.00666509,-0.0108806,0.292333,0.0714982,-0.0137469,0.0276303
19758,0.135238,0.0118929,-0.00976801,0.0115018,-0.0067609,0.0224265,0.294115,0.020061,-0.025922,0.0277657
19766,0.135238,0.0118929,-0.00976801,0.0115018,-0.00674237,0.0434777,0.297349,-0.0154311,-0.0341686,0.0277001
19774,0.135238,0.0118929,-0.00976801,0.0115018,-0.00650048,0.0574668,0.300135,0.05761,-0.0286835,0.0395019
19782,0.135238,0.0118929,-0.00976801,0.0115018,-0.00603913,0.0301545,0.2967,0.0725269,-0.0224451,0.0367071
19789,0.135238,0.0118929,-0.00976801,0.0115018,-0.00592007,0.00390742,0.296125,-0.0648109,-0.0343117,0.0160789
19798,0.135238,0.0118929,-0.00976801,0.0115018,-0.0059429,-0.0128793,0.294529,-0.027776,-0.0268539,0.0173106
19806,0.135238,0.0118929,-0.00976801,0.0115018,-0.00585864,-0.00461882,0.294179,0.0673833,-0.0170826,0.0300264
19814,0.135238,0.0118929,-0.00976801,0.0115018,-0.00583298,0.00044304,0.291129,0.0282907,-0.0220788,0.0258111
19822,0.135238,0.0118929,-0.00976801,0.0115018,-0.00596677,0.035751,0.293815,-0.0498942,-0.0374397,0.0228244
19830,0.135238,0.0118929,-0.00976801,0.0115018,-0.00576216,0.0533365,0.296229,-0.00874444,-0.0362018,0.0313563
19838,0.135238,0.0118929,-0.00976801,0.0115018,-0.0054222,0.0349503,0.297553,0.0920732,-0.0219331,0.0408327
19846,0.135238,0.0118929,-0.00976801,0.0115018,-0.00510776,-0.0212735,0.294932,0.00411528,-0.0229119,0.0208826
19854,0.135238,0.0118929,-0.00976801,0.0115018,-0.00547794,-0.0108815,0.295749,-0.0488661,-0.0305114,0.0160033
19861,0.135238,0.0118929,-0.00976801,0.0115018,-0.00561088,-0.00488588,0.295867,0.040121,-0.0208642,0.0273764
19870,0.135238,0.0118929,-0.00976801,0.0115018,-0.0056823,0.00284205,0.296111,0.0550381,-0.0203389,0.0303946
19878,0.135238,0.0118929,-0.00976801,0.0115018,-0.00569846,0.0190957,0.294949,-0.036006,-0.0335728,0.0221886
19886,0.135238,0.0118929,-0.00976801,0.0115018,-0.00555522,0.0284223,0.292968,-0.028805,-0.0341619,0.0245079
19894,0.135238,0.0118929,-0.00976801,0.0115018,-0.00547719,0.0228262,0.295156,0.0879575,-0.0199297,0.0378196
19902,0.135238,0.0118929,-0.00976801,0.0115018,-0.00531612,-0.00715002,0.294248,0.0426933,-0.020329,0.0274456
19910,0.135238,0.0118929,-0.00976801,0.0115018,-0.00548789,-0.0267347,0.291563,-0.0848713,-0.031416,0.0083603
19918,0.135238,0.0118929,-0.00976801,0.0115018,-0.00596097,0.0160313,0.294221,-0.00617258,-0.0290658,0.0247099
19926,0.135238,0.0118929,-0.00976801,0.0115018,-0.00574945,0.0181631,0.292667,0.0869292,-0.0184946,0.0361231
19933,0.135238,0.0118929,-0.00976801,0.0115018,-0.00557704,0.038815,0.297391,0.0154311,-0.0313691,0.0321883
19942,0.135238,0.0118929,-0.00732601,0.0115018,-0.00553906,0.0241604,0.293987,-0.0848723,-0.0398488,0.0169481
19950,0.135238,0.0118929,-0.00732601,0.0115018,-0.00543353,0.0350842,0.29421,0.0226326,-0.0291897,0.0316987
19958,0.135238,0.0118929,-0.00732601,0.0115018,-0.00493503,0.0146992,0.292479,0.0565813,-0.0221924,0.0326592
19966,0.135238,0.0118929,-0.00732601,0.0115018,-0.00494008,-0.0187426,0.289359,-0.0498946,-0.0286389,0.013871
19974,0.135238,0.0118929,-0.00732601,0.0115018,-0.00533221,0.0250912,0.29222,-0.0370352,-0.0343691,0.0227653
19982,0.135238,0.0118929,-0.00732601,0.0115018,-0.00497878,0.0384145,0.294515,0.0498944,-0.0272113,0.036172
19990,0.135238,0.0118929,-0.00732601,0.0115018,-0.00464528,0.0216272,0.295828,0.0468083,-0.0254414,0.0336274
19998,0.135238,0.0118929,-0.00732601,0.0115018,-0.00471885,-0.00994804,0.297525,-0.0586384,-0.0327598,0.0159593
20005,0.135238,0.0118929,-0.00732601,0.0115018,-0.00490131,0.00550703,0.296937,0.00977315,-0.0269358,0.0263272
20014,0.135238,0.0118929,-0.00732601,0.0115018,-0.00486324,-0.0212731,0.295122,0.0622394,-0.0160386,0.0277319
20022,0.135238,0.0118929,-0.00732601,0.0115018,-0.00545843,-0.0320652,0.291366,-0.026748,-0.0232926,0.0139397
20030,0.135238,0.0118929,-0.00976801,0.0115018,-0.00570836,0.0256242,0.296751,-0.0252044,-0.0336678,0.0248533
20038,0.135238,0.0118929,-0.00976801,0.0115018,-0.00543124,0.0397469,0.295624,0.0396067,-0.0285932,0.0351234
20046,0.135238,0.0118929,-0.00732601,0.0115018,-0.00511409,0.0321527,0.296275,0.0329201,-0.0282614,0.0331946
20054,0.135238,0.0118929,-0.00732601,0.0115018,-0.00511207,-0.0135455,0.293278,-0.00874455,-0.0250529,0.0200115
20062,0.135238,0.0118929,-0.00976801,0.0115018,-0.00539337,-0.0111473,0.293579,-0.00154323,-0.0246585,0.0213203
20070,0.135238,0.0118929,-0.00976801,0.0115018,-0.00518852,-8.907e-05,0.296342,0.0576098,-0.0202651,0.0309261
20077,0.135238,0.0118929,-0.00976801,0.0115018,-0.00521168,-0.0123455,0.291088,0.00565843,-0.0234594,0.0218198
20086,0.135238,0.0118929,-0.00976801,0.0115018,-0.00531063,0.0192292,0.29382,-0.023661,-0.0324944,0.0240301
20094,0.135238,0.0118929,-0.00976801,0.0115018,-0.00506158,0.0502726,0.296134,0.0540093,-0.0292481,0.0392156
20102,0.135238,0.0118929,-0.00976801,0.0115018,-0.00467271,0.0460087,0.301455,0.0339487,-0.0322932,0.0375191
20110,0.135238,0.0118929,-0.00976801,0.0115018,-0.00461113,-0.0307325,0.293551,-0.0241756,-0.0251276,0.0163991
20118,0.135238,0.0118929,-0.00976801,0.0115018,-0.00531291,-0.0167424,0.293426,-0.0426927,-0.0286582,0.0155915
20126,0.135238,0.0118929,-0.00976801,0.0115018,-0.00537229,-0.0107483,0.291583,0.0900151,-0.0136453,0.0319191
20134,0.135238,0.0118929,-0.00732601,0.0115018,-0.00537282,0.00403929,0.292086,0.0113165,-0.0250761,0.0248196
20142,0.135238,0.0118929,-0.00732601,0.0115018,-0.00538728,0.0154992,0.291778,-0.0534947,-0.034558,0.0190389
20149,0.135238,0.0118929,-0.00732601,0.0115018,-0.00540588,0.0360163,0.296745,0.0540093,-0.0260951,0.0360135
20158,0.135238,0.0118929,-0.00732601,0.0115018,-0.00509816,0.0306872,0.303192,0.0653255,-0.0253344,0.0379128
20166,0.135238,0.0118929,-0.00732601,0.0115018,-0.00505609,-0.0162109,0.300677,-0.0252039,-0.0278157,0.0188829
20174,0.135238,0.0118929,-0.00732601,0.0172528,-0.0058859,-0.0461875,0.296732,-0.0426931,-0.0237626,0.00923958
20182,0.135238,0.0118929,-0.00732601,0.0172528,-0.00631392,-0.0327312,0.298277,0.0370347,-0.0162755,0.0206059
20190,0.135238,0.0118929,-0.00732601,0.0115018,-0.00649943,0.00417406,0.296461,0.0447506,-0.0203081,0.0279273
20198,0.135238,0.0118929,-0.00732601,0.0115018,-0.0064698,0.0232259,0.295248,-0.0678976,-0.0366103,0.0176996
20206,0.135238,0.0118929,-0.00732601,0.0172528,-0.00639385,0.0185634,0.291557,-0.0272618,-0.0312312,0.0205409
20214,0.135238,0.0118929,-0.00732601,0.0172528,-0.00622585,0.0412131,0.298197,0.0709834,-0.0247428,0.0373141
20221,0.135238,0.0118929,-0.00732601,0.0172528,-0.0058593,-8.944e-05,0.295013,0.055038,-0.0197119,0.0283982
20230,0.135238,0.0118929,-0.00732601,0.0172528,-0.0060666,-0.0102153,0.292191,-0.036006,-0.0280057,0.0151682
20238,0.135238,0.0118929,-0.00732601,0.0172528,-0.00617544,-0.0128792,0.290037,-0.00360057,-0.0232451,0.0180463
20246,0.135238,0.0118929,-0.00732601,0.0172528,-0.00625197,0.0360165,0.298453,0.0689262,-0.0241218,0.0361913
20254,0.135238,0.0118929,-0.00732601,0.0172528,-0.00587469,0.0528037,0.301885,-0.00874413,-0.0371524,0.0309467
20262,0.135238,0.0118929,-0.00732601,0.0172528,-0.00557323,0.0265562,0.293781,-0.0447503,-0.0361192,0.021338
20270,0.135238,0.0118929,-0.00732601,0.0172528,-0.00543224,0.0108358,0.295995,0.0164598,-0.0268312,0.0264517
20278,0.135238,0.0118929,-0.00732601,0.0172528,-0.00523161,-0.0283343,0.296129,0.0416644,-0.0176136,0.0230661
20286,0.135238,0.0118929,-0.00732601,0.0172528,-0.00571281,-0.0340629,0.291095,-0.0174887,-0.0221503,0.0136156
20293,0.135238,0.0118929,-0.00732601,0.0172528,-0.00597173,0.00390793,0.287774,-0.0473225,-0.0311191,0.0156548
20302,0.135238,0.0118929,-0.00732601,0.0172528,-0.00575897,0.076785,0.29717,0.0200604,-0.0371671,0.0378349
20310,0.135238,0.0118929,-0.00732601,0.0172528,-0.00514422,0.0546697,0.29835,0.0354918,-0.0326919,0.0369435
20318,0.135238,0.0118929,-0.00732601,0.0172528,-0.00472782,0.0310873,0.296641,-0.00977334,-0.0343835,0.0278848
20326,0.135238,0.0118929,-0.00732601,0.0172528,-0.00461134,0.0316198,0.300412,0.00205784,-0.0338468,0.0301445
20334,0.135238,0.0118929,-0.00732601,0.0172528,-0.00425961,-0.00661708,0.296438,-0.0324055,-0.0313625,0.0194132
20342,0.135238,0.0118929,-0.00732601,0.0172528,-0.00412127,-0.0175422,0.297101,-0.040121,-0.0307434,0.0169417
20350,0.135238,0.0118929,-0.00976801,0.0172528,-0.00451026,-0.0246034,0.293362,-0.0354918,-0.0282718,0.0155351
20358,0.135238,0.0118929,-0.00976801,0.0172528,-0.00470968,0.0480072,0.297867,0.0550379,-0.0301911,0.0390425
20365,0.135238,0.0118929,-0.00976801,0.0172528,-0.00429319,0.045476,0.302049,0.0473225,-0.0319258,0.0389551
20374,0.135238,0.0118929,-0.00976801,0.0172528,-0.00403767,0.0164322,0.301589,-0.00720122,-0.0337745,0.0278491
20382,0.135238,0.0118929,-0.00976801,0.0172528,-0.00406905,0.00577274,0.307712,0.00154294,-0.0319056,0.0280116
20390,0.135238,0.0118929,-0.00732601,0.0172528,-0.0041844,-0.0304657,0.299264,0.031377,-0.0204207,0.0234545
20398,0.135238,0.0118929,-0.00732601,0.0172528,-0.00401104,0.00377514,0.309339,0.0169743,-0.0297024,0.0294454
20406,0.135238,0.0118929,-0.00732601,0.0172528,-0.00392741,-0.0403248,0.302662,-0.0113166,-0.0247053,0.0176361
20414,0.135238,0.0118929,-0.00732601,0.0172528,-0.0043622,0.0213609,0.306881,0.0432071,-0.0286699,0.0346531
20422,0.135238,0.0118929,-0.00732601,0.0172528,-0.00410973,0.0358832,0.304074,0.0169746,-0.0340845,0.0339238
20430,0.135238,0.0118929,-0.00732601,0.0172528,-0.00381741,0.0200285,0.303874,0.00925859,-0.0327152,0.0306891
20437,0.135238,0.0118929,-0.00732601,0.0172528,-0.00367251,-0.053781,0.301117,0.0560668,-0.0146204,0.0234181
20446,0.135238,0.0118929,-0.00732601,0.0172528,-0.00439165,-0.0497851,0.292992,0.048351,-0.0138955,0.0208727
20454,0.135238,0.0118929,-0.00732601,0.0172528,-0.00452474,0.0529365,0.305311,0.0169744,-0.0365606,0.0364462
20462,0.135238,0.0118929,-0.00976801,0.0172528,-0.00417176,0.0659934,0.306574,-0.0154311,-0.0436451,0.0359276
20470,0.135238,0.0118929,-0.00976801,0.0172528,-0.00375831,0.0382819,0.306526,0.0210896,-0.035274,0.0360978
20478,0.135238,0.0118929,-0.00976801,0.0115018,-0.00460572,-0.00035555,0.304104,0.0468077,-0.0235484,0.0316686
20486,0.135238,0.0118929,-0.00976801,0.0115018,-0.00476813,0.00857108,0.307852,-0.00823008,-0.0319043,0.0270591
20494,0.135238,0.0118929,-0.00976801,0.0115018,-0.00435566,-0.00528528,0.309631,-0.0102874,-0.030687,0.0253201
20502,0.135238,0.0118929,-0.00976801,0.0115018,-0.0044644,-0.036194,0.300367,0.0149169,-0.0209094,0.0213941
20509,0.135238,0.0118929,-0.00976801,0.0115018,-0.00474238,-0.0102148,0.302504,0.0365208,-0.0226661,0.0283258
20518,0.135238,0.0118929,-0.00732601,0.0115018,-0.00478865,0.0384144,0.30856,0.0313768,-0.0319179,0.0365122
20526,0.135238,0.0118929,-0.00732601,0.0115018,-0.00414528,0.0517374,0.315157,0.0524663,-0.0336108,0.0432341
20534,0.135238,0.0118929,-0.00976801,0.0115018,-0.00378153,0.00031058,0.312631,0.0807567,-0.0221713,0.0383198
20542,0.135238,0.0118929,-0.00976801,0.0115018,-0.00395707,-0.025136,0.314835,0.0385782,-0.0230006,0.0291131
20550,0.135238,0.0118929,-0.00732601,0.0115018,-0.00408464,-0.0202067,0.315825,-0.0149164,-0.0297172,0.0232164
20558,0.135238,0.0118929,-0.00732601,0.0115018,-0.00415127,-0.0115468,0.314998,0.0205751,-0.0267576,0.0286594
20566,0.135238,0.0118929,-0.00976801,0.0115018,-0.00398696,-0.0333965,0.312781,0.0668685,-0.0179147,0.0306787
20574,0.135238,0.0118929,-0.00976801,0.0115018,-0.00447802,-0.0376605,0.309625,0.0344632,-0.0198335,0.0249281
20581,0.135238,0.0118929,-0.00976801,0.0115018,-0.0047763,0.0233595,0.31234,0.0113165,-0.0327845,0.0325986
20590,0.135238,0.0118929,-0.00976801,0.0115018,-0.00456226,0.0398801,0.316006,0.0293195,-0.0343104,0.038428
20598,0.135238,0.0118929,-0.00976801,0.0115018,-0.00426616,-0.0163428,0.318066,0.0627536,-0.0217154,0.0335568
20606,0.135238,0.0118929,-0.00732601,0.0172528,-0.00455598,-0.0645724,0.315202,0.0390928,-0.0158652,0.0206118
20614,0.135238,0.0118929,-0.00732601,0.0172528,-0.00522774,-0.0476529,0.317062,0.0277762,-0.0193981,0.0215156
20622,0.135238,0.0118929,-0.00976801,0.0115018,-0.00561577,0.0012434,0.319341,-0.00720094,-0.0312382,0.0266021
20630,0.135238,0.0118929,-0.00976801,0.0115018,-0.00552216,0.0125678,0.323073,0.0432077,-0.0279219,0.0352203
20638,0.135238,0.0118929,-0.00732601,0.0172528,-0.00549184,-0.019141,0.319002,0.0596675,-0.0203536,0.0300822
20646,0.135238,0.0118929,-0.00732601,0.0172528,-0.005737,-0.0483184,0.318595,-0.0159457,-0.0239819,0.0157702
20653,0.135238,0.0118929,-0.00732601,0.0172528,-0.00631106,-0.0479188,0.316789,0.0339489,-0.0170864,0.0206439
20662,0.135238,0.0118929,-0.00732601,0.0172528,-0.00653078,-0.0369944,0.313785,0.0102878,-0.0209127,0.0189153
20670,0.135238,0.0118929,-0.00732601,0.0172528,-0.00659186,-0.00688459,0.322232,0.0066869,-0.0276453,0.0248903
20678,0.135238,0.0118929,-0.00732601,0.0115018,-0.00664335,-0.0138117,0.322109,0.0416643,-0.021598,0.0284342
20686,0.135238,0.0118929,-0.00732601,0.0115018,-0.00695189,0.00750508,0.320491,0.0817858,-0.0197468,0.0361135
20694,0.135238,0.0118929,-0.00732601,0.0115018,-0.00702431,-0.0198064,0.31965,-0.00977213,-0.0257342,0.0204054
20702,0.135238,0.0118929,-0.00732601,0.0115018,-0.00743634,0.0103029,0.322023,-0.060696,-0.0365795,0.0193175
20710,0.135238,0.0118929,-0.00732601,0.0172528,-0.00722901,-0.0123468,0.315446,0.00308628,-0.0251837,0.0215519
20718,0.135238,0.0118929,-0.00732601,0.0172528,-0.00737293,-0.0436549,0.314694,0.0884723,-0.00957102,0.0259948
20725,0.135238,0.0118929,-0.00732601,0.0172528,-0.00775464,-0.0160775,0.314226,0.0344633,-0.019941,0.0236957
20734,0.135238,0.0118929,-0.00732601,0.0172528,-0.00791713,0.0309519,0.317762,-0.0468072,-0.0377216,0.022436
20742,0.135238,0.0118929,-0.00732601,0.0172528,-0.00767943,0.0881098,0.324121,-0.00617228,-0.0438391,0.0383242
20750,0.135238,0.0118929,-0.00732601,0.0172528,-0.00712713,0.0221605,0.317188,0.0627539,-0.0243421,0.0349013
20758,0.135238,0.0118929,-0.00732601,0.0172528,-0.00693141,-0.0147449,0.318562,0.0421788,-0.0210898,0.0266825
20766,0.135238,0.0118929,-0.00732601,0.0115018,-0.00704758,-0.0219402,0.320318,-0.0812705,-0.0338771,0.0116656
20774,0.135238,0.0118929,-0.00732601,0.0115018,-0.00719225,-0.0103481,0.31983,-0.0385781,-0.030506,0.0184046
20782,0.135238,0.0118929,-0.00732601,0.0172528,-0.00706133,0.00324205,0.317209,0.00205741,-0.0284258,0.0246016
20790,0.135238,0.0118929,-0.00732601,0.0172528,-0.00702834,0.0386814,0.324333,0.00822979,-0.0348146,0.0325572
20797,0.135238,0.0118929,-0.00732601,0.0172528,-0.00667946,0.0162981,0.32037,0.0159456,-0.030008,0.029508
20806,0.135238,0.0118929,-0.00732601,0.0115018,-0.00675882,-0.0104813,0.320896,-0.0421786,-0.0316782,0.0187331
20814,0.135238,0.0118929,-0.00732601,0.0115018,-0.00744448,0.00497376,0.324547,-0.0154315,-0.030751,0.0241566
20822,0.135238,0.0118929,-0.00732601,0.0172528,-0.00764004,0.0404127,0.324079,-0.0133739,-0.0367637,0.0294033
20830,0.135238,0.0118929,-0.00732601,0.0172528,-0.00721225,0.0598648,0.326881,-0.00925877,-0.040572,0.0342492
20838,0.135238,0.0118929,-0.00732601,0.0115018,-0.00673093,-0.00195447,0.324614,0.0416644,-0.0238622,0.0307337
20846,0.135238,0.0118929,-0.00732601,0.0115018,-0.00651838,-0.0829589,0.321651,-0.0488658,-0.0208066,0.00606465
20854,0.135238,0.0118929,-0.00732601,0.0115018,-0.00621097,-0.215522,0.311977,-0.0792136,-0.00109339,-0.0212145
20862,0.135238,0.0118929,-0.00732601,0.0115018,-0.00607206,-0.308517,0.300047,-0.0123452,0.0240572,-0.0308664
20869,0.135238,0.0118929,-0.00732601,0.0115018,-0.00715498,-0.3774,0.272909,0.0432073,0.0479815,-0.0419088
20878,0.135238,0.0118929,-0.00732601,0.0115018,-0.00988847,-0.40592,0.236361,0.0056584,0.0579856,-0.0609078
20886,0.135238,0.0118929,-0.00732601,0.0115018,-0.0118969,-0.369677,0.200331,-0.0812709,0.0502629,-0.0736259
20894,0.135238,0.0118929,-0.00732601,0.0115018,-0.0139623,-0.402984,0.146606,-0.0663541,0.0690926,-0.0890735
20902,0.135238,0.0118929,-0.00732601,0.0115018,-0.0167364,-0.312392,0.101927,-0.0200606,0.0704336,-0.0792563
20910,0.135238,0.0118929,-0.00732601,0.0172528,-0.0180278,-0.244441,0.0428886,-0.10699,0.0594495,-0.0899651
20918,0.135238,0.0118929,-0.00732601,0.0172528,-0.0199716,-0.0436592,0.00126339,-0.126536,0.0329785,-0.0675254
20926,0.135238,0.0118929,-0.00732601,0.0172528,-0.0195491,0.168051,0.00187091,0.0468095,0.0173377,-0.0103141
20934,0.135238,0.0118929,-0.00732601,0.0172528,-0.0168103,0.31926,0.0292201,0.015431,-0.0198183,0.019943
20941,0.135238,0.0118929,-0.00732601,0.0172528,-0.0126749,0.464077,0.0478177,-0.0987588,-0.0661825,0.0398624
20950,0.135238,0.0118929,-0.00732601,0.0172528,-0.00824426,0.271977,0.0256023,0.0529806,-0.0187393,0.0277093
20958,0.135238,0.0118929,-0.00732601,0.0172528,-0.00656611,0.107299,0.0188511,0.084872,0.0113109,0.00470596
