TimeStamp,h_d,theta_d,v_d,psi_dot_d,theta_hat,theta_dot_hat,v_hat,psi_dot_hat,tau_RW,tau_LW
758,0.135079,0.0119906,-0.00549451,0.0230037,-0.0381267,-0.183282,-0.0136676,0.00308637,0.114637,-0.12082
774,0.135079,0.0119906,-0.00549451,0.0230037,-0.0408033,0.0842504,-0.0661441,-0.076128,0.0727768,-0.0974194
790,0.135079,0.0119906,-0.00549451,0.0230037,-0.0377757,0.421189,-0.102517,0.043722,0.0293369,-0.0236918
806,0.135079,0.0119906,-0.00549451,0.0230037,-0.0305138,0.466356,-0.0809578,-0.0689273,-0.00948934,-0.0120172
821,0.135079,0.0119906,-0.00549451,0.0230037,-0.0243723,0.192562,-0.0570263,0.0781853,0.0428162,-0.0293167
838,0.135079,0.0119906,-0.00549451,0.0230037,-0.0208646,0.0739863,-0.0610676,-0.0781861,0.0407363,-0.065616
854,0.135079,0.0119906,-0.00549451,0.0230037,-0.0198858,0.109294,-0.0732494,0.0118307,0.0464787,-0.0493297
870,0.135079,0.0119906,-0.00549451,0.0230037,-0.0172954,0.229071,-0.0638694,0.0195462,0.0190979,-0.0196446
886,0.135079,0.0119906,-0.00549451,0.0230037,-0.0139297,0.164318,-0.0542654,-0.0884726,0.0100808,-0.0370675
902,0.135079,0.0119906,-0.00549451,0.0230037,-0.011863,0.0653275,-0.0411965,0.00720101,0.0333664,-0.0373609
918,0.135079,0.0119906,-0.00549451,0.0230037,-0.0116276,0.0861112,-0.0501922,-0.00823008,0.0294196,-0.0370998
934,0.135079,0.0119906,-0.00549451,0.0230037,-0.00934765,0.226539,-0.0469706,-0.0318913,-0.00359684,-0.00935249
950,0.135079,0.0119906,-0.00549451,0.0230037,-0.00599149,0.247055,-0.030805,-0.0298338,-0.016357,0.00402734
965,0.135079,0.0119906,-0.00549451,0.0230037,-0.00349828,0.0586649,-0.0163089,0.00565813,0.0149335,-0.0191962
982,0.135079,0.0119906,-0.00549451,0.0230037,-0.0033587,-0.00901551,-0.0187483,-0.0133737,0.0253402,-0.0344507
998,0.135079,0.0119906,-0.00549451,0.0230037,-0.00311359,0.072389,-0.0190468,-0.0133736,0.0101286,-0.0189725
1014,0.135079,0.0119906,-0.00549451,0.0230037,-0.00129096,0.212281,-0.00612077,0.061725,-0.0123265,0.0222365
1030,0.135079,0.0119906,-0.00549451,0.0230037,0.00097987,0.0889083,-0.00196877,-0.0138877,-0.00362823,-0.00522355
1046,0.135079,0.0119906,-0.00549451,0.0230037,0.00206304,0.0326852,-0.00079374,0.0257188,0.00942123,-0.00880145
1062,0.135079,0.0119906,-0.00549451,0.0230037,0.00271343,0.032819,-0.00230245,-0.0329194,0.00156915,-0.0152071
1078,0.135079,0.0119906,-0.00549451,0.0230037,0.00357286,0.102233,0.00804456,0.00514373,-0.0103254,0.00618764
1094,0.135079,0.0119906,-0.00549451,0.0230037,0.0049696,0.0585324,0.00424359,-1e-08,-0.00434406,-0.00116639
1109,0.135079,0.0119906,-0.00549451,0.0230037,0.005896,0.0572007,0.00446339,0.00257188,-0.00534871,0.00047352
1126,0.135079,0.0119906,-0.00549451,0.0230037,0.00692332,0.102499,0.00806388,0.00514366,-0.0158359,0.0117487
1142,0.135079,0.0119906,-0.00549451,0.0230037,0.00862262,0.111159,0.00957745,0.0020575,-0.0209168,0.0161321
1158,0.135079,0.0119906,-0.00549451,0.0230037,0.0103676,0.10916,0.00823044,-0.0025719,-0.0236398,0.0177479
1174,0.135079,0.0119906,-0.00549451,0.0230037,0.0120468,0.115423,0.00988657,-0.00411492,-0.0280959,0.021874
1190,0.135079,0.0119906,-0.00549451,0.0230037,0.0141032,0.159922,0.0140618,0.0108019,-0.0387484,0.036331
1206,0.135079,0.0119906,-0.00549451,0.0230037,0.0165315,0.144067,0.0156961,0.0262332,-0.0383142,0.0396366
1222,0.135079,0.0119906,-0.00549451,0.0230037,0.0186923,0.127413,0.0187909,0.0437219,-0.0373909,0.0429474
1238,0.135079,0.0119906,-0.00549451,0.0230037,0.0206501,0.120618,0.0266498,0.0622395,-0.0389324,0.0490031
1253,0.135079,0.0119906,-0.00549451,0.0230037,0.0225768,0.0895759,0.0382549,0.0997888,-0.0345574,0.0536949
1270,0.135079,0.0119906,-0.00549451,0.0230037,0.0235682,0.0305539,0.0382147,0.120878,-0.0228107,0.0469036
1286,0.135079,0.0119906,-0.00549451,0.0230037,0.0243389,0.0725218,0.0365123,0.043208,-0.0407731,0.0461144
1302,0.135079,0.0119906,-0.00549451,0.0230037,0.0257433,0.0869124,0.0608383,0.0606964,-0.0492747,0.058943
1318,0.135079,0.0119906,-0.00549451,0.0230037,0.0259783,-0.0537809,0.0743004,0.05761,-0.0274693,0.0359381
1334,0.135079,0.0119906,-0.00549451,0.0230037,0.0245938,-0.119596,0.0622528,-0.0159451,-0.0192893,0.00962569
1350,0.135079,0.0119906,-0.00549451,0.0230037,0.0236522,0.0670586,0.0655359,0.0375494,-0.0461527,0.0500946
1366,0.135079,0.0119906,-0.00549451,0.0230037,0.0247435,0.0605318,0.0911292,0.0859007,-0.046869,0.0625755
1382,0.135079,0.0119906,-0.00549451,0.0230037,0.0245634,-0.0845567,0.089974,0.0149171,-0.0284012,0.0263647
1397,0.135079,0.0119906,-0.00549451,0.0230037,0.0228205,-0.132388,0.0825204,0.0534949,-0.0103833,0.0175516
1414,0.135079,0.0119906,-0.00549451,0.0230037,0.0218838,0.0556003,0.0829897,0.0185175,-0.0475843,0.0468355
1430,0.135079,0.0119906,-0.00549451,0.0230037,0.0232875,0.134209,0.109188,0.0318915,-0.0687641,0.071549
1446,0.135079,0.0119906,-0.00549451,0.0230037,0.02333,-0.145177,0.105192,-0.0272615,-0.0240032,0.0114927
1462,0.135079,0.0119906,-0.00549451,0.0230037,0.0208711,-0.114935,0.0965658,0.0267479,-0.016943,0.0176334
1478,0.135079,0.0119906,-0.00549451,0.0230037,0.0198909,0.0909072,0.101873,0.00823,-0.056473,0.0533091
1494,0.135079,0.0119906,-0.00549451,0.0230037,0.0218561,0.112224,0.122652,0.0884725,-0.0587,0.0751621
1510,0.135079,0.0119906,-0.00549451,0.0230037,0.021811,-0.18368,0.114485,-0.00205741,-0.0136088,0.00708565
1526,0.135079,0.0119906,-0.00549451,0.0230037,0.0192504,-0.120398,0.106672,0.0401211,-0.0140512,0.0179558
1541,0.135079,0.0119906,-0.00549451,0.0230037,0.0188185,0.0947719,0.115566,0.0411498,-0.054647,0.059492
1558,0.135079,0.0119906,-0.00549451,0.0230037,0.0205541,0.0257563,0.137894,0.0483512,-0.0492206,0.0556248
1574,0.135079,0.0119906,-0.00549451,0.0230037,0.0193486,-0.145576,0.136797,-0.0180024,-0.0237362,0.0134241
1590,0.135079,0.0119906,-0.00549451,0.0230037,0.0171881,-0.120931,0.12321,0.0956732,-0.00772762,0.0251196
1606,0.135079,0.0119906,-0.00549451,0.0230037,0.0165531,0.152727,0.140519,0.00822998,-0.0714057,0.0683991
1622,0.135079,0.0119906,-0.00549451,0.0230037,0.0183486,0.0433432,0.159794,0.0668688,-0.0517326,0.0626706
1638,0.135079,0.0119906,-0.00549451,0.0230037,0.017057,-0.232841,0.147869,0.0267476,-0.0012119,0.00147436
1654,0.135079,0.0119906,-0.00549451,0.0230037,0.0135374,-0.0836277,0.139517,0.0694403,-0.0156133,0.0266918
1670,0.135079,0.0119906,-0.00549451,0.0230037,0.0132154,0.200957,0.160972,-0.0473217,-0.0863328,0.0699196
1685,0.135079,0.0119906,-0.00549451,0.0230037,0.0156353,0.00537063,0.174314,0.0169747,-0.0498378,0.0484756
1702,0.135079,0.0119906,-0.00549451,0.0306715,0.014137,-0.27281,0.163889,0.0756129,0.0120966,-0.00197968
1718,0.135079,0.0119906,-0.003663,0.0230037,0.0106684,-0.102947,0.156211,0.0457795,-0.0137693,0.0189885
1734,0.135079,0.0119906,-0.003663,0.0230037,0.0107442,0.16019,0.171176,-0.0144024,-0.0728207,0.0642505
1750,0.135079,0.0119906,-0.003663,0.0230037,0.0130736,0.00124076,0.19135,0.0550379,-0.0438545,0.0517051
1766,0.135079,0.0119906,-0.003663,0.0230037,0.0120783,-0.17555,0.188529,0.0498945,-0.00987519,0.015888
1782,0.135079,0.0119906,-0.003663,0.0230037,0.00866712,-0.112142,0.174462,-0.0226326,-0.0214201,0.00993755
1798,0.135079,0.0119906,-0.00549451,0.0306715,0.00832476,0.174177,0.183832,0.0267475,-0.0707692,0.0703576
1814,0.135079,0.0119906,-0.00549451,0.0306715,0.0108936,-0.00782152,0.206636,0.0550378,-0.0435946,0.049521
1829,0.135079,0.0119906,-0.00549451,0.0306715,0.00989837,-0.254154,0.196939,0.0246896,0.00165027,-0.00392026
1846,0.135079,0.0119906,-0.00549451,0.0306715,0.00632292,-0.087095,0.172355,0.0401214,-0.0154256,0.0173924
1862,0.135079,0.0119906,-0.00549451,0.0230037,0.00769262,0.189234,0.194413,0.0349774,-0.0730442,0.076542
1878,0.135079,0.0119906,-0.00732601,0.0230037,0.00994405,-0.0528517,0.213811,0.02469,-0.0386833,0.0389334
1894,0.135079,0.0119906,-0.00732601,0.0306715,0.00849474,-0.259084,0.210817,0.0118303,-0.00040989,-0.00502281
1910,0.135079,0.0119906,-0.00732601,0.0306715,0.00457325,-0.164501,0.187432,0.0354918,-0.00295369,0.00352119
1926,0.135079,0.0119906,-0.00732601,0.0306715,0.00436769,0.172712,0.209475,0.0200607,-0.0713147,0.0692178
1942,0.135079,0.0119906,-0.00549451,0.0230037,0.00738716,-0.0198106,0.232783,0.0504088,-0.0414569,0.0480368
1958,0.135079,0.0119906,-0.00549451,0.0230037,0.00614014,-0.25855,0.224964,0.0339484,0.0040559,-0.00227214
1973,0.135079,0.0119906,-0.00549451,0.0230037,0.00216508,-0.169165,0.20038,0.0488657,0.00176887,0.00386968
1990,0.135079,0.0119906,-0.00549451,0.0230037,0.00183713,0.165918,0.214044,0.0159455,-0.0661615,0.0648701
2006,0.135079,0.0119906,-0.003663,0.0230037,0.00398101,0.0118989,0.232424,-0.0216037,-0.049939,0.0390487
2022,0.135079,0.0119906,-0.003663,0.0230037,0.00307604,-0.248028,0.223766,-0.0169749,0.00164868,-0.0122674
2038,0.135079,0.0119906,-0.003663,0.0230037,0.00048183,-0.123599,0.206973,-0.0221181,-0.013559,0.00204916
2054,0.135079,0.0119906,-0.003663,0.0230037,0.00090445,0.184305,0.226892,0.0519519,-0.0662153,0.0737323
2070,0.135079,0.0119906,-0.0018315,0.0306715,0.00329593,-0.0180774,0.247903,0.0735556,-0.035918,0.0462112
2086,0.135079,0.0119906,-0.0018315,0.0306715,0.001576,-0.252156,0.23593,0.0370353,0.00805111,-0.00742769
2102,0.135079,0.0119906,0.00183159,0.0306715,-0.00193813,-0.152511,0.212406,0.0226327,0.00018707,-0.00280334
2117,0.135079,0.0119906,0.00183159,0.0306715,-0.00159076,0.184971,0.227194,0.0210895,-0.0657344,0.0638406
2134,0.135079,0.0119906,0.00183159,0.0306715,0.00148917,0.0055024,0.245753,0.0102878,-0.0436068,0.0385542
2150,0.135079,0.0119906,0.00183159,0.0383394,-0.0005158,-0.230175,0.23822,0.0416649,0.00739286,-0.00746899
2166,0.135079,0.0119906,0.00183159,0.0383394,-0.00430108,-0.0748376,0.218291,0.00514422,-0.0146006,0.00608037
2182,0.135079,0.0119906,0.0311356,0.0383394,-0.00351827,0.249588,0.228209,0.0848712,-0.0609554,0.0728898
2198,0.135079,0.0119906,0.0824177,0.0383394,0.00044719,0.141399,0.245925,0.0180032,-0.0478816,0.0432492
2214,0.135079,0.0119906,0.10989,0.0383394,0.00063544,-0.176883,0.224748,-0.0138878,0.0175412,-0.0309675
2230,0.135079,0.0119906,0.10989,0.0383394,-0.00119949,0.0813137,0.203229,-0.0262331,-0.0231244,0.00749718
2246,0.135079,0.0119906,0.106227,0.0383394,0.00190953,0.395349,0.217139,0.0426933,-0.0813517,0.083559
2261,0.135079,0.0119906,0.106227,0.0383394,0.00794401,0.165775,0.242568,0.0709839,-0.0517398,0.0601833
2278,0.135079,0.0119906,0.0805861,0.0383394,0.00869166,-0.104542,0.249796,0.00411537,-0.0193718,0.0106893
2294,0.135079,0.0119906,0.0805861,0.0383394,0.00732709,-0.0577806,0.231928,-0.0144022,-0.023755,0.0106944
2310,0.135079,0.0119906,0.148352,0.0383394,0.00783379,0.218945,0.241741,0.0668686,-0.0517033,0.0593077
2326,0.135079,0.0119906,0.177656,0.0383394,0.0114941,0.196959,0.251535,0.0267476,-0.0539412,0.0517632
2342,0.135079,0.0119906,0.201465,0.0383394,0.0137984,-0.0996149,0.238132,0.0164603,0.00400676,-0.00961843
2358,0.135079,0.0119906,0.203297,0.0383394,0.0131469,0.0204293,0.221085,-0.0097731,-0.0156356,0.00401553
2374,0.135079,0.0119906,0.225275,0.0383394,0.0166311,0.35138,0.243181,0.0622397,-0.0730962,0.0801186
2390,0.135079,0.0119906,0.25641,0.0383394,0.0225758,0.155781,0.274173,0.0252044,-0.0514842,0.0489517
2405,0.135079,0.0119906,0.25641,0.0383394,0.022175,-0.0917494,0.260909,0.00874466,-0.00446487,-0.00288039
2422,0.135079,0.0119906,0.25641,0.0383394,0.0214611,0.0314855,0.233275,-0.00257178,-0.0207228,0.0110064
2438,0.135079,0.0119906,0.254579,0.0536752,0.0237222,0.334861,0.259572,0.0704695,-0.0794595,0.0848024
2454,0.135079,0.0119906,0.227106,0.0536752,0.0286518,0.163379,0.30098,0.0792131,-0.0712375,0.0782399
2470,0.135079,0.0119906,0.228938,0.0536752,0.0268327,-0.200864,0.287986,0.0360062,-0.00345268,-0.00126409
2486,0.135079,0.0119906,0.285714,0.0536752,0.0234898,-0.132258,0.26335,0.0617253,0.0116744,-0.00997643
2502,0.135079,0.0119906,0.32967,0.0536752,0.0230401,0.287825,0.269891,0.0586387,-0.0559893,0.0582796
2518,0.135079,0.0119906,0.388278,0.0536752,0.0284405,0.308474,0.29233,0.0457794,-0.0616363,0.0609378
2534,0.135079,0.0119906,0.437729,0.0536752,0.031515,-0.00115963,0.284876,0.0699551,0.00625095,-0.00203215
2549,0.135079,0.0119906,0.437729,0.0536752,0.03109,0.0174974,0.245547,0.0221185,0.00694958,-0.0143235
2566,0.135079,0.0119906,0.558608,0.0536752,0.0336253,0.436253,0.24345,0.0514378,-0.0413229,0.0424503
2582,0.135079,0.0119906,0.710623,0.0536752,0.0420381,0.601985,0.261793,0.00514416,-0.0595853,0.0500841
2598,0.135079,0.0119906,0.822344,0.0536752,0.0507694,0.400384,0.245595,0.079728,0.00212196,0.00597897
2614,0.135079,0.0119906,0.983517,0.0536752,0.0564798,0.474217,0.198372,-0.00102997,0.0184083,-0.0296724
2630,0.135079,0.0119906,1.08608,0.0536752,0.0664326,0.946678,0.196436,0.104933,-0.0467901,0.0629628
2646,0.135079,0.0119906,1.19048,0.0536752,0.0823162,1.02127,0.242462,0.124479,-0.0702285,0.0916227
2662,0.135079,0.0119906,1.21429,0.0536752,0.0949531,0.726521,0.252917,0.0601821,-0.041602,0.0465849
2678,0.135079,0.0119906,1.21429,0.0383394,0.10525,0.608107,0.238764,0.0673832,-0.0306664,0.0409005
2693,0.135079,0.0119906,1.21429,0.0383394,0.115495,0.772675,0.261957,0.13631,-0.0745108,0.102204
2710,0.135079,0.0119906,1.19048,0.0383394,0.127822,0.733224,0.324959,0.0606964,-0.116929,0.126295
2726,0.135079,0.0119906,1.15568,0.0383394,0.13518,0.313787,0.370471,0.120364,-0.0638256,0.0864794
2742,0.135079,0.0119906,1.15018,0.0383394,0.137356,0.0208261,0.372198,0.0766419,-0.0208167,0.0319196
2758,0.135079,0.0119906,1.15018,0.0383394,0.137862,0.173512,0.380737,0.0488659,-0.0549316,0.0597784
2774,0.135079,0.0119906,1.18681,0.0383394,0.141655,0.358843,0.435045,0.0550388,-0.0983901,0.105397
2790,0.135079,0.0119906,1.21612,0.0383394,0.146434,0.0910299,0.468394,0.11059,-0.0514143,0.0711445
2806,0.135079,0.0119906,1.24908,0.0383394,0.14666,-0.155834,0.453091,0.0576101,-0.00176051,0.00779682
2822,0.135079,0.0119906,1.27106,0.0383394,0.144383,0.108358,0.447317,0.0216036,-0.0442123,0.0423021
2837,0.135079,0.0119906,1.27106,0.0383394,0.14808,0.405213,0.485542,0.0596671,-0.108851,0.117223
2854,0.135079,0.0119906,1.27473,0.0383394,0.154024,0.183892,0.537319,0.101846,-0.0842359,0.102253
2870,0.135079,0.0119906,1.30037,0.0383394,0.153488,-0.163162,0.538288,0.019032,-0.0241849,0.0209185
2886,0.135079,0.0119906,1.32418,0.0383394,0.150416,-0.0456565,0.520234,-0.0488659,-0.0390887,0.0196279
2902,0.135079,0.0119906,1.32601,0.0383394,0.151043,0.315541,0.548129,0.102875,-0.0938291,0.11247
2918,0.135079,0.0119906,1.32601,0.0383394,0.15576,0.257844,0.594371,-0.0622395,-0.121867,0.100225
2934,0.135079,0.0119906,1.3315,0.0383394,0.157763,-0.136653,0.623597,0.0210897,-0.0484538,0.0458471
2950,0.135079,0.0119906,1.35897,0.0383394,0.154154,-0.261355,0.603737,0.0493797,-0.00523666,0.00904831
2966,0.135079,0.0119906,1.39011,0.0383394,0.152065,0.123679,0.617733,0.00720192,-0.0733275,0.0680861
2981,0.135079,0.0119906,1.39011,0.0383394,0.154449,0.275436,0.663027,0.101847,-0.104086,0.122407
2998,0.135079,0.0119906,1.39194,0.0383394,0.157136,-0.00835815,0.699963,0.047837,-0.0713755,0.0756849
3014,0.135079,0.0119906,1.39377,0.0383394,0.154653,-0.260683,0.676608,0.00668695,-0.02029,0.0137305
3030,0.135079,0.0119906,1.39194,0.0383394,0.151397,0.0208223,0.689678,0.0601822,-0.06345,0.0707704
3046,0.135079,0.0119906,1.39011,0.0383394,0.152859,0.20216,0.731485,0.0720132,-0.107786,0.118601
3062,0.135079,0.0119906,1.38828,0.0383394,0.153597,-0.00995117,0.774567,0.01646,-0.0874946,0.0841263
3078,0.135079,0.0119906,1.38462,0.0383394,0.149903,-0.287461,0.75236,0.0920729,-0.0172078,0.0312827
3094,0.135079,0.0119906,1.38462,0.0383394,0.146246,-0.0953538,0.756924,-0.022118,-0.0613132,0.0481708
3110,0.135079,0.0119906,1.38462,0.0383394,0.14554,0.159524,0.80014,0.0864153,-0.103717,0.117804
3125,0.135079,0.0119906,1.38462,0.0383394,0.147711,-0.00755827,0.841741,-0.00565718,-0.0976523,0.0888361
3142,0.135079,0.0119906,1.42125,0.0383394,0.144888,-0.355004,0.844137,0.102361,-0.00838181,0.0246776
3158,0.135079,0.0119906,1.45055,0.0383394,0.139104,-0.217529,0.816206,-0.0648115,-0.0309702,0.00693803
3174,0.135079,0.0119906,1.47985,0.0383394,0.136835,0.182968,0.836194,0.0293195,-0.0868742,0.0870037
3190,0.135079,0.0119906,1.48535,0.0383394,0.138364,0.112233,0.870356,0.0864151,-0.0762235,0.0900448
3206,0.135079,0.0119906,1.48535,0.0536752,0.137361,0.273437,0.958976,-0.363145,-0.181321,0.0825487
3222,0.135079,0.0119906,1.43223,0.0383394,0.14554,-0.00089215,0.956613,-0.00257391,-0.110739,0.102675
3238,0.135079,0.0119906,1.36996,0.0536752,0.143135,-0.522223,0.88073,0.274162,0.0234327,0.0303836
3254,0.135079,0.0119906,1.3315,0.0536752,0.13505,-0.298286,0.87229,0.0797279,-0.0349993,0.0421157
3269,0.135079,0.0119906,1.3315,0.0536752,0.133757,0.114362,0.939346,0.111105,-0.120255,0.136332
3286,0.135079,0.0119906,1.27839,0.0383394,0.135776,0.0302887,1.05264,0.417161,-0.108181,0.202246
3302,0.135079,0.0119906,1.25275,0.0383394,0.132213,-0.586675,1.09908,0.0195462,-0.0547898,0.0500775
3318,0.135079,0.0119906,1.22527,0.0383394,0.121169,-0.970774,1.03719,-0.0668708,0.0309974,-0.0581471
3334,0.135079,0.0119906,1.22344,0.0383394,0.10676,-0.510379,1.00142,0.222725,0.0134356,0.0311446
3350,0.135079,0.0119906,1.22344,0.0383394,0.101126,0.0653131,1.03379,0.0159456,-0.115347,0.111397
3366,0.135079,0.0119906,1.22527,0.0383394,0.102572,-0.0415209,1.10184,-0.0231465,-0.118455,0.104682
3382,0.135079,0.0119906,1.22527,0.0383394,0.098746,-0.497156,1.11727,0.0838426,-0.0195494,0.0302824
3398,0.135079,0.0119906,1.22344,0.0383394,0.0891453,-0.619998,1.06636,-0.0817859,0.00994524,-0.0400604
3413,0.135079,0.0119906,1.22344,0.0383394,0.0820334,-0.11735,1.0525,0.0432077,-0.0519327,0.0537458
3430,0.135079,0.0119906,1.22161,0.0383394,0.0831263,0.172852,1.09252,-0.0483517,-0.127708,0.108205
3446,0.135079,0.0119906,1.22344,0.0383394,0.0839568,-0.2118,1.1334,-0.100307,-0.0742119,0.0408442
3462,0.135079,0.0119906,1.24542,0.0306715,0.078782,-0.493289,1.12514,-0.0313752,0.00207752,-0.017799
3478,0.135079,0.0119906,1.26923,0.0306715,0.0714399,-0.352232,1.0864,0.131166,0.0226667,0.00149565
3494,0.135079,0.0119906,1.26923,0.0306715,0.0692243,0.238392,1.10657,-0.0190321,-0.104678,0.0941739
3510,0.135079,0.0119906,1.27106,0.0306715,0.0735359,0.0802482,1.14553,0.0524688,-0.0828156,0.0892684
3526,0.135079,0.0119906,1.30037,0.0306715,0.0722105,-0.28307,1.14102,-0.0673834,-0.0208579,-0.00305063
3542,0.135079,0.0119906,1.30037,0.0306715,0.0668704,-0.223112,1.11455,-0.0082304,-0.00972748,0.00032128
3557,0.135079,0.0119906,1.30037,0.0306715,0.065244,0.205755,1.1211,0.145053,-0.0684017,0.0976539
3574,0.135079,0.0119906,1.32601,0.0306715,0.0712011,0.221478,1.17633,0.181575,-0.0834865,0.12177
3590,0.135079,0.0119906,1.32601,0.0306715,0.0710346,-0.125329,1.20066,-0.0396068,-0.0523856,0.0357339
3606,0.135079,0.0119906,1.32418,0.0230037,0.0681195,-0.260816,1.17515,-0.0797256,-0.0212528,-0.00378003
3622,0.135079,0.0119906,1.32234,0.0230037,0.0651468,-0.0493921,1.17201,0.0138877,-0.0433848,0.0417681
3638,0.135079,0.0119906,1.29304,0.0230037,0.0655514,0.222142,1.2158,-0.0689273,-0.120895,0.100024
3654,0.135079,0.0119906,1.29304,0.0306715,0.0681999,-0.0790988,1.24704,0.165115,-0.04997,0.083252
3670,0.135079,0.0119906,1.26557,0.0306715,0.0650753,-0.354477,1.24137,0.060181,-0.0123973,0.0192156
3686,0.135079,0.0119906,1.23993,0.0306715,0.0589107,-0.150651,1.23464,0.0282907,-0.0479294,0.0475586
3701,0.135079,0.0119906,1.23993,0.0306715,0.0581616,0.226136,1.2691,-0.114192,-0.140986,0.10716
3718,0.135079,0.0119906,1.2381,0.0306715,0.0617569,-0.15504,1.30531,0.0900174,-0.0612759,0.0759657
3734,0.135079,0.0119906,1.2381,0.0306715,0.0567605,-0.489431,1.29713,-0.00051484,-0.00108261,-0.00741116
3750,0.135079,0.0119906,1.2619,0.0306715,0.0491682,-0.359154,1.24863,-0.00051473,0.00443374,-0.0126327
3766,0.135079,0.0119906,1.30037,0.0306715,0.0451865,0.133534,1.25746,-0.00308667,-0.0725148,0.0652168
3782,0.135079,0.0119906,1.37179,0.0306715,0.0503659,0.214682,1.30155,0.0823008,-0.0790026,0.0928146
3798,0.135079,0.0119906,1.39377,0.0306715,0.0524627,-0.0965542,1.3234,0.111104,-0.0219889,0.0418349
3814,0.135079,0.0119906,1.39377,0.0306715,0.0498781,-0.198729,1.28683,0.0354917,0.00029773,0.00077555
3830,0.135079,0.0119906,1.36264,0.0306715,0.0474583,0.0469332,1.26516,0.092075,-0.0360213,0.0516215
3845,0.135079,0.0119906,1.36264,0.0306715,0.0504918,0.466764,1.31312,0.00411526,-0.139653,0.135261
3862,0.135079,0.0119906,1.32601,0.0306715,0.0567375,0.082642,1.37885,0.0786989,-0.0945562,0.107183
3878,0.135079,0.0119906,1.26557,0.0306715,0.0535387,-0.448803,1.37461,0.0128583,-0.0133702,0.00822302
3894,0.135079,0.0119906,1.2326,0.0383394,0.0455415,-0.249363,1.34978,-0.07407,-0.0502051,0.0225682
3910,0.135079,0.0119906,1.19597,0.0383394,0.0432484,0.00949244,1.36045,-0.0226337,-0.098644,0.0843332
3926,0.135079,0.0119906,1.12821,0.0383394,0.0442633,0.0404142,1.42571,0.0195471,-0.132037,0.128129
3942,0.135079,0.0119906,1.08608,0.0383394,0.0412719,-0.448405,1.45638,0.0766405,-0.0479446,0.0563185
3958,0.135079,0.0119906,1.05861,0.0383394,0.0332626,-0.687818,1.43624,0.04578,0.00340223,-0.00342795
3974,0.135079,0.0119906,1.05861,0.0383394,0.02277,-0.34877,1.42881,0.144538,-0.0277533,0.0526951
3989,0.135079,0.0119906,1.05861,0.0383394,0.0165339,-0.0295445,1.44404,0.0452659,-0.0915893,0.0933179
4006,0.135079,0.0119906,1.06227,0.0383394,0.0151552,-0.156634,1.46368,0.0915579,-0.0642343,0.0767984
4022,0.135079,0.0119906,1.08608,0.0306715,0.0113756,-0.476384,1.43948,0.0565812,0.00832494,-0.00350317
4038,0.135079,0.0119906,1.12088,0.0306715,0.0040289,-0.254168,1.41099,0.0128589,-0.0107954,0.00557589
4054,0.135079,0.0119906,1.14652,0.0306715,0.00280296,0.0470735,1.40816,0.0570958,-0.0518176,0.0583112
4070,0.135079,0.0119906,1.17399,0.0306715,0.00356289,0.099833,1.43609,0.146082,-0.052,0.080327
4086,0.135079,0.0119906,1.17766,0.0306715,0.00352855,-0.166092,1.42427,0.0905319,-0.00644341,0.020392
4102,0.135079,0.0119906,1.2033,0.0306715,0.00098476,-0.141851,1.39908,0.0977301,0.00606968,0.00966144
4118,0.135079,0.0119906,1.23443,0.0306715,0.00037538,0.389346,1.42468,0.0833252,-0.0905037,0.104436
4133,0.135079,0.0119906,1.23443,0.0306715,0.0068749,0.251847,1.45634,0.00617218,-0.092752,0.0875696
4150,0.135079,0.0119906,1.23443,0.0306715,0.00731884,-0.137049,1.45346,0.0308618,-0.0187006,0.0182754
4166,0.135079,0.0119906,1.23626,0.0383394,0.0063977,-0.146781,1.42713,-0.0447493,-0.018929,-0.00180947
4182,0.135079,0.0119906,1.23443,0.0383394,0.00677077,0.175909,1.43173,0.0709822,-0.0659842,0.0744539
4198,0.135079,0.0119906,1.20879,0.0383394,0.00980506,0.225071,1.47262,0.0390921,-0.0993978,0.100324
4214,0.135079,0.0119906,1.23443,0.0383394,0.0115659,-0.148772,1.47576,0.0936155,-0.0220176,0.0350249
4230,0.135079,0.0119906,1.2967,0.0383394,0.00794872,-0.191143,1.4546,0.121392,0.0145705,0.00498937
4246,0.135079,0.0119906,1.35531,0.0306715,0.0052096,0.224403,1.43987,0.0519516,-0.0472347,0.0530523
4262,0.135079,0.0119906,1.35531,0.0383394,0.00953945,0.34432,1.45274,0.0931016,-0.0751633,0.0895815
4277,0.135079,0.0119906,1.35531,0.0383394,0.013919,0.149658,1.47184,0.124478,-0.0473793,0.0688715
4294,0.135079,0.0119906,1.32601,0.0306715,0.0134031,0.025361,1.48174,0.145566,-0.0295218,0.0576089
4310,0.135079,0.0119906,1.29304,0.0306715,0.014463,0.132608,1.48402,0.0339494,-0.0726798,0.0739777
4326,0.135079,0.0119906,1.2619,0.0383394,0.014738,0.124084,1.50782,0.0895006,-0.0786434,0.0915788
4342,0.135079,0.0119906,1.2326,0.0306715,0.0149127,-0.00701767,1.52546,0.0169751,-0.073851,0.0705933
4358,0.135079,0.0119906,1.20513,0.0306715,0.0128923,-0.223113,1.52719,-0.0195469,-0.0423412,0.0294747
4374,0.135079,0.0119906,1.20513,0.0306715,0.00936735,-0.124529,1.53041,-0.0236605,-0.0558794,0.0422786
4390,0.135079,0.0119906,1.17949,0.0306715,0.00864169,0.0285544,1.54328,0.0144014,-0.0870969,0.083248
4406,0.135079,0.0119906,1.17766,0.0306715,0.00798234,-0.187145,1.56485,0.0483521,-0.0479539,0.0516636
4421,0.135079,0.0119906,1.17766,0.0306715,0.00364497,-0.27654,1.56216,0.00205776,-0.029539,0.021631
4438,0.135079,0.0119906,1.17766,0.0306715,0.0012735,-0.094151,1.56419,-0.0282877,-0.0631817,0.0484444
4454,0.135079,0.0119906,1.17949,0.0306715,-0.00446243,-0.0338038,1.57052,-0.0432073,-0.0677409,0.0494841
4470,0.135079,0.0119906,1.2033,0.0306715,-0.00320238,0.12501,1.57122,-0.132189,-0.104212,0.0648323
4486,0.135079,0.0119906,1.2033,0.0306715,-0.00193435,-0.196468,1.58847,0.07201,-0.0267493,0.0360377
4502,0.135079,0.0119906,1.25275,0.0230037,-0.00515578,-0.285073,1.56407,0.130648,0.0200753,0.00499874
4518,0.135079,0.0119906,1.28755,0.0230037,-0.0105075,0.0565246,1.53025,0.0318904,-0.0295546,0.0316106
4534,0.135079,0.0119906,1.31502,0.0230037,-0.00684052,0.354845,1.5403,-0.0992747,-0.10191,0.0730664
4550,0.135079,0.0119906,1.32051,0.0230037,-0.00235585,0.214548,1.56303,-0.0210908,-0.0781127,0.0679089
4565,0.135079,0.0119906,1.32051,0.0230037,-0.0005943,-0.0527168,1.56694,-0.0180048,-0.032662,0.0223726
4582,0.135079,0.0119906,1.32051,0.0153358,-0.00028491,-0.0548466,1.5597,-0.0221178,-0.0306459,0.0212179
4598,0.135079,0.0119906,1.29121,0.0153358,-4.556e-05,0.179107,1.57811,-0.0318894,-0.0861907,0.0751532
4614,0.135079,0.0119906,1.29121,0.0153358,0.00279776,0.139937,1.61937,0.0920737,-0.078284,0.0973319
4630,0.135079,0.0119906,1.2619,0.0153358,0.00254525,-0.188744,1.61104,0.0617239,-0.0263909,0.0369926
4646,0.135079,0.0119906,1.25824,0.0153358,-0.00181578,-0.0329948,1.61265,-0.00154065,-0.0566835,0.0523314
4662,0.135079,0.0119906,1.25824,0.0153358,-0.00107132,0.0810479,1.62162,0.0339464,-0.0765383,0.0812018
4678,0.135079,0.0119906,1.25824,0.0153358,0.00068224,-0.0750969,1.6363,0.00977496,-0.0572288,0.0555354
4694,0.135079,0.0119906,1.2619,0.0153358,-0.00158117,-0.289995,1.6378,-0.00771174,-0.0158714,0.0091951
4709,0.135079,0.0119906,1.2619,0.0153358,-0.00557448,-0.156912,1.61702,-0.0452651,-0.0333825,0.0179357
4726,0.135079,0.0119906,1.2381,0.0153358,-0.00622619,0.226538,1.6607,-0.0128589,-0.114322,0.108002
4742,0.135079,0.0119906,1.19963,0.0153358,-0.00410006,-0.107072,1.67865,0.00977325,-0.0672808,0.0654314
4758,0.135079,0.0119906,1.1685,0.0230037,-0.00926331,-0.39885,1.6494,0.0128575,-0.00652651,0.00254319
4774,0.135079,0.0119906,1.16484,0.0230037,-0.0143657,-0.200738,1.64117,-0.126536,-0.0502955,0.012959
4790,0.135079,0.0119906,1.16484,0.0230037,-0.0163893,-0.0561771,1.65134,-0.158941,-0.079749,0.0349667
4806,0.135079,0.0119906,1.16484,0.0230037,-0.0169938,-0.0171422,1.68144,0.0318913,-0.0697841,0.0715568
4822,0.135079,0.0119906,1.16484,0.0230037,-0.0163438,-0.244566,1.6795,0.0750986,-0.0235626,0.035123
4838,0.135079,0.0119906,1.19231,0.0230037,-0.0195836,-0.247367,1.67,0.0735537,-0.00928585,0.0204064
4853,0.135079,0.0119906,1.19231,0.0230037,-0.0222602,-0.121334,1.64333,-0.00771494,-0.0315804,0.0232895
4870,0.135079,0.0119906,1.19414,0.0230037,-0.0227042,0.0500077,1.65252,-0.0915586,-0.0740938,0.0459506
4886,0.135079,0.0119906,1.22161,0.0230037,-0.022837,-0.0683031,1.67014,-0.0617258,-0.0463115,0.0250412
4902,0.135079,0.0119906,1.22161,0.0230037,-0.0246547,-0.146378,1.65998,-0.0035987,-0.0196349,0.0122268
4918,0.135079,0.0119906,1.27473,0.0153358,-0.0238081,0.147264,1.65609,0.0468073,-0.0542694,0.061942
4934,0.135079,0.0119906,1.27473,0.0153358,-0.02172,0.194962,1.66771,0.0586384,-0.0676798,0.0784182
4950,0.135079,0.0119906,1.27473,0.0153358,-0.0196089,0.00830592,1.66841,0.0848723,-0.0339723,0.0505224
4966,0.135079,0.0119906,1.30403,0.0153358,-0.0192982,-0.0665713,1.65489,-0.0653248,-0.0289831,0.00874279
4982,0.135079,0.0119906,1.32601,0.0153358,-0.0190779,0.142067,1.6678,-0.0185181,-0.0596731,0.0514971
4997,0.135079,0.0119906,1.32601,0.0153358,-0.0148786,0.197225,1.69432,-0.0308635,-0.0843192,0.0733848
5014,0.135079,0.0119906,1.32601,0.0153358,-0.0127974,-0.0178126,1.7048,0.047321,-0.0413572,0.0487845
5030,0.135079,0.0119906,1.32601,0.0153358,-0.0137918,-0.0363292,1.68992,-0.0596688,-0.0458559,0.0271736
5046,0.135079,0.0119906,1.29304,0.0153358,-0.01326,0.0121698,1.69755,-0.0468081,-0.0635513,0.0481702
5062,0.135079,0.0119906,1.2674,0.0153358,-0.0135301,-0.0589731,1.71061,-0.172315,-0.0744301,0.0282847
5078,0.135079,0.0119906,1.26557,0.0153358,-0.0140444,-0.125593,1.72337,0.0509238,-0.0377212,0.0456731
5094,0.135079,0.0119906,1.29121,0.0230037,-0.0147829,-0.0207388,1.72078,0.0318914,-0.0523087,0.0540865
5110,0.135079,0.0119906,1.32051,0.0230037,-0.0163333,-0.0872205,1.70711,0.13888,-0.0145497,0.0421138
5126,0.135079,0.0119906,1.34066,0.0153358,-0.0171105,-0.0250049,1.70345,-0.160999,-0.0545668,0.0112164
5141,0.135079,0.0119906,1.34066,0.0153358,-0.0154723,0.0250925,1.71012,-0.0293227,-0.0519652,0.040841
5158,0.135079,0.0119906,1.34432,0.0153358,-0.0145209,0.0117679,1.7232,-0.00257232,-0.0500391,0.0453966
5174,0.135079,0.0119906,1.34066,0.0153358,-0.0140036,-0.0353964,1.70378,0.0390942,-0.0334998,0.0388478
5190,0.135079,0.0119906,1.31502,0.0153358,-0.0120798,0.113951,1.70954,-0.0133775,-0.0776793,0.0707769
5206,0.135079,0.0119906,1.31502,0.0153358,-0.0120017,-0.10295,1.72222,-0.068411,-0.0478123,0.0268223
5246,0.135079,0.0119906,1.31319,0.0153358,-0.0161278,0.0894414,1.7115,-0.088988,-0.0766773,0.0512391
5262,0.135079,0.0119906,1.29121,0.0230037,-0.0140018,0.0650595,1.75655,-0.00257233,-0.0818441,0.0755317
5278,0.135079,0.0119906,1.31319,0.0230037,-0.0149098,-0.246296,1.76074,-0.0185182,-0.0212061,0.00999144
5294,0.135079,0.0119906,1.31319,0.0230037,-0.0190502,-0.186082,1.72233,0.0524668,-0.00783828,0.0140212
5310,0.135079,0.0119906,1.31502,0.0230037,-0.0200179,0.115422,1.71946,-0.129109,-0.0823327,0.0452941
5326,0.135079,0.0119906,1.31502,0.0230037,-0.0184279,0.0743883,1.7478,-0.123451,-0.0833833,0.0476175
5342,0.135079,0.0119906,1.35897,0.0230037,-0.0179815,-0.0928184,1.76699,0.0457788,-0.0271772,0.0320497
5357,0.135079,0.0119906,1.35897,0.0230037,-0.019324,-0.0752316,1.73328,0.0462945,-0.0202335,0.0252622
5374,0.135079,0.0119906,1.42491,0.0230037,-0.0195312,0.126747,1.71756,-0.0637841,-0.051033,0.0299121
5390,0.135079,0.0119906,1.47985,-0.176362,-0.0167419,0.155661,1.71396,-0.160483,-0.0346567,0.03864
5406,0.135079,0.0119906,1.47985,-0.306715,-0.0135381,0.144593,1.71853,-0.282394,-0.0378997,0.0439498
5422,0.135079,0.0119906,1.48168,-0.314384,-0.0127548,0.124216,1.71212,-0.138366,-0.0150908,0.0579953
5438,0.135079,0.0119906,1.48535,-0.429402,-0.0113466,0.22308,1.70879,-0.263874,-0.0350912,0.0757822
5454,0.135079,0.0119906,1.48718,-0.43707,-0.00664269,0.368425,1.74704,-0.416135,-0.0954316,0.101487
5470,0.135079,0.0119906,1.48901,-0.559756,-0.00258632,0.00750268,1.76421,-0.525689,-0.0380585,0.0462065
5486,0.135079,0.0119906,1.49084,-0.559756,-0.00337248,-0.11413,1.73527,-0.537009,-0.00869688,0.0136803
5501,0.135079,0.0119906,1.49084,-0.559756,-0.0042255,0.0915731,1.70982,-0.503058,-0.0348192,0.0487103
5518,0.135079,0.0119906,1.49084,-0.559756,-0.00114192,0.396145,1.76866,-0.415099,-0.0986453,0.134979
5534,0.135079,0.0119906,1.49634,-0.475409,0.0037696,0.0444067,1.80573,-0.503059,-0.0706775,0.0640285
5550,0.135079,0.0119906,1.49084,-0.460073,0.00187889,-0.237367,1.78296,-0.652741,-0.032074,-0.0156676
5566,0.135079,0.0119906,1.48901,-0.460073,-4.148e-05,-0.103743,1.74969,-0.590503,-0.0384393,0.00623834
5582,0.135079,0.0119906,1.48718,-0.460073,-0.00028785,0.181638,1.77228,-0.527748,-0.0883187,0.0723096
5598,0.135079,0.0119906,1.48535,-0.475409,0.00307344,0.135541,1.81006,-0.374468,-0.0741801,0.0991061
5614,0.135079,0.0119906,1.45971,-0.475409,0.0041793,-0.148775,1.80545,-0.353376,-0.0263757,0.0555358
5630,0.135079,0.0119906,1.43773,-0.483077,0.00206765,-0.20433,1.79472,-0.629082,-0.0479739,0.0117075
5645,0.135079,0.0119906,1.43773,-0.483077,-0.00020595,-0.0636406,1.79878,-0.557583,-0.0622607,0.0438125
5662,0.135079,0.0119906,1.40842,-0.483077,0.00095501,0.0581325,1.82792,-0.25873,-0.063827,0.118516
5678,0.135079,0.0119906,1.40842,-0.391063,0.00116692,-0.182482,1.85919,-0.397611,-0.0555648,0.0533049
5694,0.135079,0.0119906,1.40842,-0.383394,-0.00301641,-0.398978,1.83793,-0.666115,-0.0377263,-0.0324958
5710,0.135079,0.0119906,1.43223,-0.268376,-0.00794689,-0.112003,1.80534,-0.242273,-0.0314171,0.03718
5726,0.135079,0.0119906,1.46703,-0.176362,-0.00806095,0.0156316,1.81212,-0.228383,-0.0574824,0.0446417
5742,0.135079,0.0119906,1.46703,-0.0460073,-0.00851178,0.0473407,1.83713,-0.145569,-0.0741879,0.0498803
5758,0.135079,0.0119906,1.43773,-0.0306715,-0.00821664,0.00896553,1.82296,-0.215525,-0.0815631,0.0363861
5774,0.135079,0.0119906,1.41026,-0.023004,-0.00865321,-0.0970764,1.82546,0.00925152,-0.042127,0.0494322
5789,0.135079,0.0119906,1.41026,-0.023004,-0.00807487,-0.0881575,1.85439,-0.148655,-0.0706661,0.039593
5806,0.135079,0.0119906,1.38095,-0.0153358,-0.0101082,-0.032463,1.85887,-0.0360073,-0.0727121,0.0673381
5822,0.135079,0.0119906,1.38095,-0.00766826,-0.0105707,-0.205935,1.84041,-0.0426919,-0.0376565,0.0282198
5838,0.135079,0.0119906,1.41209,-0.00766826,-0.0153698,-0.0388596,1.86499,-0.0390932,-0.0584085,0.0503147
5854,0.135079,0.0119906,1.41209,0.115018,-0.013425,-0.134119,1.83581,-0.0637829,-0.0552158,0.0109789
5870,0.135079,0.0119906,1.43773,0.222369,-0.0159842,0.0210932,1.8098,0.0293187,-0.0690351,0.021785
5886,0.135079,0.0119906,1.43773,0.237705,-0.0154776,0.0611949,1.83763,0.115736,-0.0750888,0.0452762
5902,0.135079,0.0119906,1.47253,0.360391,-0.0164905,-0.0461881,1.85712,0.28188,-0.0449353,0.0253318
5918,0.135079,0.0119906,1.49634,0.360391,-0.0184294,-0.0744335,1.8166,0.21501,-0.0296436,-0.00636217
5933,0.135079,0.0119906,1.49634,0.360391,-0.017682,0.219744,1.80946,0.37961,-0.0629743,0.0679782
5950,0.135079,0.0119906,1.49634,0.383394,-0.0131113,0.277162,1.85038,0.331773,-0.0991218,0.0871498
5966,0.135079,0.0119906,1.49634,0.383394,-0.00813422,-0.0747017,1.86011,0.215013,-0.0593653,0.0179229
5982,0.135079,0.0119906,1.49634,0.360391,-0.0106583,-0.300391,1.83394,0.419216,0.0197434,-0.00667413
5998,0.135079,0.0119906,1.49634,0.360391,-0.0134507,0.00896534,1.82018,0.458309,-0.0242882,0.0478247
6014,0.135079,0.0119906,1.49634,0.360391,-0.0130453,0.2376,1.83195,0.295767,-0.0892513,0.0739853
6030,0.135079,0.0119906,1.49634,0.475409,-0.00896218,0.103295,1.8627,0.239189,-0.099406,0.0420207
6046,0.135079,0.0119906,1.49634,0.460073,-0.00900468,-0.293334,1.85805,0.51951,0.010177,0.00309291
6062,0.135079,0.0119906,1.49634,0.460073,-0.014569,-0.0319328,1.84739,0.373437,-0.0437909,0.0222788
6077,0.135079,0.0119906,1.49634,0.460073,-0.0133895,0.111693,1.83648,0.249471,-0.0844673,0.0332718
6094,0.135079,0.0119906,1.49634,0.460073,-0.0123944,-0.0741657,1.84965,0.396068,-0.0373915,0.0212822
6110,0.135079,0.0119906,1.49634,0.460073,-0.0144071,0.04148,1.82893,0.556552,-0.0309021,0.0541807
6126,0.135079,0.0119906,1.49634,0.567424,-0.0142273,0.167382,1.84337,0.36212,-0.0942558,0.0445181
6142,0.135079,0.0119906,1.49634,0.69011,-0.0125283,-0.0271332,1.86185,0.620852,-0.0492734,0.032038
6158,0.135079,0.0119906,1.49634,0.705446,-0.0127609,0.0281551,1.85346,0.567355,-0.0653939,0.0315843
6174,0.135079,0.0119906,1.49634,0.705446,-0.0124578,-0.0491194,1.83969,0.702638,-0.0320992,0.0309582
6190,0.135079,0.0119906,1.49634,0.705446,-0.0117014,0.125015,1.85858,0.682576,-0.072035,0.0665897
6206,0.135079,0.0119906,1.49634,0.705446,-0.00883576,0.0358842,1.87831,0.587932,-0.0765325,0.0478172
6221,0.135079,0.0119906,1.49634,0.705446,-0.0102647,-0.113999,1.88662,0.664573,-0.0394425,0.0288715
6238,0.135079,0.0119906,1.49634,0.705446,-0.00876197,-0.129322,1.86963,1.00252,0.00594465,0.0656805
6254,0.135079,0.0119906,1.49634,0.69011,-0.0117551,-0.00954853,1.85319,0.548325,-0.0605253,0.0257099
6270,0.135079,0.0119906,1.49634,0.43707,-0.0114809,0.0248274,1.87087,0.590502,-0.0355465,0.0726802
6286,0.135079,0.0119906,1.49634,0.337387,-0.0114253,-0.0376602,1.8764,0.416129,-0.0345824,0.0533428
6302,0.135079,0.0119906,1.47253,0.237705,-0.0133016,-0.0493849,1.872,0.392468,-0.0247048,0.0619002
6318,0.135079,0.0119906,1.47253,0.115018,-0.0110492,-0.0533814,1.89683,0.218094,-0.0397459,0.06439
6334,0.135079,0.0119906,1.44689,0.10735,-0.0108792,-0.129335,1.8881,-0.0303509,-0.0593489,0.0251687
6350,0.135079,0.0119906,1.44506,0.0920147,-0.0136748,-0.144247,1.86304,0.236612,-0.0123311,0.0467446
6365,0.135079,0.0119906,1.44506,0.0920147,-0.015137,-0.0643125,1.88573,0.189804,-0.0355715,0.0588365
6382,0.135079,0.0119906,1.44689,0.0920147,-0.0171502,-0.153709,1.87165,-0.0642968,-0.0430808,0.00419761
6398,0.135079,0.0119906,1.48535,0.0766789,-0.0184446,-0.0608452,1.85605,0.0462936,-0.0299702,0.0219975
6414,0.135079,0.0119906,1.48718,0.069011,-0.01896,0.0675926,1.87321,0.221184,-0.0340339,0.0708904
6430,0.135079,0.0119906,1.48901,0.069011,-0.0187721,0.0115014,1.86813,-0.161514,-0.0689468,0.0125074
6446,0.135079,0.0119906,1.48901,0.0613431,-0.0197876,0.008969,1.86194,-0.0303491,-0.0485138,0.0258301
6462,0.135079,0.0119906,1.49084,0.0613431,-0.0203865,-0.0379237,1.87353,0.158429,-0.0183269,0.0414173
6478,0.135079,0.0119906,1.49084,0.0613431,-0.0194711,0.0297534,1.86661,0.111619,-0.0362517,0.0481833
6494,0.135079,0.0119906,1.49634,0.0536752,-0.0191866,0.0120357,1.85779,-0.0298359,-0.0463688,0.0256924
6509,0.135079,0.0119906,1.49634,0.0536752,-0.0192828,0.0918395,1.87067,0.220152,-0.0334581,0.0738664
6526,0.135079,0.0119906,1.49634,0.0383394,-0.0176256,0.124479,1.901,0.00617208,-0.0733684,0.0655791
6542,0.135079,0.0119906,1.49634,0.0306715,-0.0172924,-0.0782967,1.88085,-0.274688,-0.0652957,-0.00961906
6558,0.135079,0.0119906,1.49634,-0.0843471,-0.0179744,-0.0861604,1.86447,-0.00103174,-0.0116938,0.0313109
6574,0.135079,0.0119906,1.49634,-0.176362,-0.0198917,0.0268219,1.87835,-0.120366,-0.0358022,0.0491112
6590,0.135079,0.0119906,1.49634,-0.176362,-0.018907,0.179242,1.86448,-0.256159,-0.0785093,0.059282
6606,0.135079,0.0119906,1.49634,-0.176362,-0.015947,0.0579971,1.8753,-0.0884725,-0.0433365,0.0645642
6622,0.135079,0.0119906,1.49634,-0.184029,-0.0153678,-0.165426,1.89643,-0.136827,-0.013333,0.0239517
6638,0.135079,0.0119906,1.49634,-0.306715,-0.0198195,0.0374786,1.87931,-0.283421,-0.042066,0.0474537
6653,0.135079,0.0119906,1.49634,-0.306715,-0.0172616,0.142872,1.86481,-0.226838,-0.055225,0.0747561
6670,0.135079,0.0119906,1.49634,-0.306715,-0.0142126,0.108624,1.92572,-0.277249,-0.0743442,0.0815554
6686,0.135079,0.0119906,1.49634,-0.299048,-0.0144965,-0.149841,1.91046,-0.351833,-0.0330394,0.0193956
6702,0.135079,0.0119906,1.49634,-0.299048,-0.0171069,-0.151164,1.8905,-0.389899,-0.0284856,0.00553305
6718,0.135079,0.0119906,1.49634,-0.391063,-0.0184386,0.0522716,1.89665,-0.179002,-0.0281584,0.0795475
6734,0.135079,0.0119906,1.49634,-0.391063,-0.0168479,0.15606,1.90873,-0.274676,-0.064179,0.09265
6750,0.135079,0.0119906,1.49634,-0.483077,-0.0143295,0.0368148,1.91976,-0.483,-0.0631957,0.0630213
6766,0.135079,0.0119906,1.49634,-0.483077,-0.0163515,-0.244565,1.93498,-0.587419,-0.0247141,-0.0018031
6782,0.135079,0.0119906,1.49634,-0.498413,-0.0199148,-0.112141,1.89131,-0.345658,-0.00164629,0.0380515
6797,0.135079,0.0119906,1.49634,-0.498413,-0.0198032,0.172847,1.89988,-0.685663,-0.0972397,0.0518402
6814,0.135079,0.0119906,1.49634,-0.582759,-0.0184286,0.0867775,1.91389,-0.537525,-0.0587917,0.0697042
6830,0.135079,0.0119906,1.49634,-0.667107,-0.0180451,-0.0303325,1.92906,-0.462423,-0.022199,0.071538
6846,0.135079,0.0119906,1.49634,-0.667107,-0.0188192,-0.143314,1.90493,-0.878039,-0.0451014,-0.0070661
6862,0.135079,0.0119906,1.49634,-0.575092,-0.0199655,0.0635951,1.8881,-0.550384,-0.0484933,0.054309
6878,0.135079,0.0119906,1.49634,-0.452406,-0.0174627,0.131409,1.94629,-0.549354,-0.0933966,0.0698783
6894,0.135079,0.0119906,1.49634,-0.184029,-0.016698,-0.0144782,1.95394,-0.443393,-0.0894916,0.0259967
6910,0.135079,0.0119906,1.49634,-0.00766826,-0.0181577,-0.124927,1.93391,-0.447506,-0.0841431,-0.0236458
6926,0.135079,0.0119906,1.49634,-0.00766826,-0.0193599,-0.128524,1.95402,-0.128585,-0.0475095,0.017293
6941,0.135079,0.0119906,1.49634,-0.00766826,-0.0217929,0.033086,1.93132,0.0339505,-0.0480245,0.0578371
6958,0.135079,0.0119906,1.49634,-0.00766826,-0.020616,0.00643901,1.94046,-0.0591554,-0.0585229,0.0456145
6974,0.135079,0.0119906,1.49634,-0.00766826,-0.0211663,-0.0629781,1.96206,-1.42e-06,-0.0428193,0.0440756
6990,0.135079,0.0119906,1.49634,-0.00766826,-0.0211177,0.00177788,1.94221,-0.00205598,-0.0503288,0.0512914
7006,0.135079,0.0119906,1.49634,-0.00766826,-0.0224825,-0.0916137,1.94841,-0.157911,-0.0514166,0.0141366
7022,0.135079,0.0119906,1.49634,0.0153358,-0.0231315,-0.0365934,1.93898,0.0282892,-0.0383854,0.0409798
7038,0.135079,0.0119906,1.49634,0.0153358,-0.0245577,0.0176279,1.9183,-0.122423,-0.0594286,0.0255027
7054,0.135079,0.0119906,1.49634,0.0153358,-0.0238532,0.17085,1.9322,-0.201636,-0.101469,0.0487774
7070,0.135079,0.0119906,1.49634,0.0153358,-0.0216238,0.0453426,1.94619,0.182604,-0.038768,0.0791979
7085,0.135079,0.0119906,1.49634,0.0153358,-0.0205538,-0.0311347,1.9383,-0.086411,-0.0573541,0.0320959
7102,0.135079,0.0119906,1.49634,0.0153358,-0.0241132,-0.139848,1.94909,-0.0385787,-0.0284014,0.0143796
7118,0.135079,0.0119906,1.49634,0.0153358,-0.0234707,0.15486,1.93711,0.189291,-0.0528395,0.0952212
7134,0.135079,0.0119906,1.49634,0.0153358,-0.0217183,0.102767,1.93928,-0.232498,-0.0979103,0.0375223
7150,0.135079,0.0119906,1.49634,0.0230037,-0.0204695,-0.0179445,1.97115,0.0781856,-0.0485479,0.0615228
7166,0.135079,0.0119906,1.49634,0.0230037,-0.0177769,-0.144377,1.95034,0.00308707,-0.0340588,0.0283888
7182,0.135079,0.0119906,1.49634,0.0306715,-0.0198868,-0.177556,1.94642,0.0061722,-0.0241921,0.0172679
7198,0.135079,0.0119906,1.49634,0.0306715,-0.0205843,-0.0440574,1.94521,0.0504078,-0.0418071,0.0460667
7214,0.135079,0.0119906,1.49634,0.0306715,-0.0209258,0.101966,1.952,-0.0236616,-0.0785369,0.0652421
7229,0.135079,0.0119906,1.49634,0.0306715,-0.0196015,-0.0605749,1.97888,-0.080757,-0.0642178,0.0365305
7246,0.135079,0.0119906,1.49634,0.0306715,-0.0226291,-0.150774,1.96563,0.157914,-0.0106991,0.0407454
7262,0.135079,0.0119906,1.49634,0.0383394,-0.0255016,-0.0192767,1.95694,-0.239186,-0.0771861,0.00912675
7278,0.135079,0.0119906,1.49634,0.0383394,-0.0253541,0.0424069,1.95471,0.132201,-0.0430701,0.0655757
7294,0.135079,0.0119906,1.49634,0.0383394,-0.0236162,0.107692,1.95368,-0.0432073,-0.0789012,0.0589638
7310,0.135079,0.0119906,1.49634,0.0383394,-0.0184991,-0.0740337,1.97588,-0.00566131,-0.0546591,0.0433503
7326,0.135079,0.0119906,1.49634,0.0383394,-0.0204251,-0.176222,1.98258,0.119336,-0.0192297,0.0379772
7342,0.135079,0.0119906,1.49634,0.0383394,-0.0230718,-0.145577,1.94873,-0.137852,-0.0438194,4.26e-05
7358,0.135079,0.0119906,1.49634,0.0306715,-0.0260038,-0.0146099,1.96753,0.060181,-0.0424128,0.0490691
7373,0.135079,0.0119906,1.49634,0.0306715,-0.0246663,0.170447,1.96273,0.140426,-0.0675496,0.0943474
7390,0.135079,0.0119906,1.49634,0.0306715,-0.0228586,-0.0337983,1.98404,-0.155345,-0.07408,0.0282834
7406,0.135079,0.0119906,1.49634,0.0383394,-0.0236509,-0.257889,1.96584,0.153799,0.00906835,0.0177498
7422,0.135079,0.0119906,1.47253,0.0383394,-0.027105,-0.0164798,1.93937,-0.00617248,-0.0482465,0.0368691
7438,0.135079,0.0119906,1.47253,0.0383394,-0.0240328,0.182973,1.97654,-0.0457807,-0.103247,0.0829293
7454,0.135079,0.0119906,1.47253,0.0383394,-0.0210971,0.00377125,2.00904,0.244846,-0.047592,0.0974586
7470,0.135079,0.0119906,1.49634,0.0383394,-0.0234069,-0.384586,1.9948,-0.182089,-0.0157593,-0.0395494
7486,0.135079,0.0119906,1.49634,0.0306715,-0.0291511,-0.216595,1.95301,0.0416623,0.00079735,0.00065137
7502,0.135079,0.0119906,1.49634,0.0306715,-0.0307201,0.16072,1.93538,-0.037035,-0.0710506,0.0545433
7517,0.135079,0.0119906,1.49634,0.0306715,-0.0278639,0.313005,1.98546,-0.134252,-0.127101,0.0874826
7534,0.135079,0.0119906,1.49634,0.0230037,-0.0266358,-0.134655,1.99211,0.295765,0.00434297,0.0611077
7550,0.135079,0.0119906,1.49634,0.0230037,-0.0295213,-0.141715,1.95832,-0.252558,-0.0483382,-0.0196983
7566,0.135079,0.0119906,1.49634,0.0230037,-0.0309021,0.010834,1.96374,0.0750978,-0.0354546,0.047615
7582,0.135079,0.0119906,1.49634,0.0230037,-0.028942,0.166719,1.95569,0.0843579,-0.0641308,0.0790754
7598,0.135079,0.0119906,1.46703,0.0230037,-0.0271695,0.0119036,1.97464,-0.180549,-0.0822129,0.0322369
7614,0.135079,0.0119906,1.40293,0.0230037,-0.0261907,-0.149711,1.97716,0.060694,-0.0405897,0.0488166
7630,0.135079,0.0119906,1.337,0.0230037,-0.0288979,-0.132787,1.97383,-0.0792123,-0.0709561,0.0451677
7646,0.135079,0.0119906,1.19597,0.0230037,-0.0306094,-0.222052,2.01196,0.0817861,-0.0743286,0.087433
7661,0.135079,0.0119906,1.19597,0.0230037,-0.0344984,-0.30719,2.02496,0.167687,-0.0450452,0.0787202
7678,0.135079,0.0119906,1.05861,0.0230037,-0.0409982,-0.477989,2.05541,-0.166144,-0.0831531,0.0349849
7694,0.135079,0.0119906,0.82967,0.0153358,-0.0498315,-0.649582,2.06929,0.316341,-0.0348304,0.105284
7710,0.135079,0.0119906,0.68315,0.0153358,-0.0616091,-0.927778,2.0967,-0.19289,-0.0674467,0.0129551
7726,0.135079,0.0119906,0.46337,0.0153358,-0.0774424,-0.975729,2.10752,0.178489,-0.0418877,0.0774111
7742,0.135079,0.0119906,0.238095,0.0153358,-0.092791,-1.19783,2.11299,-0.278789,-0.0859627,0.009321
7758,0.135079,0.0119906,0.119048,0.0153358,-0.111133,-1.17987,2.11588,0.149684,-0.0359356,0.0633564
7774,0.135079,0.0119906,0.0347986,0.0153358,-0.130239,-1.22995,2.14287,-0.0488671,-0.0458763,0.0245619
7790,0.135079,0.0119906,0.00732601,-0.00766826,-0.150287,-1.33026,2.0901,-0.0102883,0.0185295,-0.0254859
7805,0.135079,0.0119906,0.00732601,-0.00766826,-0.169307,-1.12468,2.07375,0.0082314,0.0180114,-0.020083
7822,0.135079,0.0119906,0.00732601,-0.00766826,-0.18659,-0.89475,2.00305,-0.238156,-0.00921291,-0.0523353
7838,0.135079,0.0119906,0.00549459,-0.00766826,-0.198132,-0.670229,1.99314,-0.0622393,-0.00819692,-0.00999564
7854,0.135079,0.0119906,0.00549459,-0.00766826,-0.207375,-0.605213,1.93623,-0.0396069,0.0110726,-0.0236961
7870,0.135079,0.0119906,0.003663,-0.00766826,-0.214854,-0.555663,1.89933,-0.113677,0.0134264,-0.0440296
7886,0.135079,0.0119906,0.00183159,-0.00766826,-0.221172,-0.264947,1.86574,-0.0241782,-0.01111,0.0031226
7902,0.135079,0.0119906,-0.021978,0.0153358,-0.223821,-0.177822,1.84232,-0.0704678,-0.0312312,0.00662574
7918,0.135079,0.0119906,-0.021978,0.0153358,-0.226597,-0.237104,1.85106,0.00360151,-0.00892562,0.00211132
7934,0.135079,0.0119906,-0.0201465,0.0230037,-0.231124,-0.43882,1.79543,-0.0869324,0.0368788,-0.0683165
7949,0.135079,0.0119906,-0.0201465,0.0230037,-0.235662,-0.0857568,1.74599,0.133222,0.0180626,0.00513074
7966,0.135079,0.0119906,-0.0201465,0.0230037,-0.235909,0.073186,1.73076,-0.123448,-0.0381942,-0.00055745
7982,0.135079,0.0119906,-0.0164835,0.0230037,-0.23395,-0.00275546,1.71475,-0.186203,-0.0305071,-0.0237337
7998,0.135079,0.0119906,-0.014652,0.0230037,-0.233944,-0.0495192,1.69073,-0.0154317,0.00483823,-0.0176834
8014,0.135079,0.0119906,-0.014652,0.0230037,-0.233905,0.149662,1.67759,0.0339489,-0.0225568,0.022368
8030,0.135079,0.0119906,-0.0128205,0.0230037,-0.229807,0.158458,1.67531,0.0637823,-0.0262542,0.0334129
8046,0.135079,0.0119906,-0.010989,0.0230037,-0.22832,-0.114002,1.65271,-0.129108,0.0034388,-0.0440758
8062,0.135079,0.0119906,-0.00732601,0.0230037,-0.229761,-0.0476522,1.61052,-0.174891,-0.00114492,-0.0504472
8078,0.135079,0.0119906,-0.00732601,0.0230037,-0.227381,0.192695,1.59264,-0.127565,-0.0390191,-0.00024962
8093,0.135079,0.0119906,-0.00732601,0.0230037,-0.222805,0.18883,1.59704,-0.0493802,-0.0373018,0.0171129
8110,0.135079,0.0119906,-0.00732601,0.0230037,-0.219615,-0.078564,1.56892,-0.0781845,0.00948566,-0.0375047
8126,0.135079,0.0119906,-0.00732601,0.0230037,-0.219941,-0.0781616,1.54605,0.0565817,0.0316786,-0.0269148
8142,0.135079,0.0119906,-0.00732601,0.0230037,-0.21901,0.208418,1.50603,0.0797267,-0.0100287,0.0213561
8158,0.135079,0.0119906,-0.00732601,0.0230037,-0.21533,0.248657,1.49755,0.129109,-0.0153942,0.0389201
8174,0.135079,0.0119906,-0.00732601,0.0230037,-0.211876,0.177236,1.50187,0.0468092,-0.0189702,0.0222926
8190,0.135079,0.0119906,-0.00549451,0.0230037,-0.210233,0.0482736,1.49416,0.00051415,-0.00145519,-0.00688058
8206,0.135079,0.0119906,-0.00549451,0.0230037,-0.207999,0.15779,1.47812,0.0761269,-0.012168,0.0226139
8222,0.135079,0.0119906,-0.00549451,0.0230037,-0.203465,0.157254,1.46334,-0.0406366,-0.0301699,0.0122683
8237,0.135079,0.0119906,-0.00549451,0.0230037,-0.200262,0.0281553,1.44576,0.0241754,0.00021338,-0.00271806
8254,0.135079,0.0119906,-0.00549451,0.0230037,-0.200372,-0.0569801,1.41048,0.0097741,0.0224836,-0.0287754
8270,0.135079,0.0119906,-0.00549451,0.0230037,-0.198837,0.0966356,1.36734,-0.0324051,-0.00309947,-0.0129442
8286,0.135079,0.0119906,-0.003663,0.0230037,-0.195351,0.272235,1.36191,-0.038065,-0.039866,0.0230627
8302,0.135079,0.0119906,-0.003663,0.0230037,-0.191041,0.161123,1.34753,0.15534,0.00029284,0.0296648
8318,0.135079,0.0119906,-0.003663,0.0230037,-0.188617,0.0713238,1.3431,0.100304,0.00711462,0.00919682
8334,0.135079,0.0119906,-0.003663,0.0230037,-0.186739,0.0529359,1.31659,0.0118306,0.00289202,-0.00814387
8350,0.135079,0.0119906,-0.00549451,0.0230037,-0.185666,0.190433,1.30568,-0.0293198,-0.0268605,0.0120544
8366,0.135079,0.0119906,-0.003663,0.0230037,-0.181911,0.17058,1.29665,-0.0498951,-0.0292976,0.0094749
8381,0.135079,0.0119906,-0.003663,0.0230037,-0.17915,0.0237581,1.27936,-0.165629,-0.0169542,-0.0314648
8398,0.135079,0.0119906,-0.003663,0.0230037,-0.178209,0.0925058,1.25859,-0.0807558,-0.0158747,-0.0116612
8414,0.135079,0.0119906,-0.003663,0.0230037,-0.175667,0.197223,1.24752,-0.142996,-0.0441208,0.00181475
8430,0.135079,0.0119906,-0.00549451,0.0230037,-0.174764,-0.0118093,1.20073,0.0843572,0.0307862,-0.0184438
8446,0.135079,0.0119906,-0.00549451,0.0230037,-0.176453,0.431983,1.21722,0.231475,-0.0335961,0.0831459
8462,0.135079,0.0119906,-0.00549451,0.0230037,-0.167644,0.0104207,1.28656,-0.0355036,-0.0195683,0.00294015
8478,0.135079,0.0119906,-0.00549451,0.0230037,-0.171729,-0.431476,1.19397,0.140937,0.111026,-0.0862282
8494,0.135079,0.0119906,-0.00549451,0.0230037,-0.174465,0.0256331,1.15758,-0.285479,-0.0113417,-0.0661851
8510,0.135079,0.0119906,-0.00549451,0.0230037,-0.167887,0.38203,1.14292,-0.326625,-0.0887712,0.00247875
8525,0.135079,0.0119906,-0.00549451,0.0230037,-0.163402,0.21067,1.12993,0.530834,0.0424469,0.0794043
8542,0.135079,0.0119906,-0.003663,0.0230037,-0.159319,0.0357583,1.06449,-0.388876,-0.0281494,-0.0742957
8558,0.135079,0.0119906,-0.003663,0.0230037,-0.156373,0.198565,1.0606,-0.0308626,-0.0183156,0.00354934
8574,0.135079,0.0119906,-0.003663,0.0230037,-0.148659,0.365491,1.0782,0.255632,-0.0307297,0.0863289
8590,0.135079,0.0119906,-0.003663,0.0230037,-0.143088,0.308874,1.11415,0.0514377,-0.0626884,0.0685104
8606,0.135079,0.0119906,-0.003663,0.0230037,-0.140234,-0.307051,1.08405,-0.0771565,0.0367101,-0.0641296
8622,0.135079,0.0119906,-0.003663,0.0230037,-0.144864,-0.101213,1.04753,-0.0735529,0.0156248,-0.0415782
8638,0.135079,0.0119906,-0.003663,0.0230037,-0.145226,0.150198,1.01477,-0.0241746,-0.0160637,0.00292544
8654,0.135079,0.0119906,-0.003663,0.0230037,-0.140083,0.381617,1.03325,0.127565,-0.0526552,0.0772647
8669,0.135079,0.0119906,-0.003663,0.0230037,-0.136727,0.171781,1.01513,-0.10699,-0.0439963,0.0109037
8686,0.135079,0.0119906,-0.0018315,0.0230037,-0.136123,-0.0285988,1.00693,-0.0936172,-0.0043679,-0.026111
8702,0.135079,0.0119906,-0.0018315,0.0230037,-0.134709,-0.0150126,0.986718,-0.00360526,0.00651978,-0.0150363
8718,0.135079,0.0119906,-0.0018315,0.0230037,-0.133316,0.164183,0.982184,0.0925854,-0.015763,0.0312498
8734,0.135079,0.0119906,0.00183159,0.0230037,-0.129324,0.201888,0.98245,-0.0262327,-0.0427927,0.0295496
8750,0.135079,0.0119906,0.00183159,0.0230037,-0.127386,-0.056446,0.969225,-0.004115,0.00706892,-0.0157386
8766,0.135079,0.0119906,0.00183159,0.0230037,-0.126883,-0.113469,0.936557,-0.0612115,0.0174032,-0.0401481
8782,0.135079,0.0119906,0.00183159,0.0230037,-0.126097,0.153927,0.91387,0.0205756,-0.0175045,0.0155308
8798,0.135079,0.0119906,0.00183159,0.0230037,-0.122527,0.237729,0.923742,-0.0833287,-0.0535772,0.0266475
8813,0.135079,0.0119906,0.00183159,0.0230037,-0.119757,-0.0184773,0.917568,0.149169,0.0184387,0.0104143
8830,0.135079,0.0119906,0.00183159,0.0230037,-0.119839,-0.0892229,0.890485,-0.154827,0.00093745,-0.0462861
8846,0.135079,0.0119906,0.00183159,0.0230037,-0.120961,0.0954323,0.871479,-0.0416644,-0.012791,-0.00444722
8862,0.135079,0.0119906,0.00183159,0.0306715,-0.11746,0.25012,0.86694,0.0360049,-0.037205,0.03755
8878,0.135079,0.0119906,0.00183159,0.0306715,-0.114912,0.0702529,0.873829,0.00051523,-0.0144,0.00556795
8894,0.135079,0.0119906,0.00183159,0.0306715,-0.113768,-0.108672,0.847001,-0.0216036,0.0200561,-0.034836
8910,0.135079,0.0119906,0.0512821,0.0230037,-0.113607,0.0401472,0.816539,0.0421793,0.0200146,-0.0169411
8926,0.135079,0.0119906,0.148352,0.0230037,-0.111466,0.291555,0.816166,0.0339481,-0.00757322,0.00946972
8942,0.135079,0.0119906,0.298535,0.0230037,-0.107326,0.270631,0.79453,0.0833291,0.0358197,-0.021946
8957,0.135079,0.0119906,0.298535,0.0230037,-0.103018,0.233728,0.756487,-0.0457793,0.0287936,-0.0463962
8974,0.135079,0.0119906,0.3663,0.0230037,-0.0976864,0.558422,0.712773,-0.00308619,-0.00790951,0.00180195
8990,0.135079,0.0119906,0.395604,0.0306715,-0.0874691,0.776655,0.71455,-0.0421787,-0.0636698,0.0470361
9006,0.135079,0.0119906,0.470696,0.0306715,-0.076108,0.500058,0.70715,0.045265,-0.00163174,0.00553431
9022,0.135079,0.0119906,0.523809,0.0306715,-0.0673851,0.446096,0.698493,-0.0210893,0.00045926,-0.012758
9038,0.135079,0.0119906,0.617216,0.0306715,-0.0598016,0.569215,0.676924,-0.0221181,-0.00755045,-0.00450967
9054,0.135079,0.0119906,0.688645,0.0306715,-0.0497871,0.727884,0.683935,0.0092592,-0.033945,0.0301686
9070,0.135079,0.0119906,0.754579,0.0306715,-0.0394804,0.663658,0.682062,-0.0678973,-0.0324532,0.0098364
9086,0.135079,0.0119906,0.789377,0.0306715,-0.029649,0.569063,0.661981,0.100304,0.00213338,0.016006
9101,0.135079,0.0119906,0.789377,0.0306715,-0.0209095,0.607587,0.647628,-0.14094,-0.0450786,0.00477111
9118,0.135079,0.0119906,0.868132,0.0306715,-0.00989143,0.749743,0.66306,0.128079,-0.0414814,0.0672412
9134,0.135079,0.0119906,0.978022,0.0306715,0.00138457,0.601036,0.669361,-0.056067,-0.0307232,0.0113452
9150,0.135079,0.0119906,1.04579,0.0306715,0.0104693,0.475542,0.643307,0.0704696,0.0148043,-0.00368187
9166,0.135079,0.0119906,1.11538,0.0306715,0.0196695,0.709375,0.632928,-0.0365205,-0.0371614,0.0231284
9182,0.135079,0.0119906,1.14652,0.0306715,0.0328605,0.900041,0.65681,0.0761277,-0.0781205,0.0923067
9198,0.135079,0.0119906,1.17399,0.0306715,0.0457034,0.599433,0.676963,0.0210891,-0.0490494,0.0490622
9214,0.135079,0.0119906,1.19597,0.0306715,0.0532791,0.351365,0.669607,0.0159461,-0.00977869,0.00784586
9230,0.135079,0.0119906,1.19963,0.0306715,0.0603479,0.52765,0.660877,-0.0138882,-0.0542369,0.0457169
9245,0.135079,0.0119906,1.19963,0.0306715,0.0691888,0.719368,0.7066,0.0514374,-0.10648,0.114614
9262,0.135079,0.0119906,1.22161,0.0306715,0.0789634,0.328453,0.727671,0.0570951,-0.0500336,0.0584261
9278,0.135079,0.0119906,1.22344,0.0306715,0.0798261,0.0409431,0.733589,0.00102838,-0.00664473,0.00048018
9294,0.135079,0.0119906,1.24908,0.0306715,0.0806517,0.198559,0.709523,0.0735548,-0.0163332,0.0283276
9310,0.135079,0.0119906,1.24908,0.0306715,0.0852454,0.536843,0.743033,-0.0642959,-0.110266,0.0898866
9326,0.135079,0.0119906,1.25275,0.0306715,0.0930579,0.211072,0.768194,0.0576103,-0.0536708,0.0620204
9342,0.135079,0.0119906,1.25275,0.0230037,0.0952022,-0.0545842,0.784681,0.00874409,-0.0174681,0.0149702
9358,0.135079,0.0119906,1.25275,0.0306715,0.0926502,0.0158953,0.763534,0.0349776,-0.01898,0.0211853
9374,0.135079,0.0119906,1.25275,0.0230037,0.0943952,0.331265,0.781653,-0.0344634,-0.0912326,0.0794555
9389,0.135079,0.0119906,1.25275,0.0230037,0.0988445,0.158317,0.816945,0.162028,-0.0512755,0.0868216
9406,0.135079,0.0119906,1.22527,0.0230037,0.099609,-0.164497,0.829541,-0.0452651,-0.0280824,0.0121671
9422,0.135079,0.0119906,1.22344,0.0230037,0.0963544,-0.145844,0.819884,0.0102879,-0.0176083,0.0152203
9438,0.135079,0.0119906,1.22344,0.0230037,0.0953075,0.164317,0.826617,-0.00154317,-0.0756234,0.0713443
9454,0.135079,0.0119906,1.22344,0.0230037,0.0961901,0.130878,0.864178,0.0252051,-0.0765116,0.0786528
9470,0.135079,0.0119906,1.24725,0.0230037,0.0947031,-0.130124,0.864869,0.0828149,-0.0139514,0.0292406
9486,0.135079,0.0119906,1.27839,0.0230037,0.0913759,-0.180086,0.842013,-0.118819,-0.0112211,-0.0227711
9502,0.135079,0.0119906,1.35897,0.0230037,0.0904933,0.158722,0.842598,0.0977308,-0.0266523,0.0464164
9518,0.135079,0.0119906,1.42125,0.0230037,0.0935586,0.3635,0.860734,0.059668,-0.0633506,0.0745522
9533,0.135079,0.0119906,1.42125,0.0230037,0.097077,0.107954,0.865111,0.076128,-0.0213898,0.035824
9550,0.135079,0.0119906,1.48168,0.0230037,0.097615,0.0653286,0.833929,-0.0164596,-0.00422263,-0.0040178
9566,0.135079,0.0119906,1.48535,0.0230037,0.0998888,0.425456,0.839666,0.0565806,-0.0653801,0.0761088
9582,0.135079,0.0119906,1.48718,0.0230037,0.105693,0.484878,0.88086,0.104419,-0.0891222,0.111776
9598,0.135079,0.0119906,1.48535,0.0230037,0.11047,0.175363,0.917133,-0.0128596,-0.0635015,0.0566978
9614,0.135079,0.0119906,1.45788,0.0230037,0.110399,-0.111738,0.889611,-0.10339,-0.0218822,-0.00787736
9630,0.135079,0.0119906,1.45788,0.0230037,0.109999,0.149261,0.896513,0.116765,-0.043826,0.0684719
9646,0.135079,0.0119906,1.42857,0.0230037,0.112709,0.417332,0.944861,-0.0473225,-0.135399,0.121041
9662,0.135079,0.0119906,1.42857,0.0230037,0.115188,0.0583942,0.986725,0.0293183,-0.0743282,0.0775026
9677,0.135079,0.0119906,1.42857,0.0230037,0.114073,-0.337828,0.97369,0.0385779,0.00410869,2.003e-05
9694,0.135079,0.0119906,1.42491,0.0230037,0.110565,-0.158639,0.952073,0.00205763,-0.0231616,0.0189278
9710,0.135079,0.0119906,1.39927,0.0306715,0.10879,0.230931,0.988352,-0.0941294,-0.118634,0.0903744
9726,0.135079,0.0119906,1.39927,0.0230037,0.110971,0.0553354,1.0232,0.157914,-0.0667149,0.101118
9742,0.135079,0.0119906,1.39377,0.0230037,0.110122,-0.239901,1.03077,0.06121,-0.0261682,0.0360783
9758,0.135079,0.0119906,1.37179,0.0306715,0.103408,-0.266291,1.00596,-0.118821,-0.03254,-0.00340515
9774,0.135079,0.0119906,1.37546,0.0306715,0.101042,0.107159,1.01209,0.111105,-0.069613,0.0907838
9790,0.135079,0.0119906,1.37912,0.0306715,0.102902,0.187767,1.05615,0.0843574,-0.100105,0.115064
9806,0.135079,0.0119906,1.37912,0.0306715,0.1022,-0.219252,1.06814,-0.0699551,-0.0461082,0.0221969
9821,0.135079,0.0119906,1.37912,0.0306715,0.0965751,-0.279741,1.05123,-0.0370352,-0.0179209,0.00173756
9838,0.135079,0.0119906,1.38462,0.0306715,0.0952196,-0.0239395,1.04719,0.0848719,-0.0454346,0.0597175
9854,0.135079,0.0119906,1.38462,0.0306715,0.0951998,0.125683,1.08372,0.0385774,-0.0869513,0.0904597
9870,0.135079,0.0119906,1.38462,0.0306715,0.0962031,-0.106541,1.11225,-0.0473225,-0.0632568,0.0451346
9886,0.135079,0.0119906,1.38462,0.0306715,0.0923798,-0.328101,1.09372,-0.0982473,-0.0183612,-0.0129275
9902,0.135079,0.0119906,1.38828,0.0306715,0.0875689,-0.0451257,1.08279,0.0504087,-0.0407797,0.0465011
9918,0.135079,0.0119906,1.38828,0.0306715,0.0880484,0.202426,1.112,0.0812713,-0.0899227,0.103966
9934,0.135079,0.0119906,1.38828,0.0306715,0.0882645,0.0533361,1.13637,-0.00925928,-0.0797313,0.0712729
9950,0.135079,0.0119906,1.38828,0.0306715,0.0864161,-0.19647,1.12053,-0.0905301,-0.0372071,0.00813708
9965,0.135079,0.0119906,1.38828,0.0306715,0.0834146,-0.100413,1.11288,0.0241751,-0.0341524,0.0332561
9982,0.135079,0.0119906,1.38828,0.0306715,0.0827709,0.0939698,1.13229,0.118821,-0.0616987,0.0844531
9998,0.135079,0.0119906,1.36264,0.0306715,0.0835498,0.108228,1.17622,0.208323,-0.071026,0.115628
10014,0.135079,0.0119906,1.35897,0.0306715,0.0826853,-0.246164,1.17305,-0.0210895,-0.032808,0.0204332
10030,0.135079,0.0119906,1.3315,0.0306715,0.0778283,-0.181285,1.17029,-0.0447491,-0.0454296,0.0274401
10046,0.135079,0.0119906,1.3315,0.0306715,0.0755486,-0.042862,1.17975,-0.121393,-0.0785534,0.0423301
10062,0.135079,0.0119906,1.32784,0.0306715,0.0756873,0.00816973,1.20851,0.100816,-0.068725,0.0867415
10078,0.135079,0.0119906,1.32784,0.0306715,0.0737251,-0.239367,1.21745,0.0828142,-0.0245588,0.0373683
10094,0.135079,0.0119906,1.32784,0.0306715,0.0686777,-0.231115,1.20293,0.0226328,-0.0217484,0.0198639
10109,0.135079,0.0119906,1.32784,0.0306715,0.0659416,0.0329503,1.20834,-0.0735534,-0.078522,0.0540473
10126,0.135079,0.0119906,1.36264,0.0306715,0.0667471,0.105162,1.24218,-0.0241763,-0.0868118,0.0745963
10142,0.135079,0.0119906,1.39194,0.0306715,0.0673543,-0.135317,1.22778,-0.00257231,-0.0309587,0.023224
10158,0.135079,0.0119906,1.42125,0.0306715,0.0639698,-0.15184,1.20766,-0.0596674,-0.0177654,-0.00397419
10174,0.135079,0.0119906,1.42308,0.0230037,0.0638371,0.249589,1.2045,-0.0473253,-0.0873363,0.0717591
10190,0.135079,0.0119906,1.38462,0.0230037,0.0684486,0.290225,1.24939,0.245357,-0.0862843,0.142136
10206,0.135079,0.0119906,1.30952,0.0230037,0.0705816,-0.0719035,1.27685,0.0524668,-0.0710433,0.0788432
10222,0.135079,0.0119906,1.2619,0.0230037,0.0680498,-0.390054,1.27581,0.0637839,-0.0183072,0.0278041
10238,0.135079,0.0119906,1.17766,0.0230037,0.0637371,-0.15984,1.28478,0.0411506,-0.0779913,0.082678
10253,0.135079,0.0119906,1.17766,0.0230037,0.0606697,-0.0974867,1.3351,0.0318919,-0.097327,0.0999261
10270,0.135079,0.0119906,1.10989,0.0306715,0.0573453,-0.423756,1.35232,-0.126533,-0.0723761,0.0334749
10286,0.135079,0.0119906,1.08608,0.0306715,0.0498353,-0.592954,1.3479,0.0216035,-0.015767,0.0122553
10302,0.135079,0.0119906,1.08608,0.0306715,0.0407004,-0.424306,1.32805,-0.0879588,-0.0403708,0.0106065
10318,0.135079,0.0119906,1.13736,0.0306715,0.0354524,-0.139984,1.33645,-0.0555518,-0.0698061,0.0487595
10334,0.135079,0.0119906,1.21429,0.0306715,0.0336133,-0.244031,1.32872,-0.0313773,-0.02499,0.00944632
10350,0.135079,0.0119906,1.2381,0.0230037,0.0280201,-0.335429,1.29761,-0.0689258,0.0100858,-0.0332882
10366,0.135079,0.0119906,1.30037,0.0306715,0.0246878,0.0549304,1.27915,-0.0190314,-0.0317835,0.0200519
10382,0.135079,0.0119906,1.3022,0.0230037,0.0265798,0.322466,1.28975,0.0504083,-0.0764684,0.084392
10397,0.135079,0.0119906,1.3022,0.0230037,0.0315619,0.237854,1.32576,0.109046,-0.070439,0.0924375
10414,0.135079,0.0119906,1.3022,0.0230037,0.033342,-0.117866,1.31629,0.141968,-0.00208554,0.03097
10430,0.135079,0.0119906,1.28022,0.0230037,0.0313127,-0.00835104,1.30474,-0.0740707,-0.0474896,0.0241342
10446,0.135079,0.0119906,1.24359,0.0230037,0.0338489,0.181643,1.33604,0.06841,-0.0849873,0.0969635
10462,0.135079,0.0119906,1.2033,0.0230037,0.0345291,0.00350856,1.37343,0.0668681,-0.0719408,0.0829909
10478,0.135079,0.0119906,1.16117,0.0230037,0.0320846,-0.278404,1.3707,0.0864154,-0.02329,0.0381567
10494,0.135079,0.0119906,1.09158,0.0230037,0.0265781,-0.297071,1.34366,-0.0102877,-0.0326388,0.023842
10510,0.135079,0.0119906,1.05861,0.0230037,0.0230804,0.0450717,1.35044,-0.00051457,-0.0976295,0.0922713
10526,0.135079,0.0119906,1.05678,0.0230037,0.0240306,-0.0285974,1.40248,0.0349798,-0.094038,0.0971022
10541,0.135079,0.0119906,1.05678,0.0230037,0.0200528,-0.455198,1.40913,-0.0967011,-0.0271227,-0.00328868
10558,0.135079,0.0119906,1,0.0230037,0.0124055,-0.425493,1.37826,-0.0195472,-0.0168039,0.0051525
10574,0.135079,0.0119906,0.978022,0.0230037,0.00722789,-0.108151,1.3826,-0.0396058,-0.0749993,0.0594204
10590,0.135079,0.0119906,0.974359,0.0230037,0.00646403,-0.0893532,1.41313,0.0545242,-0.0737809,0.0811609
10606,0.135079,0.0119906,0.974359,0.0230037,0.00400785,-0.419891,1.41815,-0.106989,-0.0301448,-0.00287692
10622,0.135079,0.0119906,0.974359,0.0306715,-0.00440959,-0.456928,1.38674,-0.0061722,0.00901984,-0.0196274
10638,0.135079,0.0119906,0.978022,0.0230037,-0.0107842,-0.0657847,1.35448,-0.04938,-0.0479964,0.0299036
10654,0.135079,0.0119906,0.978022,0.0230037,-0.00894769,0.268903,1.39678,-0.0879573,-0.126785,0.100422
10670,0.135079,0.0119906,1.01282,0.0230037,-0.00607853,-0.216192,1.40248,0.0601802,-0.017953,0.0261044
10685,0.135079,0.0119906,1.01282,0.0230037,-0.0111394,-0.44094,1.36847,-0.0447493,0.0266131,-0.0448
10702,0.135079,0.0119906,1.01282,0.0306715,-0.0166532,0.0250821,1.33051,-0.0282903,-0.0396304,0.024999
10718,0.135079,0.0119906,1.04029,0.0230037,-0.0146102,0.382156,1.35792,-0.0241741,-0.106792,0.0962113
10734,0.135079,0.0119906,1.04396,0.0306715,-0.0100802,0.0579943,1.3868,-0.0601822,-0.0661291,0.0439464
10750,0.135079,0.0119906,1.10073,0.0306715,-0.0118377,-0.2832,1.36409,-0.0437226,0.01976,-0.0390807
10766,0.135079,0.0119906,1.12821,0.0306715,-0.0155897,0.0524038,1.33338,-0.180544,-0.0384513,-0.0131426
10782,0.135079,0.0119906,1.15201,0.0306715,-0.0131689,0.381356,1.33426,0.052466,-0.0688527,0.0750478
10798,0.135079,0.0119906,1.20879,0.0306715,-0.00672429,0.337382,1.3691,0.0293176,-0.0689743,0.0694865
10814,0.135079,0.0119906,1.25275,0.0306715,-0.00255538,-0.106144,1.34814,0.0442372,0.0223635,-0.0196038
10829,0.135079,0.0119906,1.25275,0.0306715,-0.00476028,-0.02567,1.30564,-0.0483505,0.00996889,-0.0295178
10846,0.135079,0.0119906,1.337,0.0306715,-0.00273066,0.526319,1.28625,0.147624,-0.0461326,0.0760611
10862,0.135079,0.0119906,1.39194,0.0306715,0.00705861,0.732952,1.33432,0.073041,-0.1073,0.119893
10878,0.135079,0.0119906,1.45055,0.0306715,0.0158519,0.284342,1.34855,0.0591516,-0.0308823,0.0387688
10894,0.135079,0.0119906,1.48168,0.0306715,0.0196948,0.168845,1.32392,-0.0092593,-0.0112511,0.00216576
10910,0.135079,0.0119906,1.48535,0.0306715,0.0237123,0.449705,1.31992,-0.0828149,-0.0762789,0.0502617
10926,0.135079,0.0119906,1.48718,0.0306715,0.0316649,0.542836,1.34774,0.0390923,-0.0975488,0.101617
10942,0.135079,0.0119906,1.48901,0.0230037,0.038524,0.192819,1.37576,-0.046295,-0.0603154,0.0444495
10958,0.135079,0.0119906,1.49084,0.0230037,0.0397517,0.0228222,1.36958,-0.12705,-0.0391633,0.00311605
10973,0.135079,0.0119906,1.49084,0.0230037,0.0399024,0.20482,1.35531,-0.160997,-0.0734583,0.0297388
10990,0.135079,0.0119906,1.49084,0.0230037,0.045061,0.433714,1.4012,-0.0257185,-0.118043,0.108063
11006,0.135079,0.0119906,1.49634,0.0230037,0.0504761,0.0522606,1.432,-0.0205746,-0.0624385,0.0525632
11022,0.135079,0.0119906,1.49634,0.0306715,0.0493564,-0.244965,1.40849,-0.00565878,0.00012047,-0.00921326
11038,0.135079,0.0119906,1.49634,0.0306715,0.0457969,0.00336218,1.39113,-0.0812702,-0.0445912,0.017847
11054,0.135079,0.0119906,1.49634,0.0306715,0.0490537,0.457296,1.43347,0.121906,-0.11814,0.142354
11070,0.135079,0.0119906,1.49634,0.0306715,0.0541346,0.212939,1.49414,-0.234551,-0.139273,0.0760532
11086,0.135079,0.0119906,1.49634,0.0306715,0.0510394,-0.412843,1.50458,0.0432055,0.0114632,-0.009166
11102,0.135079,0.0119906,1.49634,0.0306715,0.045227,-0.29176,1.46135,-0.213984,-0.0223023,-0.0376817
11117,0.135079,0.0119906,1.49634,0.0306715,0.0430432,0.0197634,1.46002,-0.00822952,-0.0503951,0.0414477
11134,0.135079,0.0119906,1.49634,0.0306715,0.0482628,0.520946,1.54159,0.134258,-0.152355,0.179789
11150,0.135079,0.0119906,1.49634,0.0306715,0.0521481,-0.250429,1.53027,-0.138882,-0.0481801,0.00671851
11166,0.135079,0.0119906,1.49634,0.0230037,0.0436336,-0.823356,1.43166,-0.102873,0.0988712,-0.131701
11182,0.135079,0.0119906,1.49634,0.0230037,0.0316179,0.0687264,1.25617,-0.167687,-0.0113471,-0.034582
11198,0.135079,0.0119906,1.49634,0.0230037,0.046533,0.823823,1.36875,-0.15534,-0.1986,0.158356
11214,0.135079,0.0119906,1.49634,0.0306715,0.0593726,0.525239,1.52387,0.320967,-0.1444,0.217438
11230,0.135079,0.0119906,1.49634,0.0230037,0.0620962,-0.339962,1.59578,-0.128595,-0.0612039,0.0239814
11246,0.135079,0.0119906,1.49634,0.0230037,0.0541996,-0.774123,1.5407,0.168202,0.0800028,-0.0465397
11261,0.135079,0.0119906,1.49634,0.0230037,0.0418096,-0.255238,1.46918,0.0843587,0.0119168,0.00262486
11278,0.135079,0.0119906,1.49634,0.0230037,0.0425026,0.545505,1.48523,0.0205752,-0.147116,0.148737
11294,0.135079,0.0119906,1.49634,0.0306715,0.0498444,0.28251,1.571,0.050922,-0.128362,0.134777
11310,0.135079,0.0119906,1.49634,0.0306715,0.0492487,-0.325703,1.5965,0.192891,-0.00493657,0.0439264
11326,0.135079,0.0119906,1.49084,0.0306715,0.0422849,-0.544848,1.53417,-0.0931015,0.0250674,-0.0564856
11342,0.135079,0.0119906,1.48901,0.0306715,0.0339735,-0.110956,1.48781,0.0961879,-0.00728012,0.0231888
11358,0.135079,0.0119906,1.48718,0.0306715,0.0360247,0.450515,1.51542,0.0123444,-0.130361,0.127719
11374,0.135079,0.0119906,1.48168,0.0306715,0.0419284,0.172989,1.57704,-0.119333,-0.12098,0.0855021
11390,0.135079,0.0119906,1.47985,0.0306715,0.0424771,-0.329567,1.61077,0.118819,-0.00941337,0.0302732
11405,0.135079,0.0119906,1.47985,0.0306715,0.0365429,-0.478909,1.56331,-0.161513,0.00464071,-0.0525693
11422,0.135079,0.0119906,1.45604,0.0306715,0.0312714,-0.121477,1.53905,-0.0118311,-0.0338334,0.0234009
11438,0.135079,0.0119906,1.45421,0.0230037,0.0328209,0.366704,1.57716,0.0380629,-0.127987,0.133168
11454,0.135079,0.0119906,1.45421,0.0230037,0.0368934,-0.0411296,1.61365,0.109048,-0.0599983,0.0812003
11470,0.135079,0.0119906,1.45055,0.0230037,0.0337696,-0.339147,1.60678,0.0972163,-0.00111225,0.0184259
11486,0.135079,0.0119906,1.42308,0.0230037,0.0296482,-0.310521,1.56134,-0.00514377,-0.00785008,0.00028599
11502,0.135079,0.0119906,1.37912,0.0306715,0.0265647,0.0370796,1.56326,-0.0761271,-0.0866927,0.0610771
11518,0.135079,0.0119906,1.34982,0.0306715,0.0272539,0.0309568,1.60666,-0.0457804,-0.100068,0.0818403
11534,0.135079,0.0119906,1.34982,0.0306715,0.0270749,-0.182611,1.64831,0.0555525,-0.0581953,0.0639385
11549,0.135079,0.0119906,1.34982,0.0306715,0.0242519,-0.609486,1.61319,0.0462934,0.0315605,-0.0294974
11566,0.135079,0.0119906,1.31319,0.0306715,0.0157837,-0.13666,1.60349,0.10339,-0.0404744,0.0578364
11582,0.135079,0.0119906,1.31136,0.0306715,0.0138691,0.0983678,1.62604,0.0720122,-0.0898541,0.100317
11598,0.135079,0.0119906,1.30952,0.0306715,0.0154493,-0.163964,1.63346,0.0236601,-0.0525132,0.0503889
11614,0.135079,0.0119906,1.30952,0.0230037,0.011343,-0.45759,1.62211,-0.0200615,0.00614098,-0.0180491
11630,0.135079,0.0119906,1.337,0.0230037,0.00461785,-0.320521,1.59605,0.0360061,0.0114061,-0.00933917
11646,0.135079,0.0119906,1.36264,0.0230037,0.00295341,0.188698,1.5964,-0.0421769,-0.0825407,0.0672
11662,0.135079,0.0119906,1.39377,0.0230037,0.00671863,0.246251,1.65131,-0.0298324,-0.103275,0.0911838
11678,0.135079,0.0119906,1.41575,0.0230037,0.0086042,-0.219388,1.63843,0.12345,0.00557875,0.0181436
11693,0.135079,0.0119906,1.41575,0.0230037,0.0064533,-0.266283,1.61187,-0.0802403,-0.00085429,-0.0251724
11710,0.135079,0.0119906,1.41575,0.0230037,0.00409616,0.0737168,1.57977,0.0221179,-0.0392096,0.0391454
11726,0.135079,0.0119906,1.41575,0.0230037,0.00629851,0.310479,1.60017,-0.0730416,-0.102424,0.0800076
11742,0.135079,0.0119906,1.41575,0.0230037,0.00685892,0.144196,1.6243,-0.152254,-0.0882207,0.0460061
11758,0.135079,0.0119906,1.41392,0.0230037,0.00779842,-0.219121,1.61137,0.0329187,0.00176546,-8.639e-05
11774,0.135079,0.0119906,1.41209,0.0306715,0.00416758,0.0534671,1.60747,-0.036006,-0.0509732,0.0348423
11790,0.135079,0.0119906,1.41209,0.0306715,0.00560345,0.269707,1.62676,0.0149165,-0.0911843,0.0881669
11806,0.135079,0.0119906,1.41209,0.0306715,0.00958022,0.214145,1.65335,0.186717,-0.0728761,0.111545
11822,0.135079,0.0119906,1.41392,0.0306715,0.0104782,-0.168226,1.63961,0.0637812,-0.015712,0.023244
11837,0.135079,0.0119906,1.41392,0.0306715,0.00739983,-0.203402,1.6108,-0.0858999,-0.0156888,-0.0133635
11854,0.135079,0.0119906,1.41392,0.0306715,0.00480277,0.14034,1.6008,-0.12602,-0.076828,0.0390838
11870,0.135079,0.0119906,1.44689,0.0383394,0.00851117,0.238662,1.64969,-0.0180023,-0.0923899,0.0794379
11886,0.135079,0.0119906,1.47619,0.0383394,0.0103635,-0.159701,1.64542,-0.0216037,-0.0151381,4.434e-05
11902,0.135079,0.0119906,1.49634,0.0383394,0.00749747,-0.16623,1.60793,0.0869284,0.0174279,-0.00618839
11918,0.135079,0.0119906,1.49634,0.0383394,0.00717417,0.273703,1.60142,0.0514369,-0.0652581,0.0692769
11934,0.135079,0.0119906,1.49634,0.0383394,0.0130471,0.476352,1.64104,0.171801,-0.106549,0.140603
11950,0.135079,0.0119906,1.49634,0.0383394,0.0188641,-0.00982168,1.66678,0.0329195,-0.0500492,0.0488323
11966,0.135079,0.0119906,1.49634,0.0306715,0.0162284,-0.367803,1.64792,-0.0750995,0.0119282,-0.0387609
11981,0.135079,0.0119906,1.49634,0.0306715,0.0120934,-0.10388,1.63314,-0.0864133,-0.0274944,-0.00130283
11998,0.135079,0.0119906,1.49634,0.0306715,0.0130028,0.265041,1.65059,-0.0488652,-0.0959547,0.0775019
12014,0.135079,0.0119906,1.49634,0.0230037,0.0166547,0.11076,1.67413,0.12962,-0.0566116,0.083013
12030,0.135079,0.0119906,1.49634,0.0230037,0.0168161,-0.129719,1.66942,0.0910443,-0.0164887,0.0327287
12046,0.135079,0.0119906,1.49634,0.0230037,0.0139685,-0.0826972,1.641,-0.0164603,-0.0268379,0.0170248
12062,0.135079,0.0119906,1.49634,0.0230037,0.014331,0.195361,1.64806,-0.11779,-0.0922278,0.0586642
12078,0.135079,0.0119906,1.49634,0.0230037,0.0177309,0.0540011,1.69292,0.015429,-0.066266,0.064719
12094,0.135079,0.0119906,1.49634,0.0230037,0.0164984,-0.187141,1.71119,-0.0354904,-0.0306423,0.015912
12110,0.135079,0.0119906,1.49634,0.0230037,0.0129949,-0.180355,1.66144,0.0745844,-0.00113596,0.0131492
12125,0.135079,0.0119906,1.49634,0.0230037,0.0114936,0.242126,1.66322,0.0591519,-0.0782209,0.0878219
12142,0.135079,0.0119906,1.49634,0.0306715,0.0160055,0.246521,1.69986,-0.0149166,-0.104896,0.0946977
12158,0.135079,0.0119906,1.49634,0.0306715,0.0172223,-0.180745,1.71551,-0.11728,-0.0448708,0.00840632
12174,0.135079,0.0119906,1.49634,0.0306715,0.0134456,-0.311983,1.68872,0.0447502,0.0112388,-0.00876377
12190,0.135079,0.0119906,1.49634,0.0306715,0.0105767,0.0504015,1.6671,0.0390927,-0.045954,0.0481764
12206,0.135079,0.0119906,1.49634,0.0306715,0.0127885,0.37736,1.71434,0.165629,-0.105046,0.139154
12222,0.135079,0.0119906,1.49634,0.0383394,0.0163661,0.047202,1.73722,0.0318915,-0.0730571,0.0717502
12238,0.135079,0.0119906,1.49634,0.0383394,0.014974,-0.492237,1.71868,-0.0210929,0.0257471,-0.0417123
12254,0.135079,0.0119906,1.49634,0.0306715,0.00933096,-0.172359,1.70277,-0.105449,-0.029124,-0.00455418
12269,0.135079,0.0119906,1.49634,0.0306715,0.0080672,0.213348,1.70992,0.0750979,-0.0773286,0.0888086
12286,0.135079,0.0119906,1.49634,0.0306715,0.0112903,0.130742,1.73202,0.0884694,-0.0710379,0.0855565
12302,0.135079,0.0119906,1.49634,0.0306715,0.0116457,-0.250159,1.70795,-0.0596695,-0.0143254,-0.00842987
12318,0.135079,0.0119906,1.49634,0.0306715,0.00736873,-0.128934,1.70193,-0.0637854,-0.0286099,0.00518018
12334,0.135079,0.0119906,1.49634,0.0306715,0.00790576,0.212551,1.72087,-0.041148,-0.0936087,0.0768014
12350,0.135079,0.0119906,1.49634,0.0306715,0.0112717,0.162583,1.76526,0.206263,-0.0703218,0.11361
12366,0.135079,0.0119906,1.49634,0.0306715,0.0106759,-0.21512,1.74642,0.0277774,-0.0175579,0.0161856
12382,0.135079,0.0119906,1.49634,0.0306715,0.00715209,-0.184215,1.71646,-0.197005,-0.0377404,-0.0182827
12398,0.135079,0.0119906,1.49634,0.0306715,0.00725159,0.0477394,1.72201,-0.0231457,-0.0604949,0.047526
12413,0.135079,0.0119906,1.49634,0.0306715,0.00927243,0.19883,1.78036,0.0750974,-0.0931647,0.104629
12430,0.135079,0.0119906,1.49634,0.0383394,0.0101745,-0.193141,1.76592,0.126022,-0.0143326,0.0350661
12446,0.135079,0.0119906,1.49634,0.0383394,0.00433292,-0.305862,1.72264,-0.0720128,0.00189241,-0.0298024
12462,0.135079,0.0119906,1.49634,0.0383394,0.0026462,0.169644,1.72453,0.0354921,-0.0696786,0.0694373
12478,0.135079,0.0119906,1.49634,0.0383394,0.00732592,0.328862,1.78649,-0.00411604,-0.125759,0.116476
12494,0.135079,0.0119906,1.49634,0.0306715,0.0111564,-0.153578,1.80783,0.136824,-0.0307531,0.0561308
12510,0.135079,0.0119906,1.49634,0.0306715,0.00721695,-0.425214,1.77402,-0.0396064,0.0118254,-0.0303179
12526,0.135079,0.0119906,1.49634,0.0306715,0.00183106,-0.132793,1.74765,-0.140424,-0.0389194,-0.003244
12542,0.135079,0.0119906,1.49634,0.0306715,0.00228137,0.227337,1.76446,0.0010272,-0.0922552,0.0856821
12557,0.135079,0.0119906,1.49634,0.0306715,0.00595453,0.115694,1.78452,0.0838416,-0.0724751,0.0857496
12574,0.135079,0.0119906,1.49634,0.0306715,0.00431008,-0.185016,1.7736,-0.0200569,-0.0248783,0.011875
12590,0.135079,0.0119906,1.49634,0.0306715,0.00359182,-0.257498,1.7455,-0.114191,-0.0152991,-0.0208583
12606,0.135079,0.0119906,1.49634,0.0306715,0.00168693,0.174842,1.77071,0.0745825,-0.0742229,0.0853697
12622,0.135079,0.0119906,1.49634,0.0306715,0.00408055,0.123811,1.79535,0.128075,-0.0680769,0.0921144
12638,0.135079,0.0119906,1.49634,0.0306715,0.00319152,-0.194073,1.77035,-0.0298343,-0.0218255,0.00639684
12654,0.135079,0.0119906,1.49634,0.0306715,-0.00056218,-0.187548,1.75127,-0.0529802,-0.0152399,-0.00585864
12670,0.135079,0.0119906,1.49634,0.0383394,-0.00160602,0.238928,1.77656,0.021603,-0.089314,0.0858636
12686,0.135079,0.0119906,1.49634,0.0383394,0.00443634,0.00750428,1.79027,0.152246,-0.0441969,0.0718788
12701,0.135079,0.0119906,1.49634,0.0383394,0.00127739,-0.328504,1.76927,0.16923,0.0293693,0.00130896
12718,0.135079,0.0119906,1.49634,0.0383394,-0.00195669,0.0222924,1.75636,-0.0653238,-0.0549566,0.029647
12734,0.135079,0.0119906,1.49634,0.0383394,0.00015832,0.279164,1.7877,-0.0257194,-0.107906,0.0930994
12750,0.135079,0.0119906,1.49634,0.0383394,0.00346002,0.0336165,1.82171,0.160998,-0.053694,0.083581
12766,0.135079,0.0119906,1.49634,0.0383394,0.00196976,-0.234037,1.80769,0.0102856,-0.0173487,0.00967584
12782,0.135079,0.0119906,1.49634,0.0536752,-0.00238125,-0.191939,1.78973,-0.154312,-0.035601,-0.0157844
12798,0.135079,0.0119906,1.49634,0.0536752,-0.00298874,0.104366,1.79692,0.0113146,-0.0703504,0.0602139
12814,0.135079,0.0119906,1.49634,0.14569,-0.00052382,0.14447,1.80843,0.159455,-0.077581,0.0812688
12830,0.135079,0.0119906,1.49634,0.237705,2.021e-05,-0.0941471,1.80233,0.0591526,-0.0567704,0.0129009
12845,0.135079,0.0119906,1.49634,0.237705,-0.0017405,-0.242301,1.79336,0.0416654,-0.0268366,-0.0217941
12862,0.135079,0.0119906,1.49634,0.25304,-0.0037397,0.053336,1.79973,0.168202,-0.0656182,0.0449708
12878,0.135079,0.0119906,1.49634,0.260708,-0.00151993,0.174445,1.80813,0.220668,-0.0879047,0.0785831
12894,0.135079,0.0119906,1.49634,0.260708,0.00073508,-0.0671,1.81561,0.131682,-0.0599813,0.0282627
12910,0.135079,0.0119906,1.49634,0.276044,-0.00071218,-0.275873,1.81927,0.243299,-0.008619,-0.00036803
12926,0.135079,0.0119906,1.49634,0.276044,-0.00407143,-0.0219426,1.80687,0.219124,-0.0495979,0.0354966
12942,0.135079,0.0119906,1.49634,0.161026,-0.00267092,0.192164,1.80157,0.202152,-0.0778716,0.0883378
12958,0.135079,0.0119906,1.49634,0.0613431,-0.00150543,-0.113069,1.8145,0.260791,-0.00776877,0.0557908
12974,0.135079,0.0119906,1.49634,0.0613431,-0.00497428,-0.166626,1.81485,0.136822,-0.00746816,0.0251025
12989,0.135079,0.0119906,1.49634,0.0613431,-0.00786319,0.115016,1.80338,-0.00514759,-0.068806,0.0527616
13006,0.135079,0.0119906,1.49634,0.0613431,-0.00596733,0.131278,1.80102,0.0246906,-0.0706881,0.061984
13022,0.135079,0.0119906,1.49634,0.0536752,-0.00388532,-0.0445895,1.8292,0.0879571,-0.0399239,0.0479472
13038,0.135079,0.0119906,1.49634,0.0536752,-0.00524762,-0.099741,1.83381,0.0303474,-0.0357002,0.0295087
13054,0.135079,0.0119906,1.49634,0.0613431,-0.00363445,-0.0540494,1.79574,-0.0889868,-0.0531759,0.0162474
13070,0.135079,0.0119906,1.49634,0.184029,-0.00463867,0.0232228,1.79951,0.166649,-0.050403,0.0460585
13086,0.135079,0.0119906,1.49634,0.314383,-0.00406593,0.0333517,1.82777,0.106476,-0.0829589,0.0323027
13102,0.135079,0.0119906,1.49634,0.337387,-0.0037847,-0.0922854,1.82138,0.144026,-0.0571822,0.00966249
13118,0.135079,0.0119906,1.49634,0.337387,-0.00504511,-0.0786943,1.80554,0.151229,-0.0530216,0.00727696
13133,0.135079,0.0119906,1.49634,0.337387,-0.00526127,0.0214947,1.81312,0.449048,-0.0365913,0.0636323
13150,0.135079,0.0119906,1.49634,0.222369,-0.00488054,0.0766539,1.83774,0.276219,-0.0600949,0.0732579
13166,0.135079,0.0119906,1.49634,0.115018,-0.00424679,-0.0668373,1.8193,-0.030859,-0.0548271,0.018936
13182,0.135079,0.0119906,1.49634,0.10735,-0.00526242,-0.205797,1.80739,0.141456,-0.00311295,0.0105482
13198,0.135079,0.0119906,1.49634,0.0920147,-0.00690013,0.114345,1.83883,0.312222,-0.0437453,0.0974775
13214,0.135079,0.0119906,1.49634,0.0920147,-0.00604415,0.00071823,1.82483,-0.165631,-0.0791232,0.0162297
13230,0.135079,0.0119906,1.49634,0.0766789,-0.00892739,-0.0200744,1.81769,0.221696,-0.0200431,0.0550122
13246,0.135079,0.0119906,1.49634,0.069011,-0.00670378,0.0606691,1.81798,0.141449,-0.047309,0.0649123
13262,0.135079,0.0119906,1.49634,0.069011,-0.00522895,0.0213592,1.83348,0.0632713,-0.0556564,0.0541358
13277,0.135079,0.0119906,1.49634,0.069011,-0.00646936,-0.135586,1.81824,-0.158428,-0.048296,-0.00769571
13294,0.135079,0.0119906,1.49634,0.069011,-0.00723573,-0.0143445,1.80767,0.0257225,-0.044366,0.0335592
13310,0.135079,0.0119906,1.49634,0.069011,-0.00771673,-0.0784223,1.80081,0.138367,-0.0165762,0.0329622
13326,0.135079,0.0119906,1.49634,0.184029,-0.010195,0.149663,1.80469,0.0282923,-0.0824894,0.0448075
13342,0.135079,0.0119906,1.49634,0.199365,-0.00746396,0.124351,1.8183,-0.044749,-0.096236,0.0370119
13358,0.135079,0.0119906,1.49634,0.184029,-0.0063574,-0.0307332,1.834,0.357486,-0.0226527,0.0645482
13374,0.135079,0.0119906,1.49634,0.0613431,-0.00711253,-0.0484497,1.82949,0.204721,-0.0207788,0.0552865
13390,0.135079,0.0119906,1.49634,0.0613431,-0.00786837,0.0104397,1.81491,-0.1471,-0.0696246,0.0187052
13406,0.135079,0.0119906,1.49634,0.0536752,-0.00516194,0.0412112,1.83979,0.0421821,-0.0615743,0.05872
13421,0.135079,0.0119906,1.49634,0.0536752,-0.00487812,-0.127592,1.8447,0.178488,-0.0157714,0.0455424
13438,0.135079,0.0119906,1.49634,0.0536752,-0.0102802,-0.111733,1.81915,-0.103385,-0.0381141,-0.00073268
13454,0.135079,0.0119906,1.49634,0.0536752,-0.0113426,-0.0143457,1.80558,0.0581237,-0.0313884,0.0321355
13470,0.135079,0.0119906,1.49634,0.0536752,-0.00959983,0.142736,1.82488,0.128594,-0.058913,0.0773434
13486,0.135079,0.0119906,1.49634,0.0536752,-0.00824535,0.0261586,1.82674,0.180545,-0.0339328,0.0646476
13502,0.135079,0.0119906,1.49634,0.0536752,-0.00953006,-0.112674,1.81813,-0.16768,-0.0467344,-0.00774836
13518,0.135079,0.0119906,1.49634,0.0536752,-0.0109766,-0.111604,1.81011,-0.127564,-0.0378196,-0.00692179
13534,0.135079,0.0119906,1.49634,0.0536752,-0.0109455,0.151661,1.81477,0.135794,-0.0551066,0.0752957
13550,0.135079,0.0119906,1.49634,0.0536752,-0.00913476,0.051337,1.82281,-0.0195474,-0.0604682,0.0425649
13565,0.135079,0.0119906,1.49634,0.0536752,-0.0104626,-0.127057,1.80785,-0.145053,-0.0374259,-0.0116135
13582,0.135079,0.0119906,1.49634,0.0536752,-0.012538,0.0310845,1.79964,0.0797257,-0.0337285,0.0398596
13598,0.135079,0.0119906,1.49634,0.0536752,-0.0116875,0.330193,1.80671,0.212951,-0.0752743,0.114801
13614,0.135079,0.0119906,1.49634,0.0536752,-0.00891334,0.0719889,1.82234,-0.0447497,-0.0675566,0.0435911
13630,0.135079,0.0119906,1.49634,0.0536752,-0.00915741,-0.164492,1.82532,-0.0210893,-0.0217496,0.00277404
13646,0.135079,0.0119906,1.49634,0.0536752,-0.0114512,-0.0341971,1.80674,0.0915581,-0.0237922,0.0326088
13662,0.135079,0.0119906,1.49634,0.0536752,-0.0109597,0.173911,1.79778,0.0380643,-0.0670357,0.0635143
13678,0.135079,0.0119906,1.49634,0.0536752,-0.00777275,0.191086,1.82522,-0.114184,-0.100297,0.0598386
13694,0.135079,0.0119906,1.49634,0.0536752,-0.00715748,-0.122931,1.84219,-0.0329187,-0.0379999,0.0163132
13709,0.135079,0.0119906,1.49634,0.0536752,-0.00969856,-0.148778,1.80925,0.170254,0.00327001,0.0243509
13726,0.135079,0.0119906,1.49634,0.0536752,-0.0107023,0.122488,1.78925,0.00617082,-0.0599246,0.0484792
13742,0.135079,0.0119906,1.49634,0.0536752,-0.00777126,0.23946,1.82614,0.0272636,-0.0921766,0.0862915
13758,0.135079,0.0119906,1.49634,0.0536752,-0.00519515,-0.137585,1.84688,-0.0108062,-0.0369328,0.020609
13774,0.135079,0.0119906,1.49634,0.0536752,-0.00851141,-0.220986,1.81509,0.161514,0.0121065,0.0131734
13790,0.135079,0.0119906,1.49634,0.0536752,-0.0102817,0.0318828,1.79774,-0.136825,-0.0634055,0.0168822
13806,0.135079,0.0119906,1.49634,0.0536752,-0.00793819,0.158857,1.81744,-0.0576084,-0.0854384,0.0586382
13822,0.135079,0.0119906,1.49634,0.0536752,-0.00601756,-0.00755131,1.83613,0.235584,-0.0269161,0.0709484
13838,0.135079,0.0119906,1.49634,0.0536752,-0.00751552,-0.072834,1.8226,-0.116763,-0.0521636,0.0102292
13853,0.135079,0.0119906,1.49634,0.0536752,-0.00786984,-0.132788,1.80086,-0.121387,-0.0360854,-0.00717722
13870,0.135079,0.0119906,1.49634,0.0383394,-0.00868351,0.141802,1.82886,0.0370359,-0.0704268,0.0703224
13886,0.135079,0.0119906,1.49634,0.0383394,-0.00544624,0.0907749,1.83174,0.171802,-0.0506779,0.0832478
13902,0.135079,0.0119906,1.49634,0.0383394,-0.00592429,-0.158102,1.81857,-0.10339,-0.034734,-0.00046761
13918,0.135079,0.0119906,1.49634,0.0383394,-0.00778459,-0.0632427,1.8121,-0.0185169,-0.0372189,0.0229457
13934,0.135079,0.0119906,1.49634,0.0383394,-0.00877356,0.0674596,1.81158,0.0144011,-0.0553828,0.0495264
13950,0.135079,0.0119906,1.49634,0.0383394,-0.00670378,0.0965043,1.81761,0.200607,-0.0428617,0.0824376
13966,0.135079,0.0119906,1.49634,0.0383394,-0.0074483,-0.13212,1.8121,-0.147626,-0.0408572,-0.00504783
13982,0.135079,0.0119906,1.49634,0.0383394,-0.00988728,-0.0399289,1.81701,-0.0262306,-0.0401468,0.0240418
13997,0.135079,0.0119906,1.49634,0.0383394,-0.00873351,0.20749,1.8254,0.139912,-0.0690466,0.0941844
14014,0.135079,0.0119906,1.49634,0.0536752,-0.00686688,-0.0119462,1.83764,-0.0817843,-0.0636327,0.0304181
14030,0.135079,0.0119906,1.49634,0.153358,-0.00882944,-0.212319,1.83065,-0.0709808,-0.0329571,-0.0225607
14046,0.135079,0.0119906,1.49634,0.161026,-0.0105242,0.016564,1.81795,0.146597,-0.0435661,0.0398343
14062,0.135079,0.0119906,1.49634,0.0613431,-0.00833455,0.257314,1.80933,0.0961875,-0.0831411,0.0922068
14078,0.135079,0.0119906,1.49634,0.0613431,-0.00603709,0.0137684,1.82432,0.0447514,-0.0521224,0.0479231
14094,0.135079,0.0119906,1.49634,0.0613431,-0.00760732,-0.173557,1.84193,0.0318922,-0.0210115,0.0130583
14110,0.135079,0.0119906,1.49634,0.0613431,-0.0108691,-0.0641746,1.8107,0.140423,-0.015186,0.033939
14126,0.135079,0.0119906,1.49634,0.0536752,-0.0106124,0.165652,1.80117,-0.0252043,-0.0745711,0.0556346
14141,0.135079,0.0119906,1.49634,0.0536752,-0.00830794,0.127946,1.82849,-0.05555,-0.0815265,0.0551239
14158,0.135079,0.0119906,1.49634,0.0536752,-0.00838182,-0.0997442,1.84184,0.103904,-0.0235454,0.0352065
14174,0.135079,0.0119906,1.49634,0.0383394,-0.0102088,-0.0740371,1.80708,0.0560674,-0.0210597,0.0248621
14190,0.135079,0.0119906,1.49634,0.0306715,-0.0114215,0.137271,1.79734,-0.129105,-0.0769919,0.0382675
14206,0.135079,0.0119906,1.49634,0.0306715,-0.00914277,0.0520028,1.81539,0.0997863,-0.0415482,0.0582783
14222,0.135079,0.0119906,1.49634,0.0230037,-0.00955329,-0.031004,1.825,0.0601845,-0.0318375,0.0405252
14238,0.135079,0.0119906,1.49634,0.0230037,-0.0105547,0.0510681,1.80381,0.0956755,-0.035928,0.0534975
14254,0.135079,0.0119906,1.49634,0.0306715,-0.00967808,0.107159,1.82433,-0.116248,-0.0790958,0.0434334
14270,0.135079,0.0119906,1.49634,0.0230037,-0.00902859,-0.0978805,1.84495,-0.0468069,-0.0381422,0.0205928
14285,0.135079,0.0119906,1.49634,0.0230037,-0.0104054,-0.0515149,1.82579,0.0396065,-0.0293846,0.0329866
14302,0.135079,0.0119906,1.49634,0.0230037,-0.0102451,0.0891759,1.80233,-0.0992723,-0.0667313,0.0369944
14318,0.135079,0.0119906,1.49634,0.0230037,-0.00909851,0.145399,1.82805,-0.0581251,-0.079913,0.0603912
14334,0.135079,0.0119906,1.49634,0.0230037,-0.00658106,0.0113695,1.8351,0.0380641,-0.0494807,0.052969
14350,0.135079,0.0119906,1.49634,0.0230037,-0.00854394,-0.0832253,1.81381,0.0812692,-0.0187483,0.0324105
14366,0.135079,0.0119906,1.49634,0.0230037,-0.00949672,0.0282874,1.81671,-0.146083,-0.0658773,0.0245678
14382,0.135079,0.0119906,1.49634,0.0306715,-0.0090413,0.114755,1.84588,0.0524662,-0.066087,0.0715133
14398,0.135079,0.0119906,1.49634,0.0306715,-0.00806496,0.0183006,1.84047,0.149677,-0.0369665,0.0657475
14414,0.135079,0.0119906,1.49634,0.0306715,-0.00805125,-0.0303347,1.81853,-0.118303,-0.0554993,0.0189159
14429,0.135079,0.0119906,1.49634,0.0306715,-0.00837633,0.00057967,1.84235,-0.0406369,-0.0567759,0.0391893
14446,0.135079,0.0119906,1.49634,0.0306715,-0.00861502,-0.0335303,1.84753,0.0329205,-0.0424327,0.0426309
14462,0.135079,0.0119906,1.49634,0.0306715,-0.00899941,0.00257944,1.82193,0.180035,-0.0245334,0.0606329
14478,0.135079,0.0119906,1.49634,0.0306715,-0.00913278,-0.00221798,1.82089,-0.0149182,-0.0468734,0.0355202
14494,0.135079,0.0119906,1.49634,0.0306715,-0.00879003,0.110362,1.86378,0.0216035,-0.0736421,0.0715519
14510,0.135079,0.0119906,1.49634,0.0306715,-0.00728956,-0.043391,1.85346,0.0313768,-0.0443673,0.0441788
14526,0.135079,0.0119906,1.49634,0.0306715,-0.00879686,-0.132121,1.82627,-0.153795,-0.0418038,-0.00375396
14542,0.135079,0.0119906,1.49634,0.0306715,-0.00878808,-0.0158145,1.82667,-0.095671,-0.0561145,0.0250752
14558,0.135079,0.0119906,1.49634,0.0306715,-0.00817088,0.0445434,1.82485,0.0473222,-0.0503583,0.0543152
14573,0.135079,0.0119906,1.49634,0.0306715,-0.0076779,0.0353573,1.81279,0.154312,-0.0336586,0.063623
14590,0.135079,0.0119906,1.49634,0.0306715,-0.00774363,-0.010214,1.82929,-0.127052,-0.0632659,0.0246252
14606,0.135079,0.0119906,1.49634,0.0306715,-0.00764387,0.0473413,1.8594,0.00462814,-0.0650219,0.0586139
14622,0.135079,0.0119906,1.49634,0.0306715,-0.00689897,-0.0655056,1.84142,0.197515,-0.0179557,0.0581233
14638,0.135079,0.0119906,1.49634,0.0306715,-0.00643604,0.00164429,1.83477,-0.191344,-0.0766579,0.0224327
14654,0.135079,0.0119906,1.49634,0.0306715,-0.00636677,-0.0373933,1.85573,-0.0020586,-0.0515605,0.0432701
14670,0.135079,0.0119906,1.49634,0.0383394,-0.0085865,-0.0360561,1.85545,0.0997904,-0.0366838,0.0512804
14686,0.135079,0.0119906,1.49634,0.0383394,-0.0109455,-0.025003,1.83556,-0.0210905,-0.0448785,0.03006
14702,0.135079,0.0119906,1.49634,0.0383394,-0.0131056,-0.0555146,1.82879,0.0416596,-0.0265726,0.0268903
14717,0.135079,0.0119906,1.49634,0.0383394,-0.0137442,0.0937054,1.84492,0.00359845,-0.0612211,0.0527534
14734,0.135079,0.0119906,1.49634,0.0383394,-0.0127251,0.15406,1.83203,0.0987593,-0.0593308,0.0742248
14750,0.135079,0.0119906,1.49634,0.0383394,-0.0113036,0.0204303,1.8312,-0.0874443,-0.0596375,0.0288148
14766,0.135079,0.0119906,1.49634,0.0383394,-0.0114113,-0.0441869,1.8522,-0.0864165,-0.0524515,0.0216724
14782,0.135079,0.0119906,1.49634,0.0306715,-0.0118985,0.0209602,1.84825,0.131167,-0.0352834,0.0595139
14798,0.135079,0.0119906,1.49634,-0.0843471,-0.0101669,0.0777193,1.84054,-0.122419,-0.0635007,0.0542231
14814,0.135079,0.0119906,1.49634,-0.168694,-0.00958209,-0.0248709,1.84847,-0.0951582,-0.0340038,0.0515608
14830,0.135079,0.0119906,1.49634,-0.176362,-0.00999549,0.0230929,1.83911,-0.0884732,-0.0381583,0.0593547
14846,0.135079,0.0119906,1.49634,-0.268376,-0.00910276,0.0966385,1.83134,-0.101331,-0.0416219,0.0823277
14861,0.135079,0.0119906,1.49634,-0.268376,-0.00834558,0.00510947,1.84805,-0.405328,-0.0669661,0.0334236
14878,0.135079,0.0119906,1.49634,-0.345055,-0.00847353,-0.129584,1.85866,-0.314796,-0.024312,0.0310194
14894,0.135079,0.0119906,1.49634,-0.337387,-0.0092466,0.109427,1.84499,-0.161515,-0.0458546,0.0887498
14910,0.135079,0.0119906,1.49634,-0.0536756,-0.00722876,0.0302947,1.85241,-0.386809,-0.0982401,0.0170623
14926,0.135079,0.0119906,1.49634,-0.0306715,-0.00758921,-0.0495195,1.89509,-0.157392,-0.0680032,0.0367934
14942,0.135079,0.0119906,1.49634,-0.0306715,-0.00957051,-0.217519,1.86443,-0.00514358,-0.00837787,0.0136349
14958,0.135079,0.0119906,1.49634,-0.023004,-0.0117448,-0.122261,1.83578,-0.135797,-0.03233,0.00420164
14974,0.135079,0.0119906,1.49634,-0.0153358,-0.0124715,0.0559993,1.83599,-0.212437,-0.0740249,0.0259479
14990,0.135079,0.0119906,1.49634,-0.00766826,-0.0111986,0.138073,1.86775,0.141454,-0.0565027,0.0929571
15005,0.135079,0.0119906,1.49634,-0.00766826,-0.0110689,-0.134786,1.87113,-0.0241761,-0.0277388,0.0230141
15022,0.135079,0.0119906,1.49634,-0.00766826,-0.014002,-0.163837,1.83973,-0.313768,-0.0454575,-0.0298724
15038,0.135079,0.0119906,1.49634,-0.00766826,-0.0142969,0.0580019,1.83266,-0.0750997,-0.0548855,0.038338
15054,0.135079,0.0119906,1.49634,-0.00766826,-0.0133547,0.0601316,1.84553,0.0931019,-0.0393995,0.0638012
15070,0.135079,0.0119906,1.49634,-0.00766826,-0.0128057,0.0599959,1.85539,-0.167173,-0.0741956,0.035278
15086,0.135079,0.0119906,1.49634,0.0153358,-0.0125532,-0.0830934,1.84792,-0.0375479,-0.0337457,0.0203108
15102,0.135079,0.0119906,1.49634,0.0153358,-0.0141204,0.0115012,1.84485,0.165628,-0.0230874,0.0593701
15118,0.135079,0.0119906,1.49634,0.0153358,-0.0139026,0.140205,1.85412,-0.104418,-0.0819464,0.0529434
15134,0.135079,0.0119906,1.49634,0.0230037,-0.0117382,0.0413443,1.86106,-0.221186,-0.0841408,0.0245748
15149,0.135079,0.0119906,1.49634,0.0230037,-0.0123866,-0.150244,1.86469,0.136312,-0.0054891,0.03228
15166,0.135079,0.0119906,1.49634,0.0230037,-0.015829,-0.0459205,1.85486,0.0493807,-0.0272059,0.0331291
15182,0.135079,0.0119906,1.49634,0.0230037,-0.0158928,0.127414,1.8437,-0.19289,-0.0855996,0.0331315
15198,0.135079,0.0119906,1.49634,0.0306715,-0.0134983,0.0517422,1.84783,0.145569,-0.0364561,0.0642663
15214,0.135079,0.0119906,1.49634,0.0306715,-0.0134626,-0.0428557,1.86653,0.127052,-0.0258568,0.04886
15230,0.135079,0.0119906,1.49634,0.0306715,-0.0150449,0.0150992,1.86213,-0.0745849,-0.0573329,0.0314378
15246,0.135079,0.0119906,1.49634,0.0306715,-0.0123755,0.105162,1.86638,-0.0252043,-0.0731462,0.0595974
15262,0.135079,0.0119906,1.49634,0.0383394,-0.0124672,-0.0592439,1.8909,0.0663541,-0.0385041,0.0448392
15278,0.135079,0.0119906,1.49634,0.0383394,-0.0152094,-0.119604,1.87153,-0.168712,-0.047009,-0.00409013
15293,0.135079,0.0119906,1.49634,0.0383394,-0.0165242,0.0185614,1.83631,-0.0776702,-0.0508056,0.0222785
15310,0.135079,0.0119906,1.49634,0.0383394,-0.015005,0.157399,1.85467,0.239708,-0.0444196,0.0935898
15326,0.135079,0.0119906,1.49634,0.0383394,-0.0122234,0.0735905,1.87858,-0.0967036,-0.0800998,0.047191
15342,0.135079,0.0119906,1.49634,0.0383394,-0.0126947,-0.184879,1.86408,-0.10751,-0.029989,-0.00639372
15358,0.135079,0.0119906,1.49634,0.0383394,-0.0153699,-0.125729,1.843,0.211926,0.0072997,0.0341887
15374,0.135079,0.0119906,1.49634,0.0536752,-0.0158894,0.165115,1.85731,-0.00360154,-0.0764263,0.0626765
15390,0.135079,0.0119906,1.49634,0.0536752,-0.0147999,0.150464,1.8703,-0.135282,-0.0945625,0.0487441
15406,0.135079,0.0119906,1.49634,0.0383394,-0.0132811,-0.0104822,1.87919,0.089502,-0.0405335,0.0526442
15422,0.135079,0.0119906,1.49634,0.0383394,-0.0117833,-0.137309,1.86759,0.110078,-0.0145658,0.0312933
15437,0.135079,0.0119906,1.49634,0.0383394,-0.0147366,-0.0447278,1.85653,-0.0303463,-0.041141,0.0239544
15454,0.135079,0.0119906,1.49634,0.0383394,-0.0141557,0.162187,1.87108,0.103903,-0.0670253,0.0831832
15470,0.135079,0.0119906,1.49634,0.0383394,-0.0110895,0.0734507,1.89882,0.152252,-0.0564305,0.0841164
15486,0.135079,0.0119906,1.49634,0.0383394,-0.0116902,-0.2459,1.88692,-0.0823,-0.0227672,-0.00765947
15502,0.135079,0.0119906,1.49634,0.0306715,-0.0157835,-0.204334,1.85413,-0.0606934,-0.0124488,-0.0107875
15518,0.135079,0.0119906,1.49634,0.0230037,-0.0176436,0.20136,1.86254,0.105967,-0.0643867,0.0848513
15534,0.135079,0.0119906,1.49634,0.0230037,-0.0134968,0.215615,1.89362,-0.160998,-0.113467,0.0690879
15550,0.135079,0.0119906,1.49634,0.0230037,-0.0145834,-0.168494,1.88153,0.0617267,-0.0115835,0.0201382
15566,0.135079,0.0119906,1.49634,0.0230037,-0.017516,0.00431143,1.87261,0.0817881,-0.0338701,0.047819
15581,0.135079,0.0119906,1.49634,0.0230037,-0.0167378,0.0778521,1.87598,-0.151228,-0.0776753,0.0351777
15598,0.135079,0.0119906,1.49634,0.0230037,-0.0165813,0.0521365,1.88234,-0.0390919,-0.0611012,0.0458084
15614,0.135079,0.0119906,1.49634,0.0306715,-0.0154914,-0.0672414,1.88248,0.163061,-0.0174621,0.0491209
15630,0.135079,0.0119906,1.49634,0.0306715,-0.0159622,-0.011146,1.88028,-0.124476,-0.0613596,0.0232303
15646,0.135079,0.0119906,1.49634,0.0306715,-0.0159062,0.0570789,1.8746,-0.145059,-0.0750906,0.032173
15662,0.135079,0.0119906,1.49634,0.0536752,-0.0148997,0.0077695,1.88943,0.169229,-0.0358164,0.0636312
15678,0.135079,0.0119906,1.49634,0.153358,-0.0157732,-0.170225,1.88045,0.067383,-0.0242229,0.00241329
15694,0.135079,0.0119906,1.49634,0.153358,-0.0182837,-0.0309977,1.86227,-0.0915635,-0.0606262,0.00055159
15710,0.135079,0.0119906,1.49634,0.153358,-0.0177789,0.18564,1.87171,0.230958,-0.064096,0.0832048
15725,0.135079,0.0119906,1.49634,0.153358,-0.0153017,0.162849,1.90764,0.255645,-0.0693955,0.0944808
15742,0.135079,0.0119906,1.49634,0.14569,-0.0150784,-0.2423,1.89066,-0.225814,-0.0492544,-0.0422494
15758,0.135079,0.0119906,1.49634,0.0383394,-0.0209281,-0.200339,1.85802,0.189804,0.0237808,0.0120044
15774,0.135079,0.0119906,1.49634,0.0383394,-0.0208469,0.367627,1.86814,0.149169,-0.0874958,0.115231
15790,0.135079,0.0119906,1.49634,0.0383394,-0.0164094,0.182176,1.88152,-0.181058,-0.104068,0.0509237
15806,0.135079,0.0119906,1.49634,0.0383394,-0.0166744,-0.0492486,1.90403,0.069439,-0.0361835,0.0432416
15822,0.135079,0.0119906,1.49634,0.0383394,-0.0166458,-0.0878872,1.8911,0.0632676,-0.0268835,0.0323132
15838,0.135079,0.0119906,1.49634,0.0383394,-0.0160661,0.0444096,1.87533,-0.151226,-0.0743648,0.0280379
15854,0.135079,0.0119906,1.49634,0.0383394,-0.0147045,0.0582668,1.88645,0.0884725,-0.0526127,0.0646751
15869,0.135079,0.0119906,1.49634,0.0383394,-0.0145907,0.0352167,1.90604,0.15328,-0.0453078,0.0730698
15886,0.135079,0.0119906,1.49634,0.0383394,-0.0140479,-0.064044,1.88518,-0.142999,-0.0591368,0.0144932
15902,0.135079,0.0119906,1.49634,0.0383394,-0.0143657,-0.0235428,1.89735,-0.00412343,-0.0520118,0.0412871
15918,0.135079,0.0119906,1.49634,0.0383394,-0.0138715,-0.0750943,1.90924,0.161001,-0.0261255,0.0554209
15934,0.135079,0.0119906,1.49634,0.0383394,-0.0157159,-0.150243,1.88684,-0.149684,-0.0418623,-0.00471064
15950,0.135079,0.0119906,1.49634,0.0383394,-0.0182837,-0.0537858,1.87548,0.080757,-0.0246604,0.0344285
15966,0.135079,0.0119906,1.49634,0.0383394,-0.0188117,0.243327,1.89443,0.121394,-0.0776284,0.0982393
15982,0.135079,0.0119906,1.49634,0.0383394,-0.0166199,0.0162983,1.90018,-0.129109,-0.0714677,0.0304278
15998,0.135079,0.0119906,1.49634,0.0383394,-0.0181582,-0.265619,1.8903,-0.0792139,-0.0090448,-0.02079
16013,0.135079,0.0119906,1.49634,0.0383394,-0.0211267,-0.03433,1.87771,0.135795,-0.0174256,0.0406063
16030,0.135079,0.0119906,1.49634,0.0536752,-0.0203432,0.198686,1.86607,-0.203179,-0.101606,0.0393396
16046,0.135079,0.0119906,1.49634,0.0536752,-0.0165432,0.212413,1.90446,0.121392,-0.0798885,0.0967033
16062,0.135079,0.0119906,1.49634,0.0613431,-0.0164298,-0.169287,1.90595,0.212438,-0.00051373,0.0363846
16078,0.135079,0.0119906,1.49634,0.0613431,-0.020226,-0.150246,1.87336,-0.195462,-0.0397081,-0.02367
16094,0.135079,0.0119906,1.49634,0.0536752,-0.0210103,0.0967691,1.86362,0.013888,-0.0549456,0.0451557
16110,0.135079,0.0119906,1.49634,0.0536752,-0.018374,0.24213,1.88656,0.212438,-0.0670806,0.106114
16126,0.135079,0.0119906,1.49634,0.0383394,-0.0156791,-0.0487151,1.90128,-0.102363,-0.0581254,0.0233974
16142,0.135079,0.0119906,1.49634,0.0306715,-0.018183,-0.13945,1.89926,-0.0756155,-0.0328041,0.00611935
16157,0.135079,0.0119906,1.49634,0.0306715,-0.019136,-0.0651087,1.87985,0.192892,-0.00767545,0.0465451
16174,0.135079,0.0119906,1.49634,0.0306715,-0.0191424,0.0691911,1.88402,-0.014917,-0.0584367,0.0471776
16190,0.135079,0.0119906,1.49634,0.0230037,-0.0177492,0.0854412,1.90196,-0.0329205,-0.0691423,0.0554449
16206,0.135079,0.0119906,1.49634,0.0230037,-0.0171323,0.0214913,1.91118,0.145568,-0.0389394,0.0684752
16222,0.135079,0.0119906,1.49634,0.0230037,-0.0214359,-0.142382,1.90272,-0.21861,-0.0442176,-0.0154511
16238,0.135079,0.0119906,1.49634,0.0230037,-0.0209499,-0.0798958,1.87441,0.0308618,-0.0194908,0.0207259
16254,0.135079,0.0119906,1.49634,0.0230037,-0.0213957,0.308077,1.90456,-0.060693,-0.107889,0.0880995
16270,0.135079,0.0119906,1.49634,0.0230037,-0.0180267,0.105701,1.90944,-0.0437216,-0.075461,0.0591982
16286,0.135079,0.0119906,1.49634,0.0306715,-0.0178718,-0.127192,1.91015,-0.0303452,-0.0326073,0.0169837
16301,0.135079,0.0119906,1.49634,0.0306715,-0.0209489,-0.0701706,1.89555,0.100301,-0.0187276,0.035028
16318,0.135079,0.0119906,1.49634,0.0306715,-0.020775,0.0867766,1.89934,-0.122937,-0.0757072,0.0382007
16334,0.135079,0.0119906,1.49634,0.0306715,-0.0194787,0.0886393,1.90023,-0.083847,-0.0736211,0.0456511
16350,0.135079,0.0119906,1.49634,0.0306715,-0.0194195,0.0229604,1.90408,0.133222,-0.0362462,0.0608819
16366,0.135079,0.0119906,1.49634,0.0306715,-0.0188022,-0.0163433,1.89528,-0.116763,-0.0583657,0.0220568
16382,0.135079,0.0119906,1.49634,0.0306715,-0.0183176,0.0454775,1.90729,-0.0555508,-0.0658401,0.0446342
16398,0.135079,0.0119906,1.49634,0.0306715,-0.0181433,-0.00981405,1.91941,0.230961,-0.0240604,0.0723933
16414,0.135079,0.0119906,1.49634,0.0230037,-0.0187439,-0.108805,1.90642,-0.088988,-0.0398652,0.0118844
16430,0.135079,0.0119906,1.49634,0.0230037,-0.0205484,-0.0154052,1.89851,-0.0344646,-0.0455237,0.0310827
16445,0.135079,0.0119906,1.49634,0.0230037,-0.0192177,0.171644,1.91922,0.130656,-0.0666911,0.0930542
16462,0.135079,0.0119906,1.49634,-0.0843471,-0.0173366,-0.051917,1.92516,-0.211927,-0.0588475,0.027282
16478,0.135079,0.0119906,1.49634,-0.0843471,-0.019202,-0.0816257,1.92636,-0.133224,-0.0411,0.0285606
16494,0.135079,0.0119906,1.49634,-0.0766789,-0.0189522,-0.10947,1.92257,0.0478395,-0.0144663,0.0440297
16510,0.135079,0.0119906,1.49634,0.0153358,-0.0209705,0.0819833,1.89994,-0.362123,-0.101843,0.0098517
16526,0.135079,0.0119906,1.49634,0.0153358,-0.0180143,0.155655,1.92426,0.0606971,-0.0744767,0.0856506
16542,0.135079,0.0119906,1.49634,0.0153358,-0.0169751,-0.112673,1.94119,0.146598,-0.0206511,0.0518777
16558,0.135079,0.0119906,1.49634,0.0153358,-0.0196943,-0.189279,1.92077,-0.287022,-0.0500931,-0.0244781
16574,0.135079,0.0119906,1.49634,-0.00766826,-0.0217598,0.012965,1.91246,0.213468,-0.018171,0.0715948
16589,0.135079,0.0119906,1.49634,-0.00766826,-0.0197434,0.215212,1.93288,-0.0154298,-0.0910234,0.08944
16606,0.135079,0.0119906,1.49634,-0.0690114,-0.0162498,0.0266899,1.95502,-0.234555,-0.0866074,0.0460804
16622,0.135079,0.0119906,1.49634,0.0153358,-0.0191109,-0.302654,1.94431,0.141971,0.0162665,0.0131897
16638,0.135079,0.0119906,1.49634,0.0153358,-0.0237999,-0.137719,1.9066,-0.0745826,-0.0237054,0.00092692
16654,0.135079,0.0119906,1.49634,-0.00766826,-0.0244376,0.163385,1.89755,-0.0653247,-0.071674,0.0577068
16670,0.135079,0.0119906,1.49634,-0.0996829,-0.0214545,0.241992,1.93229,0.142996,-0.0625754,0.121989
16686,0.135079,0.0119906,1.49634,-0.10735,-0.0183549,-0.0182113,1.95538,-0.187748,-0.0647103,0.0447242
16702,0.135079,0.0119906,1.49634,-0.0996829,-0.0197737,-0.269876,1.93333,-0.175402,-0.01065,-0.00903575
16718,0.135079,0.0119906,1.49634,-0.00766826,-0.0236588,-0.176227,1.90678,-0.0370312,-0.00958245,0.00141583
16733,0.135079,0.0119906,1.49634,-0.00766826,-0.0250755,0.187902,1.90401,-0.282394,-0.102998,0.0362855
16750,0.135079,0.0119906,1.49634,-0.00766826,-0.0222312,0.201623,1.91855,0.0190315,-0.076938,0.0836561
16766,0.135079,0.0119906,1.49634,-0.130354,-0.0200535,-0.0480526,1.93031,-0.0282915,-0.028445,0.0527281
16782,0.135079,0.0119906,1.49634,-0.29138,-0.0208388,-0.100143,1.91926,-0.328174,-0.0319152,0.0222304
16798,0.135079,0.0119906,1.49634,-0.483077,-0.0209506,0.0285556,1.90764,-0.151741,-0.00782413,0.0881228
16814,0.135079,0.0119906,1.49634,-0.475409,-0.0200203,0.0799823,1.93687,-0.391955,-0.0557061,0.0758768
16830,0.135079,0.0119906,1.49634,-0.475409,-0.0200428,-0.0252704,1.91614,-0.526208,-0.0478707,0.0350313
16846,0.135079,0.0119906,1.49634,-0.598095,-0.0191714,0.10423,1.93382,-0.532897,-0.0630235,0.0788424
16862,0.135079,0.0119906,1.49634,-0.598095,-0.017764,-0.0138117,1.94658,-0.542665,-0.0479165,0.0610007
16877,0.135079,0.0119906,1.49634,-0.598095,-0.0189063,-0.135852,1.92021,-0.421788,-0.00287493,0.0449544
16894,0.135079,0.0119906,1.49634,-0.498413,-0.0209786,-0.052455,1.92683,-0.691837,-0.0612063,0.0135645
16910,0.135079,0.0119906,1.49634,-0.314384,-0.0203645,0.203087,1.95668,-0.484543,-0.113103,0.071962
16926,0.135079,0.0119906,1.49634,-0.00766826,-0.0196982,-0.0873548,1.94751,-0.236609,-0.0660794,0.00970591
16942,0.135079,0.0119906,1.49634,-0.00766826,-0.021208,-0.17781,1.9452,-0.352346,-0.0605967,-0.0242525
16958,0.135079,0.0119906,1.49634,-0.00766826,-0.0222194,-0.0743052,1.92758,0.092592,-0.0196971,0.0434242
16974,0.135079,0.0119906,1.49634,-0.00766826,-0.0232702,0.0678579,1.92922,-0.154827,-0.0744122,0.0383824
16990,0.135079,0.0119906,1.49634,-0.00766826,-0.0234212,0.0131014,1.92816,-0.120879,-0.0597836,0.0318345
17006,0.135079,0.0119906,1.49634,0.0153358,-0.0232771,-0.0143445,1.92396,0.0648139,-0.0342538,0.0458021
17021,0.135079,0.0119906,1.49634,0.0153358,-0.0234758,-0.0719015,1.92364,-0.123964,-0.0462631,0.01169
17038,0.135079,0.0119906,1.49634,0.0153358,-0.0252247,0.0244255,1.91728,0.00617409,-0.043725,0.0411004
17054,0.135079,0.0119906,1.49634,-0.00766826,-0.023816,0.0795796,1.91754,0.0509251,-0.0479355,0.0619959
17070,0.135079,0.0119906,1.49634,-0.00766826,-0.0231825,0.124215,1.93217,-0.147627,-0.084675,0.0505811
17086,0.135079,0.0119906,1.49634,-0.00766826,-0.0220499,0.0206946,1.93637,-0.0617258,-0.0581459,0.0446361
17102,0.135079,0.0119906,1.49634,-0.00766826,-0.0223338,-0.113068,1.92534,0.0910443,-0.0120864,0.0353096
17118,0.135079,0.0119906,1.49634,-0.00766826,-0.0232133,0.0528006,1.9132,-0.117795,-0.0634947,0.0364247
17134,0.135079,0.0119906,1.49634,-0.00766826,-0.0206548,0.173116,1.94293,0.0745848,-0.0732664,0.0934372
17150,0.135079,0.0119906,1.49634,-0.00766826,-0.0192483,-0.0295337,1.9679,0.141968,-0.0361844,0.0721216
17165,0.135079,0.0119906,1.49634,-0.00766826,-0.0203661,-0.231644,1.95034,-0.336404,-0.0513966,-0.0297341
17182,0.135079,0.0119906,1.49634,0.0153358,-0.0231125,-0.0774999,1.9259,0.123962,-0.0162464,0.0419851
17198,0.135079,0.0119906,1.49634,0.0153358,-0.0223519,0.189895,1.94591,-0.101329,-0.0984316,0.0702322
17214,0.135079,0.0119906,1.49634,0.0230037,-0.0179275,0.103423,1.96793,-0.172846,-0.104611,0.0569358
17230,0.135079,0.0119906,1.49634,0.0230037,-0.0183832,-0.306385,1.9658,0.174885,0.013787,0.0218147
17246,0.135079,0.0119906,1.49634,0.0230037,-0.0234112,-0.199802,1.93196,-0.19392,-0.0343648,-0.019506
17262,0.135079,0.0119906,1.49634,0.0230037,-0.0241929,0.185766,1.92942,-0.00668641,-0.0802437,0.073163
17278,0.135079,0.0119906,1.49634,0.0230037,-0.0205199,0.128877,1.97256,0.112133,-0.0715146,0.0932233
17294,0.135079,0.0119906,1.49634,0.0230037,-0.021256,-0.193539,1.95101,-0.318399,-0.0586105,-0.0254923
17309,0.135079,0.0119906,1.49634,0.0230037,-0.0233536,-0.119324,1.93609,0.169744,-0.00596913,0.0408448
17326,0.135079,0.0119906,1.49634,0.0230037,-0.0238292,0.134472,1.95044,-0.0586382,-0.0827001,0.0628223
17342,0.135079,0.0119906,1.49634,0.0230037,-0.0236784,-0.00208748,1.94876,-0.0298382,-0.0540885,0.040779
17358,0.135079,0.0119906,1.49634,0.0230037,-0.0255458,-0.15757,1.93236,0.163058,0.004655,0.028437
17374,0.135079,0.0119906,1.49634,0.0306715,-0.0264859,0.108357,1.93924,-0.166142,-0.084961,0.0369343
17390,0.135079,0.0119906,1.49634,0.0306715,-0.0235198,0.141001,1.95604,0.0931029,-0.0682118,0.0834159
17406,0.135079,0.0119906,1.49634,0.0230037,-0.0223874,-0.10907,1.96631,-0.00205737,-0.0373763,0.0305032
17422,0.135079,0.0119906,1.49634,0.0306715,-0.0252849,-0.260555,1.93021,-0.198037,-0.0212278,-0.0357348
17438,0.135079,0.0119906,1.49634,0.0306715,-0.027639,0.0599922,1.90081,-0.00462897,-0.0456066,0.0366981
17453,0.135079,0.0119906,1.49634,0.0306715,-0.0262259,0.210947,1.92099,0.0642962,-0.0718691,0.0802434
17470,0.135079,0.0119906,1.49634,0.0306715,-0.0227995,0.0906511,1.94593,-0.1682,-0.0895477,0.041019
17486,0.135079,0.0119906,1.49634,0.0306715,-0.0231013,-0.133321,1.95228,0.239699,-5.501e-05,0.0500477
17502,0.135079,0.0119906,1.49634,0.0306715,-0.0250717,-0.0866903,1.93795,-0.171801,-0.0519888,0.001976
17518,0.135079,0.0119906,1.49634,0.0230037,-0.0252305,0.0750489,1.91646,-0.0313775,-0.0582701,0.0448062
17534,0.135079,0.0119906,1.49634,-0.0690114,-0.0222269,0.148863,1.94889,0.146601,-0.0514724,0.103991
17550,0.135079,0.0119906,1.49634,-0.199365,-0.0222778,-0.083888,1.94821,-0.189808,-0.0337064,0.0353359
17566,0.135079,0.0119906,1.49634,-0.207033,-0.0240405,-0.198992,1.92968,-0.153283,-7.618e-05,0.0120573
17582,0.135079,0.0119906,1.49634,-0.0690114,-0.0271013,-0.131866,1.89551,-0.135283,-0.0139239,-0.00313316
17597,0.135079,0.0119906,1.49634,-0.0690114,-0.0263076,0.291688,1.91116,-0.181575,-0.101946,0.0750078
17614,0.135079,0.0119906,1.49634,0.0153358,-0.021819,0.206413,1.96002,-0.0159434,-0.0952575,0.0878977
17630,0.135079,0.0119906,1.49634,0.0230037,-0.0206715,-0.275208,1.97129,0.0663573,-0.00265496,0.0119179
17646,0.135079,0.0119906,1.49634,0.0230037,-0.02606,-0.214323,1.9304,-0.245357,-0.0332777,-0.0331951
17662,0.135079,0.0119906,1.49634,0.0230037,-0.0268124,0.117952,1.9066,0.00308567,-0.0570379,0.0520727
17678,0.135079,0.0119906,1.49634,0.0230037,-0.0258322,0.234267,1.9528,0.0859001,-0.0806809,0.0962646
17694,0.135079,0.0119906,1.49634,0.0230037,-0.023052,-0.0834895,1.92091,-0.0694426,-0.0385017,0.0152971
17710,0.135079,0.0119906,1.49634,0.0230037,-0.0258668,-0.14038,1.92507,0.105962,-0.00318822,0.0224375
17726,0.135079,0.0119906,1.49634,0.0230037,-0.0280455,0.0998311,1.92338,-0.112135,-0.0696485,0.0365748
17741,0.135079,0.0119906,1.49634,0.0230037,-0.0247899,0.192025,1.9145,-0.0288037,-0.0796013,0.0671477
17758,0.135079,0.0119906,1.49634,0.0230037,-0.0230935,-0.0709665,1.93864,0.154828,-0.0176449,0.0490519
17774,0.135079,0.0119906,1.49634,0.0230037,-0.0256621,-0.038858,1.92534,-0.108019,-0.0481367,0.0156522
17790,0.135079,0.0119906,1.49634,0.0153358,-0.0250145,0.121682,1.9187,-0.118823,-0.0773633,0.0446427
17806,0.135079,0.0119906,1.49634,0.0230037,-0.0227905,0.0269695,1.93676,0.160996,-0.0348522,0.0680803
17822,0.135079,0.0119906,1.49634,0.0230037,-0.0233839,-0.0885552,1.92826,-0.099274,-0.0423832,0.0119002
17838,0.135079,0.0119906,1.49634,0.0230037,-0.0245784,0.028819,1.91785,0.0905362,-0.0363995,0.0524597
17854,0.135079,0.0119906,1.49634,0.0230037,-0.0236108,0.119418,1.93834,0.0102876,-0.0690929,0.0659382
17870,0.135079,0.0119906,1.49634,0.0230037,-0.0221376,-0.0294026,1.95007,-0.153284,-0.0669056,0.0234947
17885,0.135079,0.0119906,1.49634,0.0230037,-0.0224335,-0.165826,1.91506,0.0478323,-0.0088411,0.0139134
17902,0.135079,0.0119906,1.49634,0.0230037,-0.0253084,-0.0329966,1.92444,-0.0560655,-0.0432621,0.0234426
17918,0.135079,0.0119906,1.49634,0.0230037,-0.0238713,0.133548,1.91032,-0.105445,-0.0787358,0.0474581
17934,0.135079,0.0119906,1.49634,0.0230037,-0.0217467,0.0741235,1.91557,0.0915651,-0.0486339,0.0651324
17950,0.135079,0.0119906,1.49634,0.0230037,-0.0210751,0.0111015,1.95022,-0.0390938,-0.0622074,0.0467274
17966,0.135079,0.0119906,1.49634,0.0230037,-0.0207439,-0.100014,1.92173,-0.0396081,-0.0358103,0.0198459
17982,0.135079,0.0119906,1.49634,0.0230037,-0.0212702,-0.0599111,1.94254,-0.0483514,-0.0482298,0.0302636
17998,0.135079,0.0119906,1.49634,0.0306715,-0.0205015,-0.0524493,1.92999,0.0550391,-0.0362735,0.0416313
18014,0.135079,0.0119906,1.49634,0.0306715,-0.0215624,0.0382812,1.9148,-0.148657,-0.0723111,0.0283809
18029,0.135079,0.0119906,1.49634,0.0306715,-0.0220117,0.0200268,1.93588,0.115738,-0.0410727,0.0614121
18046,0.135079,0.0119906,1.49634,0.0306715,-0.0222803,-0.139317,1.91401,-0.0576081,-0.0274286,0.00506766
18062,0.135079,0.0119906,1.49634,0.0306715,-0.0246421,0.0448111,1.90553,0.0365217,-0.0438218,0.0449222
18078,0.135079,0.0119906,1.49634,0.0383394,-0.0235942,0.148461,1.92817,0.131683,-0.0591617,0.081905
18094,0.135079,0.0119906,1.49634,0.0383394,-0.0208198,0.00323868,1.95155,-0.0853887,-0.0689831,0.0384861
18110,0.135079,0.0119906,1.49634,0.0383394,-0.0228243,-0.20686,1.92607,-0.00411198,-0.0114572,2.297e-05
18126,0.135079,0.0119906,1.49634,0.0383394,-0.0251463,-0.0616346,1.91509,0.0277721,-0.027776,0.0245322
18142,0.135079,0.0119906,1.49634,0.0383394,-0.0247146,0.139139,1.9268,-0.14763,-0.0892363,0.0439716
18158,0.135079,0.0119906,1.49634,0.0536752,-0.0223373,0.101835,1.92352,-0.0113284,-0.0708277,0.05491
18173,0.135079,0.0119906,1.49634,0.0536752,-0.0219794,-0.165828,1.94587,0.0853871,-0.0159733,0.0227328
18190,0.135079,0.0119906,1.49634,0.161026,-0.0251184,-0.0656391,1.90069,-0.11059,-0.0554179,-0.011358
18206,0.135079,0.0119906,1.49634,0.153358,-0.0259352,0.0986368,1.90108,0.176435,-0.0484199,0.0538656
18222,0.135079,0.0119906,1.49634,0.0536752,-0.0245994,0.11169,1.93284,0.13991,-0.0527616,0.0736426
18238,0.135079,0.0119906,1.49634,0.0383394,-0.0255474,-0.0503106,1.89332,-0.101339,-0.0397681,0.00513626
18254,0.135079,0.0119906,1.49634,0.0383394,-0.0246324,0.0873102,1.91557,0.10442,-0.0466474,0.0625421
18270,0.135079,0.0119906,1.49634,0.0383394,-0.0239052,0.0474746,1.93635,0.0776715,-0.0486721,0.0579443
18286,0.135079,0.0119906,1.49634,0.0383394,-0.0245825,-0.0933513,1.89666,-0.0673848,-0.0301288,0.00363448
18302,0.135079,0.0119906,1.49634,0.0383394,-0.0250344,0.00030365,1.90028,0.21347,-0.0132527,0.0553911
18317,0.135079,0.0119906,1.49634,0.0383394,-0.0243351,0.198692,1.92314,0.00051489,-0.0818908,0.0728693
18334,0.135079,0.0119906,1.49634,0.0383394,-0.0220442,0.0612003,1.91786,0.00463042,-0.0587457,0.0503145
18350,0.135079,0.0119906,1.49634,0.0383394,-0.0225961,-0.116399,1.92902,-0.0180038,-0.030747,0.0162288
18366,0.135079,0.0119906,1.49634,0.0536752,-0.0241865,-0.0733711,1.89842,-0.00411759,-0.0290189,0.0142577
18382,0.135079,0.0119906,1.49634,0.0536752,-0.023756,0.176041,1.88727,-0.0936184,-0.0835734,0.0478452
18398,0.135079,0.0119906,1.49634,0.0383394,-0.0219482,0.0653285,1.91556,0.109048,-0.0464358,0.0634252
18414,0.135079,0.0119906,1.49634,0.0536752,-0.0214413,-0.047255,1.90531,0.00565749,-0.0386946,0.0264382
18430,0.135079,0.0119906,1.47253,0.0536752,-0.0218803,0.0667906,1.88916,-0.068412,-0.0696223,0.0397069
18446,0.135079,0.0119906,1.41209,0.0536752,-0.020566,0.079716,1.92116,0.138881,-0.0706367,0.0912373
18461,0.135079,0.0119906,1.41209,0.0536752,-0.0191113,-0.0631045,1.94004,0.00103181,-0.0680675,0.054691
18478,0.135079,0.0119906,1.40842,0.0383394,-0.0221872,-0.290932,1.92972,-0.0493795,-0.0241051,0.00141148
18494,0.135079,0.0119906,1.38095,0.0383394,-0.0254269,-0.0856196,1.92733,0.113675,-0.0424446,0.0600443
18510,0.135079,0.0119906,1.37912,0.0383394,-0.0259043,0.03669,1.94816,-0.0894979,-0.0940211,0.062578
18526,0.135079,0.0119906,1.37912,0.0383394,-0.0271354,-0.318642,1.92556,0.196496,0.0129854,0.023988
18542,0.135079,0.0119906,1.41209,0.0536752,-0.030991,-0.165301,1.92219,0.0210897,-0.0234105,0.0144047
18558,0.135079,0.0119906,1.49084,0.0536752,-0.0312125,0.107962,1.91169,-0.141963,-0.0718727,0.0240567
18574,0.135079,0.0119906,1.49634,0.0383394,-0.029052,0.103826,1.90481,0.180032,-0.0307595,0.0650375
18590,0.135079,0.0119906,1.49634,0.0383394,-0.029462,-0.147308,1.90261,-0.0488671,-0.0114655,-0.0107688
18605,0.135079,0.0119906,1.49634,0.0383394,-0.0318134,0.0625304,1.87537,-0.202663,-0.0582875,-0.0007298
18622,0.135079,0.0119906,1.49634,0.0383394,-0.0284006,0.0878524,1.84728,0.245355,-0.00746819,0.0575877
18638,0.135079,0.0119906,1.49634,0.0306715,-0.0262019,0.265043,1.90233,-0.112134,-0.0988483,0.0644662
18654,0.135079,0.0119906,1.49634,0.0306715,-0.023287,0.0301481,1.89846,0.0576061,-0.0391275,0.0453295
18670,0.135079,0.0119906,1.49634,0.0230037,-0.0242292,0.0591953,1.87608,-0.0488656,-0.0496537,0.0318909
18686,0.135079,0.0119906,1.49634,0.0230037,-0.0231315,0.106632,1.90198,0.12654,-0.0448857,0.069976
18702,0.135079,0.0119906,1.49634,0.0230037,-0.0217372,-0.00795167,1.90664,-0.165115,-0.062727,0.0165048
18718,0.135079,0.0119906,1.49634,0.0153358,-0.0222051,-0.0591121,1.88313,0.0781846,-0.0166125,0.0312779
18734,0.135079,0.0119906,1.49634,0.0153358,-0.0250581,0.0999684,1.88891,0.02109,-0.0493387,0.0505846
18749,0.135079,0.0119906,1.49634,0.0153358,-0.0224603,0.250652,1.9054,0.00462928,-0.0869869,0.0847559
18766,0.135079,0.0119906,1.49634,0.0153358,-0.0193948,-0.0230042,1.90568,0.0498941,-0.0365176,0.0444619
18782,0.135079,0.0119906,1.49634,0.0153358,-0.0201862,-0.126395,1.9071,0.121394,-0.00797647,0.0329724
18798,0.135079,0.0119906,1.49634,0.0230037,-0.0210595,0.112888,1.91237,-0.187749,-0.090015,0.0386869
18814,0.135079,0.0119906,1.49634,0.0230037,-0.0191223,0.0162956,1.90075,0.0987638,-0.0379844,0.0560838
18830,0.135079,0.0119906,1.49634,0.0230037,-0.020333,-0.0256655,1.93396,0.0293223,-0.0445675,0.0456234
18846,0.135079,0.0119906,1.49634,0.0230037,-0.0212844,-0.10587,1.89929,-0.251531,-0.0543342,-0.0132253
18862,0.135079,0.0119906,1.49634,0.0306715,-0.02187,-0.0804267,1.86665,0.147111,-0.00288656,0.0305245
18878,0.135079,0.0119906,1.49634,0.0306715,-0.0214212,0.155398,1.89704,-0.0493803,-0.077726,0.0583286
18893,0.135079,0.0119906,1.49634,0.0306715,-0.020887,0.107164,1.90999,0.0246893,-0.0638203,0.0622996
18910,0.135079,0.0119906,1.49634,0.0306715,-0.0203708,0.0666613,1.90554,-0.0144016,-0.0609593,0.0498032
18926,0.135079,0.0119906,1.49634,0.0306715,-0.0197025,-0.0340571,1.92601,0.107507,-0.0336306,0.051825
18942,0.135079,0.0119906,1.49634,0.0230037,-0.0206545,-0.0529828,1.90692,-0.180545,-0.0581974,0.00809134
18958,0.135079,0.0119906,1.49634,0.0153358,-0.019486,0.0198945,1.9074,0.149684,-0.0324943,0.0648565
18974,0.135079,0.0119906,1.49634,0.0153358,-0.0204848,-0.00102142,1.926,0.0354949,-0.0452777,0.0497771
18990,0.135079,0.0119906,1.49634,0.0153358,-0.0211777,-0.0227386,1.89665,-0.131684,-0.0535986,0.0173349
19006,0.135079,0.0119906,1.49634,0.0153358,-0.0226159,-0.0496454,1.89242,0.194436,-0.00573395,0.0487113
19022,0.135079,0.0119906,1.49634,0.0153358,-0.0219022,0.135407,1.91349,0.0745847,-0.0602292,0.074657
19037,0.135079,0.0119906,1.49634,0.0153358,-0.019445,0.168583,1.93077,-0.163574,-0.103276,0.0599034
19054,0.135079,0.0119906,1.49634,0.0230037,-0.0177423,-0.159301,1.9261,0.188262,-0.00320803,0.0425417
19070,0.135079,0.0119906,1.49634,0.0230037,-0.0203104,-0.0873499,1.92373,-0.117277,-0.0487331,0.0139185
19086,0.135079,0.0119906,1.49634,0.0306715,-0.0215326,0.0625232,1.88708,-0.207299,-0.0774094,0.0192845
19102,0.135079,0.0119906,1.49634,0.0306715,-0.0188848,0.120488,1.90887,0.214506,-0.0461988,0.0909359
19118,0.135079,0.0119906,1.49634,0.0306715,-0.0174592,-0.0977543,1.92088,-0.0951586,-0.0490531,0.0177626
19134,0.135079,0.0119906,1.49634,0.0306715,-0.0189733,-0.153967,1.8934,0.0272622,-0.0149919,0.0132791
19150,0.135079,0.0119906,1.49634,0.0383394,-0.0189464,0.107827,1.90909,0.0118287,-0.0693844,0.0628996
19166,0.135079,0.0119906,1.49634,0.0306715,-0.0169688,0.0541394,1.91652,0.0411503,-0.0600414,0.062414
19181,0.135079,0.0119906,1.49634,0.0306715,-0.0176104,-0.108805,1.90933,-0.0776731,-0.0419511,0.014875
19198,0.135079,0.0119906,1.49634,0.0306715,-0.0184917,-0.111203,1.90378,0.0853851,-0.0189695,0.0315461
19214,0.135079,0.0119906,1.49634,0.0383394,-0.0199488,0.0818471,1.88911,-0.145569,-0.0774324,0.0325478
19230,0.135079,0.0119906,1.49634,0.0306715,-0.0180801,0.131152,1.89623,0.0622394,-0.0649881,0.0727205
19246,0.135079,0.0119906,1.49634,0.0306715,-0.0176456,-0.122928,1.91033,0.141454,-0.0129313,0.0391261
19262,0.135079,0.0119906,1.49634,0.0306715,-0.0198502,-0.0103484,1.9016,-0.0576102,-0.0520525,0.0301413
19278,0.135079,0.0119906,1.49634,0.0306715,-0.0188657,0.133675,1.91274,0.0169742,-0.0735405,0.0702587
19294,0.135079,0.0119906,1.49634,0.0306715,-0.0183348,-0.0158112,1.93246,0.117278,-0.03952,0.0601724
19310,0.135079,0.0119906,1.49634,0.0306715,-0.0197208,-0.151178,1.91676,-0.183634,-0.0453806,-0.00764425
19325,0.135079,0.0119906,1.49634,0.0306715,-0.0202161,-0.0324648,1.89348,0.00359955,-0.0380733,0.0309771
19342,0.135079,0.0119906,1.49634,0.0306715,-0.0187685,0.158856,1.90918,0.0823086,-0.0695333,0.0822305
19358,0.135079,0.0119906,1.49634,0.0306715,-0.0161278,-0.0439197,1.91492,-0.101333,-0.0604136,0.0278134
19374,0.135079,0.0119906,1.49634,0.0306715,-0.0175749,-0.156233,1.90557,0.109047,-0.00977784,0.0279801
19390,0.135079,0.0119906,1.49634,0.0306715,-0.019852,0.00670466,1.90587,-0.0349777,-0.0534207,0.0370722
19406,0.135079,0.0119906,1.49634,0.0306715,-0.0191326,0.0926394,1.90527,-0.144028,-0.0834071,0.0408132
19422,0.135079,0.0119906,1.49634,0.0306715,-0.0185316,0.00164276,1.91044,0.0884744,-0.0407232,0.0544165
19438,0.135079,0.0119906,1.49634,0.0306715,-0.0202819,-0.0685665,1.91338,0.0262393,-0.0332865,0.0315849
19454,0.135079,0.0119906,1.49634,0.0306715,-0.021988,-0.0308647,1.88423,-0.207294,-0.0589255,0.0004927
19469,0.135079,0.0119906,1.49634,0.0306715,-0.0213039,0.151394,1.89029,0.105961,-0.056735,0.0751219
19486,0.135079,0.0119906,1.49634,0.0306715,-0.0196384,0.0298908,1.90724,0.105448,-0.0412715,0.0591691
19502,0.135079,0.0119906,1.49634,0.0383394,-0.0200476,-0.0190069,1.91185,-0.0792125,-0.056109,0.027047
19518,0.135079,0.0119906,1.49634,0.0383394,-0.0209211,-0.0313971,1.89507,-0.00977363,-0.0400503,0.0278277
19534,0.135079,0.0119906,1.49634,0.153358,-0.0213694,0.027758,1.90885,0.21038,-0.0405978,0.0541431
19550,0.135079,0.0119906,1.49634,0.153358,-0.0206144,0.29396,1.94593,-0.273656,-0.157986,0.0546357
19566,0.135079,0.0119906,1.49634,0.161026,-0.0221358,-0.0396896,1.897,0.526205,0.0131906,0.0751026
19582,0.135079,0.0119906,1.49634,0.0536752,-0.0199101,-0.15276,1.91196,0.168201,-0.00371739,0.0306934
19598,0.135079,0.0119906,1.49634,0.0536752,-0.0232413,-0.059245,1.90526,0.216036,-0.00800681,0.0468733
19613,0.135079,0.0119906,1.49634,0.0536752,-0.0236956,0.154327,1.89867,-0.187747,-0.0938083,0.03511
19630,0.135079,0.0119906,1.49634,0.0383394,-0.0203946,0.0248206,1.91781,0.164602,-0.0353412,0.0657405
19646,0.135079,0.0119906,1.49634,0.0383394,-0.0210084,-0.161559,1.90721,-0.139909,-0.0347661,-0.00953987
19662,0.135079,0.0119906,1.49634,0.0306715,-0.0237116,-0.0404696,1.88929,0.0545249,-0.0237486,0.0289648
19678,0.135079,0.0119906,1.49634,0.0306715,-0.0249839,0.268502,1.89847,0.0643013,-0.0791286,0.0877043
19694,0.135079,0.0119906,1.49634,0.0230037,-0.0201279,0.114754,1.89846,-0.129108,-0.0814874,0.0444448
19710,0.135079,0.0119906,1.49634,0.0230037,-0.019411,-0.104809,1.91341,0.134253,-0.0140355,0.0403768
19726,0.135079,0.0119906,1.49634,0.0230037,-0.0217131,-0.151042,1.88728,0.103392,0.00054831,0.0180957
19742,0.135079,0.0119906,1.49634,0.0153358,-0.0233608,0.12235,1.87427,-0.177978,-0.07694,0.0298445
19757,0.135079,0.0119906,1.49634,0.0153358,-0.0211624,0.283562,1.90842,0.0807574,-0.0865792,0.102998
19774,0.135079,0.0119906,1.49634,0.0153358,-0.0185829,-0.038193,1.93431,0.118826,-0.0334089,0.0580937
19790,0.135079,0.0119906,1.49634,0.0153358,-0.0216416,-0.30905,1.90563,-0.289083,-0.0217237,-0.0537674
19806,0.135079,0.0119906,1.49634,0.0153358,-0.0254176,-0.0126164,1.87796,0.156886,-0.00910821,0.0430244
19822,0.135079,0.0119906,1.49634,0.0153358,-0.0252643,0.313533,1.89231,0.0421844,-0.0862823,0.0933482
19838,0.135079,0.0119906,1.49634,0.0153358,-0.0211352,0.141803,1.90149,-0.203696,-0.0936324,0.0403802
19854,0.135079,0.0119906,1.49634,0.0153358,-0.0203153,-0.099745,1.91543,0.170258,-0.00865588,0.0456269
19870,0.135079,0.0119906,1.49634,0.0230037,-0.0228151,-0.0874893,1.89873,-0.0684126,-0.032827,0.00985954
19886,0.135079,0.0119906,1.49634,0.0230037,-0.0224933,0.179774,1.89937,-0.185691,-0.0966094,0.0459746
19901,0.135079,0.0119906,1.49634,0.0230037,-0.0198062,0.0903757,1.91959,0.162029,-0.0471515,0.080877
19918,0.135079,0.0119906,1.49634,0.0230037,-0.0204034,-0.0256669,1.93117,-0.00771157,-0.0482977,0.0403411
19934,0.135079,0.0119906,1.49634,0.0230037,-0.0208293,-0.0981451,1.912,-0.170259,-0.049598,0.00184721
19950,0.135079,0.0119906,1.49634,0.0230037,-0.0229674,-0.101876,1.89079,0.215009,0.00633852,0.0396045
19966,0.135079,0.0119906,1.49634,0.0230037,-0.0227276,0.122219,1.89742,-0.0339482,-0.0668153,0.0529119
19982,0.135079,0.0119906,1.49634,0.0230037,-0.0209194,0.0881098,1.92341,-0.121395,-0.0802458,0.0449868
19998,0.135079,0.0119906,1.49634,0.0230037,-0.0195061,-0.0208712,1.92222,0.242788,-0.0181094,0.0711304
20014,0.135079,0.0119906,1.49634,0.0230037,-0.0201911,-0.0175402,1.92562,-0.108016,-0.0610106,0.0286769
20030,0.135079,0.0119906,1.49634,0.0230037,-0.0209406,-0.1116,1.91381,-0.124995,-0.0418835,0.0051013
20045,0.135079,0.0119906,1.49634,0.0230037,-0.0228817,0.15712,1.92076,0.181574,-0.0522448,0.0908959
20062,0.135079,0.0119906,1.49634,0.0230037,-0.0200958,0.052136,1.9265,-0.136824,-0.0776085,0.0384919
20078,0.135079,0.0119906,1.49634,0.0230037,-0.0200791,-0.0837514,1.91266,0.00771973,-0.0319896,0.0276015
20094,0.135079,0.0119906,1.49634,0.0230037,-0.0200084,0.0564002,1.92637,-0.00257583,-0.0621932,0.0557563
20110,0.135079,0.0119906,1.49634,0.0230037,-0.0185478,0.00098216,1.93544,-0.101845,-0.068628,0.0378817
20126,0.135079,0.0119906,1.49634,0.0306715,-0.0195741,-0.0781619,1.928,0.0437226,-0.0339909,0.0365255
20142,0.135079,0.0119906,1.49634,0.0306715,-0.0201621,-0.0403253,1.92239,0.0272612,-0.040634,0.0392758
20158,0.135079,0.0119906,1.49634,0.0306715,-0.0218522,0.0874432,1.9128,-0.126023,-0.0776076,0.0393389
20174,0.135079,0.0119906,1.49634,0.0306715,-0.0200093,0.125412,1.9327,0.0483516,-0.0710399,0.0753527
20189,0.135079,0.0119906,1.49634,0.0306715,-0.0184416,-0.0985458,1.93981,0.166148,-0.0200094,0.052285
20206,0.135079,0.0119906,1.49634,0.0306715,-0.0206648,-0.153041,1.91865,-0.231992,-0.0498192,-0.0149915
20222,0.135079,0.0119906,1.49634,0.0383394,-0.0218287,0.0753226,1.92559,0.269019,-0.0313795,0.0873282
20238,0.135079,0.0119906,1.49634,0.0383394,-0.0199326,0.130209,1.95392,0.0113201,-0.082451,0.0759084
20254,0.135079,0.0119906,1.49634,0.0536752,-0.0201471,-0.149038,1.95127,-0.23353,-0.0620284,-0.00872688
20270,0.135079,0.0119906,1.49634,0.0613431,-0.0222443,-0.222845,1.92036,0.205755,0.0145578,0.0194304
20286,0.135079,0.0119906,1.49634,0.0613431,-0.0240706,0.136339,1.92811,-0.0663538,-0.0830044,0.051919
20302,0.135079,0.0119906,1.49634,0.0613431,-0.0218674,0.161917,1.93338,-0.0488691,-0.090382,0.0636672
20318,0.135079,0.0119906,1.49634,0.0536752,-0.0206513,-0.111599,1.94171,0.224272,-0.0102041,0.0509504
20333,0.135079,0.0119906,1.49634,0.0536752,-0.0203443,-0.0936085,1.92346,-0.143508,-0.0543831,0.00570247
20350,0.135079,0.0119906,1.49634,0.0536752,-0.0209944,-0.00248638,1.92653,0.0817852,-0.0433378,0.0497595
20366,0.135079,0.0119906,1.49634,0.0306715,-0.0212106,-0.00381925,1.94712,0.125508,-0.0394687,0.0621223
20382,0.135079,0.0119906,1.49634,0.0306715,-0.0216965,-0.0572487,1.92015,-0.184662,-0.0602558,0.00725569
20398,0.135079,0.0119906,1.49634,0.0306715,-0.0216567,0.0288216,1.9312,0.0961884,-0.044536,0.0601516
20414,0.135079,0.0119906,1.49634,0.0306715,-0.0204987,0.0192309,1.94107,0.120364,-0.0440482,0.0655341
20430,0.135079,0.0119906,1.49634,0.0306715,-0.0205457,-0.107739,1.93509,-0.154825,-0.0527806,0.00689708
20446,0.135079,0.0119906,1.49634,0.0306715,-0.0220629,-0.0989498,1.92232,0.310167,0.00755939,0.0597001
20462,0.135079,0.0119906,1.49634,0.0383394,-0.0230829,0.120752,1.92755,-0.136825,-0.0873974,0.0447267
20477,0.135079,0.0119906,1.49634,0.0383394,-0.0192562,0.174041,1.96008,-0.027262,-0.0976956,0.0819181
20494,0.135079,0.0119906,1.49634,0.0383394,-0.0178996,-0.150769,1.96089,0.147114,-0.0195333,0.0451553
20510,0.135079,0.0119906,1.49634,0.0383394,-0.0220822,-0.311982,1.93642,-0.113163,-0.00912042,-0.0291741
20526,0.135079,0.0119906,1.49634,0.0383394,-0.0245022,0.0220234,1.90863,-0.0185172,-0.0482256,0.0339975
20542,0.135079,0.0119906,1.49634,0.0383394,-0.0232688,0.136877,1.91632,0.0751022,-0.0616665,0.0706081
20558,0.135079,0.0119906,1.49634,0.0383394,-0.0217194,0.0913092,1.92972,-0.12345,-0.0831194,0.0436285
20574,0.135079,0.0119906,1.49634,0.0383394,-0.0211458,-0.0395223,1.93795,0.11625,-0.0329515,0.0513709
20590,0.135079,0.0119906,1.49634,0.0383394,-0.0211986,-0.00221748,1.9442,0.0401282,-0.0503975,0.050416
20606,0.135079,0.0119906,1.49634,0.0383394,-0.0208356,0.0194956,1.93641,-0.117278,-0.0722494,0.0340427
20621,0.135079,0.0119906,1.49634,0.0383394,-0.0206058,-0.0583124,1.94652,0.201121,-0.0220985,0.061117
20638,0.135079,0.0119906,1.49634,0.0306715,-0.0220403,-0.101609,1.93357,-0.169747,-0.0529237,0.00340667
20654,0.135079,0.0119906,1.49634,0.0306715,-0.0223596,-0.018737,1.93844,-0.0565845,-0.0549519,0.0332329
20670,0.135079,0.0119906,1.49634,0.0306715,-0.0213243,-0.013676,1.92951,0.194951,-0.0249158,0.064429
20686,0.135079,0.0119906,1.49634,0.0306715,-0.0210342,-0.0220711,1.94655,-0.047322,-0.0572789,0.037824
20702,0.135079,0.0119906,1.49634,0.0306715,-0.0216296,-0.0715053,1.94803,0.0113148,-0.0404962,0.0351402
20718,0.135079,0.0119906,1.49634,0.0306715,-0.0235704,-0.146376,1.93976,0.130138,-0.00727312,0.0305564
20734,0.135079,0.0119906,1.49634,0.0306715,-0.0255354,0.0101632,1.91745,-0.251531,-0.0738147,0.00470463
20750,0.135079,0.0119906,1.49634,0.0306715,-0.0244614,0.112623,1.93848,0.112135,-0.055059,0.0747849
20765,0.135079,0.0119906,1.49634,0.0306715,-0.0235313,-0.0439256,1.95389,0.0941321,-0.0337564,0.0486131
20782,0.135079,0.0119906,1.49634,0.0306715,-0.0261522,-0.177829,1.91736,-0.298856,-0.0441683,-0.0370731
20798,0.135079,0.0119906,1.49634,0.0306715,-0.027303,-0.00994683,1.90359,0.257702,-0.00215554,0.0568557
20814,0.135079,0.0119906,1.49634,0.0230037,-0.0267932,0.201623,1.91659,-0.0678952,-0.0833308,0.0613673
20830,0.135079,0.0119906,1.49634,0.0306715,-0.022268,0.0581272,1.93978,-0.10545,-0.0754018,0.0420429
20846,0.135079,0.0119906,1.49634,0.0306715,-0.023523,-0.157166,1.93296,0.235583,0.00902363,0.0398806
20862,0.135079,0.0119906,1.49634,0.0306715,-0.0255743,-0.0255386,1.9146,-0.216553,-0.062309,0.00159318
20878,0.135079,0.0119906,1.49634,0.0306715,-0.0254955,0.15992,1.92166,-0.0452672,-0.0771941,0.0587561
20894,0.135079,0.0119906,1.49634,0.0306715,-0.0234312,-0.00208867,1.92326,0.18672,-0.0231368,0.0606524
20909,0.135079,0.0119906,1.49634,0.0306715,-0.0250558,-0.198207,1.90867,-0.0622392,-0.01145,-0.0122701
20926,0.135079,0.0119906,1.49634,0.0306715,-0.0256788,0.101166,1.90608,-0.0138881,-0.0586861,0.0476878
20942,0.135079,0.0119906,1.49634,0.0306715,-0.0247483,0.180708,1.93057,0.175402,-0.0574993,0.0928335
20958,0.135079,0.0119906,1.49634,0.0306715,-0.0223353,-0.012078,1.95202,-0.147626,-0.0704529,0.0266065
20974,0.135079,0.0119906,1.49634,0.0383394,-0.0244765,-0.372331,1.9006,-0.0375522,0.0234003,-0.0435347
20990,0.135079,0.0119906,1.49634,0.0383394,-0.0289176,0.0535936,1.89428,0.126027,-0.0258821,0.0468574
21006,0.135079,0.0119906,1.49634,0.0383394,-0.0268894,0.406267,1.90061,-0.220668,-0.137258,0.0750478
21022,0.135079,0.0119906,1.49634,0.0306715,-0.022776,0.11449,1.92039,0.0730438,-0.05865,0.0688922
21038,0.135079,0.0119906,1.49634,0.0306715,-0.0227378,-0.0888217,1.93475,0.102877,-0.0212891,0.0381367
21053,0.135079,0.0119906,1.49634,0.0306715,-0.0240595,-0.100408,1.91291,-0.190319,-0.0475047,-0.00704775
21070,0.135079,0.0119906,1.49634,0.0230037,-0.0225144,0.190168,1.93537,0.106988,-0.0713714,0.0919896
21086,0.135079,0.0119906,1.49634,0.0230037,-0.0196905,0.0651922,1.94997,0.113165,-0.0557985,0.0775605
21102,0.135079,0.0119906,1.49634,0.0230037,-0.0198816,-0.139713,1.941,-0.255647,-0.0607175,-0.00792427
21118,0.135079,0.0119906,1.49634,0.0306715,-0.0217238,-0.163563,1.92598,0.236102,0.00896326,0.040072
21134,0.135079,0.0119906,1.49634,0.0306715,-0.0227931,0.0358817,1.91052,0.00514513,-0.0501813,0.0436468
21150,0.135079,0.0119906,1.49634,0.0306715,-0.0226307,0.101834,1.93219,-0.0663589,-0.0762732,0.0525601
21166,0.135079,0.0119906,1.49634,0.0306715,-0.0214124,0.0320184,1.94193,0.272106,-0.0266696,0.0851046
21182,0.135079,0.0119906,1.49634,0.130354,-0.0215321,-0.0211392,1.95561,-0.129624,-0.0808662,0.0171289
21197,0.135079,0.0119906,1.49634,0.130354,-0.0205273,-0.0299288,1.95547,0.00308612,-0.0647458,0.0332854
21214,0.135079,0.0119906,1.49634,0.14569,-0.0188314,-0.0401946,1.95985,0.225812,-0.0414693,0.0604628
21230,0.135079,0.0119906,1.49634,0.0383394,-0.0190217,-0.13865,1.94601,-0.147626,-0.0522307,0.00615775
21246,0.135079,0.0119906,1.49634,0.0383394,-0.0207559,-0.206729,1.92159,0.11676,0.00088275,0.0171233
21262,0.135079,0.0119906,1.49634,0.0383394,-0.023549,-0.00941947,1.90495,0.112134,-0.0272994,0.0447726
21278,0.135079,0.0119906,1.49634,0.0383394,-0.0227204,0.264504,1.91798,-0.253073,-0.126143,0.0556551
21294,0.135079,0.0119906,1.49634,0.0383394,-0.0184969,-0.0234032,1.93203,0.210893,-0.0273292,0.0688669
21310,0.135079,0.0119906,1.49634,0.0383394,-0.0190682,-0.141712,1.92491,-0.0365198,-0.0331493,0.0140957
21326,0.135079,0.0119906,1.49634,0.0383394,-0.0191656,-0.0595112,1.91467,-0.200088,-0.0654842,0.00689412
21341,0.135079,0.0119906,1.49634,0.0383394,-0.0196442,0.125682,1.93835,0.204207,-0.0550106,0.0953871
21358,0.135079,0.0119906,1.49634,0.0383394,-0.0183208,-0.0617755,1.9371,-0.0298342,-0.0510278,0.0338725
21374,0.135079,0.0119906,1.49634,0.0383394,-0.0209937,-0.306388,1.90917,-0.0519515,0.00191052,-0.0252823
21390,0.135079,0.0119906,1.49634,0.0306715,-0.024896,0.0104285,1.87046,0.151226,-0.0149607,0.0438491
21406,0.135079,0.0119906,1.49634,0.0306715,-0.0219653,0.39308,1.9106,-0.0555517,-0.124225,0.104088
21422,0.135079,0.0119906,1.49634,0.0230037,-0.0183211,0.0404079,1.95007,-0.0771567,-0.0766381,0.0520323
21438,0.135079,0.0119906,1.49634,0.0230037,-0.020369,-0.284135,1.92313,0.156372,0.0207174,0.0104143
21454,0.135079,0.0119906,1.49634,0.0230037,-0.0226985,-0.0982949,1.89902,-0.176944,-0.0442923,-0.00511561
21470,0.135079,0.0119906,1.49634,0.0230037,-0.0227057,0.196298,1.89197,-0.101334,-0.0873008,0.05724
21485,0.135079,0.0119906,1.49634,0.0230037,-0.0222925,0.167117,1.91491,0.130141,-0.0599055,0.0860821
21502,0.135079,0.0119906,1.49634,0.0230037,-0.0220011,-0.162365,1.90677,-0.0884731,-0.024789,-0.00328784
21518,0.135079,0.0119906,1.49634,0.0230037,-0.0236555,-0.0103466,1.89154,-0.032408,-0.039502,0.0255304
21534,0.135079,0.0119906,1.49634,0.0230037,-0.0236935,0.107563,1.89642,0.0858993,-0.0477714,0.0629669
21550,0.135079,0.0119906,1.49634,0.0230037,-0.0218116,0.142199,1.91449,-0.11265,-0.0855255,0.0525541
21565,0.135079,0.0119906,1.49634,0.0230037,-0.0206996,-0.1581,1.90841,-0.00359888,-0.0177636,0.0103714
21582,0.135079,0.0119906,1.49634,0.0306715,-0.0232506,-0.0523152,1.8952,0.0426945,-0.0251577,0.0274651
21598,0.135079,0.0119906,1.49634,0.0306715,-0.022544,0.196958,1.89815,-0.0524665,-0.0841318,0.0641011
21614,0.135079,0.0119906,1.49634,0.0306715,-0.0201596,0.0536039,1.90617,0.0396081,-0.0525049,0.0544513
21630,0.135079,0.0119906,1.49634,0.0306715,-0.0205227,-0.137447,1.90244,0.149685,-0.00274087,0.0308475
21646,0.135079,0.0119906,1.49634,0.0306715,-0.0230291,-0.0131469,1.8902,-0.0910458,-0.0477491,0.0176443
21662,0.135079,0.0119906,1.49634,0.0306715,-0.0226278,0.148464,1.90223,-0.00102821,-0.0698382,0.0621662
21678,0.135079,0.0119906,1.49634,0.0306715,-0.0205318,0.0512079,1.92068,0.116766,-0.0454922,0.0662017
21694,0.135079,0.0119906,1.49634,0.0306715,-0.0203326,-0.106275,1.90932,-0.174887,-0.0497859,-0.00097597
21710,0.135079,0.0119906,1.49634,0.0383394,-0.0211945,0.00550554,1.90268,-0.0221185,-0.0496366,0.0345268
21726,0.135079,0.0119906,1.49634,0.0383394,-0.020537,0.015101,1.90838,0.0637824,-0.043364,0.0491971
21742,0.135079,0.0119906,1.49634,0.0306715,-0.0203564,0.0488055,1.90582,-0.143511,-0.0734675,0.0308396
21758,0.135079,0.0119906,1.49634,0.0306715,-0.0198056,0.0262887,1.90894,0.07407,-0.0445508,0.0547998
21774,0.135079,0.0119906,1.49634,0.0306715,-0.0193746,0.0241602,1.92605,0.0632715,-0.0501914,0.0578156
21790,0.135079,0.0119906,1.49634,0.0306715,-0.0193342,-0.0014188,1.92281,-0.167172,-0.0728092,0.0242804
21806,0.135079,0.0119906,1.49634,0.0306715,-0.0184514,-0.0665716,1.93339,0.169229,-0.0239601,0.0570875
21822,0.135079,0.0119906,1.49634,0.0306715,-0.0195892,-0.104673,1.91905,-0.0370357,-0.0368296,0.019627
21838,0.135079,0.0119906,1.49634,0.0230037,-0.0224172,-0.0463194,1.90399,-0.18055,-0.0558568,0.00574458
21853,0.135079,0.0119906,1.49634,0.0230037,-0.0229135,0.0505416,1.90329,0.218609,-0.0241111,0.0714256
21870,0.135079,0.0119906,1.49634,0.0230037,-0.021526,0.031887,1.90036,0.0802425,-0.0390783,0.0526858
21886,0.135079,0.0119906,1.49634,0.0230037,-0.0217086,0.0693299,1.91788,-0.144029,-0.0769769,0.0361373
21902,0.135079,0.0119906,1.49634,0.0306715,-0.0205054,-0.0636398,1.91925,0.18003,-0.0165189,0.0522507
21917,0.135079,0.0119906,1.49634,0.0306715,-0.0205257,-0.0500504,1.92238,-0.0658413,-0.0495699,0.0255216
21934,0.135079,0.0119906,1.49634,0.0306715,-0.0197925,-0.0724385,1.89944,-0.174394,-0.0544728,0.00394623
21950,0.135079,0.0119906,1.49634,0.0306715,-0.0206338,0.175246,1.90196,0.222727,-0.0507408,0.0976279
21966,0.135079,0.0119906,1.49634,0.0383394,-0.0175187,0.0189631,1.92258,-0.152255,-0.0785579,0.0318856
21982,0.135079,0.0119906,1.49634,0.0383394,-0.0195335,-0.184079,1.92437,0.00565922,-0.0193959,0.0104612
21997,0.135079,0.0119906,1.49634,0.0383394,-0.0210534,-0.0687063,1.89756,0.136309,-0.0158532,0.0390526
22014,0.135079,0.0119906,1.49634,0.0383394,-0.0204796,0.130347,1.9049,-0.173347,-0.0925133,0.0410217
22030,0.135079,0.0119906,1.49634,0.0306715,-0.0182637,0.0264196,1.91989,0.0231437,-0.055842,0.0537252
22046,0.135079,0.0119906,1.49634,0.0306715,-0.019331,-0.140645,1.91227,0.105962,-0.0117135,0.0291908
22061,0.135079,0.0119906,1.49634,0.0306715,-0.0198457,-0.0463201,1.89703,-0.10442,-0.0500969,0.0166792
22078,0.135079,0.0119906,1.49634,0.0306715,-0.0205366,0.0164324,1.88658,-0.0216052,-0.0479346,0.0348576
22094,0.135079,0.0119906,1.49634,0.0306715,-0.0212952,0.0132341,1.88186,0.217581,-0.0159542,0.0610523
22110,0.135079,0.0119906,1.49634,0.0306715,-0.0203289,0.0556094,1.8967,-0.0776671,-0.064618,0.0380318
22126,0.135079,0.0119906,1.49634,0.0230037,-0.0185402,0.0629292,1.92298,-0.041151,-0.0696692,0.0538886
22141,0.135079,0.0119906,1.49634,0.0230037,-0.0184495,-0.00661821,1.92749,0.149684,-0.0349816,0.0654116
22158,0.135079,0.0119906,1.49634,0.0230037,-0.0183104,-0.143441,1.92023,-0.144539,-0.0442266,0.0026266
22174,0.135079,0.0119906,1.49634,0.0230037,-0.0211694,-0.102144,1.89823,-0.0565829,-0.0312758,0.0111637
22190,0.135079,0.0119906,1.49634,0.0230037,-0.0198665,0.0525374,1.90673,0.102362,-0.0443643,0.0634462
22206,0.135079,0.0119906,1.49634,0.0306715,-0.0187787,0.0145659,1.89822,-0.162546,-0.0703047,0.0229569
22222,0.135079,0.0119906,1.49634,0.0306715,-0.0193332,0.00350962,1.91089,0.0570954,-0.0436761,0.0497287
22238,0.135079,0.0119906,1.49634,0.0306715,-0.0205115,-0.0964165,1.90358,0.0421784,-0.0235856,0.0256671
22254,0.135079,0.0119906,1.49634,0.0230037,-0.0209098,0.046009,1.89069,-0.130138,-0.0659483,0.0284202
22270,0.135079,0.0119906,1.49634,0.0230037,-0.0208689,0.0686574,1.89372,-0.00977364,-0.0562478,0.0480803
22285,0.135079,0.0119906,1.49634,0.0230037,-0.0195604,-0.0087539,1.89861,0.159965,-0.0247576,0.0576604
22302,0.135079,0.0119906,1.49634,0.0306715,-0.0186563,-0.00208659,1.89018,-0.17489,-0.0670724,0.0166677
22318,0.135079,0.0119906,1.49634,0.0306715,-0.0192146,-0.0388615,1.89662,0.0226329,-0.0369606,0.0344902
22334,0.135079,0.0119906,1.49634,0.0306715,-0.0200198,-0.00235461,1.89288,0.0941309,-0.0327608,0.0477923
22350,0.135079,0.0119906,1.49634,0.0306715,-0.0189639,0.0851799,1.88878,-0.0483521,-0.0668297,0.0474905
22366,0.135079,0.0119906,1.49634,0.0306715,-0.0175935,0.0650612,1.90599,-0.00463061,-0.0641099,0.0553674
22382,0.135079,0.0119906,1.49634,0.0383394,-0.0170356,-0.104814,1.92031,0.121392,-0.0229463,0.0424635
22398,0.135079,0.0119906,1.49634,0.0383394,-0.0205356,-0.151841,1.89033,-0.173864,-0.0374755,-0.0150569
22414,0.135079,0.0119906,1.49634,0.0383394,-0.0227491,0.0572002,1.87619,-0.0396083,-0.0524635,0.0332373
22429,0.135079,0.0119906,1.49634,0.0383394,-0.0214181,0.20549,1.89776,0.149174,-0.063873,0.091083
22446,0.135079,0.0119906,1.49634,0.0383394,-0.0198027,-0.0392563,1.88875,-0.167692,-0.0581315,0.00747501
22462,0.135079,0.0119906,1.49634,0.0383394,-0.0204989,-0.0613759,1.88505,0.0869288,-0.0211611,0.0323753
22478,0.135079,0.0119906,1.49634,0.0383394,-0.0204896,0.175509,1.90615,0.0756131,-0.0708079,0.0800379
22494,0.135079,0.0119906,1.49634,0.0383394,-0.0187051,0.0909037,1.91356,-0.120876,-0.0838501,0.0450259
22510,0.135079,0.0119906,1.49634,0.0383394,-0.0197222,-0.135852,1.90541,0.0524671,-0.017771,0.0203748
22526,0.135079,0.0119906,1.49634,0.0383394,-0.0223974,-0.0731017,1.88775,0.0828165,-0.0170565,0.0272045
22542,0.135079,0.0119906,1.49634,0.0383394,-0.0223268,0.17857,1.87259,-0.163058,-0.0894895,0.0406236
22558,0.135079,0.0119906,1.49634,0.0383394,-0.0178186,0.192961,1.89521,0.0113151,-0.0835906,0.07727
22573,0.135079,0.0119906,1.49634,0.0383394,-0.0172274,-0.183814,1.89585,0.202665,0.00741816,0.0316114
22590,0.135079,0.0119906,1.49634,0.0383394,-0.0200541,-0.0813612,1.88291,-0.109051,-0.0415324,0.00500349
22606,0.135079,0.0119906,1.49634,0.0383394,-0.0197983,0.190165,1.89526,-0.0257219,-0.0843653,0.0689947
22622,0.135079,0.0119906,1.49634,0.0383394,-0.0187126,0.09357,1.92109,0.167172,-0.0511062,0.0823784
22638,0.135079,0.0119906,1.49634,0.0306715,-0.0196966,-0.130387,1.9127,-0.146598,-0.0437698,-0.00017671
22654,0.135079,0.0119906,1.49634,0.0306715,-0.020903,-0.084957,1.88195,-0.0293219,-0.0286527,0.0133642
22670,0.135079,0.0119906,1.49634,0.0306715,-0.0211116,0.125015,1.90009,0.0488722,-0.0614571,0.065873
22686,0.135079,0.0119906,1.49634,0.0306715,-0.0203006,0.0456083,1.8899,-0.107508,-0.0648652,0.030985
22702,0.135079,0.0119906,1.49634,0.0306715,-0.0233721,-0.0257978,1.8901,0.0740724,-0.0247998,0.0348248
22717,0.135079,0.0119906,1.49634,0.0306715,-0.02462,0.0348166,1.8869,-0.0051444,-0.0427204,0.0336473
22734,0.135079,0.0119906,1.49634,0.0306715,-0.0226045,0.138075,1.89274,-0.0792124,-0.0752478,0.0485175
22750,0.135079,0.0119906,1.49634,0.0383394,-0.0202859,0.094105,1.89373,0.0925925,-0.0512813,0.0643805
22766,0.135079,0.0119906,1.49634,0.0536752,-0.0190252,0.00764071,1.90505,0.0462952,-0.0476692,0.0455137
22782,0.135079,0.0119906,1.49634,0.0536752,-0.017934,-0.0633786,1.89155,-0.0247016,-0.0419186,0.0222728
22798,0.135079,0.0119906,1.49634,0.0536752,-0.0204193,-0.0210068,1.89146,-0.0452667,-0.0480934,0.0235438
22814,0.135079,0.0119906,1.49634,0.0536752,-0.0197862,0.0477376,1.89499,0.242274,-0.0275955,0.0732409
22830,0.135079,0.0119906,1.49634,0.0536752,-0.0187568,0.0450802,1.90581,-0.12808,-0.0763078,0.0318491
22846,0.135079,0.0119906,1.49634,0.0536752,-0.0199498,0.0308177,1.90888,0.0349795,-0.0526739,0.0478269
22861,0.135079,0.0119906,1.49634,0.0536752,-0.0189379,-0.0529821,1.89996,0.157916,-0.0219763,0.0467843
22878,0.135079,0.0119906,1.49634,0.0383394,-0.0180924,0.0670687,1.91094,-0.166146,-0.0853756,0.0354683
22894,0.135079,0.0119906,1.49634,0.0383394,-0.018072,0.014427,1.92478,0.0216064,-0.0562266,0.051835
22910,0.135079,0.0119906,1.49634,0.0383394,-0.0173948,-0.0488529,1.93974,0.133221,-0.0357143,0.0582886
22926,0.135079,0.0119906,1.49634,0.0306715,-0.0194008,-0.164231,1.90031,-0.272622,-0.050465,-0.0242522
22942,0.135079,0.0119906,1.49634,0.0306715,-0.0207691,0.00057568,1.90233,0.11676,-0.0315447,0.0520823
22958,0.135079,0.0119906,1.49634,0.0306715,-0.020279,0.118221,1.91845,0.0807633,-0.0620055,0.0741748
22974,0.135079,0.0119906,1.49634,0.0306715,-0.0196523,0.0024365,1.91303,-0.154313,-0.0691392,0.0237452
22990,0.135079,0.0119906,1.49634,0.0306715,-0.0197932,-0.11547,1.91194,0.108021,-0.0152366,0.0332892
23005,0.135079,0.0119906,1.49634,0.0306715,-0.021757,0.0634606,1.90796,0.0792183,-0.0473141,0.0589066
23022,0.135079,0.0119906,1.49634,0.0306715,-0.019914,0.213477,1.91314,-0.284969,-0.123192,0.0466856
23038,0.135079,0.0119906,1.49634,0.0306715,-0.0176631,-0.0503146,1.944,0.280856,-0.0171463,0.0775002
23054,0.135079,0.0119906,1.49634,0.0306715,-0.0201296,-0.288406,1.90738,-0.0339482,0.00075508,-0.0178101
23070,0.135079,0.0119906,1.49634,0.0306715,-0.0238602,0.085974,1.90415,-0.117278,-0.0709773,0.0348002
23086,0.135079,0.0119906,1.49634,0.0306715,-0.0223984,0.305824,1.92408,0.205243,-0.0790525,0.122085
23102,0.135079,0.0119906,1.49634,0.0306715,-0.0175083,0.097958,1.95601,0.0761283,-0.072191,0.0832151
23118,0.135079,0.0119906,1.49634,0.0306715,-0.0191735,-0.430689,1.94262,-0.183119,-0.00117597,-0.0526133
23134,0.135079,0.0119906,1.49634,0.0306715,-0.023572,-0.130115,1.91133,0.15072,-0.00107288,0.0294114
23149,0.135079,0.0119906,1.49634,0.0230037,-0.0245986,0.130211,1.90888,-0.147108,-0.0816626,0.0402259
23166,0.135079,0.0119906,1.49634,0.0230037,-0.0228843,0.178708,1.92663,0.0262335,-0.0764317,0.077357
23182,0.135079,0.0119906,1.49634,0.0230037,-0.0207148,0.0404111,1.93286,0.167688,-0.0389633,0.0738931
23198,0.135079,0.0119906,1.49634,0.0306715,-0.0212784,-0.115867,1.92495,-0.288051,-0.0639035,-0.014435
23214,0.135079,0.0119906,1.49634,0.0306715,-0.0222365,0.0140332,1.92823,0.0807577,-0.0420652,0.0538693
23230,0.135079,0.0119906,1.49634,0.0306715,-0.0213708,0.095298,1.94367,0.136821,-0.0551465,0.0808699
23246,0.135079,0.0119906,1.47253,0.0306715,-0.0221803,0.00084253,1.94423,-0.166144,-0.0790744,0.0307692
23262,0.135079,0.0119906,1.44689,0.0306715,-0.0232753,-0.164364,1.95041,0.156375,-0.0153803,0.045005
23278,0.135079,0.0119906,1.44689,0.0230037,-0.0241377,-0.107745,1.92775,0.184661,-0.0146439,0.0531824
23293,0.135079,0.0119906,1.44689,0.0230037,-0.0273134,0.00443714,1.93462,-0.235071,-0.0825727,0.0193007
23310,0.135079,0.0119906,1.47253,0.0230037,-0.0267917,0.00271708,1.95272,0.389384,-0.0054909,0.0941589
23326,0.135079,0.0119906,1.47253,0.0230037,-0.0257634,-0.0384597,1.97542,-0.186714,-0.0749378,0.0233189
23342,0.135079,0.0119906,1.49634,0.0230037,-0.0281884,-0.212458,1.93819,-0.0288065,-0.00567742,-0.00812936
23358,0.135079,0.0119906,1.49634,0.0230037,-0.0298528,0.0441428,1.92396,0.0149167,-0.0412284,0.0388616
23374,0.135079,0.0119906,1.49634,0.0230037,-0.029411,0.187904,1.93065,-0.156371,-0.0906048,0.0470333
23390,0.135079,0.0119906,1.49634,0.0230037,-0.0278073,0.0869083,1.94047,-0.00463024,-0.0586272,0.0516759
23406,0.135079,0.0119906,1.49634,0.0230037,-0.0288916,-0.0932208,1.94171,0.109562,-0.0103505,0.0305862
23422,0.135079,0.0119906,1.49634,0.0230037,-0.0302941,0.0626645,1.9105,-0.299881,-0.0789729,6.177e-05
23437,0.135079,0.0119906,1.49634,0.0230037,-0.027549,0.235861,1.93197,0.156372,-0.0647303,0.0974365
23454,0.135079,0.0119906,1.49634,0.0230037,-0.0229147,0.0393492,1.95474,0.083853,-0.0505015,0.0650011
23470,0.135079,0.0119906,1.49634,0.0230037,-0.0235063,-0.171823,1.95183,-0.195979,-0.0442372,-0.0100419
23486,0.135079,0.0119906,1.47619,0.0230037,-0.0261865,-0.012748,1.94071,0.159971,-0.0278386,0.0606431
23502,0.135079,0.0119906,1.41941,0.0153358,-0.0237892,0.153262,1.96192,-0.0833286,-0.109011,0.0850686
23518,0.135079,0.0119906,1.41941,0.0153358,-0.0229438,-0.199005,1.98206,0.0915575,-0.0294695,0.0469584
23534,0.135079,0.0119906,1.36264,0.0153358,-0.0275777,-0.364084,1.97611,0.152777,0.00377052,0.0280215
23550,0.135079,0.0119906,1.35897,0.0153358,-0.0337392,-0.236711,1.94921,-0.352864,-0.0654459,-0.0254764
23566,0.135079,0.0119906,1.36264,-0.00766826,-0.0380305,0.0767922,1.98055,0.381668,-0.030252,0.124604
23581,0.135079,0.0119906,1.38828,-0.00766826,-0.037911,0.0474739,1.98911,-0.236097,-0.096115,0.0400589
23598,0.135079,0.0119906,1.43407,-0.00766826,-0.0388498,-0.284802,1.96376,-0.0776712,0.00209521,-0.0207042
23614,0.135079,0.0119906,1.45788,-0.00766826,-0.0406821,-0.0627057,1.94937,0.0725269,-0.00831752,0.0269371
23630,0.135079,0.0119906,1.45788,-0.00766826,-0.0410082,0.108897,1.91398,-0.234037,-0.0680912,0.012662
23646,0.135079,0.0119906,1.42125,-0.00766826,-0.0420447,0.269305,1.92852,0.0262337,-0.0761216,0.0845325
23662,0.135079,0.0119906,1.42125,-0.00766826,-0.0375742,0.0649307,1.9559,0.181058,-0.033659,0.0791522
23678,0.135079,0.0119906,1.39011,-0.00766826,-0.0374135,-0.130261,1.94478,-0.325085,-0.0644097,-0.0138737
23694,0.135079,0.0119906,1.31136,-0.00766826,-0.0393151,-0.0046225,1.94807,0.125509,-0.0488013,0.080547
23710,0.135079,0.0119906,1.25275,-0.00766826,-0.0375284,0.124347,1.98691,-0.0154313,-0.115271,0.113184
23725,0.135079,0.0119906,1.17399,-0.00766826,-0.0362014,-0.227387,2.01847,-0.146081,-0.0948805,0.0599093
23742,0.135079,0.0119906,1.14469,0.0153358,-0.0417953,-0.745904,2.01194,0.172322,0.039562,-0.00441173
23758,0.135079,0.0119906,1.13919,0.0153358,-0.0532196,-0.483594,1.96453,-0.306053,-0.0380545,-0.0425211
23774,0.135079,0.0119906,1.10623,0.0153358,-0.0591313,0.00842804,1.95566,0.221696,-0.0599302,0.10927
23790,0.135079,0.0119906,1.04945,0.0153358,-0.057948,0.141935,2.01836,-0.033436,-0.145286,0.133019
23806,0.135079,0.0119906,1.04945,0.0153358,-0.0582982,-0.50009,2.03736,-0.0437179,-0.033046,0.016202
23822,0.135079,0.0119906,0.968865,0.0153358,-0.0648925,-0.829439,2.00095,0.0498942,0.0389108,-0.034131
23838,0.135079,0.0119906,0.930403,0.0153358,-0.076074,-0.345969,1.97672,-0.221181,-0.0675293,0.00775065
23854,0.135079,0.0119906,0.842491,0.0153358,-0.0785502,-0.167429,1.99201,0.0889869,-0.0826759,0.0989249
23869,0.135079,0.0119906,0.637363,0.0153358,-0.0841412,-0.515958,2.03298,-0.0936189,-0.0897717,0.0604269
23886,0.135079,0.0119906,0.483516,0.0153358,-0.0971164,-0.93709,2.02769,0.172316,0.00579947,0.0280363
23902,0.135079,0.0119906,0.320513,0.0153358,-0.112415,-0.727144,2.00185,-0.247929,-0.0908903,0.0229508
23918,0.135079,0.0119906,0.223443,0.0153358,-0.118056,-0.512387,2.03166,0.105448,-0.10781,0.126485
23934,0.135079,0.0119906,0.00549459,0.0153358,-0.12653,-0.931631,2.07592,-0.0118292,-0.0931259,0.081835
23950,0.135079,0.0119906,0.00549459,0.0153358,-0.142724,-1.40779,2.07189,-0.0241775,0.0197459,-0.0358203
23966,0.135079,0.0119906,0.003663,0.0153358,-0.16513,-1.40592,2.01338,0.00308558,0.0725087,-0.0822865
23982,0.135079,0.0119906,0.00183159,0.0230037,-0.186189,-0.838274,1.92996,-0.178488,-0.00080904,-0.0535082
23998,0.135079,0.0119906,-0.0018315,0.0230037,-0.197699,-0.306401,1.90177,0.106991,-0.0388705,0.0555573
24013,0.135079,0.0119906,-0.003663,0.0230037,-0.20074,-0.31651,1.92293,-0.13888,-0.067327,0.0241162
24030,0.135079,0.0119906,-0.00549451,0.0230037,-0.207849,-0.781875,1.89855,0.248958,0.0817268,-0.0321835
24046,0.135079,0.0119906,-0.00549451,0.0306715,-0.21907,-0.477587,1.86873,-0.211922,-0.00554079,-0.0581099
24062,0.135079,0.0119906,-0.00549451,0.0306715,-0.223338,-0.162363,1.81592,-0.185176,-0.0405791,-0.0156187
24078,0.135079,0.0119906,-0.00732601,0.0306715,-0.224764,-0.128524,1.79256,0.0432067,-0.0116514,0.0111065
24094,0.135079,0.0119906,-0.00732601,0.0306715,-0.227237,-0.225647,1.77932,0.0308638,0.0117399,-0.0156408
24110,0.135079,0.0119906,-0.00732601,0.0306715,-0.230402,-0.190207,1.73336,-0.178488,-0.00422868,-0.0505515
24126,0.135079,0.0119906,-0.00732601,0.0306715,-0.229631,0.0802481,1.71273,-0.0684095,-0.0367186,0.0096032
24142,0.135079,0.0119906,-0.00732601,0.0306715,-0.227347,-0.0464542,1.70652,0.00925818,-0.00638375,-0.00221038
24157,0.135079,0.0119906,-0.00732601,0.0306715,-0.228231,-0.144243,1.68614,0.113164,0.0303344,-0.0139794
24174,0.135079,0.0119906,-0.00732601,0.0230037,-0.229133,0.0593306,1.65921,0.00668681,-0.011096,0.00404835
24190,0.135079,0.0119906,-0.00732601,0.0230037,-0.226953,0.195363,1.63535,-0.113163,-0.0484745,0.0127329
24206,0.135079,0.0119906,-0.00732601,0.0230037,-0.224027,0.187364,1.64249,-0.0925862,-0.0509546,0.0202384
24222,0.135079,0.0119906,-0.00732601,0.0230037,-0.221412,-0.0929521,1.59578,0.0005152,0.0183011,-0.0272395
24238,0.135079,0.0119906,-0.00732601,0.0230037,-0.220633,-0.00115748,1.56846,-0.0576107,-0.00040072,-0.0223776
24254,0.135079,0.0119906,-0.00732601,0.0306715,-0.218253,0.21175,1.55821,0.0884715,-0.0239839,0.0356049
24270,0.135079,0.0119906,-0.00732601,0.0306715,-0.213094,0.106626,1.55533,0.064297,-0.0154299,0.0209054
24286,0.135079,0.0119906,-0.00732601,0.0230037,-0.211363,-0.0501828,1.55985,0.0432087,0.00772995,-0.00599974
24301,0.135079,0.0119906,-0.00732601,0.0230037,-0.210835,0.0486746,1.53513,-0.074069,-0.0196477,-0.00683498
24318,0.135079,0.0119906,-0.00732601,0.0230037,-0.210428,-0.0240689,1.49157,0.031377,0.0160151,-0.0170782
24334,0.135079,0.0119906,-0.00549451,0.0230037,-0.206632,0.274232,1.50295,0.0519515,-0.0444448,0.0494094
24350,0.135079,0.0119906,-0.00549451,0.0230037,-0.201291,0.0165598,1.48452,-0.0540091,-0.014582,-0.0069916
24366,0.135079,0.0119906,-0.00549451,0.0153358,-0.2017,-0.0615096,1.4466,-0.00771546,0.0158085,-0.0245177
24382,0.135079,0.0119906,-0.00549451,0.0153358,-0.199231,0.215345,1.42833,-0.0591538,-0.0407881,0.0204906
24398,0.135079,0.0119906,-0.00549451,0.0153358,-0.193947,0.209881,1.42926,-0.0277764,-0.0448033,0.0322014
24414,0.135079,0.0119906,-0.00549451,0.0153358,-0.190913,-0.0628409,1.41373,0.0200614,0.0095686,-0.0113696
24430,0.135079,0.0119906,-0.00549451,0.0230037,-0.192274,0.00177747,1.38172,-0.105446,-0.00869295,-0.0253292
24445,0.135079,0.0119906,-0.00732601,0.0230037,-0.189369,0.219741,1.35633,0.153283,-0.0163227,0.0459961
24462,0.135079,0.0119906,-0.00732601,0.0230037,-0.184428,0.191214,1.32725,-0.211401,-0.0566261,-0.00245789
24478,0.135079,0.0119906,-0.00549451,0.0230037,-0.176798,0.00190851,1.3475,0.241756,0.0162751,0.0344061
24494,0.135079,0.0119906,-0.00549451,0.0230037,-0.178036,-0.0708304,1.33704,-0.221182,-0.0221839,-0.04003
24510,0.135079,0.0119906,-0.00549451,0.0230037,-0.177202,0.0224258,1.30754,0.210379,0.0187448,0.0243547
24526,0.135079,0.0119906,-0.00549451,0.0230037,-0.174606,0.14766,1.27676,-0.131166,-0.0426418,0.00307569
24542,0.135079,0.0119906,-0.00549451,0.0230037,-0.172547,-0.272813,1.22907,-0.0087433,0.0569354,-0.0680507
24558,0.135079,0.0119906,-0.00549451,0.0230037,-0.176404,-0.0559391,1.18052,-0.189805,0.0129688,-0.0675049
24574,0.135079,0.0119906,-0.00549451,0.0230037,-0.169093,0.81021,1.28406,0.473747,-0.100987,0.210829
24589,0.135079,0.0119906,-0.00549451,0.0230037,-0.161084,0.362294,1.29334,-0.70827,-0.17789,-0.00119752
24606,0.135079,0.0119906,-0.00549451,0.0230037,-0.158389,-0.712992,1.26606,0.340518,0.148093,-0.0754322
24622,0.135079,0.0119906,-0.003663,0.0230037,-0.165148,-0.030832,1.19897,-0.723221,-0.0786447,-0.105428
24638,0.135079,0.0119906,-0.003663,0.0230037,-0.166821,0.351238,1.04162,0.885223,0.0865121,0.121954
24654,0.135079,0.0119906,-0.003663,0.0230037,-0.161016,0.164078,1.00938,-0.49483,-0.0487862,-0.07906
24670,0.135079,0.0119906,-0.003663,0.0230037,-0.156166,0.488518,1.02019,0.0766399,-0.0491232,0.0614461
24686,0.135079,0.0119906,-0.003663,0.0230037,-0.145309,0.538209,1.09813,0.0792141,-0.0938669,0.107152
24702,0.135079,0.0119906,-0.003663,0.0230037,-0.136234,0.229749,1.17446,0.0740695,-0.0707895,0.0819755
24718,0.135079,0.0119906,-0.0018315,0.0230037,-0.13261,-0.968988,1.16411,0.127568,0.151819,-0.131436
24733,0.135079,0.0119906,-0.0018315,0.0230037,-0.155247,-0.784529,1.06828,0.0370357,0.166455,-0.167858
24750,0.135079,0.0119906,-0.0018315,0.0230037,-0.165136,0.178665,0.872957,-0.250501,0.0173725,-0.0858094
24766,0.135079,0.0119906,-0.0018315,0.0230037,-0.153526,0.866393,0.893651,0.129622,-0.0859536,0.112404
24782,0.135079,0.0119906,-0.0018315,0.0230037,-0.13638,0.715688,1.00825,-0.15637,-0.147953,0.104606
24798,0.135079,0.0119906,-0.003663,0.0230037,-0.130314,-0.254306,1.05592,0.0190318,0.0291915,-0.0328946
24814,0.135079,0.0119906,-0.003663,0.0230037,-0.133894,-0.444399,1.00538,0.168714,0.0998141,-0.0677737
24830,0.135079,0.0119906,-0.003663,0.0230037,-0.138002,-0.085089,0.954369,-0.0720118,0.0235462,-0.0489879
24846,0.135079,0.0119906,-0.003663,0.0230037,-0.136266,0.300351,0.936697,0.0344651,-0.0326692,0.0344024
24862,0.135079,0.0119906,-0.003663,0.0230037,-0.130391,0.266107,0.936112,-0.00977347,-0.0412144,0.0321601
24877,0.135079,0.0119906,-0.003663,0.0230037,-0.126824,-0.0491229,0.952737,0.00462929,0.0084548,-0.0149669
24894,0.135079,0.0119906,-0.003663,0.0230037,-0.128541,-0.156104,0.921129,-0.120364,0.023045,-0.0603466
24910,0.135079,0.0119906,-0.00549451,0.0230037,-0.129394,0.197627,0.88648,0.0293189,-0.014355,0.0145973
24926,0.135079,0.0119906,-0.003663,0.0230037,-0.124918,0.347909,0.917684,0.00514194,-0.0589487,0.0538656
24942,0.135079,0.0119906,-0.00549451,0.0230037,-0.120762,-0.00942761,0.910568,0.0828148,0.010285,0.00243732
24958,0.135079,0.0119906,-0.00549451,0.0230037,-0.123192,-0.167562,0.860194,-0.158427,0.0256707,-0.0722022
24974,0.135079,0.0119906,-0.00549451,0.0230037,-0.123131,0.282363,0.837833,0.123963,-0.017138,0.0407663
24990,0.135079,0.0119906,-0.00549451,0.0230037,-0.118014,0.354712,0.842825,-0.0087443,-0.0559905,0.0476396
25006,0.135079,0.0119906,-0.00549451,0.0230037,-0.114174,0.0344188,0.847442,-0.0715003,-0.0123934,-0.0122037
25021,0.135079,0.0119906,-0.00549451,0.0230037,-0.114056,-0.138383,0.828144,0.036006,0.0365919,-0.0355911
25038,0.135079,0.0119906,-0.00549451,0.0230037,-0.11565,0.117419,0.800947,0.00462948,-0.00500767,-0.00082839
25054,0.135079,0.0119906,-0.00549451,0.0230037,-0.112482,0.353777,0.807454,-0.0231469,-0.058279,0.0464962
25070,0.135079,0.0119906,-0.00549451,0.0230037,-0.107158,0.0361415,0.799863,-0.088987,-0.0150969,-0.0136542
25086,0.135079,0.0119906,-0.00549451,0.0230037,-0.106913,-0.194871,0.788113,0.0709842,0.0489253,-0.0394977
25102,0.135079,0.0119906,-0.00549451,0.0230037,-0.107845,0.130478,0.765261,0.00308589,-0.0119233,0.00586312
25118,0.135079,0.0119906,-0.003663,0.0230037,-0.104429,0.261577,0.774893,-0.00720135,-0.0445337,0.036446
25134,0.135079,0.0119906,-0.003663,0.0230037,-0.100824,0.0396119,0.771264,-0.0262328,-0.011287,-0.00209545
25150,0.135079,0.0119906,-0.003663,0.0230037,-0.10064,-0.0977449,0.760483,-0.0730422,0.01037,-0.0355848
25165,0.135079,0.0119906,-0.003663,0.0230037,-0.101812,0.0272209,0.731139,-0.063268,-0.00249632,-0.0199595
25182,0.135079,0.0119906,-0.003663,0.0230037,-0.0999822,0.23893,0.725357,-0.0293191,-0.0387009,0.0252153
25198,0.135079,0.0119906,-0.0018315,0.0230037,-0.0962467,0.119149,0.727365,0.0216041,-0.0167434,0.0153167
25214,0.135079,0.0119906,-0.0018315,0.0230037,-0.0950536,-0.0894859,0.711733,-0.0277745,0.0171262,-0.0312266
25230,0.135079,0.0119906,0.00183159,0.0230037,-0.0960237,0.105296,0.698016,0.00308653,-0.00907765,0.00309783
25246,0.135079,0.0119906,0.00183159,0.0230037,-0.0926363,0.231331,0.687984,-0.0745862,-0.044717,0.0202938
25262,0.135079,0.0119906,-0.0018315,0.0230037,-0.0896329,0.110226,0.688567,0.0601816,-0.0120959,0.0201179
25278,0.135079,0.0119906,-0.0018315,0.0230037,-0.0886138,0.0025753,0.67026,-0.0252048,-0.00015078,-0.0129391
25294,0.135079,0.0119906,-0.003663,0.0306715,-0.0881307,0.148197,0.653106,-0.00360076,-0.0222727,0.0130485
25309,0.135079,0.0119906,-0.003663,0.0306715,-0.0851777,0.222276,0.66512,-0.0226321,-0.0457561,0.0321865
25326,0.135079,0.0119906,-0.003663,0.0306715,-0.0828103,-0.00501841,0.65326,0.050923,0.00365895,-3.268e-05
25342,0.135079,0.0119906,-0.00549451,0.0306715,-0.0830238,-0.056847,0.641847,-0.0277763,0.00617115,-0.021866
25358,0.135079,0.0119906,-0.00549451,0.0306715,-0.083531,0.0963659,0.620119,-0.0447501,-0.0179769,-0.00136451
25374,0.135079,0.0119906,-0.00549451,0.0306715,-0.0790935,0.196163,0.666137,0.427962,0.00316937,0.0929037
25390,0.135079,0.0119906,-0.00549451,0.0306715,-0.0788672,-0.0401998,0.677725,-0.339489,-0.0499212,-0.0414958
25406,0.135079,0.0119906,-0.003663,0.0306715,-0.0785575,-0.654386,0.61643,0.190832,0.141084,-0.105457
25422,0.135079,0.0119906,-0.0018315,0.0230037,-0.0859137,-0.114004,0.596705,-0.101846,0.0247131,-0.0568011
25438,0.135079,0.0119906,-0.0018315,0.0230037,-0.0843287,0.553375,0.600739,-0.0509236,-0.0946406,0.0771227
25453,0.135079,0.0119906,0.021978,0.0153358,-0.0761266,0.334586,0.665038,0.0894998,-0.0595134,0.077451
25470,0.135079,0.0119906,0.0622711,0.0153358,-0.0745937,-0.284261,0.659524,-0.0565811,0.0441322,-0.0637229
25486,0.135079,0.0119906,0.139194,0.0153358,-0.078585,-0.101058,0.610424,0.101845,0.0659504,-0.0464845
25502,0.135079,0.0119906,0.241758,0.0153358,-0.0765306,0.340852,0.538829,-0.166658,-0.00993701,-0.0345023
25518,0.135079,0.0119906,0.313187,0.0153358,-0.0697739,0.66488,0.53714,0.0493793,-0.0367861,0.0460452
25534,0.135079,0.0119906,0.313187,0.0153358,-0.0581943,0.656316,0.541961,-0.0329199,-0.0652084,0.054588
25550,0.135079,0.0119906,0.432234,0.0153358,-0.0499744,0.252504,0.500157,-0.00720141,0.0360915,-0.0416664
25566,0.135079,0.0119906,0.523809,0.0153358,-0.0456381,0.514719,0.456469,-0.0097733,0.0125138,-0.0178282
25582,0.135079,0.0119906,0.675824,0.0153358,-0.0357908,0.89087,0.424837,0.0226326,-0.0252698,0.0291673
25597,0.135079,0.0119906,0.776557,0.0153358,-0.0199504,1.08286,0.446159,-0.0180032,-0.0724742,0.0673249
25614,0.135079,0.0119906,0.921245,0.0153358,-0.00235146,0.908064,0.417416,0.37498,0.0192401,0.0708937
25630,0.135079,0.0119906,1.01831,0.0153358,0.00905035,0.536786,0.361648,-0.28445,0.0243104,-0.0956841
25646,0.135079,0.0119906,1.04396,0.0153358,0.0189392,0.763759,0.295602,0.0293194,0.0263309,-0.0204969
25662,0.135079,0.0119906,1.10623,0.0230037,0.0352948,1.42493,0.332338,-0.0555524,-0.126433,0.112124
25678,0.135079,0.0119906,1.10623,0.0230037,0.0599139,1.25675,0.443518,-0.0555525,-0.161871,0.147405
25694,0.135079,0.0119906,1.10623,0.0230037,0.0743597,0.38997,0.498925,0.0941294,-0.0217548,0.0411333
25710,0.135079,0.0119906,1.10623,0.0230037,0.078799,0.122604,0.469481,-0.0195458,0.0129956,-0.0220791
25726,0.135079,0.0119906,1.08059,0.0230037,0.0803279,0.31607,0.433526,0.0185176,-0.0178211,0.0186447
25741,0.135079,0.0119906,1.07875,0.0230037,0.0873628,0.665165,0.457949,0.0226318,-0.0987614,0.101823
25758,0.135079,0.0119906,1.07692,0.0153358,0.0976594,0.605986,0.54603,0.0586391,-0.120504,0.134171
25774,0.135079,0.0119906,1.07692,0.0153358,0.104288,-0.0195516,0.569325,0.104418,-0.0168449,0.0397323
25790,0.135079,0.0119906,1.07143,0.0230037,0.101907,-0.20273,0.535292,0.10339,0.0261619,-0.00602271
25806,0.135079,0.0119906,1.07143,0.0230037,0.100176,0.161118,0.534846,0.0437216,-0.0446802,0.0514507
25822,0.135079,0.0119906,1.07143,0.0230037,0.103348,0.398283,0.577917,0.0905305,-0.0976258,0.116607
25838,0.135079,0.0119906,1.0696,0.0230037,0.108157,0.103824,0.622684,0.104418,-0.0608711,0.0823599
25854,0.135079,0.0119906,1.06777,0.0230037,0.106907,-0.221381,0.626122,0.0113162,-0.0119262,0.00969399
25870,0.135079,0.0119906,1.04396,0.0230037,0.102251,-0.237908,0.58981,0.0920741,0.0114222,0.00587042
25885,0.135079,0.0119906,1.00916,0.0230037,0.100085,0.208816,0.611252,-0.0895014,-0.10197,0.0765041
25902,0.135079,0.0119906,0.974359,0.0230037,0.102971,0.0891804,0.655724,0.0987606,-0.0805321,0.100544
25918,0.135079,0.0119906,0.970696,0.0230037,0.103432,-0.226183,0.692458,0.0329196,-0.0411029,0.0440903
25934,0.135079,0.0119906,0.970696,0.0230037,0.0960552,-0.437207,0.661469,-0.0617254,0.00526716,-0.0261051
25950,0.135079,0.0119906,0.998169,0.0230037,0.0905332,-0.147455,0.648691,-0.039093,-0.0265186,0.0120339
25966,0.135079,0.0119906,0.998169,0.0230037,0.0898096,0.193498,0.672334,-0.00154316,-0.0886597,0.0844064
25982,0.135079,0.0119906,1.0348,0.0230037,0.0910599,0.0654593,0.707086,0.0190317,-0.0643483,0.0647059
25998,0.135079,0.0119906,1.06593,0.0153358,0.0901547,-0.237902,0.682055,0.0293199,0.0079456,-0.00422276
26014,0.135079,0.0119906,1.0989,0.0230037,0.0861904,-0.128928,0.655791,0.00257211,0.00419663,-0.00856546
26029,0.135079,0.0119906,1.10073,0.0230037,0.0872298,0.308615,0.652589,0.0221182,-0.073933,0.0757478
26046,0.135079,0.0119906,1.10623,0.0230037,0.0930968,0.299682,0.707681,0.126536,-0.0808099,0.108099
26062,0.135079,0.0119906,1.10623,0.0230037,0.0944193,-0.0920207,0.711675,0.0318912,-0.0237856,0.0268008
26078,0.135079,0.0119906,1.10623,0.0230037,0.0919704,-0.146643,0.690443,-0.0118302,-0.0101397,0.00230017
26094,0.135079,0.0119906,1.10623,0.0230037,0.0935789,0.0830537,0.68723,0.0550378,-0.0458771,0.0550727
26110,0.135079,0.0119906,1.10623,0.0230037,0.0951058,0.188034,0.748366,0.0961875,-0.0769024,0.0964835
26126,0.135079,0.0119906,1.07875,0.0230037,0.0960298,-0.0809619,0.760308,-0.0432099,-0.0554085,0.0402242
26142,0.135079,0.0119906,1.02198,0.0230037,0.0932174,-0.217919,0.764551,0.0288052,-0.0313586,0.0332238
26158,0.135079,0.0119906,1.01831,0.0230037,0.0892964,-0.167036,0.757864,0.0967022,-0.0253183,0.0438095
26173,0.135079,0.0119906,0.965202,0.0230037,0.0883476,0.0496047,0.815833,-0.0781851,-0.110684,0.0873286
26190,0.135079,0.0119906,0.934066,0.0230037,0.0865041,-0.231108,0.829646,0.106989,-0.0444155,0.0651903
26206,0.135079,0.0119906,0.899267,0.0230037,0.0803218,-0.455469,0.817366,-0.0303485,-0.0152925,0.00183868
26222,0.135079,0.0119906,0.877289,0.0230037,0.0740468,-0.230853,0.823275,0.0447508,-0.0435576,0.0490141
26238,0.135079,0.0119906,0.871795,0.0230037,0.0710174,-0.0424592,0.834276,-0.0252051,-0.0854328,0.0744346
26254,0.135079,0.0119906,0.871795,0.0230037,0.0699119,-0.212056,0.861143,0.083329,-0.0457474,0.0605979
26270,0.135079,0.0119906,0.847985,0.0230037,0.0639467,-0.387116,0.842061,0.0108021,-0.0139451,0.0104957
26286,0.135079,0.0119906,0.822344,0.0230037,0.0581633,-0.211665,0.831815,-0.0246898,-0.044524,0.0329226
26302,0.135079,0.0119906,0.822344,0.0230037,0.0551428,-0.00582258,0.855027,0.0540096,-0.0731237,0.0812954
26317,0.135079,0.0119906,0.822344,0.0230037,0.0537548,-0.108804,0.865845,0.0144029,-0.0593847,0.0575682
26334,0.135079,0.0119906,0.822344,0.0230037,0.0493362,-0.376728,0.863187,0.0138875,-0.00264438,-0.00022887
26350,0.135079,0.0119906,0.822344,0.0230037,0.0439662,-0.231652,0.831062,0.0735564,-0.00563623,0.0176643
26366,0.135079,0.0119906,0.79304,0.0230037,0.0420888,0.12035,0.85905,-0.0452651,-0.0948055,0.0790422
26382,0.135079,0.0119906,0.789377,0.0230037,0.0437918,-0.0896223,0.883116,0.103389,-0.0476425,0.0674012
26398,0.135079,0.0119906,0.789377,0.0230037,0.0399285,-0.389114,0.872981,0.0329198,0.00722205,-0.00563612
26414,0.135079,0.0119906,0.785714,0.0230037,0.0349346,-0.296529,0.850843,-0.111108,-0.0147294,-0.0185072
26430,0.135079,0.0119906,0.783883,0.0230037,0.0310869,0.0472024,0.857543,0.134763,-0.0434415,0.0710838
26446,0.135079,0.0119906,0.782051,0.0230037,0.0329303,0.119552,0.889361,-0.0689263,-0.0923063,0.070655
26461,0.135079,0.0119906,0.783883,0.0230037,0.0318121,-0.259351,0.897827,0.033948,-0.010275,0.0124154
26478,0.135079,0.0119906,0.785714,0.0230037,0.0273306,-0.285606,0.864922,-0.0421786,0.00072791,-0.017268
26494,0.135079,0.0119906,0.785714,0.0230037,0.0246627,0.0683889,0.865848,-0.027262,-0.0580497,0.0462431
26510,0.135079,0.0119906,0.785714,0.0230037,0.0262947,0.196027,0.896866,0.0632674,-0.0803247,0.0909874
26526,0.135079,0.0119906,0.760073,0.0230037,0.0261134,-0.159965,0.900287,-0.0169742,-0.0315112,0.0215028
26542,0.135079,0.0119906,0.760073,0.0230037,0.0221526,-0.304656,0.878535,-0.0478362,0.00274735,-0.0207951
26558,0.135079,0.0119906,0.736264,0.0230037,0.0188378,0.0741149,0.873096,0.0992738,-0.0475428,0.0664668
26574,0.135079,0.0119906,0.736264,0.0230037,0.0200631,0.207885,0.902788,-0.0869292,-0.103577,0.0776508
26590,0.135079,0.0119906,0.734432,0.0153358,0.0197977,-0.174089,0.915966,0.114706,-0.0114116,0.035177
26605,0.135079,0.0119906,0.712454,0.0153358,0.0162187,-0.219252,0.890548,-0.0828134,-0.020509,-0.00398466
26622,0.135079,0.0119906,0.686813,0.0153358,0.0128314,-0.0192823,0.879485,-0.0601811,-0.0522219,0.0338333
26638,0.135079,0.0119906,0.608059,0.0153358,0.0139763,0.214682,0.921438,0.0226325,-0.115122,0.117679
26654,0.135079,0.0119906,0.56044,0.0153358,0.0149119,-0.215656,0.941612,0.0514372,-0.0503789,0.0585803
26670,0.135079,0.0119906,0.479853,0.0153358,0.00926409,-0.503558,0.937822,-0.0637823,-0.0205581,-0.00027469
26686,0.135079,0.0119906,0.479853,0.0153358,0.00176937,-0.350234,0.928439,0.0678977,-0.0181861,0.0297753
26702,0.135079,0.0119906,0.448718,0.0153358,-0.00217843,-0.0577834,0.951793,-0.0205747,-0.0887524,0.0797111
26718,0.135079,0.0119906,0.382784,0.0153358,-0.00630254,-0.339559,0.972995,0.00308666,-0.0480908,0.0438515
26734,0.135079,0.0119906,0.382784,0.0153358,-0.0135553,-0.640653,0.957239,0.010289,0.0233401,-0.0269101
26749,0.135079,0.0119906,0.35348,0.0153358,-0.0226367,-0.405129,0.918955,-0.0231466,-0.00688095,-0.00420004
26766,0.135079,0.0119906,0.35348,0.0153358,-0.0260719,-0.0556469,0.929867,-0.0797288,-0.0746111,0.0508427
26782,0.135079,0.0119906,0.35348,0.0153358,-0.0267064,-0.232575,0.951458,0.0694402,-0.0281792,0.0401289
26798,0.135079,0.0119906,0.379121,0.0230037,-0.0340896,-0.437474,0.924139,-0.0380636,0.0197433,-0.0365977
26814,0.135079,0.0119906,0.435897,0.0230037,-0.0393458,-0.177562,0.897303,-0.0699578,-0.00346928,-0.0203995
26830,0.135079,0.0119906,0.435897,0.0230037,-0.0398059,0.16925,0.892141,-0.00051373,-0.0564786,0.050619
26846,0.135079,0.0119906,0.5,0.0230037,-0.0367795,0.124079,0.898546,0.0545237,-0.0329277,0.0403479
26862,0.135079,0.0119906,0.532967,0.0230037,-0.0372073,-0.196869,0.871545,-0.0149166,0.0320807,-0.0426105
26878,0.135079,0.0119906,0.56044,0.0230037,-0.0384217,0.126745,0.840406,-0.00205632,-0.00979088,0.00340663
26893,0.135079,0.0119906,0.611722,0.0230037,-0.0339005,0.5018,0.848871,-0.0329199,-0.0794256,0.0668023
26910,0.135079,0.0119906,0.639194,0.0230037,-0.0272365,0.296615,0.871133,0.0622395,-0.0399872,0.0499528
26926,0.135079,0.0119906,0.67033,0.0230037,-0.0246998,-0.00182283,0.859493,0.0282908,0.0163544,-0.0155832
26942,0.135079,0.0119906,0.675824,0.0230037,-0.02491,0.194027,0.835794,-0.0617251,-0.0231928,0.00268583
26958,0.135079,0.0119906,0.675824,0.0230037,-0.0189365,0.509529,0.847406,0.111106,-0.0723348,0.09499
26974,0.135079,0.0119906,0.675824,0.0230037,-0.0112236,0.221068,0.874008,0.021089,-0.0493357,0.0492761
26990,0.135079,0.0119906,0.67033,0.0230037,-0.00947067,-0.0407252,0.886978,-0.0298331,-0.0148469,0.00158109
27006,0.135079,0.0119906,0.675824,0.0230037,-0.0116623,0.0148293,0.850704,0.115733,0.0060467,0.0162451
27022,0.135079,0.0119906,0.74359,0.0230037,-0.00905392,0.353782,0.858891,-0.137852,-0.0769916,0.0387047
27037,0.135079,0.0119906,0.745421,0.0230037,-0.00291647,0.308466,0.880344,0.114705,-0.0526312,0.0757437
27054,0.135079,0.0119906,0.771062,0.0230037,-0.00017452,-0.0764315,0.872621,-0.0648082,-0.0007061,-0.0210684
27070,0.135079,0.0119906,0.79304,0.0230037,-0.002104,0.00710579,0.850966,-0.00925652,0.00414897,-0.0121738
27086,0.135079,0.0119906,0.895604,0.0230037,0.0008195,0.440376,0.857451,-0.0288049,-0.0596554,0.0482992
27102,0.135079,0.0119906,0.935897,0.0230037,0.00756532,0.335248,0.865203,-0.0169741,-0.0423516,0.0336285
27118,0.135079,0.0119906,0.935897,0.0230037,0.0119,0.271695,0.851295,0.0750985,-0.0233469,0.0368829
27134,0.135079,0.0119906,0.935897,0.0230037,0.0157764,0.324197,0.844599,-0.0997886,-0.0589298,0.030139
27150,0.135079,0.0119906,0.910256,0.0306715,0.021149,0.410005,0.865941,0.0879581,-0.0725191,0.0879097
27166,0.135079,0.0119906,0.904762,0.0306715,0.0267115,0.265969,0.894092,0.0478365,-0.0680138,0.0732658
27181,0.135079,0.0119906,0.871795,0.0306715,0.0292879,0.00776972,0.910676,-0.0498937,-0.0485022,0.0291884
27198,0.135079,0.0119906,0.851648,0.0306715,0.0286927,-0.0500478,0.902372,0.159456,-0.0143132,0.0457439
27214,0.135079,0.0119906,0.851648,0.0306715,0.0285997,0.173244,0.919763,-0.0169744,-0.0804937,0.0697193
27230,0.135079,0.0119906,0.851648,0.0306715,0.0303167,0.0837109,0.948006,0.00926013,-0.0703619,0.0657123
27246,0.135079,0.0119906,0.915751,0.0306715,0.0307899,-0.327839,0.918927,0.114192,0.0387148,-0.0191724
27262,0.135079,0.0119906,0.915751,0.0306715,0.0263952,0.034817,0.926303,-0.178489,-0.057708,0.00714439
27278,0.135079,0.0119906,0.983517,0.0306715,0.0280829,0.269039,0.915383,0.0802441,-0.0533902,0.0665471
27294,0.135079,0.0119906,1.03114,0.0306715,0.0327519,0.356697,0.936353,0.101332,-0.0682069,0.0868422
27310,0.135079,0.0119906,1.06777,0.0230037,0.0375221,0.140196,0.934133,-0.0648105,-0.0465289,0.0259693
27325,0.135079,0.0119906,1.09341,0.0230037,0.038632,0.0293567,0.914266,-0.064297,-0.0173333,-0.00345127
27342,0.135079,0.0119906,1.09158,0.0230037,0.0405719,0.354042,0.905286,0.0941291,-0.0589326,0.0777716
27358,0.135079,0.0119906,1.09158,0.0230037,0.047537,0.415464,0.942701,0.0288051,-0.0982192,0.101473
27374,0.135079,0.0119906,1.06777,0.0230037,0.0511457,0.0388071,0.967084,0.085902,-0.0396084,0.0556002
27390,0.135079,0.0119906,1.06777,0.0230037,0.0502117,-0.152639,0.951939,0.091045,0.00109124,0.0155169
27406,0.135079,0.0119906,1.06777,0.0230037,0.0490532,0.0983661,0.958369,-0.0642963,-0.0632872,0.0428932
27422,0.135079,0.0119906,1.09707,0.0230037,0.0515324,0.271972,0.990885,0.110077,-0.0786382,0.10127
27438,0.135079,0.0119906,1.17033,0.0230037,0.0528178,-0.0572501,0.996878,0.0236608,-0.0152572,0.0158058
27454,0.135079,0.0119906,1.22344,0.0230037,0.0513776,-0.0657728,0.967537,-0.079214,-0.00450263,-0.0200439
27469,0.135079,0.0119906,1.30037,0.0230037,0.0516242,0.315003,0.95617,-0.00102823,-0.0443066,0.0400011
27486,0.135079,0.0119906,1.32418,0.0230037,0.0582796,0.573608,0.979348,0.0236614,-0.0992781,0.101914
27502,0.135079,0.0119906,1.39744,0.0230037,0.0647901,0.226656,1.00247,-0.100303,-0.049745,0.021185
27518,0.135079,0.0119906,1.42857,0.0230037,0.0658574,0.15912,0.987954,0.0704689,-0.00768413,0.0204648
27534,0.135079,0.0119906,1.45055,0.0230037,0.0705346,0.415863,0.970189,-0.0452639,-0.0669727,0.0524852
27550,0.135079,0.0119906,1.45055,0.0230037,0.0776883,0.545236,1.01228,-0.0385784,-0.11134,0.0990104
27566,0.135079,0.0119906,1.47253,0.0230037,0.0856449,0.209736,1.038,0.104932,-0.0464104,0.0680347
27582,0.135079,0.0119906,1.47253,0.0230037,0.0877072,-0.0453892,1.01583,0.0905296,0.00032413,0.0169982
27598,0.135079,0.0119906,1.47253,0.0230037,0.0887388,0.255315,1.02353,-0.170255,-0.0898109,0.0446685
27613,0.135079,0.0119906,1.47253,0.0230037,0.0942197,0.404013,1.06398,0.0493799,-0.108738,0.117605
27630,0.135079,0.0119906,1.49634,0.0230037,0.0968863,0.0854361,1.10801,0.114705,-0.0516483,0.0754244
27646,0.135079,0.0119906,1.49634,0.0153358,0.0951487,-0.12239,1.08763,0.0210889,-0.0164805,0.0186432
27662,0.135079,0.0119906,1.49634,-0.00766826,0.0932792,0.00616969,1.06962,-0.177458,-0.0540346,0.0138691
27678,0.135079,0.0119906,1.49634,-0.0766789,0.0960508,0.37683,1.11471,-0.00874482,-0.108019,0.126942
27694,0.135079,0.0119906,1.49634,-0.0766789,0.0997399,0.131407,1.17309,0.0591522,-0.0746105,0.109327
27710,0.135079,0.0119906,1.49634,-0.0766789,0.0962068,-0.249756,1.16507,0.0622386,0.00308564,0.0310966
27726,0.135079,0.0119906,1.49634,-0.00766826,0.0924335,-0.182352,1.12858,-0.178488,-0.0321508,-0.00887568
27742,0.135079,0.0119906,1.49634,-0.00766826,0.0916439,0.329792,1.14743,-0.127566,-0.122732,0.0957416
27757,0.135079,0.0119906,1.49634,-0.00766826,0.0972084,0.342447,1.21149,-0.0761274,-0.142891,0.128552
27774,0.135079,0.0119906,1.49634,-0.00766826,0.0987348,-0.287469,1.23092,0.109561,-0.0122212,0.0410544
27790,0.135079,0.0119906,1.49634,-0.00766826,0.0923719,-0.34768,1.19834,-0.014918,0.00167572,-0.00342519
27806,0.135079,0.0119906,1.49634,-0.00766826,0.089237,0.039737,1.1791,0.0931026,-0.0464124,0.0721472
27822,0.135079,0.0119906,1.49634,-0.00766826,0.0904012,0.280239,1.22773,0.0493806,-0.108997,0.124897
27838,0.135079,0.0119906,1.49634,-0.00766826,0.0943472,-0.0425944,1.28056,0.0714984,-0.0661129,0.0864198
27854,0.135079,0.0119906,1.49634,-0.00766826,0.0909118,-0.393501,1.27505,-0.122421,-0.0186248,-0.00943723
27870,0.135079,0.0119906,1.49634,-0.00766826,0.0841579,-0.189013,1.244,-0.0961865,-0.0345386,0.0134144
27886,0.135079,0.0119906,1.49634,-0.00766826,0.0833318,0.239063,1.2727,-0.0946429,-0.117999,0.0986264
27901,0.135079,0.0119906,1.49084,-0.00766826,0.0863336,0.137936,1.32958,0.0210882,-0.10498,0.113495
27918,0.135079,0.0119906,1.48901,-0.00766826,0.084719,-0.359672,1.32824,0.0586392,-0.00693014,0.0229513
27934,0.135079,0.0119906,1.48718,-0.00766826,0.0779773,-0.332235,1.29531,-0.0997891,-0.0129108,-0.00963316
27950,0.135079,0.0119906,1.46337,-0.00766826,0.0765343,0.110354,1.3,-0.00051533,-0.0861042,0.0891285
27966,0.135079,0.0119906,1.45971,-0.00766826,0.0784666,0.198822,1.35443,0.118309,-0.104624,0.136885
27982,0.135079,0.0119906,1.45971,-0.00766826,0.0791194,-0.273477,1.35094,0.0370358,-0.0283931,0.0393628
27998,0.135079,0.0119906,1.43773,-0.00766826,0.0747941,-0.29706,1.33949,0.0401204,-0.0191312,0.030713
28014,0.135079,0.0119906,1.43407,-0.00766826,0.0715759,-0.0785656,1.35141,-0.0421806,-0.0674869,0.0597045
28030,0.135079,0.0119906,1.43223,-0.00766826,0.0697939,0.0308195,1.3818,0.0529803,-0.0805839,0.0962884
28045,0.135079,0.0119906,1.43223,0.0153358,0.0680259,-0.207263,1.38889,0.0411497,-0.0400741,0.0465089
28062,0.135079,0.0119906,1.43407,0.0153358,0.064362,-0.337962,1.37347,0.0133732,-0.00953724,0.00873396
28078,0.135079,0.0119906,1.43773,0.0153358,0.0599007,-0.041127,1.37234,0.00411494,-0.0565384,0.0543741
28094,0.135079,0.0119906,1.43773,0.0153358,0.0603122,0.167383,1.40372,0.0468078,-0.0975047,0.106414
28110,0.135079,0.0119906,1.43773,0.0153358,0.0606885,-0.0772308,1.42192,-0.00051442,-0.0634157,0.0600293
28126,0.135079,0.0119906,1.43773,0.0153358,0.0574776,-0.174342,1.43114,0.0318928,-0.0386586,0.0427977
28142,0.135079,0.0119906,1.43407,0.0153358,0.0543195,-0.134668,1.40966,0.0704687,-0.0319017,0.0455049
28158,0.135079,0.0119906,1.43223,0.0153358,0.0527724,0.0541355,1.42581,-0.00102903,-0.0768036,0.0736006
28174,0.135079,0.0119906,1.42857,0.0153358,0.0536495,0.0117685,1.45615,0.118307,-0.0639684,0.0896841
28189,0.135079,0.0119906,1.40842,0.0153358,0.0524059,-0.301448,1.45527,0.0118288,-0.0221337,0.020915
28206,0.135079,0.0119906,1.40842,0.0153358,0.0463839,-0.223119,1.43387,0.0334353,-0.0189999,0.0231982
28222,0.135079,0.0119906,1.40842,0.0153358,0.0440697,0.212014,1.46421,-0.0771571,-0.115334,0.0940002
28238,0.135079,0.0119906,1.40842,0.0153358,0.0465541,-0.018609,1.48292,0.118306,-0.0578667,0.0833875
28254,0.135079,0.0119906,1.40842,0.0153358,0.0428209,-0.322374,1.4895,0.139906,0.00482953,0.0249114
28270,0.135079,0.0119906,1.40842,0.0153358,0.0392466,-0.11707,1.48154,0.0529788,-0.0355741,0.044773
28286,0.135079,0.0119906,1.37912,0.0153358,0.0373554,-0.0110149,1.48904,-0.0102876,-0.0682023,0.0623289
28302,0.135079,0.0119906,1.37912,0.0230037,0.0372839,-0.0744339,1.48761,0.0915584,-0.044716,0.0615514
28318,0.135079,0.0119906,1.37546,0.0230037,0.0354771,-0.0998793,1.49411,0.00720126,-0.0497533,0.0459562
28333,0.135079,0.0119906,1.37546,0.0230037,0.0324955,-0.0456558,1.50576,0.104932,-0.0456728,0.0657882
28350,0.135079,0.0119906,1.37912,0.0230037,0.0318906,0.0466755,1.52549,0.0329191,-0.0740835,0.0769692
28366,0.135079,0.0119906,1.40842,0.0230037,0.0312392,-0.0517812,1.52961,-0.0329215,-0.0571117,0.0436451
28382,0.135079,0.0119906,1.40842,0.0230037,0.0294095,-0.104008,1.52627,-0.0694415,-0.0482347,0.0256857
28398,0.135079,0.0119906,1.40842,0.0230037,0.0279899,-0.118533,1.51946,-0.0864178,-0.043731,0.0169822
28414,0.135079,0.0119906,1.40842,0.0230037,0.0249707,-0.0979191,1.49603,-0.149168,-0.0447058,0.00270627
28430,0.135079,0.0119906,1.40842,0.0230037,0.0317694,1.04411,1.71213,-0.10961,-0.310463,0.281918
28446,0.135079,0.0119906,1.41026,0.0230037,0.0412554,-0.801999,1.71248,0.187244,0.0479959,-0.0101339
28462,0.135079,0.0119906,1.43773,0.0230037,0.0277881,-1.28094,1.53939,0.073553,0.190741,-0.182325
28477,0.135079,0.0119906,1.45971,0.0230037,0.0132942,0.288092,1.40507,-0.126536,-0.0601361,0.0246905
28494,0.135079,0.0119906,1.46337,0.0230037,0.0158857,0.495553,1.33976,0.114192,-0.0568638,0.0806868
28510,0.135079,0.0119906,1.45971,0.0230037,0.0405121,0.978574,1.54168,0.118308,-0.233016,0.259804
28526,0.135079,0.0119906,1.43407,0.0230037,0.0533549,0.296145,1.86631,0.545741,-0.159437,0.288277
28542,0.135079,0.0119906,1.40842,0.0230037,0.0546482,-0.563898,2.12466,0.403269,-0.0882465,0.179715
28558,0.135079,0.0119906,1.40842,0.0230037,0.0286056,-1.98608,1.87838,-0.184663,0.200549,-0.257159
28574,0.135079,0.0119906,1.34982,0.0230037,0.00019598,-1.62412,1.60081,-0.857463,0.150303,-0.369908
28590,0.135079,0.0119906,1.32051,0.0230037,-0.0193108,-0.121567,1.36328,-0.21038,0.0348264,-0.0924614
28606,0.135079,0.0119906,1.28755,0.0230037,-0.0152491,0.505096,1.28433,-0.0323993,-0.0539495,0.0416958
28621,0.135079,0.0119906,1.2619,0.0230037,-0.00751079,1.14022,1.4597,-0.0375496,-0.230454,0.219151
28638,0.135079,0.0119906,1.25824,0.0230037,0.0115305,0.489185,1.68012,0.603365,-0.117176,0.260038
28654,0.135079,0.0119906,1.19048,0.0230037,0.013762,-0.463466,1.72045,-0.113162,-0.0590361,0.0245323
28670,0.135079,0.0119906,1.15568,0.0230037,0.0020577,-1.16403,1.62961,0.0447494,0.120435,-0.118963
28686,0.135079,0.0119906,1.15201,0.0230037,-0.013978,-0.406695,1.53362,0.170773,0.0450648,-0.0107386
28702,0.135079,0.0119906,1.15201,0.0230037,-0.0198885,0.580665,1.53377,-0.0416643,-0.151657,0.137395
28718,0.135079,0.0119906,1.15201,0.0230037,-0.0120574,0.451195,1.62448,0.0673831,-0.148779,0.160765
28734,0.135079,0.0119906,1.15568,0.0230037,-0.00767358,-0.345423,1.67693,0.0663536,-0.0218543,0.031091
28750,0.135079,0.0119906,1.15568,0.0230037,-0.0161776,-0.607308,1.62347,-0.14608,0.0266175,-0.070051
28765,0.135079,0.0119906,1.12821,0.0230037,-0.0218149,-0.138115,1.57194,-0.0781894,-0.0360901,0.0106027
28782,0.135079,0.0119906,1.13004,0.0230037,-0.0208823,0.270776,1.59495,-0.0807595,-0.117642,0.0928678
28798,0.135079,0.0119906,1.15751,0.0230037,-0.0198171,-0.0920217,1.62672,0.0118258,-0.0428144,0.0394123
28814,0.135079,0.0119906,1.18681,0.0230037,-0.0239621,-0.225906,1.62644,0.152258,0.0124116,0.0178561
28830,0.135079,0.0119906,1.21245,0.0230037,-0.0264371,-0.219255,1.5908,0.0252051,0.0141738,-0.0148464
28846,0.135079,0.0119906,1.21245,0.0230037,-0.0278673,0.236529,1.59455,0.01646,-0.0687656,0.0674168
28862,0.135079,0.0119906,1.21429,0.0230037,-0.0198841,0.240659,1.6151,-0.0339518,-0.0930375,0.0795579
28878,0.135079,0.0119906,1.24359,0.0230037,-0.0182018,-0.25096,1.60122,-0.0617238,0.00085893,-0.0226668
28894,0.135079,0.0119906,1.30952,0.0230037,-0.0222643,-0.0214037,1.58104,-0.0678983,-0.0150376,-0.00760735
28909,0.135079,0.0119906,1.37912,0.0230037,-0.0156223,0.324463,1.57707,0.013888,-0.0618945,0.0603515
28926,0.135079,0.0119906,1.41941,0.0230037,-0.0133566,0.229467,1.59151,0.140943,-0.0267181,0.0558115
28942,0.135079,0.0119906,1.44322,0.0230037,-0.0111816,0.199491,1.58453,0.0576109,-0.0276779,0.036425
28958,0.135079,0.0119906,1.44506,0.0230037,-0.00623813,0.340574,1.58337,0.132703,-0.0517001,0.0792468
28974,0.135079,0.0119906,1.47253,0.0230037,0.00168108,0.359896,1.61507,0.0550374,-0.0785581,0.0873883
28990,0.135079,0.0119906,1.47253,0.0230037,0.00527087,0.180972,1.6357,0.089501,-0.0523468,0.0690416
29006,0.135079,0.0119906,1.46886,0.0230037,0.00707982,0.171775,1.62851,-0.198031,-0.0877099,0.0344403
29022,0.135079,0.0119906,1.46886,0.0230037,0.0088873,0.0354838,1.61382,0.096186,-0.0265545,0.0444563
29038,0.135079,0.0119906,1.46886,0.0230037,0.00942489,0.0774518,1.62199,-0.0761301,-0.0579487,0.0340684
29053,0.135079,0.0119906,1.46703,0.0230037,0.0114687,0.235198,1.65057,0.076643,-0.0786969,0.092534
29070,0.135079,0.0119906,1.46703,0.0230037,0.0128034,0.0320189,1.66691,0.12962,-0.0411232,0.067217
29086,0.135079,0.0119906,1.46703,0.0230037,0.0118708,-0.121725,1.65329,0.0324026,-0.0201104,0.0220368
29102,0.135079,0.0119906,1.49634,0.0230037,0.0114494,0.022825,1.65574,-0.0257182,-0.0466085,0.0348489
29118,0.135079,0.0119906,1.49634,0.0230037,0.0122286,0.193363,1.67772,-0.0288051,-0.0845875,0.0726433
29134,0.135079,0.0119906,1.49634,0.0230037,0.0154946,-0.0704458,1.6653,-0.259245,-0.0667532,-0.00206649
29150,0.135079,0.0119906,1.49634,0.0230037,0.012469,-0.140244,1.65417,-0.00514245,-0.0155887,0.00832369
29166,0.135079,0.0119906,1.49634,0.0230037,0.015451,0.159122,1.66378,0.158943,-0.057503,0.0911753
29182,0.135079,0.0119906,1.47253,0.0230037,0.0193101,0.200025,1.71205,0.0930964,-0.0961748,0.114028
29197,0.135079,0.0119906,1.46886,0.0230037,0.0197699,-0.26602,1.72673,-0.100305,-0.0395144,0.00881558
29214,0.135079,0.0119906,1.46703,0.0230037,0.0140612,-0.428034,1.67177,-0.0648115,0.0161793,-0.03886
29230,0.135079,0.0119906,1.43773,0.0230037,0.0106561,0.0981009,1.66872,0.00051472,-0.0726897,0.0675576
29246,0.135079,0.0119906,1.43773,0.0230037,0.01427,0.168189,1.71873,0.131165,-0.0872522,0.114199
29262,0.135079,0.0119906,1.43407,0.0230037,0.00965505,-0.126256,1.75464,0.0185175,-0.048872,0.0473974
29278,0.135079,0.0119906,1.43407,0.0230037,0.00746838,-0.319979,1.71282,-0.182596,-0.0245093,-0.0265653
29294,0.135079,0.0119906,1.43223,0.0230037,0.00264675,-0.257367,1.66484,-0.113677,-0.00890589,-0.0252775
29310,0.135079,0.0119906,1.43223,0.0230037,0.0028546,0.310746,1.69717,0.0426933,-0.1017,0.107408
29326,0.135079,0.0119906,1.43407,0.0230037,0.00670642,0.0834451,1.74498,0.225811,-0.0549623,0.104557
29341,0.135079,0.0119906,1.46703,0.0230037,0.00624612,-0.134114,1.76406,0.150198,-0.0203658,0.0508506
29358,0.135079,0.0119906,1.46703,0.0230037,0.00182686,-0.0864195,1.74108,-0.255124,-0.0657245,-0.0023273
29374,0.135079,0.0119906,1.46703,0.0230037,0.00143856,-0.116409,1.70847,-0.152766,-0.0395267,-0.00372856
29390,0.135079,0.0119906,1.46886,0.0230037,0.00279693,0.225742,1.73897,0.0365183,-0.0880272,0.0919582
29406,0.135079,0.0119906,1.47253,0.0230037,0.00536455,-0.0850909,1.7611,0.0900152,-0.0332181,0.0492032
29422,0.135079,0.0119906,1.47253,0.0230037,0.00381546,-0.394853,1.71992,-0.0570933,0.0177311,-0.0385708
29438,0.135079,0.0119906,1.47253,0.0230037,-0.00032076,0.122473,1.71206,-0.237638,-0.0901956,0.0270347
29454,0.135079,0.0119906,1.47253,0.0230037,0.00386246,0.222683,1.739,0.119847,-0.0782301,0.102442
29470,0.135079,0.0119906,1.47253,0.0230037,0.00367217,0.0677247,1.78635,0.188773,-0.0523287,0.0928162
29485,0.135079,0.0119906,1.49634,0.0230037,0.00429705,-0.177418,1.77896,0.140425,-0.00707997,0.0350154
29502,0.135079,0.0119906,1.49634,0.0230037,0.00138655,-0.110278,1.73846,-0.195459,-0.0459095,-0.0077146
29518,0.135079,0.0119906,1.49634,0.0230037,0.00158889,0.177772,1.76048,-0.0514397,-0.0865748,0.0689304
29534,0.135079,0.0119906,1.49634,0.0230037,0.004143,0.163509,1.80722,0.168201,-0.0724143,0.108212
29550,0.135079,0.0119906,1.49634,0.0230037,0.00562575,-0.329835,1.79125,0.138878,0.0155482,0.0115405
29566,0.135079,0.0119906,1.49634,0.0230037,-0.00174853,-0.315863,1.75038,-0.0699528,0.00922933,-0.0330241
29582,0.135079,0.0119906,1.49634,0.0230037,-0.00198941,0.265841,1.75795,-0.0365205,-0.0944402,0.0806567
29598,0.135079,0.0119906,1.49634,0.0230037,0.0027862,0.239458,1.81082,0.133222,-0.0891846,0.116697
29614,0.135079,0.0119906,1.49634,0.0230037,0.00403969,-0.126131,1.83038,0.168196,-0.0247287,0.0595927
29629,0.135079,0.0119906,1.49634,0.0230037,0.00056688,-0.189263,1.81384,-0.275704,-0.0575676,-0.0158345
29646,0.135079,0.0119906,1.46703,0.0230037,-0.00028768,0.0448063,1.79652,0.0113168,-0.066918,0.0640979
29662,0.135079,0.0119906,1.46703,0.0230037,0.00192032,0.239195,1.8339,0.239689,-0.0870839,0.140498
29678,0.135079,0.0119906,1.46337,0.0230037,0.00159098,-0.0396616,1.85443,-0.158423,-0.0895973,0.0452434
29694,0.135079,0.0119906,1.45971,0.0153358,0.00112259,-0.384991,1.8428,-0.172826,-0.0246513,-0.0224651
29710,0.135079,0.0119906,1.45971,0.0153358,-0.00342403,-0.197669,1.82007,0.18929,-0.00217488,0.0437
29726,0.135079,0.0119906,1.45971,-0.0996829,-0.00483134,0.0321512,1.82407,0.0596672,-0.0446129,0.0833068
29742,0.135079,0.0119906,1.45788,-0.184029,-0.00413728,0.0783846,1.82989,-0.222724,-0.0800456,0.0707132
29758,0.135079,0.0119906,1.45604,-0.184029,-0.00352687,-0.0487118,1.84599,-0.114705,-0.0488893,0.0654415
29773,0.135079,0.0119906,1.45421,-0.184029,-0.00545082,-0.2034,1.83344,-0.116248,-0.0151495,0.0307961
29790,0.135079,0.0119906,1.45055,-0.299048,-0.00768403,0.0770511,1.83404,-0.314797,-0.0739286,0.0701246
29806,0.135079,0.0119906,1.45055,-0.306715,-0.00661766,-0.0476522,1.82867,-0.31994,-0.0513004,0.0477226
29822,0.135079,0.0119906,1.48168,-0.306715,-0.00970651,-0.0741743,1.82586,-0.118314,-0.00896652,0.0543096
29838,0.135079,0.0119906,1.48535,-0.306715,-0.0115429,0.181106,1.86119,-0.365208,-0.0900655,0.0761387
29854,0.135079,0.0119906,1.48535,-0.306715,-0.00971168,-0.0127435,1.84151,-0.448022,-0.0630486,0.0283693
29870,0.135079,0.0119906,1.48718,-0.306715,-0.00815725,0.0266895,1.8338,-0.230442,-0.0441242,0.0625342
29886,0.135079,0.0119906,1.48901,-0.168694,-0.0058633,-0.0436563,1.86907,-0.241757,-0.0609827,0.0428698
29902,0.135079,0.0119906,1.48901,-0.0306715,-0.00930726,-0.169428,1.86495,-0.228896,-0.0466152,-0.00240953
29917,0.135079,0.0119906,1.48901,-0.0306715,-0.00927862,0.0592018,1.83578,-0.223238,-0.0809295,0.0340149
29934,0.135079,0.0119906,1.48901,-0.023004,-0.00845726,-0.024065,1.85967,-0.0787015,-0.0560251,0.0421605
29950,0.135079,0.0119906,1.48901,-0.237705,-0.00855478,-0.0365984,1.87407,-0.01903,-0.0236284,0.0764835
29966,0.135079,0.0119906,1.49084,-0.429402,-0.0104874,-0.130126,1.83521,-0.150199,0.0135165,0.0537277
29982,0.135079,0.0119906,1.49084,-0.774457,-0.0119036,-0.0186113,1.84279,-0.380641,0.00757905,0.0878929
29998,0.135079,0.0119906,1.49084,-0.774457,-0.0123557,0.0769169,1.85744,-0.557582,-0.0340766,0.0868005
30014,0.135079,0.0119906,1.49084,-1.00449,-0.0125823,0.0599982,1.83704,-0.65377,-0.00957141,0.094801
30030,0.135079,0.0119906,1.49634,-1.18085,-0.0127433,0.0742535,1.83447,-0.945423,-0.024026,0.0812456
30046,0.135079,0.0119906,1.49634,-1.33421,-0.011774,-0.0104818,1.83332,-1.36155,-0.0417611,0.0347855
30061,0.135079,0.0119906,1.49634,-1.34188,-0.0114814,0.0598636,1.82406,-1.09356,-0.0194436,0.079769
30078,0.135079,0.0119906,1.46337,-1.34188,-0.0091747,0.17724,1.86155,-1.3024,-0.0865551,0.0964941
30094,0.135079,0.0119906,1.43773,-1.33421,-0.00647524,-0.0837582,1.88501,-1.1306,-0.0348225,0.0839032
30110,0.135079,0.0119906,1.41392,-1.34188,-0.00984043,-0.335432,1.88214,-1.46751,-0.0282331,-0.00365569
30126,0.135079,0.0119906,1.41209,-1.42623,-0.0115536,-0.275073,1.86323,-1.39138,-0.0129797,0.0203032
30142,0.135079,0.0119906,1.41209,-1.42623,-0.0174335,-0.138783,1.86084,-1.32349,-0.0195113,0.0437075
30158,0.135079,0.0119906,1.36264,-1.44156,-0.0170498,-0.177686,1.87124,-1.36412,-0.0301395,0.0480716
30174,0.135079,0.0119906,1.337,-1.44923,-0.019421,-0.0864252,1.88868,-1.32452,-0.0473267,0.0770282
30190,0.135079,0.0119906,1.31319,-1.44923,-0.0214857,-0.267485,1.88169,-1.56062,-0.0434851,0.0151282
30205,0.135079,0.0119906,1.31136,-1.4569,-0.0254978,-0.295196,1.85007,-1.36515,-0.00022284,0.0211362
30222,0.135079,0.0119906,1.28755,-1.4569,-0.0289091,-0.0970829,1.87082,-1.71132,-0.0833869,0.0206706
30238,0.135079,0.0119906,1.25641,-1.46457,-0.0312077,-0.0303322,1.89262,-1.24736,-0.0469811,0.0992093
30254,0.135079,0.0119906,1.2326,-1.46457,-0.0329161,-0.144775,1.89527,-1.47009,-0.0565362,0.0541816
30270,0.135079,0.0119906,1.22711,-1.37255,-0.0345355,-0.383927,1.85237,-1.36309,0.00041862,6.82e-05
30286,0.135079,0.0119906,1.22711,-1.37255,-0.0393464,-0.247638,1.83574,-1.57553,-0.0385633,-0.0122736
30302,0.135079,0.0119906,1.19963,-1.24987,-0.0425239,0.123012,1.85281,-1.4814,-0.115069,0.0584412
30318,0.135079,0.0119906,1.19597,-1.24987,-0.0430934,0.0264251,1.8794,-1.08482,-0.0554117,0.0949655
30334,0.135079,0.0119906,1.1685,-1.25753,-0.0439916,-0.240567,1.89769,-1.38881,-0.0518661,0.0184507
30349,0.135079,0.0119906,1.1685,-1.25753,-0.0448306,-0.254956,1.87342,-1.15889,-0.0142494,0.0367149
30366,0.135079,0.0119906,1.17033,-1.25753,-0.0505466,-0.140254,1.86763,-1.42893,-0.0569203,0.0139641
30382,0.135079,0.0119906,1.17399,-1.34188,-0.0511273,-0.0223399,1.84961,-1.07916,-0.0197144,0.0827549
30398,0.135079,0.0119906,1.17399,-1.35722,-0.0505885,-0.090954,1.86108,-1.36103,-0.0431139,0.0410902
30414,0.135079,0.0119906,1.17399,-1.52591,-0.0535755,-0.0549734,1.88014,-1.31063,-0.0226866,0.0740481
30430,0.135079,0.0119906,1.17399,-1.52591,-0.0518255,-0.0868233,1.84702,-1.49632,-0.0344971,0.0405948
30446,0.135079,0.0119906,1.17399,-1.66393,-0.0523689,-0.268018,1.81978,-1.66966,0.00161576,-0.0047113
30462,0.135079,0.0119906,1.17949,-1.74828,-0.0565189,-0.203934,1.79279,-1.6676,0.0147754,0.00329205
30478,0.135079,0.0119906,1.2033,-1.74828,-0.0617419,0.161919,1.79438,-1.62028,-0.0326433,0.0633249
30493,0.135079,0.0119906,1.2033,-1.62559,-0.0566388,0.145533,1.78712,-1.65938,-0.0559057,0.0472454
30510,0.135079,0.0119906,1.2033,-1.62559,-0.0564044,0.0641284,1.79451,-1.52667,-0.0270189,0.0503902
30526,0.135079,0.0119906,1.2033,-1.53358,-0.0538582,0.150195,1.81701,-1.64754,-0.0780376,0.0499296
30542,0.135079,0.0119906,1.2033,-1.52591,-0.0531432,0.0358816,1.7922,-1.53181,-0.0393585,0.0371818
30558,0.135079,0.0119906,1.22711,-1.51057,-0.0525745,-0.0295317,1.80391,-1.74168,-0.0528398,-0.00433715
30574,0.135079,0.0119906,1.22711,-1.51057,-0.0524857,0.00483949,1.7649,-1.52152,-0.0233751,0.0198696
30590,0.135079,0.0119906,1.25275,-1.41089,-0.0487498,0.115155,1.78074,-1.4598,-0.0519396,0.0396085
30606,0.135079,0.0119906,1.28205,-1.28821,-0.0459354,-0.0697661,1.78961,-1.42996,-0.0291984,-0.00628435
30622,0.135079,0.0119906,1.28388,-1.03517,-0.0468889,0.0839798,1.80601,-1.17741,-0.0592294,0.0241146
30637,0.135079,0.0119906,1.28388,-0.935482,-0.0453506,-0.0267343,1.7902,-1.07401,-0.0373345,0.00278452
30654,0.135079,0.0119906,1.28755,-0.843468,-0.0461012,0.0725219,1.791,-1.15786,-0.074948,-0.00208302
30670,0.135079,0.0119906,1.32051,-0.8358,-0.0430729,0.11422,1.77574,-0.801396,-0.0338232,0.0418304
30686,0.135079,0.0119906,1.35348,-0.743785,-0.0409857,0.0599978,1.7887,-0.979885,-0.0554716,-0.00248671
30702,0.135079,0.0119906,1.39927,-0.743785,-0.0398626,-0.0675035,1.77035,-0.900672,-0.00932065,-0.0297708
30718,0.135079,0.0119906,1.39927,-0.743785,-0.0384652,0.234128,1.76419,-0.647084,-0.034495,0.0580989
30734,0.135079,0.0119906,1.45055,-0.843468,-0.0353341,0.139005,1.7478,-0.713953,-0.00234212,0.0336568
30750,0.135079,0.0119906,1.48901,-0.843468,-0.03316,0.245992,1.73696,-0.936163,-0.0408642,0.0184806
30766,0.135079,0.0119906,1.49084,-0.866472,-0.027614,0.405866,1.73703,-0.846661,-0.0650493,0.0706383
30781,0.135079,0.0119906,1.49634,-0.866472,-0.0227188,0.204015,1.73543,-0.823002,-0.0315811,0.0423462
30798,0.135079,0.0119906,1.49634,-0.766789,-0.0196989,0.164451,1.76255,-1.01949,-0.0716038,0.0102272
30814,0.135079,0.0119906,1.49634,-0.766789,-0.0160156,0.116757,1.76365,-0.957769,-0.061644,0.0151867
30830,0.135079,0.0119906,1.49634,-0.674774,-0.0146657,0.12888,1.75909,-0.532891,-0.0245586,0.0591503
30846,0.135079,0.0119906,1.49634,-0.559756,-0.0125294,0.183235,1.77733,-0.791111,-0.0875889,0.0315768
30862,0.135079,0.0119906,1.49634,-0.559756,-0.0106335,0.0566679,1.78732,-0.689779,-0.0575747,0.0258394
30878,0.135079,0.0119906,1.49634,-0.460073,-0.0104905,-0.0206045,1.76464,-0.568388,-0.0357217,0.00901663
30894,0.135079,0.0119906,1.49634,-0.337387,-0.0100473,0.125549,1.79004,-0.379101,-0.0610336,0.0510168
30910,0.135079,0.0119906,1.49634,0.0153358,-0.00911881,-0.00834952,1.80962,-0.224268,-0.0666976,0.00811626
30925,0.135079,0.0119906,1.49634,0.0153358,-0.00857404,-0.0798947,1.80735,-0.108021,-0.0398514,0.00933121
30942,0.135079,0.0119906,1.49634,0.0153358,-0.0100485,0.0358823,1.79436,-0.088473,-0.0531939,0.0277797
30958,0.135079,0.0119906,1.45971,0.0153358,-0.00823762,0.159256,1.82266,0.0102881,-0.0819383,0.0809915
30974,0.135079,0.0119906,1.42491,0.0153358,-0.00792608,-0.283072,1.82609,-0.0468084,-0.0174821,0.00122594
30990,0.135079,0.0119906,1.35531,0.0153358,-0.0143269,-0.259239,1.78606,-0.0529765,-0.0191002,0.00133065
31006,0.135079,0.0119906,1.35531,0.0153358,-0.0164175,0.116084,1.77442,-0.181577,-0.0972019,0.0493211
31022,0.135079,0.0119906,1.32784,0.0230037,-0.0144217,0.00577298,1.83178,-0.0195461,-0.0814396,0.0708066
31038,0.135079,0.0119906,1.34982,0.0230037,-0.0221989,-0.222983,1.86081,0.0396068,-0.021421,0.0243279
31054,0.135079,0.0119906,1.41941,0.0153358,-0.0256872,-0.309725,1.78391,0.0406354,0.035546,-0.0308822
31069,0.135079,0.0119906,1.46886,-0.130354,-0.0283154,0.067859,1.76681,-0.128595,-0.0164477,0.0165522
31086,0.135079,0.0119906,1.49634,-0.513749,-0.0243413,0.371099,1.79405,0.0385827,-0.0114308,0.146536
31102,0.135079,0.0119906,1.49634,-0.674774,-0.0192573,0.245979,1.80858,-0.247929,-0.0154874,0.119734
31118,0.135079,0.0119906,1.49634,-0.789793,-0.0176436,0.10529,1.78572,-0.538038,-0.00829968,0.0695094
31134,0.135079,0.0119906,1.49634,-0.904811,-0.0156775,0.0293554,1.78041,-0.855407,-0.0209501,0.0327075
31150,0.135079,0.0119906,1.49634,-0.904811,-0.0155185,0.305944,1.80274,-0.80706,-0.0711422,0.0955631
31166,0.135079,0.0119906,1.49634,-0.989158,-0.0102618,0.235062,1.82658,-0.640395,-0.0418503,0.1272
31182,0.135079,0.0119906,1.49634,-0.843468,-0.00805732,-0.183814,1.83474,-0.969084,-0.0283951,-0.00299772
31198,0.135079,0.0119906,1.49634,-0.743785,-0.0109449,-0.0595109,1.80762,-0.837925,-0.0362322,0.0128518
31213,0.135079,0.0119906,1.49634,-0.460073,-0.00974099,0.0721242,1.7954,-0.76796,-0.0853534,0.0104057
31230,0.135079,0.0119906,1.49634,-0.299048,-0.0107453,0.0754522,1.8269,-0.612621,-0.0924064,0.0160769
31246,0.135079,0.0119906,1.49634,0.0230037,-0.00961197,0.0272243,1.83998,-0.319425,-0.092009,0.00852189
31262,0.135079,0.0119906,1.49634,0.0230037,-0.00868544,0.124748,1.8437,-0.135796,-0.0899158,0.051438
31278,0.135079,0.0119906,1.49634,0.0230037,-0.00858791,0.0449511,1.85164,-0.390409,-0.108275,0.00759155
31294,0.135079,0.0119906,1.49634,0.0230037,-0.00599901,-0.0242054,1.87813,-0.0262322,-0.0618318,0.0495775
31310,0.135079,0.0119906,1.49634,0.0153358,-0.00589354,-0.0172712,1.87737,0.207293,-0.0337968,0.0802523
31326,0.135079,0.0119906,1.49634,0.0153358,-0.00790528,-0.123455,1.8562,-0.192373,-0.0546833,0.00351732
31342,0.135079,0.0119906,1.49634,-0.0843471,-0.00905448,-0.0580517,1.85379,-0.187749,-0.0515345,0.0259417
31357,0.135079,0.0119906,1.49634,-0.184029,-0.00819601,0.196562,1.87554,0.0529796,-0.0632376,0.121311
31374,0.135079,0.0119906,1.49634,-0.176362,-0.00338046,-0.0441889,1.88946,-0.201121,-0.0621291,0.0558068
31390,0.135079,0.0119906,1.49634,-0.0460073,-0.00568394,-0.270278,1.89604,-0.355942,-0.0532238,-0.0232491
31406,0.135079,0.0119906,1.49634,-0.0306715,-0.00764049,-0.182886,1.87061,0.074068,-0.00968218,0.0343542
31422,0.135079,0.0119906,1.49634,-0.0306715,-0.0109381,0.0284205,1.89296,-0.171287,-0.0779853,0.0435964
31438,0.135079,0.0119906,1.49634,-0.0306715,-0.0110538,0.00670257,1.90214,-0.160999,-0.0747309,0.042775
31454,0.135079,0.0119906,1.49634,-0.023004,-0.0121049,-0.182482,1.87324,0.108535,0.00015528,0.030973
31470,0.135079,0.0119906,1.49634,-0.0306715,-0.0148593,-0.0921548,1.86739,-0.0560671,-0.0295605,0.022754
31486,0.135079,0.0119906,1.49634,-0.0306715,-0.0153883,0.139001,1.87187,-0.313252,-0.103249,0.0346054
31501,0.135079,0.0119906,1.49634,-0.023004,-0.0124755,0.0958381,1.89898,0.0416645,-0.0642865,0.0800424
31518,0.135079,0.0119906,1.46337,-0.023004,-0.0134043,-0.123059,1.89203,-0.0802449,-0.0436664,0.0290439
31534,0.135079,0.0119906,1.40842,-0.0153358,-0.0150845,-0.0427209,1.88856,-0.306046,-0.0960505,0.0248653
31550,0.135079,0.0119906,1.37179,-0.00766826,-0.0136407,-0.118797,1.89646,0.381144,-0.0124055,0.106342
31566,0.135079,0.0119906,1.34066,-0.00766826,-0.0164393,-0.109739,1.934,-0.118306,-0.08628,0.0586938
31582,0.135079,0.0119906,1.34066,-0.00766826,-0.0189085,-0.286668,1.93971,-0.110593,-0.050315,0.0239983
31598,0.135079,0.0119906,1.27839,-0.00766826,-0.0218166,-0.34502,1.9227,0.00771328,-0.0311598,0.0334056
31614,0.135079,0.0119906,1.22527,-0.00766826,-0.0275,-0.250704,1.93029,-0.100305,-0.0665098,0.0427046
31630,0.135079,0.0119906,1.09707,-0.00766826,-0.0336423,-0.260431,1.94648,-0.031891,-0.0802952,0.0730404
31645,0.135079,0.0119906,0.98718,-0.00766826,-0.0372536,-0.382594,1.99444,0.120362,-0.0706212,0.099993
31662,0.135079,0.0119906,0.827839,-0.00766826,-0.0437105,-0.730189,2.00359,-0.222724,-0.077761,0.0224674
31678,0.135079,0.0119906,0.690476,-0.222369,-0.0567346,-0.828657,2.0067,0.208319,0.00692901,0.0944113
31694,0.135079,0.0119906,0.591575,-0.429402,-0.0691663,-0.754453,1.99741,-0.335886,-0.0483648,0.0677376
31710,0.135079,0.0119906,0.432234,-0.429402,-0.0809846,-0.816409,2.01044,-0.09156,-0.0285551,0.107033
31726,0.135079,0.0119906,0.432234,-0.429402,-0.0944154,-0.882877,2.03036,-0.535466,-0.053118,0.0231765
31742,0.135079,0.0119906,0.347985,-0.429402,-0.109503,-1.06408,1.99565,-0.376522,0.0122673,-0.00433549
31758,0.135079,0.0119906,0.282051,-0.199365,-0.125804,-0.855692,2.00082,-0.428475,-0.0502149,-0.0100212
31774,0.135079,0.0119906,0.282051,-0.0460073,-0.138751,-0.775234,1.94864,-0.369322,-0.0430337,-0.0400658
31789,0.135079,0.0119906,0.28022,-0.0306715,-0.149797,-0.707804,1.96814,-0.108533,-0.0125636,-0.0107555
31806,0.135079,0.0119906,0.28022,-0.0306715,-0.159806,-0.609092,1.89988,-0.213466,-0.0110365,-0.0376566
31822,0.135079,0.0119906,0.25641,-0.0306715,-0.16805,-0.361677,1.87961,-0.126021,-0.0330499,0.00631082
31838,0.135079,0.0119906,0.194139,-0.023004,-0.173837,-0.285607,1.88113,-0.0761256,-0.0473713,0.0310786
31854,0.135079,0.0119906,0.163004,-0.023004,-0.177993,-0.327703,1.86397,-0.0601817,-0.0342489,0.0216404
31870,0.135079,0.0119906,0.163004,-0.023004,-0.182236,-0.429493,1.86001,-0.0612103,-0.00792307,-0.00532806
31886,0.135079,0.0119906,0.128205,-0.0153358,-0.188327,-0.393644,1.85635,-0.0812719,-0.0152281,-0.00473884
31902,0.135079,0.0119906,0.0970697,-0.0153358,-0.193715,-0.238701,1.82797,-0.0504085,-0.0316789,0.0196424
31918,0.135079,0.0119906,0.043956,-0.00766826,-0.197028,-0.356613,1.8038,-0.127051,-0.0217559,-0.0112192
31933,0.135079,0.0119906,0.00549459,-0.00766826,-0.202529,-0.473854,1.7822,-0.0298351,0.0164885,-0.0262666
31950,0.135079,0.0119906,0.003663,-0.00766826,-0.207493,-0.23711,1.76697,0.0689264,-0.00356784,0.0185084
31966,0.135079,0.0119906,0.00183159,-0.00766826,-0.209546,-0.157037,1.73077,-0.0833295,-0.025292,0.00340825
31982,0.135079,0.0119906,0.00183159,0.0153358,-0.2134,-0.264021,1.69948,-0.19649,-0.00865239,-0.0467709
31998,0.135079,0.0119906,-0.025641,0.14569,-0.215919,-0.143446,1.68645,-0.175917,-0.0433177,-0.0384621
32014,0.135079,0.0119906,-0.025641,0.14569,-0.215745,0.0049746,1.69494,0.0504086,-0.0452361,0.0190083
32030,0.135079,0.0119906,-0.0274725,0.14569,-0.21608,-0.0845588,1.67832,0.17283,-0.00998408,0.0132463
32046,0.135079,0.0119906,-0.0512821,0.0383394,-0.217815,-0.174886,1.63236,0.0714979,0.0152855,-0.0108805
32062,0.135079,0.0119906,-0.0201465,0.0383394,-0.219715,-0.0707032,1.59739,-0.0447512,0.00072235,-0.0243065
32077,0.135079,0.0119906,-0.0201465,0.0383394,-0.218483,0.0863773,1.58347,-0.0498946,-0.0273624,0.00304982
32094,0.135079,0.0119906,-0.014652,0.0383394,-0.21659,0.0233608,1.58201,-0.0977303,-0.0231008,-0.0130276
32110,0.135079,0.0119906,-0.014652,0.0306715,-0.216055,-0.038461,1.56487,-0.0545232,-0.00247034,-0.0214743
32126,0.135079,0.0119906,-0.010989,0.0306715,-0.216158,0.0557354,1.55228,0.0200609,-0.0066494,0.00115189
32142,0.135079,0.0119906,-0.00732601,0.0230037,-0.214393,0.168581,1.54281,-0.01646,-0.030578,0.0184484
32158,0.135079,0.0119906,-0.00732601,0.0230037,-0.210758,0.0990347,1.52517,0.00257149,-0.0173361,0.00966319
32174,0.135079,0.0119906,-0.00732601,-0.0920147,-0.209463,0.0156308,1.49686,0.0488655,0.0220392,0.0092822
32190,0.135079,0.0119906,-0.00549451,-0.184029,-0.207516,0.0791831,1.4809,-0.10699,0.00366789,0.0123508
32206,0.135079,0.0119906,-0.00549451,-0.29138,-0.204415,0.1001,1.46616,-0.107505,0.0112298,0.0308946
32221,0.135079,0.0119906,-0.003663,-0.414066,-0.202118,0.0717194,1.44025,-0.311711,0.00928393,0.0129426
32238,0.135079,0.0119906,-0.0018315,-0.406398,-0.200253,0.127812,1.41407,-0.365205,-0.00486684,0.0124155
32254,0.135079,0.0119906,0.00183159,-0.00766826,-0.197004,0.159256,1.39927,-0.351834,-0.0583811,-0.0276875
32270,0.135079,0.0119906,0.00183159,-0.00766826,-0.193664,0.0647924,1.39489,-0.204206,-0.0275913,-0.0228135
32286,0.135079,0.0119906,0.00183159,-0.00766826,-0.192223,0.054668,1.37992,-0.111105,-0.0132685,-0.0144974
32302,0.135079,0.0119906,0.00183159,-0.00766826,-0.189056,0.211352,1.37856,-0.047836,-0.0390673,0.0272483
32318,0.135079,0.0119906,0.00183159,-0.00766826,-0.186333,0.0126996,1.35859,-0.0128597,0.00174767,-0.00566125
32334,0.135079,0.0119906,0.00183159,0.0153358,-0.186408,0.0108354,1.33574,-0.0432056,0.00109187,-0.0179977
32350,0.135079,0.0119906,0.00183159,0.0230037,-0.185685,0.135673,1.31689,-0.0920729,-0.0253523,-0.00489902
32365,0.135079,0.0119906,0.00183159,0.0230037,-0.182732,0.2352,1.30747,-0.108019,-0.0480835,0.0143158
32382,0.135079,0.0119906,0.00183159,0.0306715,-0.178506,0.148331,1.29662,-0.15534,-0.0432188,-0.00414833
32398,0.135079,0.0119906,0.00183159,0.0306715,-0.177235,0.00830394,1.28634,-0.0967036,-0.0101545,-0.0233809
32414,0.135079,0.0119906,0.00183159,0.0383394,-0.176591,0.0500084,1.2607,-0.182603,-0.0241786,-0.0319835
32430,0.135079,0.0119906,0.00183159,0.0383394,-0.174128,0.231733,1.26293,0.121393,-0.0250128,0.0434415
32446,0.135079,0.0119906,0.00183159,0.0383394,-0.170178,0.0609302,1.25643,-0.0488705,-0.0193749,-0.00411844
32462,0.135079,0.0119906,0.00183159,0.0383394,-0.168922,0.122886,1.26421,0.334859,0.0120352,0.0580589
32478,0.135079,0.0119906,0.00183159,0.0383394,-0.165639,0.0670611,1.23473,-0.147626,-0.0347933,-0.0126456
32494,0.135079,0.0119906,0.00183159,0.0383394,-0.16476,0.0384142,1.21184,0.054524,-0.00106254,0.00272605
32509,0.135079,0.0119906,0.00183159,0.0383394,-0.162536,0.0775862,1.1995,-0.0678955,-0.0238205,-0.00414523
32526,0.135079,0.0119906,0.00183159,0.0383394,-0.160402,-0.00821422,1.19732,-0.0648116,-0.0107261,-0.0167352
32542,0.135079,0.0119906,0.00183159,0.0383394,-0.159896,-0.0159444,1.18006,0.101847,0.0141565,-0.00108784
32558,0.135079,0.0119906,0.00183159,0.0383394,-0.159356,0.0945058,1.14682,0.12551,0.00375798,0.0154267
32574,0.135079,0.0119906,0.00183159,0.0383394,-0.157097,0.192695,1.13932,-0.0581231,-0.0384173,0.0132707
32590,0.135079,0.0119906,0.00183159,0.0383394,-0.151985,0.111431,1.13773,-0.150715,-0.0427611,-0.00510156
32606,0.135079,0.0119906,0.00183159,0.0383394,-0.150214,-0.0476545,1.12538,0.0452646,0.0101415,-0.0108091
32622,0.135079,0.0119906,0.003663,0.0383394,-0.149877,0.0448103,1.11215,0.0951586,0.00228044,0.00949275
32638,0.135079,0.0119906,0.00183159,0.0383394,-0.148161,0.176309,1.08562,0.0540092,-0.0237584,0.025965
32653,0.135079,0.0119906,0.00183159,0.0536752,-0.14543,0.162188,1.07574,-0.0416651,-0.0367891,0.0119783
32670,0.135079,0.0119906,0.00183159,0.161026,-0.143377,0.0360167,1.06602,-0.054524,-0.0293886,-0.0250498
32686,0.135079,0.0119906,0.00183159,0.168694,-0.141619,0.0794502,1.06133,0.0997889,-0.0212788,0.00268684
32702,0.135079,0.0119906,0.00183159,0.168694,-0.140072,0.0650587,1.04086,0.242271,0.00094032,0.0151085
32718,0.135079,0.0119906,0.00183159,0.0613431,-0.138247,0.058399,1.02254,-0.0149154,-0.0147133,-0.00569318
32734,0.135079,0.0119906,0.00183159,0.0613431,-0.135965,0.09424,1.02596,0.104932,-0.0112283,0.020133
32750,0.135079,0.0119906,0.00183159,0.0613431,-0.134551,0.109028,1.01874,0.0396069,-0.0224768,0.0155541
32766,0.135079,0.0119906,0.00183159,0.0536752,-0.133208,0.124216,1.00251,0.175401,-0.00620796,0.0342577
32782,0.135079,0.0119906,0.003663,0.0536752,-0.130669,0.151394,0.989862,-0.0895012,-0.04409,0.00780784
32797,0.135079,0.0119906,0.003663,0.0536752,-0.127541,0.077985,0.992005,-0.029834,-0.0290197,0.00706521
32814,0.135079,0.0119906,0.003663,0.0536752,-0.126705,-0.00914911,0.983537,0.086416,0.00165437,0.00440589
32830,0.135079,0.0119906,0.003663,0.0536752,-0.125938,0.0730539,0.966277,-0.0612103,-0.0285042,-0.00108156
32846,0.135079,0.0119906,0.003663,0.0536752,-0.124424,0.0950368,0.949333,-0.0195469,-0.0259526,0.00659449
32862,0.135079,0.0119906,0.003663,0.0536752,-0.122506,0.0769172,0.951436,0.13991,-0.00689109,0.0263016
32878,0.135079,0.0119906,0.003663,0.0536752,-0.121446,0.0165674,0.933395,-0.10802,-0.0234645,-0.0176327
32894,0.135079,0.0119906,0.00183159,0.0536752,-0.120057,0.0305549,0.921818,0.0426938,-0.00769222,0.00333001
32910,0.135079,0.0119906,0.00183159,0.0536752,-0.119268,0.0400131,0.906054,0.0889866,-0.00138439,0.00832525
32926,0.135079,0.0119906,0.003663,0.168694,-0.11766,0.144334,0.900521,-0.0349782,-0.0503748,-0.00047304
32941,0.135079,0.0119906,0.003663,0.276044,-0.11565,0.00936841,0.897316,0.209864,-0.0115228,-0.00627793
32958,0.135079,0.0119906,0.003663,0.29138,-0.115507,0.0138992,0.876386,0.150196,-0.0167835,-0.0192538
32974,0.135079,0.0119906,0.003663,0.636435,-0.114094,0.136739,0.865236,0.276219,-0.0655301,-0.0233854
32990,0.135079,0.0119906,0.0274726,0.973822,-0.11148,0.101832,0.868906,0.488143,-0.0739205,-0.0455997
33006,0.135079,0.0119906,0.0311356,1.44923,-0.110659,0.0145659,0.854354,0.748416,-0.0811598,-0.0909792
33022,0.135079,0.0119906,0.0311356,1.44923,-0.110407,0.0735872,0.828138,1.19387,-0.0321043,-0.0314604
33038,0.135079,0.0119906,0.0311356,1.6716,-0.107355,0.22547,0.824788,1.27051,-0.0817573,-0.0167304
33054,0.135079,0.0119906,0.0311356,1.93231,-0.104062,0.0618633,0.806978,1.68612,-0.0342178,-0.0270617
33070,0.135079,0.0119906,0.0347986,2.37705,-0.103744,0.0265567,0.79398,1.89342,-0.0532105,-0.0659546
33085,0.135079,0.0119906,0.0659341,2.75277,-0.103531,0.138337,0.792341,2.33269,-0.0585852,-0.0447591
33102,0.135079,0.0119906,0.0915751,3.04415,-0.101687,0.168979,0.753375,2.53381,-0.0629959,-0.0621962
33118,0.135079,0.0119906,0.0934067,3.22051,-0.0977135,0.231469,0.735825,2.8481,-0.0595924,-0.0317835
33134,0.135079,0.0119906,0.0952381,3.22818,-0.0943134,0.2284,0.723265,2.94326,-0.0505656,-0.0194835
33150,0.135079,0.0119906,0.0970697,3.23585,-0.0897397,0.223074,0.735659,3.20044,-0.0292134,0.0199277
33166,0.135079,0.0119906,0.0970697,3.23585,-0.0863296,0.187765,0.737464,3.27092,-0.0201762,0.0279748
33182,0.135079,0.0119906,0.128205,3.3432,-0.0835961,0.107827,0.708007,3.16701,-0.0214566,-0.0223746
33198,0.135079,0.0119906,0.163004,3.3432,-0.0821625,0.115553,0.681741,3.22668,-0.00362995,-0.0256488
33214,0.135079,0.0119906,0.188645,3.35853,-0.0795913,0.229466,0.658619,3.32852,-0.00669548,-0.00113779
33229,0.135079,0.0119906,0.188645,3.48889,-0.0748731,0.389477,0.656743,3.3887,-0.051717,0.027396
33246,0.135079,0.0119906,0.190476,3.61924,-0.0695581,0.210283,0.635653,3.35167,-0.0425666,-0.0229861
33262,0.135079,0.0119906,0.192308,3.71126,-0.066592,0.176578,0.62005,3.4278,-0.0390748,-0.0304114
33278,0.135079,0.0119906,0.192308,3.71126,-0.0636138,0.174044,0.618411,3.65052,-0.0160257,0.00076718
33294,0.135079,0.0119906,0.192308,3.71126,-0.0609258,0.188034,0.60228,3.60886,-0.0242372,-0.00107667
33310,0.135079,0.0119906,0.192308,3.71126,-0.0582907,0.282228,0.587724,3.64589,-0.0378365,0.0218743
33326,0.135079,0.0119906,0.192308,3.72659,-0.0528342,0.212284,0.584108,3.58468,-0.0423859,0.00765328
33342,0.135079,0.0119906,0.192308,3.73426,-0.0493137,0.070791,0.590426,3.71945,-0.00829718,0.00408576
33358,0.135079,0.0119906,0.190476,3.7496,-0.0486215,0.0859791,0.576912,3.70968,-0.01251,0.0022465
33373,0.135079,0.0119906,0.192308,3.75727,-0.0453687,0.145536,0.572057,3.64023,-0.0364931,0.00770719
33390,0.135079,0.0119906,0.216117,3.7726,-0.0454705,0.0313524,0.571055,3.77552,0.00493801,-0.00491387
33406,0.135079,0.0119906,0.21978,3.7726,-0.045117,0.16405,0.570994,3.80586,-0.0153382,0.0231793
33422,0.135079,0.0119906,0.272894,3.86462,-0.0410592,0.255713,0.569352,3.69836,-0.0500922,0.00973321
33438,0.135079,0.0119906,0.298535,4.01031,-0.0381633,0.122882,0.5682,3.74054,-0.0368108,-0.0291248
33454,0.135079,0.0119906,0.298535,4.01031,-0.0360925,0.170576,0.561345,3.97664,-0.0186185,0.0103123
33470,0.135079,0.0119906,0.326007,4.156,-0.0330614,0.144866,0.540564,3.90205,-0.0342884,-0.0276608
33486,0.135079,0.0119906,0.32967,4.16366,-0.0308603,0.277961,0.531675,4.00133,-0.0481343,0.00893502
33502,0.135079,0.0119906,0.32967,4.16366,-0.0273782,0.219741,0.536122,4.05534,-0.0376455,0.0114518
33517,0.135079,0.0119906,0.32967,4.16366,-0.0254099,0.169379,0.530257,4.22251,-0.00996303,0.0243107
33534,0.135079,0.0119906,0.32967,4.179,-0.0205555,0.184969,0.518354,4.0147,-0.0450308,0.00520379
33550,0.135079,0.0119906,0.32967,4.19433,-0.0188289,0.106229,0.514037,4.09906,-0.0240514,0.00078915
33566,0.135079,0.0119906,0.333333,4.20967,-0.0161038,0.156322,0.520769,4.14689,-0.0344208,0.0192689
33582,0.135079,0.0119906,0.335165,4.20967,-0.0147364,0.0631954,0.507564,4.14792,-0.0159694,0.00078493
33598,0.135079,0.0119906,0.335165,4.20967,-0.0135366,0.0851779,0.497643,3.96789,-0.0414816,-0.0174203
33614,0.135079,0.0119906,0.364469,4.20967,-0.0120549,0.0978339,0.5121,4.12735,-0.0233575,0.00331393
33630,0.135079,0.0119906,0.3663,4.202,-0.0109055,0.0234931,0.505571,4.1757,-0.00287297,-0.00376485
33646,0.135079,0.0119906,0.391941,4.07165,-0.0111203,0.0257575,0.485932,3.94886,-0.00403253,-0.0260859
33661,0.135079,0.0119906,0.417582,3.82628,-0.00958079,0.156991,0.489879,3.9108,-0.00026239,0.0210279
33678,0.135079,0.0119906,0.417582,3.46589,-0.00716584,0.149531,0.477507,3.84547,0.0359096,0.0566592
33694,0.135079,0.0119906,0.441392,2.89846,-0.00462908,0.177908,0.456535,3.48541,0.0622829,0.0808609
33710,0.135079,0.0119906,0.46337,2.39238,-0.00137335,0.314602,0.454235,3.13615,0.0567331,0.125052
33726,0.135079,0.0119906,0.467033,1.43389,0.00304863,0.372159,0.433796,2.73442,0.112287,0.205213
33742,0.135079,0.0119906,0.467033,1.43389,0.00830645,0.407198,0.446776,1.8461,-0.0136244,0.115176
33758,0.135079,0.0119906,0.46337,0.728449,0.0134278,0.170183,0.439904,1.49683,0.0653801,0.122146
33774,0.135079,0.0119906,0.46337,0.115018,0.0161394,0.130344,0.439294,0.870324,0.0668018,0.117454
33790,0.135079,0.0119906,0.523809,0.115018,0.0186462,0.158989,0.432513,0.51849,0.0305193,0.0682468
33805,0.135079,0.0119906,0.600733,0.0920147,0.0206862,0.256783,0.428911,0.0560673,-0.0251615,0.0173416
33822,0.135079,0.0119906,0.67033,0.0920147,0.0249203,0.283693,0.430546,0.07407,-0.0188455,0.0155431
33838,0.135079,0.0119906,0.699634,0.0920147,0.0292615,0.293281,0.426053,0.00822981,-0.0277366,0.0085034
33854,0.135079,0.0119906,0.79304,0.0766789,0.0333701,0.275167,0.41449,0.13168,0.0103682,0.00415042
33870,0.135079,0.0119906,0.815018,0.0766789,0.0377699,0.467154,0.409808,0.0895014,-0.0307653,0.0357016
33886,0.135079,0.0119906,0.815018,0.0766789,0.0447904,0.501663,0.409083,0.094131,-0.0477771,0.0540554
33902,0.135079,0.0119906,0.869963,0.0766789,0.0521112,0.380017,0.419245,0.0663545,-0.0303281,0.0295553
33918,0.135079,0.0119906,0.871795,0.0766789,0.0570536,0.325127,0.415202,0.0936163,-0.0236536,0.029409
33934,0.135079,0.0119906,0.893773,0.0766789,0.0618263,0.377357,0.421076,0.01286,-0.0470067,0.0333494
33949,0.135079,0.0119906,0.930403,0.207033,0.0672856,0.407333,0.434701,0.193405,-0.0498852,0.0486137
33966,0.135079,0.0119906,0.968865,0.383394,0.0725112,0.296614,0.445844,0.139396,-0.0597264,0.00211702
33982,0.135079,0.0119906,0.992674,0.674774,0.0753726,0.250783,0.440623,0.361606,-0.0575983,-0.016952
33998,0.135079,0.0119906,1.02381,0.912479,0.0799461,0.338188,0.441266,0.486085,-0.0876253,-0.0141299
34014,0.135079,0.0119906,1.08608,1.21919,0.0854591,0.343117,0.462122,0.770021,-0.0905558,-0.016652
34030,0.135079,0.0119906,1.08608,1.21919,0.0898156,0.287816,0.472854,1.01229,-0.0606331,0.0122614
34046,0.135079,0.0119906,1.11538,1.38789,0.0931716,0.197759,0.459303,1.15786,-0.042389,-0.0118585
34062,0.135079,0.0119906,1.11538,1.38789,0.0964298,0.341653,0.466761,1.26639,-0.06257,0.0352448
34078,0.135079,0.0119906,1.11538,1.38789,0.1017,0.392683,0.486025,1.33532,-0.0766313,0.0663234
34093,0.135079,0.0119906,1.08608,1.24987,0.106337,0.198289,0.516156,1.3132,-0.0485118,0.0658572
34110,0.135079,0.0119906,1.04579,0.812796,0.10739,0.0448091,0.520782,1.26639,0.0146944,0.0971356
34126,0.135079,0.0119906,0.981685,0.483077,0.108396,0.0922411,0.53251,0.890381,-0.0190301,0.119779
34142,0.135079,0.0119906,0.90293,0.0306715,0.109079,0.0814486,0.565639,0.746359,-0.0069629,0.182742
34158,0.135079,0.0119906,0.864469,0.0383394,0.107776,-0.131321,0.583998,0.337945,-0.0298111,0.103655
34174,0.135079,0.0119906,0.864469,0.0383394,0.104393,-0.265483,0.599768,0.159456,-0.0251522,0.0550862
34190,0.135079,0.0119906,0.804029,0.0383394,0.0989747,-0.266152,0.608894,0.0262339,-0.0487081,0.0461575
34206,0.135079,0.0119906,0.771062,0.0383394,0.0939899,-0.295334,0.616585,0.0771562,-0.038608,0.0482868
34222,0.135079,0.0119906,0.769231,0.0383394,0.089448,-0.278943,0.625745,0.00720147,-0.0452825,0.0379279
34237,0.135079,0.0119906,0.771062,0.0383394,0.083415,-0.285733,0.616648,0.13168,-0.0165313,0.0393507
34254,0.135079,0.0119906,0.794872,0.0383394,0.0788366,-0.182619,0.614823,-0.0221178,-0.0405914,0.0262499
34270,0.135079,0.0119906,0.798535,0.0383394,0.0757657,-0.122664,0.619866,0.0637824,-0.0364407,0.0431484
34286,0.135079,0.0119906,0.822344,0.0383394,0.0735846,-0.0940168,0.627194,0.0416639,-0.0369452,0.0383281
34302,0.135079,0.0119906,0.846154,0.0383394,0.0707995,-0.118664,0.609843,0.0272622,-0.019995,0.0177453
34318,0.135079,0.0119906,0.846154,0.0383394,0.0687888,-0.0533832,0.601986,-0.0709853,-0.0387442,0.012769
34334,0.135079,0.0119906,0.869963,0.0536752,0.0687469,0.0947719,0.608172,0.0041147,-0.0543678,0.0434088
34350,0.135079,0.0119906,0.901099,0.0536752,0.0690354,0.017898,0.610254,0.0766422,-0.0251577,0.0315963
34366,0.135079,0.0119906,0.968865,0.153358,0.0686126,0.0181638,0.600467,0.101846,-0.0153683,0.00366537
34381,0.135079,0.0119906,1.02747,0.153358,0.0688108,0.167115,0.582542,0.0884729,-0.0265904,0.0121035
34398,0.135079,0.0119906,1.15568,0.153358,0.0725333,0.406269,0.592605,0.134252,-0.0430965,0.0405541
34414,0.135079,0.0119906,1.21245,0.14569,0.0776996,0.419451,0.59723,0.162028,-0.0373805,0.0435718
34430,0.135079,0.0119906,1.21429,0.14569,0.0831376,0.32832,0.574743,0.225297,-0.0161866,0.0375539
34446,0.135079,0.0119906,1.21612,0.14569,0.0881937,0.437981,0.572127,0.106476,-0.0578591,0.0507438
34462,0.135079,0.0119906,1.21612,0.14569,0.0957182,0.499405,0.591955,0.166657,-0.0786868,0.0865284
34478,0.135079,0.0119906,1.21612,0.14569,0.104401,0.328855,0.627863,0.15277,-0.0717604,0.0758074
34494,0.135079,0.0119906,1.21795,0.115018,0.106726,0.0972997,0.643975,0.0848716,-0.0410871,0.0353656
34510,0.135079,0.0119906,1.22161,0.115018,0.107111,0.0931722,0.636337,0.112648,-0.0349334,0.0359607
34525,0.135079,0.0119906,1.22527,0.115018,0.109527,0.274374,0.657889,0.0997888,-0.0777559,0.0762788
34542,0.135079,0.0119906,1.22527,0.10735,0.112551,0.197753,0.699595,0.130137,-0.0738412,0.0814191
34558,0.135079,0.0119906,1.2326,0.0920147,0.112266,-0.141579,0.690304,0.0714973,-0.0127015,0.00863948
34574,0.135079,0.0119906,1.2326,0.0920147,0.108267,-0.00955193,0.684439,0.170258,-0.0169533,0.0372873
34590,0.135079,0.0119906,1.2326,0.0920147,0.110499,0.322069,0.708987,0.0128601,-0.106093,0.089238
34606,0.135079,0.0119906,1.2326,0.0920147,0.114316,0.113821,0.754753,0.1682,-0.0661074,0.0864419
34622,0.135079,0.0119906,1.25641,0.0920147,0.112937,-0.1978,0.750572,0.00514377,-0.0201296,-0.00024213
34638,0.135079,0.0119906,1.25641,0.0920147,0.109766,-0.138919,0.726434,0.0756138,-0.0115058,0.0084191
34654,0.135079,0.0119906,1.25824,0.460073,0.109508,0.219345,0.752281,0.156883,-0.117052,0.0453432
34669,0.135079,0.0119906,1.25641,0.628767,0.111218,0.218277,0.794024,0.469112,-0.112432,0.0756773
34686,0.135079,0.0119906,1.2326,0.889475,0.111775,-0.212592,0.80448,0.41613,-0.0807078,-0.0337496
34702,0.135079,0.0119906,1.2326,1.65626,0.106893,-0.295197,0.777169,0.824032,-0.0948371,-0.107287
34718,0.135079,0.0119906,1.2326,2.27736,0.104325,0.0741153,0.795023,1.35744,-0.173012,-0.0492904
34734,0.135079,0.0119906,1.23443,2.5304,0.105515,0.179374,0.839224,1.81008,-0.179892,0.00652118
34750,0.135079,0.0119906,1.23443,2.5304,0.105834,-0.19554,0.856015,2.12849,-0.0771344,-0.0199671
34766,0.135079,0.0119906,1.2033,2.54574,0.101201,-0.297982,0.837009,2.41808,-0.0203945,-0.0103737
34782,0.135079,0.0119906,1.17399,2.54574,0.0982055,-0.123862,0.825085,2.52198,-0.038805,0.0338398
34798,0.135079,0.0119906,1.17033,2.40772,0.0982108,0.125146,0.866357,2.40008,-0.0929232,0.0926913
34813,0.135079,0.0119906,1.13919,2.23902,0.097184,-0.0917548,0.888023,2.35121,-0.0494314,0.0776482
34830,0.135079,0.0119906,1.11538,1.97065,0.093668,-0.44441,0.853472,2.28743,0.0481389,0.0286663
34846,0.135079,0.0119906,1.11538,1.97065,0.0867992,-0.0896271,0.86325,1.9716,-0.0461896,0.0471955
34862,0.135079,0.0119906,1.11905,1.8633,0.0861494,0.155791,0.900276,1.99217,-0.0822887,0.11521
34878,0.135079,0.0119906,1.14469,1.87096,0.0858562,-0.159034,0.921107,1.83477,-0.0431753,0.0349105
34894,0.135079,0.0119906,1.14469,1.87096,0.081982,-0.339549,0.880434,1.9644,0.021424,0.0012031
34910,0.135079,0.0119906,1.14652,1.87863,0.0771484,-0.0747046,0.862307,1.71236,-0.0459842,0.00619967
34926,0.135079,0.0119906,1.14652,1.87863,0.078202,0.184706,0.880165,1.79414,-0.0893823,0.0703538
34942,0.135079,0.0119906,1.14835,1.77895,0.0794632,-0.00049281,0.922604,1.78231,-0.0564349,0.0582106
34957,0.135079,0.0119906,1.14835,1.44923,0.0779244,-0.281868,0.902141,1.86513,0.0524204,0.0487954
34974,0.135079,0.0119906,1.11905,1.2422,0.0739629,0.0667913,0.895975,1.50866,-0.0284476,0.0943767
34990,0.135079,0.0119906,1.11905,1.12718,0.0756039,0.181774,0.902413,1.29057,-0.0661721,0.107418
35006,0.135079,0.0119906,1.14469,1.13485,0.0768501,0.00923455,0.945327,1.25456,-0.0460154,0.076099
35022,0.135079,0.0119906,1.17399,1.13485,0.0740964,-0.268147,0.926735,1.26176,0.0212928,0.00959698
35038,0.135079,0.0119906,1.17399,1.13485,0.0709131,-0.0733709,0.909981,0.981943,-0.0391878,0.00257213
35054,0.135079,0.0119906,1.20879,1.03516,0.0713662,0.241328,0.916917,1.05858,-0.0695053,0.0768101
35070,0.135079,0.0119906,1.29121,0.927814,0.0743433,0.125413,0.945081,1.19952,-0.0102764,0.0776531
35086,0.135079,0.0119906,1.32234,0.513748,0.0759105,0.0490701,0.94056,0.859007,0.0184277,0.0666152
35101,0.135079,0.0119906,1.35531,0.25304,0.0763529,0.0392137,0.901567,0.644513,0.0420055,0.0542434
35118,0.135079,0.0119906,1.40293,0.115018,0.0783937,0.432918,0.911953,0.412528,-0.0359729,0.110654
35134,0.135079,0.0119906,1.40842,0.115018,0.0844659,0.496723,0.945556,0.325085,-0.0747441,0.128451
35150,0.135079,0.0119906,1.40842,0.10735,0.0898872,0.116081,0.951365,0.0627544,-0.0462793,0.0368745
35166,0.135079,0.0119906,1.41026,0.10735,0.0897518,-0.0561809,0.936029,-0.00668687,-0.0189723,-0.00789016
35182,0.135079,0.0119906,1.41026,0.10735,0.0908453,0.271971,0.941472,0.25153,-0.05066,0.0877028
35198,0.135079,0.0119906,1.41026,0.0920147,0.0950016,0.379889,0.993078,0.0252046,-0.114894,0.10102
35214,0.135079,0.0119906,1.41026,0.0920147,0.0975407,0.00150704,1.00253,0.040121,-0.05026,0.0388322
35230,0.135079,0.0119906,1.41209,0.0920147,0.0962429,-0.207396,0.979413,0.1646,0.0110185,0.00714263
35245,0.135079,0.0119906,1.43773,0.0766789,0.0938321,0.104629,0.989192,0.0396059,-0.0516969,0.0441457
35262,0.135079,0.0119906,1.46703,0.0766789,0.0961612,0.353509,1.01831,-0.0390925,-0.110506,0.0846443
35278,0.135079,0.0119906,1.49634,0.069011,0.101266,0.137927,1.04051,0.160485,-0.0525689,0.0765117
35294,0.135079,0.0119906,1.49634,0.069011,0.101867,-0.195404,1.02312,0.150712,0.0102859,0.0102081
35310,0.135079,0.0119906,1.49634,0.0613431,0.0993429,0.0456042,1.00661,-0.0411509,-0.0481648,0.0245792
35326,0.135079,0.0119906,1.49634,0.0613431,0.101946,0.313275,1.02988,0.0437219,-0.0964898,0.0944625
35342,0.135079,0.0119906,1.49634,0.0613431,0.106113,0.113422,1.06872,0.225296,-0.0537998,0.0953758
35358,0.135079,0.0119906,1.49634,0.0536752,0.106051,-0.0858896,1.083,0.0514379,-0.0407952,0.0412926
35374,0.135079,0.0119906,1.49634,0.0536752,0.10328,-0.132525,1.0657,-0.0843584,-0.0401908,0.00745184
35389,0.135079,0.0119906,1.49634,0.0383394,0.102705,0.115824,1.07997,0.0457797,-0.0703374,0.0737908
35406,0.135079,0.0119906,1.49634,0.0383394,0.105405,0.133406,1.11414,0.17746,-0.069974,0.10557
35422,0.135079,0.0119906,1.49634,0.0383394,0.106587,-0.20953,1.13211,0.0720125,-0.0262261,0.0350786
35438,0.135238,0.0119278,1.49634,0.0383394,0.100817,-0.294529,1.10874,0.0195465,-0.00229971,-0.00197702
35454,0.135238,0.0118994,1.49634,0.0383394,0.0973586,0.107957,1.10597,-0.15894,-0.0913659,0.0449103
35470,0.135238,0.0118941,1.49634,0.0383394,0.099555,0.214154,1.1441,0.110076,-0.0906515,0.110034
35486,0.135238,0.0118931,1.49634,0.0383394,0.10039,-0.101483,1.17196,0.0925873,-0.0429344,0.0570594
35502,0.135079,0.0119756,1.49634,0.0383394,0.0960788,-0.221118,1.17354,0.0884727,-0.0147362,0.0274083
35518,0.135079,0.0119878,1.49634,0.0383394,0.0928928,-0.0465914,1.15905,-0.0231467,-0.0515921,0.0376191
35533,0.135238,0.0119074,1.49634,0.0383394,0.0933511,0.172181,1.17864,0.0123458,-0.0928173,0.0881995
35550,0.135079,0.0119584,1.49634,0.0383394,0.0936745,-0.0808297,1.1982,0.134252,-0.036721,0.0609542
35566,0.135079,0.0119846,1.49634,0.0383394,0.0914521,-0.212591,1.18371,0.145568,-0.00419625,0.030721
35582,0.135079,0.0119895,1.49634,0.0306715,0.0882226,-0.0894934,1.17897,-0.0210892,-0.0396315,0.0278206
35598,0.135079,0.0119904,1.49634,0.0306715,0.088866,0.222276,1.21372,0.0663541,-0.0952082,0.105697
35614,0.135079,0.0119905,1.49634,0.0306715,0.09127,0.0519958,1.2461,-0.0123444,-0.08515,0.0759815
35630,0.135079,0.0119906,1.49634,0.0306715,0.0904527,-0.35981,1.22953,-0.109046,-0.0163899,-0.017653
35646,0.135079,0.0119906,1.49634,0.0306715,0.0843882,-0.114538,1.20746,-0.101846,-0.0452987,0.013706
35662,0.135079,0.0119906,1.49634,0.0306715,0.0838551,0.090774,1.22247,-0.0360069,-0.0774909,0.0625758
35677,0.135079,0.0119906,1.49634,0.0383394,0.0864963,0.0821163,1.24639,0.142999,-0.0650116,0.0918012
35694,0.135079,0.0119906,1.47619,0.0383394,0.0853982,-0.189142,1.26209,0.0828136,-0.0293519,0.0406118
35710,0.135079,0.0119906,1.47253,0.0383394,0.0820038,-0.129852,1.25348,0.0324057,-0.0396249,0.03876
35726,0.135079,0.0119906,1.44689,0.0383394,0.0800351,0.0301537,1.27109,0.0792136,-0.0701335,0.0811532
35742,0.135079,0.0119906,1.42491,0.0383394,0.0817146,0.149663,1.31424,0.0426923,-0.114433,0.11699
35758,0.135079,0.0119906,1.42491,0.0383394,0.0799723,-0.256557,1.33091,0.0226318,-0.0436779,0.0400186
35774,0.135079,0.0119906,1.42308,0.0383394,0.073828,-0.370998,1.30351,-0.0205752,-0.011996,-0.00264175
35790,0.135079,0.0119906,1.39011,0.0383394,0.0687497,-0.119344,1.29277,-0.0792132,-0.0620712,0.0339075
35806,0.135079,0.0119906,1.36264,0.0383394,0.0680604,0.131146,1.31543,-0.0498948,-0.114943,0.0947208
35821,0.135079,0.0119906,1.3315,0.0383394,0.0683959,-0.150773,1.35832,-0.024691,-0.0782559,0.0632745
35838,0.135079,0.0119906,1.23993,0.0306715,0.0634622,-0.476776,1.34822,0.0113165,-0.0244319,0.0189663
35854,0.135079,0.0119906,1.18681,0.0383394,0.0562441,-0.31772,1.34773,-0.00308652,-0.0567814,0.046362
35870,0.135079,0.0119906,1.09707,0.0383394,0.05337,-0.157039,1.38956,0.01286,-0.110409,0.10437
35886,0.135079,0.0119906,1.04029,0.0383394,0.0479448,-0.421624,1.42954,0.0822998,-0.0674664,0.0774063
35902,0.135079,0.0119906,1.04029,0.0383394,0.0393082,-0.810647,1.40228,0.062239,0.0216806,-0.0180115
35918,0.135079,0.0119906,0.935897,0.0383394,0.0262999,-0.595518,1.3727,-0.0108017,-0.0228877,0.00930057
35934,0.135079,0.0119906,0.855311,0.0383394,0.020759,-0.204473,1.40403,-0.0174874,-0.112422,0.0984101
35950,0.135079,0.0119906,0.734432,0.0306715,0.0163467,-0.438415,1.4616,-0.014403,-0.103028,0.0908441
35965,0.135079,0.0119906,0.6337,0.0306715,0.00560424,-0.988901,1.46851,0.058638,-0.00127441,0.00494471
35982,0.135079,0.0119906,0.580586,0.0306715,-0.0102929,-1.05154,1.44429,-0.132194,0.00611159,-0.0493063
35998,0.135079,0.0119906,0.542125,0.0306715,-0.0236204,-0.624958,1.42036,-0.139911,-0.0545156,0.010626
36014,0.135079,0.0119906,0.51282,0.0306715,-0.0315424,-0.349697,1.44639,0.0185162,-0.0856756,0.0811154
36030,0.135079,0.0119906,0.457875,0.0306715,-0.0378059,-0.663836,1.44456,0.0138876,-0.0310663,0.0242821
36046,0.135079,0.0119906,0.457875,0.0306715,-0.0492165,-0.780668,1.43052,-0.0252036,0.00742441,-0.0242693
36062,0.135079,0.0119906,0.454212,0.0306715,-0.0596809,-0.570599,1.39355,-0.0452647,-0.00855917,-0.0126499
36078,0.135079,0.0119906,0.424908,0.0306715,-0.0666478,-0.198608,1.39446,0.014403,-0.0650592,0.059472
36094,0.135079,0.0119906,0.423077,0.0306715,-0.0694786,-0.31185,1.41238,-0.022118,-0.0488154,0.0339379
36109,0.135079,0.0119906,0.419414,0.0306715,-0.0759989,-0.549647,1.39798,0.00102893,0.010608,-0.0207202
36126,0.135079,0.0119906,0.395604,0.0306715,-0.084436,-0.434694,1.34406,-0.0596675,0.00302736,-0.0276674
36142,0.135079,0.0119906,0.360806,0.0306715,-0.0896398,-0.0655102,1.32736,-0.00360055,-0.0534278,0.0435483
36158,0.135079,0.0119906,0.300366,0.0306715,-0.0888022,-0.0954823,1.33816,-0.0205753,-0.068088,0.054007
36174,0.135079,0.0119906,0.249084,0.0306715,-0.0915173,-0.376196,1.35988,-0.0293172,-0.0305355,0.0133941
36190,0.135079,0.0119906,0.249084,0.0306715,-0.0981333,-0.458799,1.33105,-0.0493808,-0.00033107,-0.0220625
36206,0.135079,0.0119906,0.201465,0.0306715,-0.104052,-0.187819,1.31868,0.010288,-0.0412551,0.0341739
36222,0.135079,0.0119906,0.141026,0.0306715,-0.106807,-0.200869,1.31141,0.0390923,-0.0433573,0.0432114
36238,0.135079,0.0119906,0.139194,0.0306715,-0.111042,-0.450408,1.30566,0.0334338,0.0093945,-0.0117868
36253,0.135079,0.0119906,0.0805861,0.0230037,-0.117165,-0.395786,1.28779,-0.0246903,-0.00630537,-0.00827056
36270,0.135079,0.0119906,0.025641,0.0230037,-0.122534,-0.178488,1.27957,0.0848724,-0.0349412,0.0476544
36286,0.135079,0.0119906,-0.003663,0.0153358,-0.124449,-0.173821,1.28819,0.045265,-0.0454539,0.0503893
36302,0.135079,0.0119906,-0.003663,0.0153358,-0.128555,-0.450273,1.29143,0.0555543,0.0122646,-0.00577879
36318,0.135079,0.0119906,-0.003663,0.0230037,-0.13393,-0.401241,1.25348,-0.0442365,0.00790757,-0.0274966
36334,0.135079,0.0119906,-0.003663,0.0230037,-0.138832,-0.125993,1.22516,-0.09516,-0.0339705,0.00280222
36350,0.135079,0.0119906,-0.00549451,0.0230037,-0.139931,-0.0345959,1.22521,0.00051334,-0.0377107,0.0301004
36366,0.135079,0.0119906,-0.003663,0.0230037,-0.141039,-0.147172,1.20882,-0.0879575,-0.0217958,-0.00772417
36382,0.135079,0.0119906,-0.003663,0.0230037,-0.142492,-0.187276,1.16979,-0.07407,-0.00125125,-0.0250481
36397,0.135079,0.0119906,-0.003663,0.0230037,-0.144582,-0.065772,1.14627,0.0169748,-0.00348383,-0.00030586
36414,0.135079,0.0119906,-0.00549451,0.0306715,-0.144338,0.0276235,1.13703,0.129624,-0.00646845,0.0285264
36430,0.135079,0.0119906,-0.003663,0.0306715,-0.142653,-0.00302112,1.15057,0.040635,-0.0171644,0.0174981
36446,0.135079,0.0119906,-0.00549451,0.0230037,-0.143549,-0.108671,1.13158,-0.13271,-0.0124886,-0.0278472
36462,0.135079,0.0119906,-0.00549451,0.0230037,-0.143732,0.0249582,1.09502,-0.127051,-0.027355,-0.0111816
36478,0.135079,0.0119906,-0.00549451,0.0230037,-0.140576,0.200556,1.09586,0.044751,-0.0439271,0.0478065
36494,0.135079,0.0119906,-0.003663,0.0230037,-0.137674,-0.0074174,1.09723,-0.0406354,-0.0208951,0.00336991
36510,0.135079,0.0119906,-0.003663,0.0230037,-0.138722,-0.0669699,1.08494,-0.11779,-0.0147891,-0.0217191
36526,0.135079,0.0119906,-0.003663,0.0230037,-0.138806,0.0560008,1.04723,-0.0843572,-0.0242242,-0.00376031
36541,0.135079,0.0119906,-0.003663,0.0230037,-0.136969,0.211482,1.04268,-0.03395,-0.0484535,0.0332624
36558,0.135079,0.0119906,-0.003663,0.0230037,-0.134143,0.0473393,1.044,0.0982429,-0.0073016,0.023787
36574,0.135079,0.0119906,-0.003663,0.0230037,-0.133589,-0.0263333,1.03727,-0.0324068,-0.00902362,-0.00651099
36590,0.135079,0.0119906,-0.003663,0.0230037,-0.133975,-0.00235632,0.999087,-0.0349764,-0.00413236,-0.0119628
36606,0.135079,0.0119906,-0.003663,0.0230037,-0.132677,0.179906,0.988259,0.10699,-0.0197838,0.0388372
36622,0.135079,0.0119906,-0.003663,0.0230037,-0.12941,0.165784,1.00147,0.0303479,-0.0349327,0.0353432
36638,0.135079,0.0119906,-0.003663,0.0230037,-0.127202,-0.046591,0.966144,-0.0771535,-0.00447051,-0.0219355
36654,0.135079,0.0119906,-0.003663,0.0153358,-0.12702,0.0304214,0.941548,0.0334347,0.00128731,0.00132708
36670,0.135079,0.0119906,-0.0018315,0.0153358,-0.125355,0.202422,0.95522,0.0401225,-0.0348357,0.0396598
36685,0.135079,0.0119906,-0.0018315,0.0230037,-0.122359,0.109425,0.944492,-0.110593,-0.0394343,0.00546344
36702,0.135079,0.0119906,0.00183159,0.0230037,-0.121355,-0.0289985,0.923701,0.0159458,0.00534524,-0.00896406
36718,0.135079,0.0119906,0.0604396,0.0230037,-0.12093,0.0646609,0.914484,-0.0452655,-0.00399226,-0.0142239
36734,0.135079,0.0119906,0.124542,0.0230037,-0.118317,0.166583,0.880749,-0.057612,-0.0054262,-0.0154442
36750,0.135079,0.0119906,0.225275,0.0230037,-0.115076,0.271034,0.877567,-0.054524,-0.00504413,-0.0147087
36766,0.135079,0.0119906,0.225275,0.0230037,-0.110542,0.252782,0.83088,-0.139396,-0.0084478,-0.031956
36782,0.135079,0.0119906,0.289377,0.0230037,-0.105091,0.456896,0.807844,0.0282908,-0.0138311,0.0149521
36798,0.135079,0.0119906,0.364469,0.0230037,-0.0959575,0.59652,0.813538,-0.104419,-0.0540699,0.0234744
36814,0.135079,0.0119906,0.395604,0.0230037,-0.0871892,0.429309,0.797429,-0.0205747,-0.0165138,0.00589994
36829,0.135079,0.0119906,0.397436,0.0230037,-0.0800749,0.374825,0.785191,-0.0437218,-0.017651,0.00133213
36846,0.135079,0.0119906,0.364469,0.0230037,-0.0736278,0.470091,0.778811,-0.0447503,-0.0519316,0.0357708
36862,0.135079,0.0119906,0.342491,0.0230037,-0.0657278,0.437583,0.802521,0.126022,-0.0488331,0.0742445
36878,0.135079,0.0119906,0.338828,0.0306715,-0.0602399,0.162583,0.804031,-0.080242,-0.0346943,0.00724691
36894,0.135079,0.0119906,0.336996,0.0306715,-0.0580192,0.0806499,0.802773,0.0761273,-0.00447404,0.0148421
36910,0.135079,0.0119906,0.336996,0.0306715,-0.0556452,0.195493,0.801989,-0.078185,-0.0478954,0.0211229
36926,0.135079,0.0119906,0.335165,0.0306715,-0.0514073,0.204821,0.818735,0.0781844,-0.0418692,0.0532402
36942,0.135079,0.0119906,0.335165,0.0306715,-0.0492095,0.0465411,0.818522,-0.0370351,-0.0304568,0.0133145
36958,0.135079,0.0119906,0.333333,0.0306715,-0.0495432,0.00044285,0.787278,-0.0180031,-0.0122734,-0.00039747
36973,0.135079,0.0119906,0.302198,0.0306715,-0.0476176,0.242794,0.800546,-0.0488655,-0.0738831,0.0545226
36990,0.135079,0.0119906,0.302198,0.0306715,-0.0440159,0.0930366,0.813921,-0.0318909,-0.0534471,0.0377889
37006,0.135079,0.0119906,0.298535,0.0306715,-0.0438725,-0.196871,0.807391,0.0396071,0.00867736,-0.00787377
37022,0.135079,0.0119906,0.294872,0.0306715,-0.0465984,-0.0537844,0.79018,-0.131164,-0.0306052,-0.00972322
37038,0.135079,0.0119906,0.269231,0.0306715,-0.046113,0.170847,0.791344,0.0771564,-0.0534495,0.0645463
37054,0.135079,0.0119906,0.269231,0.0306715,-0.0435426,0.0861131,0.805763,-0.0385781,-0.0595853,0.0422893
37070,0.135079,0.0119906,0.267399,0.0306715,-0.0459402,-0.25589,0.793622,0.0653261,0.0218845,-0.0150412
37086,0.135079,0.0119906,0.265568,0.0306715,-0.0494728,-0.141981,0.778091,0.0293194,0.00565414,-0.00725882
37102,0.135079,0.0119906,0.265568,0.0306715,-0.050023,0.170581,0.774053,-0.0714977,-0.0618905,0.0367562
37117,0.135079,0.0119906,0.265568,0.0306715,-0.0474887,0.0737207,0.785758,0.0035994,-0.0419352,0.0348
37134,0.135079,0.0119906,0.289377,0.0306715,-0.0477897,-0.164626,0.773223,0.0020576,0.01047,-0.0187613
37150,0.135079,0.0119906,0.291209,0.0306715,-0.0498768,-0.0369953,0.756093,0.0540097,0.00129458,0.00343254
37166,0.135079,0.0119906,0.289377,0.0306715,-0.0490626,0.208951,0.739633,-0.00668693,-0.0489357,0.0396982
37182,0.135079,0.0119906,0.289377,0.0306715,-0.0456336,0.174045,0.759879,0.14351,-0.0346463,0.0618957
37198,0.135079,0.0119906,0.289377,0.0306715,-0.0450793,-0.0266016,0.756088,-0.106476,-0.0283408,-0.00587541
37214,0.135079,0.0119906,0.313187,0.0230037,-0.0461733,-0.0852231,0.731402,0.0617241,0.0168975,-0.00853712
37230,0.135079,0.0119906,0.369963,0.0306715,-0.0459497,0.200024,0.71912,-0.0725268,-0.0366505,0.0113918
37246,0.135079,0.0119906,0.391941,0.0230037,-0.042081,0.317666,0.727206,0.00617242,-0.0507098,0.0469003
37261,0.135079,0.0119906,0.417582,0.0306715,-0.0385126,0.0947695,0.711931,-0.0596674,-0.0151004,-0.00726913
37278,0.135079,0.0119906,0.419414,0.0306715,-0.0371892,0.127148,0.698525,0.0632682,-0.0046683,0.0123322
37294,0.135079,0.0119906,0.445055,0.0306715,-0.0340592,0.329128,0.699566,-0.0689264,-0.0569774,0.0331706
37310,0.135079,0.0119906,0.479853,0.0306715,-0.0287532,0.29848,0.720247,0.0895009,-0.0374617,0.0521798
37326,0.135079,0.0119906,0.564103,0.0383394,-0.0256994,0.0282872,0.703885,-0.0488659,0.0128295,-0.0344898
37342,0.135079,0.0119906,0.564103,0.0383394,-0.0246493,0.173909,0.68477,0.0421795,3.953e-05,0.00093522
37358,0.135079,0.0119906,0.635531,0.0383394,-0.020502,0.442912,0.664413,-0.0843575,-0.0497291,0.0208289
37374,0.135079,0.0119906,0.677656,0.0383394,-0.012772,0.522447,0.675431,0.0344631,-0.0551299,0.0555064
37390,0.135079,0.0119906,0.745421,0.0383394,-0.00553745,0.326855,0.670235,-0.107504,-0.0312802,-0.00342401
37405,0.135079,0.0119906,0.794872,0.0383394,-0.00048914,0.342446,0.658585,0.0138881,-0.0132732,0.0082195
37422,0.135079,0.0119906,0.846154,0.0383394,0.00638816,0.523648,0.656031,0.0601815,-0.0393486,0.0462361
37438,0.135079,0.0119906,0.913919,0.0383394,0.0147503,0.537634,0.673305,0.00411545,-0.0504889,0.0438947
37454,0.135079,0.0119906,0.992674,0.0383394,0.0213492,0.400127,0.668081,0.00977379,-0.0157074,0.0101281
37470,0.135079,0.0119906,1.04029,0.0383394,0.0274484,0.435845,0.647008,-0.0642954,-0.0250516,0.00164334
37486,0.135079,0.0119906,1.04029,0.0383394,0.0356045,0.687522,0.662851,0.0560668,-0.0734457,0.0802602
37502,0.135079,0.0119906,1.07692,0.0383394,0.0460917,0.599716,0.685462,0.056067,-0.0711851,0.077869
37518,0.135079,0.0119906,1.13553,0.0383394,0.0523355,0.309798,0.689687,0.0123453,-0.0209028,0.0160948
37534,0.135079,0.0119906,1.17399,0.0536752,0.0568176,0.362435,0.672371,-0.0360061,-0.0324754,0.0123975
37549,0.135079,0.0119906,1.21429,0.0383394,0.0647047,0.5948,0.695861,0.0807576,-0.0678154,0.0807437
37566,0.135079,0.0119906,1.25275,0.0383394,0.0728151,0.488867,0.719056,0.0498946,-0.0618256,0.0670199
37582,0.135079,0.0119906,1.27473,0.0383394,0.077173,0.229593,0.718353,-0.0180033,-0.0244487,0.0123454
37598,0.135079,0.0119906,1.3022,0.0383394,0.080616,0.367232,0.706441,0.0354919,-0.0394816,0.0408829
37614,0.135079,0.0119906,1.3022,0.0536752,0.0879978,0.57335,0.741377,0.023147,-0.100747,0.0961945
37630,0.135079,0.0119906,1.3022,0.0536752,0.0963205,0.356565,0.778932,0.0889872,-0.0754841,0.0863821
37646,0.135079,0.0119906,1.32784,0.0536752,0.0984953,0.00990029,0.777967,-0.0108006,-0.021527,0.00705279
37662,0.135079,0.0119906,1.32784,0.0536752,0.099046,0.215479,0.770285,-0.0442367,-0.0622666,0.0403276
37678,0.135079,0.0119906,1.3315,0.0536752,0.103603,0.394549,0.801932,0.0982451,-0.0916857,0.105066
37693,0.135079,0.0119906,1.3315,0.0536752,0.108777,0.317404,0.852141,0.14762,-0.0917932,0.117024
37710,0.135079,0.0119906,1.3315,0.0536752,0.108648,-0.182083,0.865404,0.149682,-0.00312882,0.0272485
37726,0.135079,0.0119906,1.33333,0.0536752,0.104767,-0.158501,0.842249,0.0226326,-0.0106871,0.00390764
37742,0.135079,0.0119906,1.33333,0.0536752,0.103744,0.206817,0.836468,0.0432077,-0.0719529,0.0713434
37758,0.135079,0.0119906,1.3315,0.0536752,0.10795,0.297557,0.887082,0.179003,-0.0912036,0.124
37774,0.135079,0.0119906,1.3315,0.0536752,0.109746,-0.105614,0.909858,-0.0226313,-0.0502565,0.0327212
37790,0.135079,0.0119906,1.3315,0.0536752,0.105773,-0.295456,0.889958,0.136309,0.0148964,0.0055652
37806,0.135079,0.0119906,1.32784,0.0536752,0.10218,0.0819747,0.875058,0.051952,-0.0558629,0.0569627
37822,0.135079,0.0119906,1.32784,0.0536752,0.105122,0.384024,0.920429,0.103904,-0.120211,0.134979
37837,0.135079,0.0119906,1.32601,0.0536752,0.108469,0.00283766,0.967892,0.0653255,-0.0722254,0.0764345
37854,0.135079,0.0119906,1.32601,0.0383394,0.104907,-0.343416,0.953988,0.00925913,-0.00480556,-0.00206957
37870,0.135079,0.0119906,1.3022,0.0383394,0.10101,-0.139985,0.926916,0.0180034,-0.033822,0.0296731
37886,0.135079,0.0119906,1.22527,0.0383394,0.0997457,0.152859,0.963268,0.0565814,-0.107192,0.113378
37902,0.135079,0.0119906,1.17399,0.0383394,0.101888,0.00284301,1.00604,-0.00102836,-0.112321,0.104054
37918,0.135079,0.0119906,1.17399,0.0383394,0.0981358,-0.411761,1.01471,0.0329209,-0.02832,0.0269203
37934,0.135079,0.0119906,1.08974,0.0383394,0.0916604,-0.510367,1.00186,0.0576102,-0.0135004,0.0177066
37950,0.135079,0.0119906,1.02381,0.0383394,0.0844137,-0.21168,1.02883,0.0339477,-0.0809745,0.0802977
37966,0.135079,0.0119906,0.934066,0.0383394,0.0814795,-0.0897557,1.08772,0.144539,-0.119925,0.146534
37981,0.135079,0.0119906,0.847985,0.0383394,0.075885,-0.662233,1.09012,-0.0612123,-0.0519029,0.0265344
37998,0.135079,0.0119906,0.783883,0.0383394,0.0631303,-0.825033,1.08629,0.0869298,0.00248754,0.00748513
38014,0.135079,0.0119906,0.664835,0.0383394,0.051535,-0.52544,1.0777,0.0288058,-0.0663748,0.0630211
38030,0.135079,0.0119906,0.57326,0.0383394,0.0452264,-0.283882,1.13109,0.129109,-0.122089,0.143855
38046,0.135079,0.0119906,0.454212,0.0383394,0.0383324,-0.716995,1.16448,0.0663556,-0.0750651,0.0800883
38062,0.135079,0.0119906,0.454212,0.0383394,0.0241622,-1.13931,1.1548,0.0226321,0.0221831,-0.0293746
38078,0.135079,0.0119906,0.388278,0.0383394,0.00658281,-0.917522,1.10407,-0.0298338,0.00032903,-0.0198279
38094,0.135079,0.0119906,0.324176,0.0383394,-0.00453516,-0.50613,1.10669,0.0133752,-0.0671797,0.0593704
38110,0.135079,0.0119906,0.241758,0.0383394,-0.0113253,-0.453876,1.17014,0.00154416,-0.101334,0.0907412
38125,0.135079,0.0119906,0.177656,0.0383394,-0.0221133,-0.930409,1.17874,0.101332,-0.00158007,0.0135813
38142,0.135079,0.0119906,0.0842491,0.0383394,-0.0375431,-1.03063,1.12238,0.0221185,0.0235617,-0.0313802
38158,0.135079,0.0119906,0.040293,0.0383394,-0.05026,-0.504272,1.10809,-0.0360066,-0.0659749,0.0455306
38174,0.135079,0.0119906,0.014652,0.0383394,-0.0579797,-0.368345,1.13129,0.0324052,-0.0814024,0.0779373
38190,0.135079,0.0119906,0.0128206,0.0306715,-0.0662517,-0.826898,1.1281,0.0432074,0.0184667,-0.0190419
38206,0.135079,0.0119906,0.0128206,0.0306715,-0.0785681,-0.858353,1.09273,-0.0231468,0.0445173,-0.0615284
38222,0.135079,0.0119906,0.0091576,0.0306715,-0.0896426,-0.345974,1.04959,0.012345,-0.017545,0.010653
38238,0.135079,0.0119906,0.00549459,0.0306715,-0.0924833,-0.0709705,1.03986,0.0591529,-0.0560845,0.0614266
38254,0.135079,0.0119906,0.003663,0.0306715,-0.0943951,-0.323838,1.03766,-0.0678982,-0.0220866,-0.00432992
38269,0.135079,0.0119906,0.00183159,0.0306715,-0.100686,-0.489172,1.02586,-0.0416651,0.0239104,-0.0445733
38286,0.135079,0.0119906,0.00183159,0.0306715,-0.106838,-0.193547,0.986744,-0.0390927,-0.0106247,-0.00855599
38302,0.135079,0.0119906,0.00183159,0.0230037,-0.107696,0.0701229,0.972012,-0.0663541,-0.0563554,0.0332435
38318,0.135079,0.0119906,0.00183159,0.0230037,-0.107742,-0.118133,0.982658,0.00257205,-0.0159899,0.00904205
38334,0.135079,0.0119906,-0.0018315,0.0230037,-0.108794,-0.221247,0.96139,-0.0231468,0.00558245,-0.01914
38350,0.135079,0.0119906,-0.0018315,0.0230037,-0.111228,-0.0632455,0.91584,-0.211926,-0.0315823,-0.0274422
38366,0.135079,0.0119906,-0.0018315,0.0230037,-0.109472,0.204022,0.921108,0.0190319,-0.0564872,0.0545484
38382,0.135079,0.0119906,-0.0018315,0.0230037,-0.10641,0.0221604,0.932155,-0.0648115,-0.0410027,0.0181237
38398,0.135079,0.0119906,-0.003663,0.0230037,-0.106476,-0.171553,0.909253,0.0246896,0.0103347,-0.0120673
38413,0.135079,0.0119906,-0.003663,0.0230037,-0.108787,-0.0547158,0.89577,-0.0745844,-0.0161565,-0.00939038
38430,0.135079,0.0119906,-0.0018315,0.0230037,-0.108447,0.168315,0.887645,0.00977287,-0.0449023,0.0406044
38446,0.135079,0.0119906,-0.0018315,0.115018,-0.105812,0.0886394,0.886803,-0.0272633,-0.0501052,0.0141888
38462,0.135079,0.0119906,-0.0018315,0.889475,-0.105476,-0.122395,0.885928,0.0426936,-0.0974346,-0.110574
38478,0.135079,0.0119906,0.00183159,2.13167,-0.10713,-0.0707034,0.866203,0.61108,-0.180546,-0.191273
38494,0.135079,0.0119906,0.00183159,2.13167,-0.106186,0.0835787,0.87954,1.50918,-0.104333,-0.0484495
38510,0.135079,0.0119906,0.00183159,2.69143,-0.104555,-0.0327292,0.874082,1.87284,-0.108264,-0.0925841
38526,0.135079,0.0119906,0.00183159,3.18217,-0.105726,-0.222986,0.865603,2.59708,-0.0412245,-0.103444
38542,0.135079,0.0119906,0.003663,3.40454,-0.108072,-0.0968126,0.802054,2.93297,-0.0313425,-0.0853456
38558,0.135079,0.0119906,0.03663,3.5809,-0.10646,0.213612,0.779514,3.24982,-0.060632,-0.0208545
38574,0.135079,0.0119906,0.0604396,3.58857,-0.103668,0.210146,0.774581,3.40723,-0.0396159,-0.0054134
38590,0.135079,0.0119906,0.0604396,3.71126,-0.100746,0.177104,0.777563,3.58777,-0.0320064,0.0009914
38606,0.135079,0.0119906,0.0604396,3.72659,-0.0989443,0.0492059,0.763672,3.70145,0.00364521,-0.0111207
38622,0.135079,0.0119906,0.0604396,3.72659,-0.0974727,0.199356,0.740645,3.71791,-0.0188005,0.0158323
38638,0.135079,0.0119906,0.0604396,3.72659,-0.0932333,0.163518,0.731531,3.64846,-0.0254498,0.00553092
38654,0.135079,0.0119906,0.0604396,3.48889,-0.0922983,0.0841121,0.708755,3.58211,0.0137005,0.00782612
38670,0.135079,0.0119906,0.003663,3.08249,-0.0883742,0.20309,0.714154,3.43654,0.00264987,0.0827939
38686,0.135079,0.0119906,0.00183159,2.23136,-0.0852441,0.122883,0.737315,2.89542,0.0440057,0.116661
38701,0.135079,0.0119906,0.00183159,1.68694,-0.0827171,0.0157673,0.73885,2.34555,0.0584513,0.100582
38718,0.135079,0.0119906,0.00183159,0.958486,-0.0822441,-0.0341953,0.720739,1.986,0.115871,0.132764
38734,0.135079,0.0119906,0.00183159,0.360391,-0.0831255,0.0214961,0.698394,1.26536,0.097483,0.121496
38750,0.135079,0.0119906,0.00183159,0.069011,-0.0825564,0.205088,0.688106,0.815289,0.046131,0.134836
38766,0.135079,0.0119906,0.00183159,0.0613431,-0.0790503,0.0739898,0.669111,0.452138,0.025667,0.068431
38782,0.135079,0.0119906,0.00183159,0.0613431,-0.0781588,-0.174754,0.639878,0.403271,0.0706135,0.0107987
38798,0.135079,0.0119906,0.0311356,0.0613431,-0.079881,-0.0248698,0.603737,0.0653249,0.0203246,-0.0206933
38814,0.135079,0.0119906,0.0311356,0.0536752,-0.0785141,0.190299,0.582514,0.0149168,-0.0214512,0.0113945
38830,0.135079,0.0119906,0.0311356,0.0536752,-0.0751724,0.278495,0.597829,-0.0102876,-0.0496728,0.0338209
38845,0.135079,0.0119906,0.0347986,0.0536752,-0.0721178,0.0815797,0.579504,-0.0750982,-0.0213607,-0.0108555
38862,0.135079,0.0119906,0.03663,0.0536752,-0.0707171,0.0252252,0.572381,0.111105,0.0113776,0.0015493
38878,0.135079,0.0119906,0.03663,0.0536752,-0.0696675,0.15699,0.559284,-0.00823055,-0.0258429,0.0101725
38894,0.135079,0.0119906,0.0347986,0.299048,-0.0673007,0.194964,0.553496,0.104418,-0.0518328,0.00402581
38910,0.135079,0.0119906,0.0347986,0.812796,-0.0639978,0.147531,0.56075,0.240726,-0.0960868,-0.04366
38926,0.135079,0.0119906,0.0347986,0.812796,-0.0622918,0.0342838,0.56146,0.549863,-0.0407802,-0.0240893
38942,0.135238,0.0119079,0.0604396,1.61026,-0.061346,-0.0126132,0.557427,0.880092,-0.0836267,-0.0950688
38958,0.135079,0.0119783,0.0805861,1.95531,-0.0615892,0.0368149,0.542473,1.288,-0.0763263,-0.0869284
38974,0.135079,0.0119883,0.104396,2.44606,-0.0602494,0.113025,0.530663,1.82089,-0.0789485,-0.0737915
38989,0.135079,0.0119901,0.128205,2.39238,-0.0587763,0.144067,0.515262,2.11871,-0.0351269,-0.0319737
39006,0.135079,0.0119905,0.128205,2.05499,-0.0560326,0.206285,0.512433,2.32035,0.0151636,0.0491292
39022,0.135079,0.0119906,0.126374,1.28054,-0.0519242,0.19896,0.487608,2.18352,0.0926538,0.126818
39038,0.135079,0.0119906,0.0915751,0.605763,-0.0486439,0.308343,0.485667,1.61565,0.0725887,0.173302
39054,0.135079,0.0119906,0.0512821,0.0766789,-0.0435914,0.265848,0.483599,0.9912,0.0515757,0.171055
39070,0.135079,0.0119906,0.0512821,0.0766789,-0.0396377,0.157927,0.521518,0.561696,0.003802,0.114041
39086,0.135079,0.0119906,0.0512821,0.069011,-0.0397138,-0.138248,0.50846,0.364693,0.0381395,0.0326752
39102,0.135079,0.0119906,0.0512821,0.0613431,-0.0414798,-0.0713679,0.491924,0.0992738,0.001362,0.00692479
39118,0.135079,0.0119906,0.0512821,0.0536752,-0.0426953,0.0320176,0.472467,-0.0992729,-0.0341786,-0.00366601
39133,0.135079,0.0119906,0.0531136,0.0536752,-0.041744,0.11156,0.467858,-0.00154291,-0.0368887,0.0230931
39150,0.135079,0.0119906,0.0567766,0.0383394,-0.0400163,0.0695879,0.483226,0.0483535,-0.0268524,0.028821
39166,0.135079,0.0119906,0.0824177,0.0306715,-0.0397547,-0.0199407,0.47528,0.0303481,-0.00428611,0.00344796
39182,0.135079,0.0119906,0.144689,0.0306715,-0.0398947,4.461e-05,0.454395,0.0164603,0.0101117,-0.0142819
39198,0.135079,0.0119906,0.177656,0.0230037,-0.0392849,0.133541,0.441803,0.0452658,-0.00016797,0.00530412
39214,0.135079,0.0119906,0.177656,0.0230037,-0.0367213,0.238262,0.435287,-0.0303481,-0.0311442,0.0182574
39230,0.135079,0.0119906,0.203297,0.0230037,-0.033569,0.200557,0.427935,-0.031892,-0.0218318,0.00848828
39246,0.135079,0.0119906,0.232601,0.0230037,-0.0305944,0.173909,0.423599,0.0174888,-0.0079144,0.00653777
39262,0.135079,0.0119906,0.25641,0.0230037,-0.0273448,0.189631,0.409174,-0.00308687,-0.00961034,0.00331926
39277,0.135079,0.0119906,0.282051,0.0306715,-0.0242195,0.280099,0.404345,-0.0216041,-0.0272717,0.0149423
39294,0.135079,0.0119906,0.313187,0.0306715,-0.0198913,0.326327,0.400231,0.0298332,-0.0282547,0.0286479
39310,0.135079,0.0119906,0.375458,0.0306715,-0.0154702,0.20029,0.394067,0.0159453,0.00195593,-0.00529612
39326,0.135079,0.0119906,0.404762,0.0306715,-0.0123511,0.277564,0.387901,0.0416644,-0.00580572,0.00901267
39342,0.135079,0.0119906,0.428571,0.0306715,-0.006981,0.414392,0.382321,0.0750987,-0.0286111,0.0404693
39358,0.135079,0.0119906,0.428571,0.0306715,-0.00045269,0.356034,0.383531,0.045265,-0.0324828,0.0369906
39374,0.135079,0.0119906,0.459707,0.0306715,0.00373829,0.244388,0.376955,0.0761266,-0.00630129,0.0180128
39390,0.135238,0.0119079,0.483516,0.0306715,0.00800719,0.321133,0.372396,0.0401212,-0.0251691,0.0284279
39406,0.135238,0.0118957,0.571429,0.0383394,0.0140587,0.370696,0.376495,0.0473222,-0.0245079,0.0278877
39421,0.135238,0.0118934,0.626374,0.0383394,0.0195322,0.399203,0.37059,0.028805,-0.0266167,0.0256533
39438,0.135079,0.0119558,0.717949,0.153358,0.0255354,0.367763,0.358821,0.0432074,-0.0184724,-0.00700599
39454,0.135238,0.0119214,0.804029,0.25304,0.0319219,0.483806,0.359768,0.0648112,-0.0397175,-0.00430275
39470,0.135079,0.0119609,0.952381,0.352723,0.0391871,0.549226,0.356413,0.171801,-0.0269027,-0.0150506
39486,0.135238,0.0119223,1.09707,0.360391,0.0468286,0.621026,0.337956,0.189289,-0.013153,-0.0260933
39502,0.135238,0.0118984,1.09707,0.360391,0.0568828,0.777974,0.319852,0.29628,-0.0410418,0.0284814
39518,0.135238,0.0118939,1.16484,0.360391,0.0693891,0.869789,0.315247,0.307597,-0.0598675,0.0505298
39534,0.135238,0.0118931,1.2619,0.483077,0.0828094,0.817813,0.334445,0.435677,-0.0533018,0.0452934
39550,0.135079,0.0119756,1.32234,0.605763,0.0944671,0.700965,0.329896,0.44082,-0.0496953,0.0128664
39565,0.135079,0.0119878,1.37179,0.851135,0.105416,0.754536,0.335931,0.58073,-0.0799259,0.0177639
39582,0.135079,0.0119901,1.4011,0.950818,0.117731,0.801036,0.376251,0.742243,-0.103556,0.0567736
39598,0.135079,0.0119905,1.40293,0.950818,0.129486,0.578921,0.40937,0.910959,-0.0689445,0.0626756
39614,0.135079,0.0119906,1.40842,0.720781,0.13647,0.419975,0.423217,0.909416,-0.0254671,0.0743858
39630,0.135079,0.0119906,1.40842,0.720781,0.141853,0.363903,0.426554,0.803969,-0.0375743,0.0607355
39646,0.135079,0.0119906,1.40842,0.720781,0.147585,0.533909,0.470261,0.808084,-0.0877462,0.112551
39662,0.135079,0.0119906,1.40842,0.360391,0.153561,0.303275,0.490425,0.596674,-0.0419513,0.102353
39678,0.135238,0.0119079,1.43407,0.161026,0.156571,0.0738505,0.503465,0.398641,-0.00201596,0.0620452
39694,0.135238,0.0118957,1.49634,0.0613431,0.157408,0.092908,0.495609,0.220667,5.916e-05,0.0409819
39709,0.135238,0.0118934,1.49634,0.0613431,0.159747,0.376162,0.512602,0.152769,-0.0678057,0.0932797
39726,0.135238,0.011893,1.49634,0.0613431,0.165492,0.363761,0.556687,0.0596676,-0.09655,0.0994244
39742,0.135079,0.0119557,1.49634,0.0536752,0.168258,0.0374758,0.571561,0.0797274,-0.0412967,0.0499046
39758,0.135079,0.0119841,1.49634,0.0536752,0.16787,0.00270961,0.56923,0.130651,-0.0275303,0.0484097
39774,0.135079,0.0119894,1.49634,0.0383394,0.168916,0.190434,0.591445,-0.0061726,-0.0835134,0.0754589
39790,0.135079,0.0119903,1.49634,0.0383394,0.171464,0.203094,0.636524,0.216038,-0.0735643,0.119664
39806,0.135079,0.0119905,1.49634,0.0383394,0.171982,-0.0581801,0.654594,0.0601816,-0.0498103,0.0571549
39822,0.135079,0.0119906,1.49634,0.0383394,0.170021,-0.0964141,0.653783,-0.0534948,-0.0532442,0.032777
39838,0.135079,0.0119906,1.49634,0.0306715,0.168628,0.0119013,0.666254,0.0684123,-0.0579651,0.0693569
39853,0.135079,0.0119906,1.49634,0.0306715,0.16913,0.0705238,0.699228,0.021089,-0.0829844,0.0830646
39870,0.135079,0.0119906,1.49634,0.0306715,0.167139,-0.0567121,0.73195,0.0144026,-0.0649706,0.0629894
39886,0.135079,0.0119906,1.49634,0.0306715,0.164569,-0.224581,0.718261,-0.0236614,-0.0315055,0.0196799
39902,0.135079,0.0119906,1.49634,0.0306715,0.161456,-0.0563161,0.726918,0.109047,-0.0431093,0.0640726
39918,0.135079,0.0119906,1.49634,0.0306715,0.161255,0.126747,0.762713,0.00102778,-0.0977683,0.0930438
39934,0.135079,0.0119906,1.49634,0.0306715,0.161136,-0.0813583,0.782992,0.186718,-0.0417325,0.0815189
39950,0.135079,0.0119906,1.49634,0.0230037,0.158735,-0.21872,0.768415,0.0606957,-0.0236638,0.034171
39966,0.135079,0.0119906,1.49634,0.0230037,0.156305,-0.0504532,0.77511,-0.0128599,-0.0609736,0.0540923
39982,0.135238,0.0119079,1.49634,0.0230037,0.155374,0.078916,0.807519,0.143509,-0.0719447,0.103523
39997,0.135079,0.0119783,1.49634,0.0230037,0.15312,-0.0600456,0.831862,-0.0169724,-0.0678671,0.0599175
40014,0.135238,0.0119255,1.49634,0.0230037,0.151232,-0.160365,0.831549,0.0426923,-0.0392798,0.045497
40030,0.135079,0.0119617,1.49634,0.0153358,0.14883,-0.11507,0.849511,0.0210894,-0.0494331,0.0523724
40046,0.135079,0.0119852,1.49634,-0.00766826,0.147193,-0.0488522,0.865953,0.0941305,-0.0510266,0.0775274
40062,0.135238,0.0119268,1.49634,-0.0920147,0.145394,-0.0208732,0.884747,-0.0421792,-0.064103,0.0780293
40078,0.135238,0.0118992,1.49634,-0.0920147,0.144055,-0.141711,0.898257,-0.119335,-0.0524014,0.0471471
40094,0.135079,0.0119767,1.49634,-0.191698,0.140789,-0.122,0.914238,-0.0195459,-0.0300214,0.073318
40110,0.135079,0.011988,1.49634,-0.452406,0.137423,0.031885,0.930013,-0.134252,-0.0386214,0.117892
40126,0.135079,0.0119901,1.49634,-0.536752,0.137272,-0.00795029,0.955216,-0.374981,-0.0559959,0.0970904
40141,0.135079,0.0119905,1.49634,-0.536752,0.136191,-0.168491,0.958761,-0.366749,-0.0247163,0.0672796
40158,0.135079,0.0119906,1.49634,-0.552088,0.132178,-0.206201,0.951409,-0.413559,-0.0133846,0.0481073
40174,0.135079,0.0119906,1.49634,-0.43707,0.130072,0.0613293,0.970298,-0.589474,-0.098633,0.0634036
40190,0.135079,0.0119906,1.49634,-0.345055,0.130804,0.00110968,1.00497,-0.403784,-0.0855719,0.0729577
40206,0.135079,0.0119906,1.49634,-0.337387,0.129052,-0.185811,1.01097,-0.283935,-0.0363276,0.0503802
40222,0.135079,0.0119906,1.49634,-0.337387,0.124301,-0.0936139,1.01664,-0.350804,-0.0548977,0.0529083
40238,0.135079,0.0119906,1.49634,-0.429402,0.121877,-0.00688721,1.05254,-0.407386,-0.0709229,0.0778057
40254,0.135079,0.0119906,1.49634,-0.43707,0.11966,0.0414795,1.07034,-0.517462,-0.09277,0.0748621
40270,0.135079,0.0119906,1.49634,-0.43707,0.119797,-0.0459207,1.07261,-0.354918,-0.057804,0.0791655
40285,0.135079,0.0119906,1.49634,-0.452406,0.117424,-0.231105,1.07873,-0.438762,-0.0298417,0.0339019
40302,0.135079,0.0119906,1.49634,-0.43707,0.114284,-0.208735,1.06119,-0.4866,-0.0323727,0.0210844
40318,0.135079,0.0119906,1.49634,-0.337387,0.112922,0.162452,1.0831,-0.502545,-0.117201,0.0789618
40334,0.135079,0.0119906,1.49634,-0.253041,0.113849,-0.0270013,1.11257,-0.320967,-0.0791814,0.0640068
40350,0.135079,0.0119906,1.49634,-0.253041,0.110641,-0.229243,1.1136,-0.294223,-0.033975,0.0246072
40366,0.135079,0.0119906,1.49634,-0.253041,0.106629,-0.13492,1.10349,-0.188261,-0.0294403,0.0460979
40382,0.135079,0.0119906,1.49634,-0.253041,0.106002,0.0126994,1.10641,-0.237127,-0.0620277,0.0672634
40398,0.135079,0.0119906,1.49634,-0.253041,0.104805,0.0815815,1.13974,-0.114706,-0.0656227,0.100856
40414,0.135079,0.0119906,1.49634,-0.130354,0.103312,-0.0527122,1.16778,-0.192378,-0.0695525,0.0555851
40429,0.135079,0.0119906,1.49634,-0.00766826,0.102227,-0.163298,1.15521,-0.104932,-0.0488984,0.0259808
40446,0.135079,0.0119906,1.49634,-0.00766826,0.0995584,-0.0319392,1.14752,0.0339503,-0.0498953,0.0611532
40462,0.135079,0.0119906,1.49634,-0.00766826,0.0978635,0.16072,1.17515,-0.170771,-0.113706,0.0757541
40478,0.135079,0.0119906,1.49634,-0.00766826,0.096887,0.0268239,1.20581,-0.0967025,-0.0858329,0.065462
40494,0.135079,0.0119906,1.49634,-0.00766826,0.0956433,-0.182885,1.20092,-0.107506,-0.0456327,0.0219365
40510,0.135079,0.0119906,1.49634,-0.00766826,0.0916399,-0.0356662,1.21457,-0.0411503,-0.0611689,0.0540367
40526,0.135079,0.0119906,1.49634,-0.00766826,0.0916885,0.070125,1.2297,0.0308626,-0.0753932,0.086128
40542,0.135079,0.0119906,1.49634,-0.00766826,0.092072,0.00364075,1.25019,0.0606967,-0.0650462,0.0828348
40558,0.135079,0.0119906,1.49634,0.0153358,0.0917604,-0.32717,1.23753,0.080757,-0.00144725,0.0174441
40573,0.135079,0.0119906,1.49634,0.0153358,0.0845344,-0.130522,1.23743,-0.0020561,-0.0356628,0.032038
40590,0.135079,0.0119906,1.49634,0.0153358,0.0855671,0.22174,1.25968,-0.0267479,-0.109965,0.101489
40606,0.135238,0.0119278,1.49634,0.0153358,0.088711,-0.02714,1.30275,0.0504085,-0.0704635,0.0800135
40622,0.135238,0.0118994,1.49634,0.0230037,0.085573,-0.17994,1.31635,-0.0874462,-0.0583105,0.0319152
40638,0.135238,0.0118941,1.49634,0.0230037,0.0805875,-0.245368,1.29174,-0.04321,-0.0270803,0.0111584
40654,0.135238,0.0118931,1.49634,0.0230037,0.0777788,0.129275,1.31131,0.0216045,-0.0877573,0.0887786
40670,0.135079,0.0119756,1.49634,0.0230037,0.0782281,0.136208,1.33604,-0.0622387,-0.105557,0.0862097
40686,0.135079,0.0119878,1.49634,0.0230037,0.078373,-0.134654,1.35455,0.0442361,-0.0476654,0.0533554
40702,0.135238,0.0119074,1.49634,0.0230037,0.0750129,-0.213124,1.34538,0.102362,-0.0187799,0.0383088
40717,0.135238,0.0118956,1.49634,0.0230037,0.0720869,-0.0195446,1.33595,0.0113161,-0.0582868,0.0562438
40734,0.135238,0.0118934,1.49634,0.0230037,0.0759372,0.0306889,1.34326,0.130651,-0.0609741,0.0881878
40750,0.135238,0.011893,1.49634,0.0230037,0.073479,-0.0853545,1.35661,0.140939,-0.0376246,0.0669324
40766,0.135079,0.0119557,1.49634,0.0230037,0.0691623,-0.151173,1.34254,0.0766397,-0.0229402,0.0363227
40782,0.135238,0.0119214,1.49634,0.0230037,0.0672489,0.135803,1.35119,0.0231466,-0.0809204,0.0821886
40798,0.135238,0.0118982,1.49634,0.0230037,0.0704551,0.139407,1.38448,0.106475,-0.0845304,0.106139
40814,0.135238,0.0118939,1.49634,0.0230037,0.0714558,-0.0723026,1.41279,-0.124993,-0.0821956,0.046821
40830,0.135238,0.0118931,1.49634,0.0230037,0.0689431,-0.444682,1.3906,-0.00976951,0.00921742,-0.0178016
40846,0.135238,0.0118929,1.49634,0.0230037,0.0637664,-0.125731,1.38,-0.0699553,-0.0455171,0.023241
40861,0.135079,0.0119756,1.49634,0.0230037,0.0629736,0.0544025,1.40059,-0.078702,-0.0828998,0.0590679
40878,0.135079,0.0119878,1.49634,0.0230037,0.0614641,0.0541322,1.4403,-0.0776686,-0.0895637,0.0659672
40894,0.135238,0.0119273,1.49634,0.0230037,0.0620195,-0.16809,1.4395,0.106477,-0.027397,0.0478971
40910,0.135079,0.011962,1.49634,0.0230037,0.0587018,-0.22845,1.43424,0.0663535,-0.0145293,0.0250211
40926,0.135079,0.0119853,1.49634,0.0230037,0.0578654,0.0751865,1.43822,0.128593,-0.0620149,0.0886191
40942,0.135079,0.0119896,1.49634,0.0230037,0.0569934,0.0341581,1.45081,-0.055552,-0.078407,0.0600628
40958,0.135079,0.0119904,1.49634,0.0230037,0.0572565,-0.0576446,1.46111,0.048351,-0.0518471,0.0584934
40974,0.135079,0.0119905,1.49634,0.0230037,0.0562606,-0.104805,1.46427,0.0576078,-0.04122,0.0499521
40990,0.135079,0.0119906,1.49634,0.0230037,0.0533026,-0.133858,1.45945,0.117791,-0.0226482,0.0458852
41005,0.135079,0.0119906,1.49634,0.0230037,0.0519308,0.216545,1.47979,-0.0087444,-0.104617,0.0981812
41022,0.135079,0.0119906,1.49634,0.0230037,0.0565793,-0.0455134,1.50141,0.142483,-0.0509826,0.0805692
41038,0.135079,0.0119906,1.49634,0.0230037,0.055054,-0.157032,1.52167,0.0354929,-0.0458587,0.049034
41054,0.135079,0.0119906,1.49634,0.0230037,0.0501474,-0.289204,1.49032,0.137344,0.00602259,0.021429
41070,0.135079,0.0119906,1.49634,0.0230037,0.0464198,0.151527,1.48994,0.0452646,-0.0795764,0.0859918
41086,0.135079,0.0119906,1.49634,0.0230037,0.0487868,0.213744,1.52495,0.119334,-0.094023,0.118703
41102,0.135079,0.0119906,1.49634,0.0230037,0.0487455,-0.0159444,1.54309,0.0123449,-0.0692162,0.0671252
41118,0.135079,0.0119906,1.49634,0.0230037,0.0466589,-0.291069,1.50682,-0.0720123,-0.0172554,-0.00628721
41134,0.135079,0.0119906,1.49634,0.0306715,0.040144,0.0818409,1.5145,-0.00205845,-0.0690554,0.0617771
41149,0.135079,0.0119906,1.49634,0.0306715,0.042842,0.323128,1.55502,-0.0637817,-0.134567,0.113097
41166,0.135079,0.0119906,1.49634,0.0306715,0.0470009,-0.0924165,1.58165,-0.124995,-0.0790523,0.041413
41182,0.135079,0.0119906,1.49634,0.0306715,0.0432365,-0.382988,1.55647,0.0298329,0.00491472,-0.00588108
41198,0.135079,0.0119906,1.49634,0.0306715,0.0375424,-0.108014,1.54002,0.0437218,-0.0305366,0.0337503
41214,0.135079,0.0119906,1.49634,0.0306715,0.038199,0.228272,1.55289,0.11059,-0.0879829,0.108565
41230,0.135079,0.0119906,1.49634,0.0306715,0.0415966,0.00910278,1.58407,0.217582,-0.0477688,0.0937318
41246,0.135079,0.0119906,1.49634,0.0306715,0.0398777,-0.249091,1.59148,0.0853835,-0.0155616,0.0285006
41262,0.135079,0.0119906,1.49634,0.0306715,0.0349336,-0.206604,1.57299,-0.0591511,-0.0284923,0.00632436
41278,0.135079,0.0119906,1.49634,0.0306715,0.0314897,0.0189574,1.56131,-0.0246899,-0.0571954,0.0440877
41293,0.135079,0.0119906,1.49634,0.0306715,0.0361185,0.29941,1.59797,-0.116249,-0.135728,0.101324
41310,0.135079,0.0119906,1.49634,0.0306715,0.0393784,-0.191808,1.6069,-0.11625,-0.0533281,0.0173873
41326,0.135079,0.0119906,1.49634,0.0306715,0.0350685,-0.275874,1.59106,0.0185193,-0.0108539,0.00736599
41342,0.135079,0.0119906,1.49634,0.0230037,0.0327228,0.020161,1.58544,-0.00925835,-0.0622794,0.0548188
41358,0.135079,0.0119906,1.49634,0.0230037,0.0353763,0.0814474,1.60729,0.134252,-0.0654997,0.0931986
41374,0.135079,0.0119906,1.49634,0.0230037,0.0344925,-0.1132,1.63715,0.0925855,-0.040541,0.0574656
41390,0.135079,0.0119906,1.49634,0.0230037,0.0317034,-0.24057,1.61361,0.0123445,-0.0169371,0.0138807
41406,0.135079,0.0119906,1.49634,0.0153358,0.0309358,-0.0142135,1.59333,-0.0658394,-0.0608754,0.0413773
41422,0.135079,0.0119906,1.49634,0.0153358,0.0321342,0.249987,1.64374,-0.112135,-0.128579,0.0986967
41437,0.135079,0.0119906,1.49634,0.0230037,0.0342919,-0.215257,1.64259,-0.134253,-0.0503858,0.0117856
41454,0.135079,0.0119906,1.49634,0.0153358,0.0293206,-0.276544,1.63308,0.0550385,-0.00493095,0.0139804
41470,0.135079,0.0119906,1.49634,0.0153358,0.0258716,0.136867,1.64325,0.0740699,-0.0749678,0.0899339
41486,0.135079,0.0119906,1.49634,0.0153358,0.0289551,0.200423,1.68829,0.097216,-0.0993648,0.120222
41502,0.135079,0.0119906,1.49634,0.0153358,0.0294538,-0.236172,1.69245,-0.0478357,-0.0389516,0.0231137
41518,0.135079,0.0119906,1.49634,0.0153358,0.0262069,-0.392849,1.64901,-0.114192,-0.00288804,-0.0296577
41534,0.135079,0.0119906,1.49634,0.0153358,0.0228758,0.0847753,1.64226,0.0226318,-0.0665796,0.0688171
41550,0.135079,0.0119906,1.49634,0.0153358,0.0249054,0.169251,1.66901,-0.0761262,-0.103601,0.0821169
41566,0.135079,0.0119906,1.49634,0.0153358,0.025724,-0.117736,1.70021,0.153286,-0.0319226,0.0653492
41581,0.135079,0.0119906,1.49634,0.0230037,0.023024,-0.272544,1.66722,0.0298317,-0.00740921,0.00838561
41598,0.135079,0.0119906,1.49634,0.0230037,0.0199742,-0.0148876,1.65022,-0.130652,-0.0650499,0.027762
41614,0.135079,0.0119906,1.49634,0.0230037,0.0225017,0.194704,1.68528,-0.0905316,-0.110837,0.0840322
41630,0.135079,0.0119906,1.49634,0.0230037,0.0254137,-0.13892,1.71253,0.135274,-0.0335539,0.0606613
41646,0.135079,0.0119906,1.49634,0.0230037,0.0216603,-0.502231,1.6841,0.121392,0.0439642,-0.0214688
41662,0.135079,0.0119906,1.49634,0.0230037,0.0146548,-0.138388,1.64367,0.0144023,-0.014652,0.0121789
41678,0.135079,0.0119906,1.49634,0.0230037,0.0154682,0.323402,1.66912,-0.0180038,-0.110308,0.101458
41694,0.135079,0.0119906,1.49634,0.0230037,0.0207598,0.226807,1.72412,-0.116758,-0.126166,0.0930648
41710,0.135079,0.0119906,1.49634,0.0230037,0.0208633,-0.385124,1.70961,0.0498927,0.00918327,-0.00371356
41725,0.135079,0.0119906,1.49634,0.0230037,0.0142897,-0.253095,1.68736,0.0812748,0.00478536,0.00864486
41742,0.135079,0.0119906,1.49634,0.0230037,0.0115572,0.147259,1.69171,-0.0154267,-0.0767234,0.0678781
41758,0.135079,0.0119906,1.49634,0.0230037,0.0144876,0.194964,1.73047,0.00925714,-0.0963142,0.0936796
41774,0.135079,0.0119906,1.49634,0.0230037,0.0171305,-0.134789,1.742,-0.0524645,-0.0505338,0.0318576
41790,0.135079,0.0119906,1.49634,0.0230037,0.0116735,-0.245093,1.71749,0.0632673,-0.00167188,0.0107132
41806,0.135079,0.0119906,1.49634,0.0230037,0.0093403,-0.0182135,1.69319,0.052979,-0.0348993,0.042131
41822,0.135079,0.0119906,1.49634,0.0230037,0.0116616,0.172985,1.72945,0.0951551,-0.0770196,0.0951721
41838,0.135079,0.0119906,1.49634,0.0306715,0.0109494,-0.165297,1.75035,-0.0529808,-0.0378427,0.0169864
41854,0.135079,0.0119906,1.49634,0.0306715,0.00558499,-0.230706,1.71524,-0.140424,-0.0195299,-0.0228999
41869,0.135079,0.0119906,1.49634,0.0306715,0.00371583,0.123281,1.70509,-0.0169736,-0.0638269,0.0525481
41886,0.135079,0.0119906,1.49634,0.0306715,0.00624731,0.262109,1.73104,0.109047,-0.0841115,0.103986
41902,0.135079,0.0119906,1.49634,0.0306715,0.00789532,-0.0250079,1.75204,0.166142,-0.0322982,0.065166
41918,0.135079,0.0119906,1.49634,0.0306715,0.00563341,-0.139578,1.73014,-0.0606961,-0.0300799,0.00734689
41934,0.135079,0.0119906,1.49634,0.0230037,0.00386587,-0.017548,1.69387,-0.132193,-0.0487551,0.0108528
41950,0.135079,0.0119906,1.49634,0.0230037,0.00795234,0.388547,1.73698,0.106468,-0.11078,0.132328
41966,0.135079,0.0119906,1.49634,0.0230037,0.013705,0.0847756,1.80132,0.0946418,-0.0811455,0.0989319
41982,0.135079,0.0119906,1.49634,0.0230037,0.012666,-0.440405,1.78716,-0.0606978,0.00101525,-0.0227397
41998,0.135079,0.0119906,1.49634,0.0153358,0.00230079,-0.386477,1.71881,-0.230437,0.00438848,-0.0655395
42013,0.135079,0.0119906,1.49634,0.0153358,0.00146368,0.429444,1.72691,0.0612099,-0.109891,0.122327
42030,0.135079,0.0119906,1.49634,-0.00766826,0.00789355,0.330463,1.78332,0.201635,-0.095653,0.147639
42046,0.135079,0.0119906,1.49634,-0.00766826,0.00912885,-0.0973519,1.825,0.0550374,-0.0470363,0.0619974
42062,0.135079,0.0119906,1.49634,-0.00766826,0.00570622,-0.442287,1.76918,-0.267473,-0.0044762,-0.0602095
42078,0.135079,0.0119906,1.49634,-0.00766826,-0.00040548,0.00083569,1.7312,-0.0113148,-0.0355106,0.0344855
42094,0.135079,0.0119906,1.49634,-0.00766826,-0.00237327,-0.105083,1.68095,0.105448,0.0130326,0.0139719
42110,0.135079,0.0119906,1.46886,-0.00766826,-0.00034032,0.618644,1.77865,-0.063763,-0.172513,0.160736
42126,0.135079,0.0119906,1.44139,-0.00766826,0.0119992,0.298735,1.91515,-0.2119,-0.19059,0.14195
42142,0.135079,0.0119906,1.43773,-0.00766826,0.0117705,-0.82328,1.89954,0.0900156,0.0543846,-0.0331936
42157,0.135079,0.0119906,1.43773,-0.00766826,0.00041505,-0.582359,1.82969,-0.236099,0.00561157,-0.0631724
42174,0.135079,0.0119906,1.43407,-0.00766826,0.0167929,0.671318,1.76096,0.551386,-0.139346,0.277672
42190,0.135079,0.0119906,1.40842,-0.00766826,0.0293928,0.0126424,1.99937,-0.0869198,-0.178931,0.160056
42206,0.135079,0.0119906,1.37546,0.0153358,0.0176341,-0.0238643,2.20804,0.494317,-0.141994,0.258698
42222,0.135079,0.0119906,1.37179,0.0153358,0.019159,-0.195494,2.39622,-0.0617321,-0.22565,0.206562
42238,0.135079,0.0119906,1.37179,0.0153358,0.011042,-0.39384,2.46858,-0.326626,-0.225319,0.141031
42254,0.135079,0.0119906,1.36996,0.0153358,-0.00929807,-1.26809,2.30068,1.00045,0.167794,0.0676612
42270,0.135079,0.0119906,1.39927,-0.00766826,-0.0289638,-2.07447,2.09796,-0.379095,0.236918,-0.33447
42286,0.135079,0.0119906,1.42308,-0.00766826,-0.0658393,-1.84732,1.73077,-0.463456,0.336944,-0.454908
42301,0.135079,0.0119906,1.42491,-0.00766826,-0.0844395,0.327768,1.3381,-0.0792185,0.108819,-0.126617
42318,0.135079,0.0119906,1.42857,0.0153358,-0.0754637,1.47759,1.20742,-0.190834,-0.100843,0.0541129
42334,0.135079,0.0119906,1.42857,0.0153358,-0.0546905,1.59654,1.35005,-0.391441,-0.214254,0.119432
42350,0.135079,0.0119906,1.42857,0.0153358,-0.0284548,2.30617,1.63179,-0.109561,-0.418588,0.395085
42366,0.135079,0.0119906,1.45971,0.0153358,-0.00328932,0.921649,1.94342,0.799863,-0.161809,0.355536
42382,0.135079,0.0119906,1.45971,0.0153358,-0.00682866,-0.858087,1.88499,-0.288562,0.0508348,-0.12775
42398,0.135079,0.0119906,1.49634,0.0230037,-0.0266125,-1.14225,1.63422,-0.0169738,0.234496,-0.24846
42414,0.135079,0.0119906,1.49634,0.0153358,-0.0320195,0.371617,1.45111,-0.256154,-0.0186201,-0.0468985
42430,0.135079,0.0119906,1.49634,0.0153358,-0.0200618,1.52722,1.52939,-0.118821,-0.251049,0.22287
42446,0.135079,0.0119906,1.49634,0.0153358,0.00027755,1.17646,1.76608,0.189291,-0.238161,0.284163
42462,0.135079,0.0119906,1.49634,0.0153358,0.00781151,0.120511,1.86945,0.346686,-0.0625211,0.14354
42478,0.135079,0.0119906,1.49634,0.0153358,0.0074703,-0.622248,1.84869,-0.272107,0.00353814,-0.075489
42494,0.135079,0.0119906,1.49634,0.0153358,-0.00916694,-0.971281,1.68654,-0.021604,0.162919,-0.175323
42510,0.135079,0.0119906,1.49634,0.0153358,-0.0187231,0.289,1.59829,-0.0951528,-0.0401499,0.013763
42526,0.135079,0.0119906,1.49634,0.0153358,-0.0085006,1.10193,1.66103,0.175405,-0.187277,0.229509
42542,0.135079,0.0119906,1.49634,0.0153358,0.0057,0.626276,1.79888,-0.149683,-0.195278,0.157112
42558,0.135079,0.0119906,1.47253,0.0153358,0.0112799,-0.324621,1.81801,0.0128574,-0.0208547,0.0192566
42574,0.135079,0.0119906,1.47253,0.0153358,0.00354739,-0.582143,1.76341,0.0529824,0.0565059,-0.0492977
42589,0.135079,0.0119906,1.47253,0.0153358,-0.00237954,-0.113202,1.72559,-0.131679,-0.0331304,-0.00317254
42606,0.135079,0.0119906,1.47253,0.0153358,-0.00633121,0.229869,1.72408,-0.0560673,-0.0798762,0.0630199
42622,0.135238,0.0119278,1.45055,0.0230037,-0.00062305,0.378831,1.75589,0.00874295,-0.122222,0.119847
42638,0.135079,0.0119621,1.39194,0.0230037,0.0050775,-0.048194,1.79421,-0.0185182,-0.0793999,0.0691137
42654,0.135079,0.0119853,1.39011,0.0230037,0.00316512,-0.428547,1.81003,0.0853874,0.00176667,0.0119749
42670,0.135079,0.0119896,1.39011,0.0230037,-0.00381232,-0.220311,1.7971,0.210378,-0.00671598,0.0514362
42686,0.135079,0.0119904,1.36813,0.0230037,-0.00492686,-0.038869,1.76085,0.0236606,-0.0573993,0.0572553
42702,0.135079,0.0119905,1.40842,0.0306715,-0.00773019,0.00524253,1.76676,0.0869282,-0.0460793,0.059558
42718,0.135238,0.0119079,1.47253,0.0306715,-0.00605675,0.122345,1.81828,0.121907,-0.0631496,0.0855413
42733,0.135238,0.0118957,1.49634,0.0306715,-0.00347015,-0.277077,1.80343,-0.00308571,-0.00042967,-0.00885084
42750,0.135079,0.0119562,1.49634,0.0306715,-0.00966965,-0.0780347,1.76187,-0.165109,-0.0365886,-0.0115716
42766,0.135079,0.0119842,1.49634,0.0306715,-0.0104616,0.240797,1.75442,0.0864125,-0.0612456,0.0753007
42782,0.135079,0.0119894,1.49634,0.0306715,-0.00357301,0.209497,1.80675,0.0190341,-0.087197,0.0848686
42798,0.135238,0.0119276,1.49634,0.0306715,-0.00582126,-0.130921,1.82769,-0.0606969,-0.035973,0.0131164
42814,0.135238,0.0118993,1.49634,0.0306715,-0.00781331,-0.224981,1.76469,-0.0113202,0.00521234,-0.0163997
42830,0.135079,0.0119767,1.49634,0.0306715,-0.010362,0.267433,1.76439,0.00771601,-0.0781865,0.073183
42846,0.135079,0.011988,1.49634,0.0306715,-0.00121144,0.341125,1.83483,0.0473234,-0.118262,0.123283
42862,0.135079,0.0119901,1.47619,0.0306715,-0.00074957,-0.172622,1.8587,-0.0277756,-0.0445367,0.0296398
42877,0.135079,0.0119905,1.45055,0.0306715,-0.00532858,-0.236182,1.80064,-0.0180038,-0.0166623,0.00386381
42894,0.135079,0.0119906,1.44689,0.0306715,-0.0067828,0.0609255,1.80902,0.00874484,-0.0681877,0.0628379
42910,0.135079,0.0119906,1.44689,0.0306715,-0.00280713,0.139273,1.86487,0.113158,-0.0894089,0.109787
42926,0.135079,0.0119906,1.44689,0.0306715,-0.00240654,-0.158767,1.86445,0.0509235,-0.0430356,0.047314
42942,0.135079,0.0119906,1.41941,0.0306715,-0.00665662,-0.452413,1.82577,0.108019,0.0271378,-0.00998078
42958,0.135079,0.0119906,1.41941,0.0306715,-0.00873506,0.0630586,1.84884,0.12345,-0.0672549,0.0898049
42974,0.135079,0.0119906,1.39194,0.0306715,-0.00929742,0.12168,1.87542,-0.204201,-0.129536,0.0725545
42990,0.135079,0.0119906,1.36813,0.0306715,-0.0118304,0.0598552,1.90435,0.0488689,-0.0957415,0.100108
43006,0.135079,0.0119906,1.34066,0.0306715,-0.0115703,-0.469595,1.92474,0.0761306,-0.00728926,0.0165919
43021,0.135079,0.0119906,1.34066,0.0306715,-0.0152895,-0.315168,1.90601,-0.152768,-0.0528718,0.00691998
43038,0.135079,0.0119906,1.34066,0.0306715,-0.017478,-0.400594,1.86337,0.0272625,-0.00181943,-0.00064444
43054,0.135079,0.0119906,1.37546,0.0306715,-0.0220528,0.0697248,1.90513,0.0432066,-0.0800473,0.0829154
43070,0.135079,0.0119906,1.39927,0.0306715,-0.0183584,-0.280806,1.88566,0.0390938,-0.0123264,0.0131084
43086,0.135079,0.0119906,1.42125,0.0306715,-0.0250047,-0.274148,1.86716,-0.0123448,0.00053056,-0.012349
43102,0.135079,0.0119906,1.42125,0.0306715,-0.0250408,0.00030369,1.86675,0.0210947,-0.045428,0.0426318
43118,0.135079,0.0119906,1.42308,0.0306715,-0.0259997,0.129281,1.85155,-0.0406381,-0.0709487,0.0535311
43134,0.135079,0.0119906,1.42491,0.0306715,-0.0243245,-0.113999,1.82411,0.0761274,-0.00814917,0.0183761
43150,0.135079,0.0119906,1.42491,0.0306715,-0.0268775,0.0206932,1.86437,0.160484,-0.0278154,0.0589723
43165,0.135079,0.0119906,1.42308,0.0306715,-0.0277865,0.142867,1.86918,-0.0483509,-0.075594,0.0563205
43182,0.135079,0.0119906,1.39377,0.0306715,-0.0241152,0.0914415,1.84065,-0.0298324,-0.0701046,0.0552255
43198,0.135079,0.0119906,1.39377,0.0230037,-0.0196516,0.0120307,1.89588,0.171801,-0.0503942,0.0862611
43214,0.135079,0.0119906,1.39744,0.0230037,-0.0207354,-0.258148,1.90331,-0.0961897,-0.032668,0.00244075
43230,0.135079,0.0119906,1.39744,0.0230037,-0.0246379,-0.11533,1.84571,-0.193925,-0.0507798,-0.00283521
43246,0.135079,0.0119906,1.39744,0.0230037,-0.0285525,0.0527991,1.86138,0.0678979,-0.0470161,0.0575944
43262,0.135079,0.0119906,1.39377,0.0230037,-0.0235989,0.241191,1.91996,0.0246902,-0.109378,0.110137
43278,0.135238,0.0119079,1.39194,0.0306715,-0.0211387,-0.139982,1.91099,-0.0673839,-0.05424,0.0295347
43294,0.135079,0.0119783,1.39194,0.0306715,-0.0215923,-0.464803,1.89586,-0.0164692,0.0156994,-0.0290756
43309,0.135079,0.0119883,1.39377,0.0306715,-0.0309242,-0.167839,1.89524,0.165631,-0.00068375,0.0324355
43326,0.135079,0.0119901,1.39377,0.0306715,-0.0310341,0.176843,1.86709,-0.185177,-0.0995201,0.0470214
43342,0.135079,0.0119905,1.39377,0.0230037,-0.0287988,0.0637263,1.90248,0.105447,-0.0545532,0.0743076
43358,0.135079,0.0119906,1.39377,0.0306715,-0.0302759,-0.304251,1.89275,-0.0447508,-0.00176659,-0.0181023
43374,0.135079,0.0119906,1.36996,0.0306715,-0.0347159,-0.0376649,1.84888,-0.126537,-0.0484975,0.00952031
43390,0.135079,0.0119906,1.36996,0.0306715,-0.0330483,0.331256,1.89182,0.0452657,-0.107868,0.111918
43406,0.135079,0.0119906,1.36996,0.0230037,-0.0294645,0.00803032,1.92659,0.154315,-0.0485952,0.0800591
43422,0.135079,0.0119906,1.36996,0.0230037,-0.031804,-0.21406,1.88506,0.0277766,-0.00980628,0.00972173
43438,0.135079,0.0119906,1.36996,0.0230037,-0.0331403,-0.0511216,1.87985,0.060183,-0.0322606,0.0405665
43453,0.135079,0.0119906,1.337,0.0230037,-0.0329239,0.147799,1.88592,-0.0560759,-0.09226,0.0729314
43470,0.135079,0.0119906,1.3022,0.0230037,-0.0271993,0.138597,1.91543,-0.120362,-0.122799,0.0878955
43486,0.135079,0.0119906,1.30403,0.0230037,-0.0283352,-0.479447,1.9506,0.0977327,0.0107122,0.00544326
43502,0.135079,0.0119906,1.30403,0.0230037,-0.0359089,-0.395251,1.92089,-0.105962,-0.0101158,-0.0231365
43518,0.135079,0.0119906,1.30403,0.0230037,-0.0395517,-0.0156905,1.87065,-0.0293209,-0.052478,0.039036
43534,0.135079,0.0119906,1.30403,0.0230037,-0.0390587,0.23293,1.92563,0.115735,-0.0940133,0.116686
43550,0.135079,0.0119906,1.30403,0.0230037,-0.0367333,-0.0758983,1.93784,-0.0864143,-0.0687605,0.0412867
43566,0.135079,0.0119906,1.3663,0.0230037,-0.0396527,-0.250423,1.89482,-0.0123449,0.00160204,-0.0116802
43582,0.135079,0.0119906,1.3663,0.0230037,-0.0414185,-0.00155605,1.89812,0.0190308,-0.0379835,0.0363178
43597,0.135079,0.0119906,1.3663,0.0230037,-0.0403564,0.216011,1.89643,-0.144535,-0.09896,0.0582143
43614,0.135079,0.0119906,1.36264,0.0230037,-0.0358742,0.166188,1.89826,-0.065329,-0.0888201,0.0672531
43630,0.135079,0.0119906,1.36264,0.0230037,-0.0344447,-0.327967,1.92552,0.121394,0.0154789,0.00681674
43646,0.135079,0.0119906,1.38828,0.0230037,-0.0411981,-0.333572,1.8607,-0.0822992,0.0239855,-0.0513865
43662,0.135238,0.0119278,1.39011,0.0230037,-0.0428113,-0.200097,1.76162,-0.389386,-0.0114609,-0.0902699
43678,0.135238,0.0118994,1.39011,0.0230037,-0.0373183,0.812132,1.86069,-0.0807522,-0.191382,0.168118
43694,0.135238,0.0118941,1.39194,0.0230037,-0.0303215,0.354165,2.02438,0.590024,-0.0755182,0.214117
43710,0.135238,0.0118931,1.39377,0.0230037,-0.0265496,-0.358756,1.96137,-0.367274,-0.0523119,-0.0442734
43726,0.135079,0.0119756,1.39744,0.0230037,-0.0382801,-1.47175,1.79432,-0.0344643,0.250825,-0.270234
43741,0.135079,0.0119878,1.39744,0.0230037,-0.0549624,0.255807,1.55046,0.343066,0.0652533,0.0124838
43758,0.135079,0.0119901,1.41941,0.0230037,-0.0465835,0.34039,1.42278,-0.0977315,0.0177197,-0.0468654
43774,0.135079,0.0119905,1.42308,0.0230037,-0.0415504,0.63837,1.34657,-0.0895035,-0.0252151,-0.00090627
43790,0.135238,0.0119278,1.42308,0.0230037,-0.0310575,1.04771,1.39156,-0.485563,-0.175992,0.0549933
43806,0.135079,0.0119621,1.42308,0.0306715,0.00467862,1.73675,1.8153,0.862092,-0.29669,0.504561
43822,0.135079,0.0119853,1.42308,0.0306715,0.0241835,0.145284,2.03543,-0.271075,-0.226752,0.154097
43838,0.135079,0.0119896,1.42308,0.0306715,0.0189695,-1.64364,2.01702,0.349779,0.188528,-0.11598
43854,0.135079,0.0119904,1.42125,0.0306715,-0.00735661,-1.07786,1.80465,-0.20935,0.109457,-0.171555
43870,0.135079,0.0119905,1.41941,0.0230037,-0.0196017,0.104317,1.64589,-0.117793,-0.0378527,0.00350484
43885,0.135079,0.0119906,1.39744,0.0230037,-0.0156233,0.711093,1.69773,-0.0725233,-0.167084,0.145783
43902,0.135079,0.0119906,1.39744,0.0230037,-0.00622262,0.924719,1.95066,0.110076,-0.258616,0.282621
43918,0.135079,0.0119906,1.39744,0.0230037,0.00053829,-0.431891,2.03908,0.127562,-0.040232,0.0642265
43934,0.135079,0.0119906,1.39377,0.0230037,-0.00754032,-0.906366,2.05339,-0.113162,0.0262132,-0.0624396
43950,0.135079,0.0119906,1.39377,0.0230037,-0.0197408,-1.09413,1.85383,-0.0735578,0.132044,-0.159459
43966,0.135079,0.0119906,1.39377,0.0230037,-0.0321979,0.321123,1.76151,-0.0164584,-0.077807,0.0686549
43982,0.135079,0.0119906,1.42308,0.0230037,-0.0204539,1.14741,1.84337,-0.396606,-0.306501,0.207706
43998,0.135079,0.0119906,1.42308,0.0230037,-0.0122163,0.463312,1.95751,0.706238,-0.0876795,0.255157
44014,0.135079,0.0119906,1.42491,0.0230037,-0.00480763,0.0085451,2.04235,-0.112644,-0.135543,0.10243
44029,0.135079,0.0119906,1.42308,0.0230037,-0.0131185,1.02559,2.19612,-0.21502,-0.356885,0.302053
44046,0.135079,0.0119906,1.42125,0.0230037,-0.0207823,-1.33908,1.98526,-0.0375484,0.158505,-0.177946
44062,0.135079,0.0119906,1.42125,0.0306715,-0.0262309,1.20223,1.90479,0.851325,-0.171311,0.374394
44078,0.135079,0.0119906,1.41941,0.0306715,-0.042667,-0.44935,1.85104,-0.66766,-0.0149138,-0.157183
44094,0.135079,0.0119906,1.39377,0.0306715,-0.0484525,-0.120052,1.66139,0.0714993,0.0625677,-0.0538687
44110,0.135079,0.0119906,1.39377,0.0306715,-0.0485955,-0.044676,1.52133,0.100303,0.0853784,-0.0694556
44126,0.135079,0.0119906,1.39377,0.0383394,0.00350481,1.29512,1.79999,-0.197524,-0.34691,0.293653
44142,0.135079,0.0119906,1.39744,0.0383394,0.0182227,0.401588,2.20415,1.2551,-0.125054,0.422648
44158,0.135079,0.0119906,1.39744,0.0383394,0.00867029,-1.91386,2.13162,-0.245348,0.148587,-0.223708
44173,0.135079,0.0119906,1.37179,0.0383394,-0.0252323,-1.51989,1.84189,-0.892972,0.115083,-0.347059
44190,0.135079,0.0119906,1.36813,0.0383394,-0.0382756,-0.186067,1.67615,-0.332285,-0.00139476,-0.0900735
44206,0.135079,0.0119906,1.36813,0.0383394,-0.041685,0.875509,1.67972,-0.4506,-0.205128,0.0882512
44222,0.135079,0.0119906,1.36996,0.0383394,-0.025881,0.674376,1.81907,0.168201,-0.151203,0.1845
44238,0.135079,0.0119906,1.36813,0.0383394,-0.0246473,-0.102439,1.8841,0.0807563,-0.0375033,0.047045
44254,0.135079,0.0119906,1.36813,0.0383394,-0.0284895,-0.796114,1.86431,0.1394,0.107341,-0.0858313
44270,0.135079,0.0119906,1.3663,0.0383394,-0.0391523,-0.262568,1.77291,-0.0828145,0.0211888,-0.052199
44286,0.135079,0.0119906,1.36813,0.0383394,-0.0400795,0.3815,1.74191,0.051953,-0.0709783,0.0748195
44302,0.135079,0.0119906,1.36813,0.0306715,-0.0310133,0.317033,1.81841,0.223235,-0.0701723,0.117495
44317,0.135079,0.0119906,1.36813,0.0306715,-0.026345,-0.138793,1.87615,-0.0540185,-0.0416651,0.0201357
44334,0.135079,0.0119906,1.36996,0.0306715,-0.0314991,-0.548716,1.7931,-0.183127,0.0459068,-0.100266
44350,0.135079,0.0119906,1.39744,0.0306715,-0.0395661,-0.0655139,1.74012,0.0581226,0.0188841,-0.013118
44366,0.135079,0.0119906,1.42857,0.0383394,-0.0378418,0.628099,1.77295,-0.0632681,-0.126803,0.103433
44382,0.135079,0.0119906,1.42857,0.0383394,-0.0280009,0.254535,1.81192,-0.123966,-0.091052,0.0518602
44398,0.135079,0.0119906,1.42857,0.0383394,-0.0287023,-0.151439,1.79254,-0.0164625,0.00191376,-0.0162734
44414,0.135079,0.0119906,1.45604,0.0383394,-0.0303825,-0.112669,1.74765,0.152256,0.0350341,-0.00825515
44430,0.135079,0.0119906,1.45604,0.0383394,-0.0303986,0.371763,1.74728,0.0354925,-0.0675988,0.0675319
44446,0.135079,0.0119906,1.45788,0.0383394,-0.0243393,0.497266,1.78605,-0.0288037,-0.116889,0.10168
44461,0.135079,0.0119906,1.45788,0.0383394,-0.0170803,0.130471,1.80356,-0.0498962,-0.068324,0.046909
44478,0.135079,0.0119906,1.45604,0.222369,-0.0176865,-0.286931,1.78886,0.130139,0.0115067,-0.0352532
44494,0.135079,0.0119906,1.45788,0.475409,-0.0201141,0.00843437,1.78142,0.158942,-0.0635998,-0.0137906
44510,0.135079,0.0119906,1.49634,0.728449,-0.0187532,0.24199,1.7993,0.306569,-0.11649,0.0142221
44526,0.135079,0.0119906,1.49634,0.866471,-0.0142178,0.147259,1.81072,0.471683,-0.105947,0.0100336
44542,0.135079,0.0119906,1.49634,0.866471,-0.0139014,-0.197535,1.80768,0.891926,0.00833053,-0.00310159
44558,0.135079,0.0119906,1.49634,0.866471,-0.0160884,-0.00954732,1.78885,0.781336,-0.0314903,0.0103824
44574,0.135079,0.0119906,1.49634,0.766789,-0.01391,0.0433476,1.76889,0.650686,-0.0437885,0.015345
44590,0.135079,0.0119906,1.47253,0.575092,-0.0121097,0.213479,1.78964,0.565815,-0.0753036,0.073437
44605,0.135079,0.0119906,1.43407,0.406398,-0.00782039,-0.0536478,1.82133,0.648628,-0.0193647,0.0779074
44622,0.135079,0.0119906,1.40293,0.161026,-0.0102522,-0.095082,1.79581,0.442876,-0.00433231,0.0723464
44638,0.135079,0.0119906,1.4011,0.0536752,-0.0130068,-0.170363,1.79351,0.211409,-0.00104941,0.03858
44654,0.135079,0.0119906,1.39927,0.0536752,-0.0155111,-0.0319315,1.80266,0.205235,-0.025605,0.0620453
44670,0.135079,0.0119906,1.39744,0.0536752,-0.0170859,-0.065506,1.78473,0.0689261,-0.02968,0.0328194
44686,0.135079,0.0119906,1.39744,0.0536752,-0.018221,-0.0242051,1.76469,0.0473215,-0.0333052,0.0313008
44702,0.135079,0.0119906,1.3663,0.0536752,-0.0176827,0.022027,1.79038,0.161002,-0.0421579,0.0679815
44718,0.135079,0.0119906,1.3663,0.0536752,-0.0161897,0.0167008,1.81948,0.0560655,-0.0631885,0.0634898
44734,0.135079,0.0119906,1.3663,0.0536752,-0.0169223,-0.0972096,1.82064,-0.0257191,-0.0513777,0.031401
44749,0.135079,0.0119906,1.38828,0.0536752,-0.0185126,-0.230173,1.80189,0.176946,0.00969258,0.0191816
44766,0.135079,0.0119906,1.41575,0.0536752,-0.0223141,-0.0785665,1.80245,0.090019,-0.0160743,0.0242261
44782,0.135079,0.0119906,1.41941,0.0536752,-0.0223132,0.179244,1.7983,-0.0174862,-0.0744338,0.0572593
44798,0.135079,0.0119906,1.41941,0.0536752,-0.0204663,0.0647946,1.78241,-0.0483514,-0.0565391,0.0315094
44814,0.135079,0.0119906,1.41575,0.0536752,-0.0208321,0.0250905,1.78763,0.0853865,-0.0345247,0.0419034
44830,0.135079,0.0119906,1.41575,0.0536752,-0.0191694,-0.0361933,1.80754,-0.010802,-0.0423846,0.0261896
44846,0.135079,0.0119906,1.41392,0.0383394,-0.018158,0.0329495,1.79262,-0.159466,-0.0697968,0.0213969
44862,0.135079,0.0119906,1.41209,0.0383394,-0.0156563,-0.0340606,1.78176,-0.0756146,-0.0493158,0.0211373
44878,0.135079,0.0119906,1.41209,0.0383394,-0.0130361,-0.0889615,1.8022,0.0509217,-0.0329735,0.0354485
44893,0.135079,0.0119906,1.41026,0.0383394,-0.0161008,-0.12665,1.80965,0.0565804,-0.0225825,0.0262689
44910,0.135079,0.0119906,1.40842,0.0383394,-0.0164801,-0.0391262,1.78683,-0.15174,-0.058344,0.011616
44926,0.135079,0.0119906,1.40842,0.0383394,-0.0196894,-0.0256726,1.75756,0.028291,-0.026843,0.0239097
44942,0.135079,0.0119906,1.43223,0.0383394,-0.0166451,0.0988986,1.77033,0.065842,-0.0474233,0.0540723
44958,0.135079,0.0119906,1.43223,0.0383394,-0.017943,0.0116361,1.78823,0.031377,-0.0377429,0.0357082
44974,0.135079,0.0119906,1.43223,0.0383394,-0.0176736,0.0827825,1.77371,-0.164601,-0.0715862,0.0220981
44990,0.135079,0.0119906,1.49084,0.0383394,-0.0130588,0.126479,1.77612,-0.0473213,-0.0596608,0.0389079
45006,0.135079,0.0119906,1.49634,0.0306715,-0.0109862,-0.0242032,1.79778,0.0745846,-0.023543,0.0338644
45022,0.135079,0.0119906,1.49634,0.0306715,-0.0117227,-0.121726,1.78913,0.0216046,-0.00891933,0.00602238
45037,0.135079,0.0119906,1.49634,0.0306715,-0.013831,0.204021,1.77592,-0.121395,-0.0793091,0.0426367
45054,0.135079,0.0119906,1.49634,0.0383394,-0.00775784,0.0670555,1.74398,-0.0586371,-0.0499741,0.0263477
45070,0.135079,0.0119906,1.49634,0.0383394,-0.00699852,0.0242922,1.76391,0.0257185,-0.0378228,0.0345982
45086,0.135079,0.0119906,1.49634,0.0383394,-0.0079254,-0.0493839,1.77875,0.0262317,-0.0262634,0.0229147
45102,0.135079,0.0119906,1.49634,0.0383394,-0.010272,0.0850454,1.75275,-0.242785,-0.0735924,0.00518234
45118,0.135079,0.0119906,1.49634,0.0383394,-0.00521872,0.224804,1.75409,-0.0581287,-0.0852594,0.0623057
45134,0.135079,0.0119906,1.49634,0.0383394,-0.00152368,0.0376175,1.77462,0.164598,-0.0348206,0.0655137
45150,0.135079,0.0119906,1.49634,0.0383394,-0.00571144,-0.0952052,1.79181,0.0442345,-0.0223709,0.0232897
45166,0.135079,0.0119906,1.49634,0.0383394,-0.00625386,-0.0593769,1.75569,-0.0864106,-0.0354307,0.00466261
45181,0.135079,0.0119906,1.49634,0.0383394,-0.00851853,0.443699,1.74307,-0.00205835,-0.110508,0.101853
45198,0.135079,0.0119906,1.49634,0.0383394,0.00257757,0.194189,1.78483,0.234555,-0.0640243,0.112307
45214,0.135079,0.0119906,1.49634,0.0383394,0.00518617,-0.284532,1.82655,-0.0617236,-0.0265279,0.00122214
45230,0.135079,0.0119906,1.49634,0.0306715,-0.00416961,-0.486393,1.78977,-0.108016,0.0295527,-0.0650539
45246,0.135079,0.0119906,1.49634,0.0306715,-0.00829232,0.169511,1.75906,0.0282911,-0.0598839,0.0595999
45262,0.135079,0.0119906,1.49634,0.0306715,-0.00542654,0.151925,1.76259,0.0612036,-0.0581679,0.0658784
45278,0.135079,0.0119906,1.49634,0.0230037,-0.00258379,0.06946,1.81084,0.0370291,-0.0610454,0.0645244
45294,0.135079,0.0119906,1.49634,0.0230037,-0.00199644,-0.218719,1.79785,-0.0478381,-0.0165786,-0.00151649
45310,0.135079,0.0119906,1.49634,0.0230037,-0.00537763,-0.210201,1.74697,0.00257171,0.00543248,-0.0112941
45326,0.135079,0.0119906,1.49634,0.0230037,-0.00706495,0.0164287,1.72879,-0.00617351,-0.0300493,0.0227634
45342,0.135079,0.0119906,1.49634,0.0230037,-0.0106654,0.281029,1.77809,0.0946453,-0.0718804,0.0899357
45358,0.135079,0.0119906,1.49634,0.0230037,-0.00553617,0.129542,1.78584,-0.21501,-0.0919681,0.0342679
45374,0.135079,0.0119906,1.49634,0.0230037,-0.00274681,-0.169826,1.76419,-0.0354914,-0.0148987,-5.164e-05
45390,0.135079,0.0119906,1.49634,0.0153358,-0.00500849,0.00950535,1.76885,0.0406357,-0.0349136,0.0408984
45406,0.135079,0.0119906,1.49634,0.0153358,-0.00767375,0.143533,1.78685,0.099788,-0.0521152,0.0728893
45422,0.135079,0.0119906,1.49634,0.0230037,-0.00563338,0.189629,1.80519,-0.150713,-0.0995256,0.057666
45438,0.135079,0.0119906,1.49634,0.0230037,-0.00585676,-0.169429,1.74664,-0.0498931,-0.00753527,-0.0109674
45454,0.135079,0.0119906,1.49634,0.0230037,-0.00801833,0.0642604,1.73055,0.0786971,-0.0273455,0.0408505
45469,0.135079,0.0119906,1.49634,0.0230037,-0.00588575,0.299149,1.76916,0.179001,-0.0706358,0.109344
45486,0.135079,0.0119906,1.49634,0.0230037,-0.00084852,0.0230949,1.78691,-0.0293204,-0.0578412,0.0450478
45502,0.135079,0.0119906,1.49634,0.0230037,-0.00176389,-0.197535,1.77301,-0.118303,-0.0235594,-0.0116135
45519,0.135079,0.0119906,1.49634,0.0230037,-0.00510169,-0.0641737,1.75351,0.0931021,-0.0122518,0.0288945
45534,0.135079,0.0119906,1.49634,0.0230037,-0.00443505,0.276767,1.77848,0.0951589,-0.0812777,0.0995366
45550,0.135079,0.0119906,1.49634,0.0230037,-0.00066981,0.1827,1.8124,-0.0416631,-0.0947912,0.0795176
45566,0.135079,0.0119906,1.49634,0.0230037,-0.00015991,-0.265355,1.78631,-0.022631,-0.00527394,-0.00681335
45582,0.135079,0.0119906,1.49634,0.0230037,-0.00487164,-0.17982,1.75069,0.0550378,0.00455352,0.00245693
45598,0.135079,0.0119906,1.49634,0.0230037,-0.00523941,0.160987,1.76654,0.0313767,-0.0637468,0.0660984
45613,0.135079,0.0119906,1.49634,0.0153358,-0.00250691,0.186701,1.79238,-0.0967015,-0.0935871,0.0667695
45630,0.135079,0.0119906,1.49634,0.0153358,-0.00080462,-0.159168,1.76636,-0.0221179,-0.0179628,0.0081958
45646,0.135079,0.0119906,1.49634,0.0153358,-0.00257998,-0.103608,1.74223,-0.0411502,-0.0218796,0.00763043
45662,0.135079,0.0119906,1.49634,0.0153358,-0.00334539,0.162451,1.76722,0.0730413,-0.0612661,0.075654
45678,0.135079,0.0119906,1.49634,0.0153358,-0.00087051,0.158322,1.79248,0.0524658,-0.0729682,0.0823778
45694,0.135079,0.0119906,1.49634,0.0153358,-0.00012597,-0.0555129,1.78109,-0.142481,-0.0560933,0.0173878
45710,0.135079,0.0119906,1.49634,0.0153358,-0.00241204,-0.199276,1.73587,0.0210883,0.00439013,-0.00380348
45726,0.135079,0.0119906,1.49634,0.0153358,-0.00329271,0.198155,1.7395,0.0529805,-0.0638128,0.0734306
45742,0.135079,0.0119906,1.49634,0.0230037,0.00163413,0.271169,1.78737,0.0113135,-0.10241,0.100342
45757,0.135079,0.0119906,1.49634,0.0230037,0.00323119,-0.213925,1.79206,-0.1574,-0.0379188,-0.00674221
45774,0.135079,0.0119906,1.49634,0.0230037,-0.00094173,-0.232574,1.76097,0.0288058,0.00219803,-0.0016804
45790,0.135079,0.0119906,1.49634,0.0230037,-0.00342721,0.00110675,1.75811,0.0365251,-0.0348665,0.0379797
45806,0.135079,0.0119906,1.49634,0.0230037,-0.00273959,0.250385,1.79118,0.103906,-0.0811338,0.101463
45822,0.135079,0.0119906,1.49634,0.0230037,-0.00147408,-0.0429922,1.78927,-0.226322,-0.0692214,0.00827223
45838,0.135079,0.0119906,1.49634,0.0230037,-0.0028813,-0.0954804,1.76174,-0.0591519,-0.0305694,0.0100998
45854,0.135079,0.0119906,1.49634,0.0230037,-0.00363206,0.0794451,1.76601,-0.144023,-0.0726363,0.0320709
45870,0.135079,0.0119906,1.49634,0.0230037,-0.0024156,0.0312215,1.7801,0.0360068,-0.0472412,0.0503447
45886,0.135079,0.0119906,1.49634,0.0306715,-0.00279915,-0.088554,1.77698,-0.157393,-0.0484098,0.00219724
45901,0.135079,0.0119906,1.49634,0.0306715,-0.00376028,-0.0794942,1.7474,-0.140943,-0.0395611,-0.00263919
45918,0.135079,0.0119906,1.49634,0.0306715,-0.00465879,0.120351,1.75505,0.0812715,-0.0494393,0.0619407
45934,0.135079,0.0119906,1.49634,0.0306715,-0.00292702,0.110093,1.77854,0.0498921,-0.0597068,0.06457
45950,0.135079,0.0119906,1.49634,0.0230037,-0.00274828,-0.0564326,1.76767,-0.103895,-0.044751,0.0135238
45966,0.135079,0.0119906,1.49634,0.0230037,-0.0043565,-0.0575167,1.7314,-0.124479,-0.035924,-0.00034551
45982,0.135079,0.0119906,1.49634,0.0230037,-0.004773,0.170308,1.73849,0.204201,-0.0386387,0.0830728
45998,0.135079,0.0119906,1.49634,0.0306715,-0.00060339,0.11822,1.77293,0.0221141,-0.0670349,0.0651989
46014,0.135079,0.0119906,1.49634,0.0306715,-0.00103701,-0.13332,1.78924,0.00462941,-0.0262918,0.0193856
46030,0.135079,0.0119906,1.49634,0.0306715,-0.00471885,-0.107875,1.75736,-0.0442353,-0.0234027,0.00462872
46045,0.135079,0.0119906,1.49634,0.0230037,-0.00579489,0.169647,1.74737,0.0792138,-0.054116,0.0681233
46062,0.135079,0.0119906,1.49634,0.0230037,-0.00206464,0.186037,1.78778,0.197523,-0.0583005,0.10121
46078,0.135079,0.0119906,1.49634,0.0230037,-0.00140674,-0.128922,1.79493,-0.0987563,-0.0394561,0.00927014
46094,0.135079,0.0119906,1.49634,0.0230037,-0.00104149,-0.150907,1.76392,0.0118293,-0.0153235,0.0119733
46110,0.135079,0.0119906,1.49634,0.0153358,-0.00326088,0.0148341,1.74924,0.0241772,-0.0361332,0.0381529
46126,0.135079,0.0119906,1.49634,0.0153358,-0.00255937,0.0718594,1.76691,0.0180033,-0.0525978,0.0533131
46142,0.135079,0.0119906,1.49634,0.0153358,-0.0015187,0.0180296,1.77857,0.0642975,-0.0415648,0.0533879
46158,0.135079,0.0119906,1.49634,0.0153358,-0.0035379,-0.0757648,1.75362,-0.137851,-0.0398257,0.00212555
46174,0.135079,0.0119906,1.49634,0.0153358,-0.00436018,0.0967683,1.74063,-0.00360113,-0.0506755,0.0461831
46189,0.135079,0.0119906,1.49634,0.0153358,-0.0018929,0.112893,1.76824,0.0457782,-0.0581237,0.0657397
46206,0.135079,0.0119906,1.49634,0.0153358,-0.00143579,-0.0565813,1.77696,0.0426943,-0.0303049,0.0366315
46222,0.135079,0.0119906,1.49634,0.0230037,-0.00253397,-0.0123461,1.76125,-0.159455,-0.0584018,0.0138006
46238,0.135079,0.0119906,1.49634,0.0230037,-0.00283947,0.1005,1.75184,0.00720319,-0.0560853,0.0523927
46254,0.135079,0.0119906,1.49634,0.0306715,-0.00176424,0.063591,1.77606,-0.0293211,-0.0621374,0.0475934
46270,0.135079,0.0119906,1.49634,0.0306715,-0.00258225,-0.195809,1.78224,0.0308614,-0.00752261,0.00677305
46286,0.135079,0.0119906,1.49634,0.0306715,-0.00526235,0.0153637,1.77174,-0.186204,-0.0656647,0.0127401
46302,0.135079,0.0119906,1.49634,0.0383394,-0.00294655,0.214548,1.77865,0.0540086,-0.0792282,0.0835644
46318,0.135238,0.0119079,1.49634,0.0383394,-0.00095873,-0.0547165,1.80455,0.100303,-0.0338158,0.0485816
46333,0.135079,0.0119783,1.49634,0.0383394,-0.00302901,-0.189132,1.80114,-0.0159461,-0.0190853,0.00509964
46350,0.135079,0.0119883,1.49634,0.0383394,-0.00545568,-0.165432,1.75003,-0.12654,-0.0208906,-0.0199733
46366,0.135079,0.0119901,1.49634,0.0383394,-0.00661872,0.248255,1.75218,0.00308629,-0.0793845,0.07138
46382,0.135079,0.0119905,1.49634,0.0306715,-0.00300943,0.158721,1.78707,-0.101847,-0.0888932,0.0569933
46398,0.135079,0.0119906,1.49634,0.0306715,-0.00263405,-0.0893503,1.7992,0.0740738,-0.0256306,0.0357415
46414,0.135079,0.0119906,1.49634,0.0306715,-0.00505394,-0.0529837,1.7714,-0.272102,-0.0638631,-0.0101794
46430,0.135238,0.0119079,1.49634,0.0306715,-0.00439455,0.182302,1.75701,-0.032917,-0.0756708,0.0605943
46446,0.135238,0.0118957,1.49634,0.0306715,-0.0025012,0.0473384,1.78089,0.0174854,-0.0535664,0.05035
46462,0.135238,0.0118934,1.49634,0.0306715,-0.00231151,-0.101613,1.79166,0.0622397,-0.0237241,0.0309204
46477,0.135079,0.0119757,1.49634,0.0306715,-0.00434467,-0.130395,1.76149,-0.186718,-0.0381932,-0.0153153
46494,0.135079,0.0119878,1.49634,0.0306715,-0.00630917,0.2276,1.73974,0.0252052,-0.0695792,0.0687578
46510,0.135079,0.0119901,1.49634,0.0306715,-0.00168209,0.306477,1.78215,-0.0149175,-0.106357,0.0961045
46526,0.135079,0.0119905,1.49634,0.0306715,-0.00014165,-0.236976,1.80925,0.0329193,-0.0100577,0.00971713
46542,0.135079,0.0119906,1.49634,0.0383394,-0.0044413,-0.181418,1.78714,-0.136308,-0.0295117,-0.0137585
46558,0.135079,0.0119906,1.49634,0.0383394,-0.00601318,0.0639912,1.75812,0.00051337,-0.0483887,0.0391731
46574,0.135238,0.0119079,1.49634,0.0306715,-0.00498763,0.263042,1.78811,0.112648,-0.07909,0.0996895
46590,0.135238,0.0118957,1.49634,0.0383394,-0.00253847,0.043473,1.8223,-0.0231449,-0.0683816,0.0534082
46606,0.135238,0.0118934,1.49634,0.0306715,-0.00394759,-0.12946,1.80502,-0.0987599,-0.0386529,0.00656385
46621,0.135079,0.0119757,1.49634,0.0306715,-0.00354696,-0.0393929,1.77707,-0.104417,-0.049789,0.0166143
46638,0.135079,0.0119878,1.49634,0.0306715,-0.00438513,0.026692,1.79091,-0.0545199,-0.0576719,0.0368414
46654,0.135079,0.0119901,1.49634,0.0306715,-0.00386847,0.0328172,1.80546,0.156884,-0.0373667,0.068004
46670,0.135079,0.0119905,1.49634,0.0230037,-0.00446802,-0.0441877,1.78982,-0.179001,-0.058507,0.00902353
46686,0.135079,0.0119906,1.49634,-0.0613431,-0.00607659,0.0397475,1.76749,0.0704692,-0.0254488,0.0574312
46702,0.135079,0.0119906,1.49634,-0.0613431,-0.00428864,0.236795,1.81164,-0.0169737,-0.0853646,0.096742
46718,0.135079,0.0119906,1.49634,-0.0613431,-0.00230239,-0.0584445,1.81947,0.0756102,-0.0252145,0.0581962
46734,0.135079,0.0119906,1.49634,-0.0536756,-0.0047865,-0.173164,1.77907,-0.140943,-0.0179519,-0.00403754
46750,0.135079,0.0119906,1.49634,-0.0536756,-0.00601864,0.172839,1.77436,0.0447495,-0.0555411,0.0798319
46765,0.135079,0.0119906,1.49634,-0.0460073,-0.00324783,0.208152,1.81108,-0.157912,-0.100673,0.0739498
46782,0.135079,0.0119906,1.49634,-0.0306715,-0.0023665,-0.134785,1.83994,1.02e-06,-0.0288648,0.0357431
46798,0.135238,0.0119278,1.49634,-0.023004,-0.00381894,-0.105341,1.81126,-0.11985,-0.0407248,0.0166449
46814,0.135079,0.0119621,1.49634,-0.023004,-0.00475559,-0.00608626,1.80922,-0.0385769,-0.0469584,0.0429595
46830,0.135079,0.0119853,1.49634,-0.0153358,-0.0036768,0.104227,1.8398,0.0462941,-0.066644,0.0818073
46846,0.135079,0.0119896,1.49634,-0.0153358,-0.00233912,-0.0866943,1.83298,-0.137338,-0.0546157,0.0245003
46862,0.135079,0.0119904,1.49634,-0.0153358,-0.00448273,-0.177025,1.79126,-0.0488651,-0.0140726,0.00515284
46878,0.135079,0.0119905,1.49634,-0.00766826,-0.00478477,0.148464,1.83042,-0.00771577,-0.0782081,0.078489
46894,0.135238,0.0119079,1.49634,-0.00766826,-0.00329826,-0.0748309,1.85175,-0.0370363,-0.0484907,0.0409432
46909,0.135238,0.0118957,1.49634,-0.00766826,-0.00434841,-0.236694,1.81641,-0.21653,-0.030701,-0.0210649
46926,0.135238,0.0118934,1.49634,-0.00766826,-0.00637426,-0.0305973,1.83294,-0.0154334,-0.0445566,0.0423595
46942,0.135238,0.011893,1.49634,-0.00766826,-0.00659461,-0.0295305,1.85965,-0.118823,-0.0632188,0.0358706
46958,0.135079,0.0119557,1.49634,-0.00766826,-0.00781896,-0.10547,1.8296,0.172319,-0.00483859,0.0480597
46974,0.135079,0.0119841,1.49634,-0.00766826,-0.00848695,-0.157037,1.78581,-0.120365,-0.0195528,-0.00862546
46990,0.135079,0.0119894,1.49634,-0.00766826,-0.0101587,0.108623,1.80931,-0.0262285,-0.059469,0.0550332
47006,0.135238,0.0119077,1.49634,0.0153358,-0.00711401,0.24892,1.85751,0.0586355,-0.0940215,0.105146
47022,0.135238,0.0118957,1.49634,0.0153358,-0.0041478,-0.0674993,1.84848,-0.0452686,-0.0514957,0.0363586
47038,0.135079,0.0119761,1.49634,0.0153358,-0.00684057,-0.304522,1.83276,0.00154446,0.00571457,-0.0102707
47053,0.135079,0.0119879,1.49634,0.0153358,-0.0107975,0.0249528,1.8369,-0.0149164,-0.0510282,0.043473
47070,0.135079,0.0119901,1.49634,0.0153358,-0.00929185,0.196032,1.82773,0.0822978,-0.0707945,0.0874661
47086,0.135079,0.0119905,1.49634,-0.00766826,-0.0082826,-0.00728312,1.8283,0.0339469,-0.0384799,0.0483426
47102,0.135079,0.0119906,1.49634,-0.00766826,-0.00927132,-0.16862,1.84141,-0.0545203,-0.0211937,0.00899764
47118,0.135079,0.0119906,1.49634,-0.00766826,-0.0105212,-0.00808577,1.83223,-0.0879576,-0.050415,0.0305814
47134,0.135079,0.0119906,1.49634,-0.00766826,-0.0101434,0.186437,1.81558,-0.0334343,-0.0760654,0.070129
47150,0.135079,0.0119906,1.49634,0.0153358,-0.00856794,0.023894,1.83183,-0.00720208,-0.0523341,0.0466845
47166,0.135079,0.0119906,1.49634,0.0153358,-0.00972447,-0.0934866,1.83654,-0.00154248,-0.0294093,0.0247413
47182,0.135079,0.0119906,1.49634,0.0230037,-0.0112116,0.0206943,1.81837,-0.0210902,-0.0469046,0.0359581
47197,0.135079,0.0119906,1.49634,0.0230037,-0.0102123,0.133805,1.80835,-0.00668825,-0.0651108,0.0580468
47214,0.135079,0.0119906,1.49634,0.0230037,-0.00887647,-0.0567129,1.82877,0.00102776,-0.0363088,0.0305305
47230,0.135079,0.0119906,1.49634,0.0230037,-0.0101128,-0.0436565,1.8325,-0.0277772,-0.0410559,0.0282934
47246,0.135079,0.0119906,1.49634,0.0230037,-0.00967996,0.130211,1.81802,-0.00514368,-0.0674028,0.0607127
47262,0.135079,0.0119906,1.49634,0.0230037,-0.00784034,0.108629,1.83512,-0.0406359,-0.0747763,0.0594112
47278,0.135079,0.0119906,1.49634,0.0230037,-0.00733723,-0.132118,1.85715,0.0210897,-0.0292525,0.0281401
47294,0.135079,0.0119906,1.49634,0.0306715,-0.0081661,-0.119065,1.83867,0.00514312,-0.0288218,0.0219901
47310,0.135079,0.0119906,1.49634,0.0306715,-0.0085692,0.059725,1.82873,-0.0216002,-0.0617678,0.0489987
47326,0.135079,0.0119906,1.49634,0.0306715,-0.00822251,0.0837134,1.86071,0.0288039,-0.0680995,0.067683
47341,0.135079,0.0119906,1.49634,0.0306715,-0.00792777,-0.0496516,1.86851,0.0144045,-0.0477751,0.04343
47358,0.135079,0.0119906,1.49634,0.0306715,-0.00867728,-0.220312,1.8121,0.00514689,-0.00324381,-0.00392653
47374,0.135079,0.0119906,1.49634,0.0306715,-0.0123946,0.0164246,1.8235,-0.0745839,-0.0528299,0.0269714
47390,0.135079,0.0119906,1.49634,0.0230037,-0.0109876,0.161253,1.83951,-0.0709835,-0.0839857,0.0613606
47406,0.135079,0.0119906,1.49634,-0.207033,-0.00864413,0.0517396,1.83916,0.104934,-0.0183921,0.0942228
47422,0.135079,0.0119906,1.49634,-0.207033,-0.00933865,-0.0416539,1.83315,-0.355943,-0.0547547,0.0181341
47438,0.135079,0.0119906,1.49634,-0.10735,-0.0088302,-0.0761664,1.83748,-0.106986,-0.0321583,0.0317552
47454,0.135079,0.0119906,1.49634,-0.00766826,-0.00889105,0.105296,1.84557,-0.0257194,-0.0693703,0.0650731
47470,0.135079,0.0119906,1.49634,-0.00766826,-0.00779792,0.0619978,1.83351,-0.0612113,-0.0647163,0.0516575
47485,0.135079,0.0119906,1.49634,-0.00766826,-0.00764156,-0.0806931,1.84114,-0.083841,-0.0434213,0.0243992
47502,0.135079,0.0119906,1.49634,-0.00766826,-0.00861245,0.0396162,1.86055,-0.0555492,-0.0649537,0.0531932
47518,0.135079,0.0119906,1.49634,-0.00766826,-0.00718637,0.0234926,1.84717,-0.0838398,-0.0646258,0.0459484
47534,0.135079,0.0119906,1.49634,-0.00766826,-0.00683865,-0.0896203,1.86902,-0.0997878,-0.0515767,0.0286628
47550,0.135079,0.0119906,1.49634,-0.00766826,-0.0102342,-0.148774,1.88321,0.0102888,-0.02519,0.0288206
47566,0.135079,0.0119906,1.49634,-0.00766826,-0.0114313,-0.0215365,1.84872,0.0889866,-0.0288498,0.0520156
47582,0.135079,0.0119906,1.49634,-0.00766826,-0.0108428,0.0418726,1.84325,-0.126534,-0.0662967,0.0372356
47598,0.135079,0.0119906,1.49634,-0.00766826,-0.00852492,-0.00155446,1.87864,-0.0961837,-0.0667477,0.0449719
47614,0.135079,0.0119906,1.49634,-0.00766826,-0.00975497,-0.177153,1.87217,0.0977314,-0.00757077,0.0323908
47629,0.135079,0.0119906,1.49634,-0.00766826,-0.0105206,-0.0993421,1.8427,-0.105449,-0.0383126,0.0139303
47646,0.135079,0.0119906,1.49634,-0.00766826,-0.011665,0.0111058,1.84014,-0.104935,-0.0559781,0.03206
47662,0.135079,0.0119906,1.49634,0.0153358,-0.0104389,0.0907721,1.853,0.079211,-0.0559851,0.0715533
47678,0.135079,0.0119906,1.49634,0.0153358,-0.00971203,-0.0616403,1.84961,-0.0303504,-0.0418159,0.030244
47694,0.135079,0.0119906,1.49634,0.0230037,-0.0109846,-0.0916163,1.86198,-0.0797273,-0.0440958,0.0185307
47710,0.135079,0.0119906,1.49634,0.0230037,-0.0129149,-0.0872252,1.84465,0.0401211,-0.0231308,0.0267089
47726,0.135079,0.0119906,1.49634,0.0230037,-0.0133819,0.212412,1.8293,0.0658422,-0.0704242,0.0812187
47742,0.135238,0.0119079,1.49634,0.115018,-0.010174,0.107295,1.84952,-0.0884718,-0.0912285,0.0418008
47758,0.135079,0.0119783,1.49634,0.115018,-0.011521,-0.198866,1.87053,-0.0684126,-0.035442,-0.0101113
47773,0.135079,0.0119883,1.49634,0.10735,-0.014629,-0.163966,1.83864,0.241245,0.0092804,0.0224371
47790,0.135079,0.0119901,1.49634,0.0920147,-0.0153847,0.160989,1.83671,-0.0390903,-0.0806265,0.0489035
47806,0.135079,0.0119905,1.49634,0.0766789,-0.012034,0.212678,1.88012,0.032407,-0.0951732,0.0848027
47822,0.135079,0.0119906,1.49634,0.069011,-0.00917257,-0.109604,1.88763,0.263875,-0.0136302,0.060448
47838,0.135079,0.0119906,1.49634,0.0613431,-0.0142558,-0.225512,1.86056,-0.0390915,-0.013677,-0.0118106
47854,0.135079,0.0119906,1.49634,0.0613431,-0.015767,-0.0986821,1.8349,-0.0889877,-0.0344412,-0.00280446
47870,0.135079,0.0119906,1.49634,0.0536752,-0.0153324,0.180844,1.852,0.0344614,-0.0743392,0.0699087
47886,0.135079,0.0119906,1.49634,0.0383394,-0.0134575,0.119015,1.84252,0.149167,-0.0480703,0.0751073
47902,0.135079,0.0119906,1.49634,0.0383394,-0.00784632,0.186698,1.88444,0.0663495,-0.0894777,0.0966735
47917,0.135079,0.0119906,1.49634,0.0383394,-0.00438142,-0.192871,1.90874,-0.0987612,-0.0514835,0.0173353
47934,0.135079,0.0119906,1.49634,0.0383394,-0.00701161,-0.28187,1.86281,0.0792128,0.00146479,0.00735576
47950,0.135079,0.0119906,1.49634,0.0383394,-0.00982711,-0.180483,1.83833,0.065319,-0.00843053,0.0141517
47966,0.135079,0.0119906,1.49634,0.0383394,-0.0123418,0.0539989,1.84021,-0.0504084,-0.0616999,0.0399832
47982,0.135079,0.0119906,1.49634,0.0383394,-0.0105414,0.20003,1.84675,0.141967,-0.0694977,0.0950884
47998,0.135079,0.0119906,1.49634,0.0383394,-0.00836755,-0.0207334,1.85093,-0.111616,-0.0644589,0.0276691
48014,0.135079,0.0119906,1.49634,0.0383394,-0.0106614,-0.319178,1.85713,-0.0169717,0.00387974,-0.018638
48030,0.135079,0.0119906,1.49634,0.0383394,-0.0158099,0.00523551,1.84167,0.0900156,-0.0304233,0.0426652
48046,0.135079,0.0119906,1.49634,0.0383394,-0.0135819,0.225874,1.83844,0.058125,-0.0775035,0.0827311
48061,0.135079,0.0119906,1.49634,0.0383394,-0.010788,0.156721,1.88954,-0.0113182,-0.0898367,0.0779952
48078,0.135079,0.0119906,1.49634,0.0383394,-0.0106489,-0.316778,1.87103,-0.00411455,0.00172036,-0.0133398
48094,0.135079,0.0119906,1.49634,0.0383394,-0.0161158,-0.152518,1.8105,0.0663493,0.00335575,0.00260796
48110,0.135079,0.0119906,1.49634,0.0383394,-0.0155492,0.261578,1.8228,0.00771882,-0.0832812,0.0763275
48126,0.135079,0.0119906,1.49634,-0.130354,-0.0114714,0.176706,1.86834,-0.0483504,-0.0714112,0.0916556
48142,0.135079,0.0119906,1.49634,-0.130354,-0.0105427,-0.215124,1.84809,0.0828155,0.0193926,0.0315108
48158,0.135079,0.0119906,1.49634,-0.222369,-0.011843,-0.0815027,1.82267,-0.428991,-0.0479411,-0.00288962
48174,0.135079,0.0119906,1.49634,-0.214701,-0.0128275,0.095037,1.83414,-0.259758,-0.0616801,0.0507182
48190,0.135079,0.0119906,1.49634,-0.130354,-0.0117297,0.089041,1.84845,-0.0390974,-0.0491717,0.0713768
48205,0.135079,0.0119906,1.49634,-0.130354,-0.0116267,-0.0901517,1.81458,-0.0925901,-0.01513,0.0237359
48222,0.135079,0.0119906,1.49634,-0.0153358,-0.0130518,-0.00142273,1.81247,-0.34926,-0.0736814,-0.00788512
48238,0.135079,0.0119906,1.49634,-0.00766826,-0.0120331,0.207487,1.84463,-0.00617467,-0.08034,0.0810816
48254,0.135079,0.0119906,1.49634,-0.00766826,-0.00944483,0.0551995,1.85067,0.0298348,-0.0537583,0.0628091
48270,0.135079,0.0119906,1.49634,-0.00766826,-0.0111752,-0.149974,1.84282,-0.156882,-0.0342664,-0.00280362
48286,0.135079,0.0119906,1.49634,-0.00766826,-0.0133569,4.84e-05,1.84351,-0.0915624,-0.0503683,0.0296439
48302,0.135079,0.0119906,1.49634,-0.00766826,-0.0120018,0.168455,1.84908,0.114705,-0.0596161,0.0896447
48318,0.135079,0.0119906,1.49634,-0.00766826,-0.00890653,0.011499,1.85826,0.0133738,-0.0504252,0.0553391
48334,0.135079,0.0119906,1.49634,-0.00766826,-0.0117909,-0.276012,1.84653,-0.155339,-0.0109032,-0.0262069
48349,0.135079,0.0119906,1.49634,-0.00766826,-0.0154778,-0.0902892,1.81678,-0.0262303,-0.0161909,0.0110346
48366,0.135079,0.0119906,1.49634,-0.00766826,-0.0144117,0.216678,1.82012,0.0596662,-0.0643974,0.0811489
48382,0.135079,0.0119906,1.49634,-0.00766826,-0.0121296,0.141804,1.8293,-0.122935,-0.0787602,0.0508759
48398,0.135079,0.0119906,1.49634,-0.00766826,-0.0110812,-0.0351289,1.83982,-0.132713,-0.0517764,0.0209589
48414,0.135079,0.0119906,1.49634,-0.00766826,-0.0122341,-0.10121,1.82364,-0.0370361,-0.0224004,0.014629
48430,0.135079,0.0119906,1.49634,-0.00766826,-0.0134186,0.0149669,1.81264,-0.00360288,-0.0350689,0.035788
48446,0.135079,0.0119906,1.49634,0.0153358,-0.0122388,0.117288,1.80937,-0.0997908,-0.069406,0.0414712
48462,0.135079,0.0119906,1.49634,0.0153358,-0.0112942,0.0749221,1.82477,0.0627532,-0.0470704,0.0585651
48478,0.135079,0.0119906,1.49634,0.0230037,-0.0114365,0.00471019,1.81823,0.128077,-0.0254636,0.0507566
48493,0.135238,0.0119079,1.49634,0.0230037,-0.0128528,0.0285562,1.8178,-0.126021,-0.0584044,0.0219288
48510,0.135238,0.0118957,1.49634,0.0230037,-0.0123438,-0.00235431,1.83594,-0.154827,-0.0613521,0.0177788
48526,0.135238,0.0118934,1.49634,0.0306715,-0.0119127,0.0402786,1.84637,0.166148,-0.0342497,0.0670545
48542,0.135079,0.0119558,1.49634,0.0306715,-0.0120273,-0.00116096,1.84937,0.0401177,-0.0424071,0.0444112
48558,0.135079,0.0119841,1.49634,0.0306715,-0.0125971,0.00604198,1.843,-0.164087,-0.0660569,0.0183882
48574,0.135079,0.0119894,1.49634,0.0306715,-0.0131815,-0.0071514,1.8359,0.0689261,-0.0327183,0.0416925
48590,0.135079,0.0119903,1.49634,0.0306715,-0.0127756,0.106229,1.84665,0.153283,-0.0463823,0.0762561
48606,0.135079,0.0119905,1.49634,0.0306715,-0.0118768,0.0453436,1.85382,-0.215519,-0.0831907,0.0231473
48622,0.135079,0.0119906,1.49634,0.0306715,-0.0117122,-0.105745,1.84192,-0.129631,-0.042612,0.00297872
48637,0.135079,0.0119906,1.49634,0.0306715,-0.0128053,-0.0219381,1.8292,0.113678,-0.0236175,0.0434371
48654,0.135238,0.0119278,1.49634,0.0306715,-0.0121975,0.106497,1.83231,-0.0900166,-0.0736595,0.0443426
48670,0.135079,0.0119621,1.49634,0.0383394,-0.00993978,0.00816803,1.84663,-0.130649,-0.0685323,0.027181
48686,0.135079,0.0119853,1.49634,0.0383394,-0.0109128,-0.141976,1.84593,0.190833,-0.00024851,0.0366189
48702,0.135238,0.0119268,1.49634,0.0536752,-0.0134879,-0.0459208,1.80627,0.00514403,-0.0288019,0.0165252
48718,0.135238,0.0118992,1.49634,0.0536752,-0.013066,0.256782,1.80816,-0.0859007,-0.0964092,0.0629655
48734,0.135079,0.0119767,1.49634,0.0536752,-0.00865639,0.165256,1.84745,-0.00668614,-0.0863169,0.0719226
48750,0.135238,0.0119054,1.49634,0.0536752,-0.0101117,-0.175682,1.84235,0.17231,0.00123722,0.0267977
48766,0.135079,0.0119779,1.49634,0.0536752,-0.0131967,-0.129324,1.82527,-0.0339475,-0.0231719,0.00112159
48781,0.135079,0.0119882,1.49634,0.0536752,-0.0138434,0.176838,1.82394,-0.176942,-0.0951285,0.0392643
48798,0.135079,0.0119901,1.49634,0.0383394,-0.00929031,0.235195,1.85784,0.23301,-0.0695091,0.117386
48814,0.135079,0.0119905,1.49634,0.0383394,-0.00786905,-0.104823,1.85666,0.197515,-0.0136955,0.0518589
48830,0.135079,0.0119906,1.49634,0.0383394,-0.00968177,-0.169556,1.83223,-0.248959,-0.0474052,-0.0233058
48846,0.135079,0.0119906,1.49634,0.0383394,-0.0110568,-0.0377991,1.81793,-0.0570913,-0.0425941,0.0189698
48862,0.135079,0.0119906,1.49634,0.0383394,-0.00944472,0.241722,1.84547,0.209862,-0.0703594,0.112621
48878,0.135079,0.0119906,1.49634,0.0383394,-0.00816684,-0.113735,1.84418,-0.124995,-0.0478261,0.00748242
48894,0.135079,0.0119906,1.49634,0.0306715,-0.0111433,-0.179414,1.83417,-0.0843572,-0.0227541,-0.00609433
48910,0.135079,0.0119906,1.49634,0.0306715,-0.011739,0.0843811,1.83191,0.0648093,-0.0513631,0.0596519
48925,0.135079,0.0119906,1.49634,0.0306715,-0.0114119,0.130744,1.83666,0.135794,-0.0528655,0.0785813
48942,0.135079,0.0119906,1.49634,0.0306715,-0.0105121,-0.0488448,1.82054,-0.105443,-0.0470171,0.0134667
48958,0.135079,0.0119906,1.49634,0.0230037,-0.0113963,-0.0627084,1.82637,-0.0190325,-0.0329828,0.0222663
48974,0.135079,0.0119906,1.49634,0.0230037,-0.011845,0.0938402,1.82001,0.13117,-0.041135,0.0674629
48990,0.135079,0.0119906,1.49634,0.0230037,-0.00957421,0.15819,1.84194,-0.0678963,-0.085924,0.0640616
49006,0.135079,0.0119906,1.49634,0.0230037,-0.00734113,0.0169627,1.87555,-0.0601812,-0.0706896,0.0502876
49022,0.135079,0.0119906,1.49634,0.0230037,-0.0124931,-0.303336,1.83733,0.123449,0.0275294,-0.00436946
49038,0.135079,0.0119906,1.49634,0.0230037,-0.0154378,0.105431,1.80712,-0.0329216,-0.0543088,0.0406925
49054,0.135079,0.0119906,1.49634,0.0230037,-0.013225,0.1943,1.82571,-0.200607,-0.098889,0.0447956
49069,0.135079,0.0119906,1.49634,0.0230037,-0.0112289,0.0546671,1.85487,0.120878,-0.0444078,0.0681204
49086,0.135079,0.0119906,1.49634,0.0230037,-0.0106549,-0.118131,1.84874,0.14299,-0.0096259,0.0381681
49102,0.135079,0.0119906,1.49634,0.0230037,-0.0124754,-0.0224715,1.84302,-0.179,-0.0619167,0.0123947
49118,0.135079,0.0119906,1.49634,0.0230037,-0.0132277,0.0440001,1.83746,-0.177966,-0.0714145,0.0223465
49134,0.135079,0.0119906,1.49634,0.0230037,-0.0121084,0.124482,1.84652,0.149682,-0.0502808,0.0812129
49150,0.135079,0.0119906,1.49634,0.0230037,-0.0109849,-0.0171427,1.84676,-0.0478388,-0.0502651,0.0326967
49166,0.135079,0.0119906,1.49634,0.0230037,-0.0114156,-0.056711,1.84756,-0.134249,-0.0530131,0.0142857
49182,0.135079,0.0119906,1.49634,0.0230037,-0.0132599,0.0473417,1.8656,0.155857,-0.0380295,0.0702014
49198,0.135079,0.0119906,1.49634,0.0230037,-0.0135733,-0.0211457,1.83761,0.0550222,-0.0306774,0.0380836
49213,0.135079,0.0119906,1.49634,0.0306715,-0.0137208,0.0866449,1.82315,-0.153798,-0.0730467,0.0281214
49230,0.135079,0.0119906,1.49634,0.0306715,-0.0114671,0.163513,1.84973,0.00976861,-0.0771396,0.0722991
49246,0.135079,0.0119906,1.49634,0.0306715,-0.010057,0.00030319,1.86378,0.121388,-0.0393357,0.0611502
49262,0.135079,0.0119906,1.49634,0.0306715,-0.00951561,-0.0467187,1.88049,-0.0360077,-0.054659,0.0380361
49278,0.135079,0.0119906,1.49634,0.0383394,-0.00951585,-0.050849,1.88386,-0.0894975,-0.0621225,0.0306062
49294,0.135079,0.0119906,1.49634,0.0383394,-0.0100832,-0.0865579,1.86324,0.254615,-0.00803591,0.0601197
49310,0.135079,0.0119906,1.49634,0.0536752,-0.0110339,-0.0481855,1.86665,-0.0365249,-0.0515286,0.0291528
49326,0.135079,0.0119906,1.49634,0.0536752,-0.0116274,-0.0308712,1.86867,-0.0900205,-0.0606977,0.0253531
49342,0.135079,0.0119906,1.49634,0.0383394,-0.0146069,0.0205633,1.85911,0.13014,-0.034402,0.0564773
49357,0.135079,0.0119906,1.49634,0.0383394,-0.013987,0.0635945,1.86799,-0.046295,-0.0667913,0.0460873
49374,0.135079,0.0119906,1.49634,0.0383394,-0.0135531,-0.134653,1.84539,-0.0637861,-0.0280768,0.00247875
49390,0.135079,0.0119906,1.49634,0.0306715,-0.0160835,0.0325513,1.84422,0.093616,-0.034201,0.0492694
49406,0.135079,0.0119906,1.49634,0.0306715,-0.0138102,0.301946,1.86945,0.0174912,-0.102319,0.099774
49422,0.135079,0.0119906,1.49634,0.0306715,-0.00980094,-0.027139,1.86944,-0.0725262,-0.0596182,0.0341666
49438,0.135079,0.0119906,1.49634,0.0306715,-0.011578,-0.248295,1.85607,-0.00977311,-0.00553128,-0.00539463
49454,0.135079,0.0119906,1.49634,0.0230037,-0.0144733,0.0807774,1.84449,0.142482,-0.0388372,0.0678408
49470,0.135079,0.0119906,1.49634,0.0230037,-0.0113417,0.311007,1.87365,-0.148139,-0.128168,0.0872548
49486,0.135079,0.0119906,1.49634,0.0306715,-0.00878588,-0.0443197,1.90534,-0.0750957,-0.066864,0.0407535
49501,0.135079,0.0119906,1.49634,0.0306715,-0.0105101,-0.342621,1.87504,0.155855,0.0256394,0.00344932
49518,0.135079,0.0119906,1.49634,0.0306715,-0.014858,-0.012884,1.86636,-0.117277,-0.0587004,0.0223308
49534,0.135079,0.0119906,1.49634,0.0306715,-0.0127461,0.198425,1.88402,-0.0961882,-0.102354,0.0718329
49550,0.135079,0.0119906,1.49634,0.0306715,-0.0104558,0.0627864,1.90544,0.281369,-0.0404544,0.101398
49566,0.135079,0.0119906,1.49634,0.0306715,-0.0122269,-0.243633,1.89569,-0.073041,-0.022309,-0.00399819
49582,0.135079,0.0119906,1.49634,0.0306715,-0.0156814,-0.176094,1.87629,-0.177973,-0.0372236,-0.0144517
49598,0.135079,0.0119906,1.49634,0.0306715,-0.0167884,0.145535,1.87582,0.156371,-0.0535006,0.0841985
49614,0.135079,0.0119906,1.49634,0.0306715,-0.0152885,0.110495,1.88999,-0.112132,-0.0854732,0.0507519
49630,0.135238,0.0119079,1.49634,0.0306715,-0.0144698,-0.121996,1.89945,-0.0730426,-0.0418824,0.0159359
49645,0.135079,0.0119783,1.49634,0.0306715,-0.0147583,-0.125992,1.88828,0.0452656,-0.0236036,0.0264234
49662,0.135238,0.0119255,1.49634,0.0306715,-0.0171231,-0.00728364,1.87031,0.0113201,-0.0414312,0.0363371
49678,0.135079,0.0119617,1.49634,0.0230037,-0.0166909,0.0629306,1.87414,-0.092595,-0.0675174,0.0392385
49694,0.135238,0.0119225,1.49634,0.0230037,-0.016435,0.0067128,1.88613,0.137852,-0.0325296,0.0601466
49710,0.135238,0.0118984,1.49634,0.0306715,-0.0162596,0.0802484,1.88577,-0.0977339,-0.0757669,0.0444375
49726,0.135238,0.0118939,1.49634,0.0306715,-0.0159111,-0.0668421,1.88782,-0.175404,-0.0593503,0.00865291
49742,0.135079,0.0119758,1.49634,0.0306715,-0.0164485,-0.0140816,1.89304,0.136312,-0.0313725,0.0566827
49758,0.135238,0.0119052,1.49634,0.0306715,-0.0158205,0.0445438,1.90229,-0.0133745,-0.0635691,0.0526596
49774,0.135238,0.0118952,1.49634,0.0306715,-0.016339,-0.0409887,1.92677,-0.0828145,-0.061273,0.0331883
49789,0.135238,0.0118933,1.49634,0.0306715,-0.0169643,-0.0564451,1.9259,0.19906,-0.0229897,0.0634297
49806,0.135238,0.011893,1.49634,0.0383394,-0.0174541,-0.0974861,1.90325,-0.0823046,-0.0444759,0.014446
49822,0.135079,0.0119557,1.49634,0.14569,-0.0175889,-0.0360615,1.90967,-0.0632679,-0.0676421,0.0163212
49838,0.135238,0.0119214,1.49634,0.14569,-0.017669,-0.0356608,1.91058,0.195977,-0.0363473,0.0481051
49854,0.135079,0.0119609,1.49634,0.14569,-0.0181887,-0.0627065,1.90938,-0.0252025,-0.0570946,0.0149405
49870,0.135079,0.0119851,1.49634,0.14569,-0.0173173,-0.00594906,1.91261,0.00565776,-0.0658603,0.0314115
49886,0.135079,0.0119895,1.49634,0.0383394,-0.0165436,0.0448082,1.91034,0.201121,-0.0390807,0.0784859
49902,0.135079,0.0119904,1.49634,0.0383394,-0.0169505,-0.0519157,1.90491,-0.0123456,-0.0453872,0.0325333
49918,0.135079,0.0119905,1.49634,0.0383394,-0.0182955,-0.166226,1.89346,-0.015429,-0.0199857,0.00599029
49933,0.135079,0.0119906,1.49634,0.0383394,-0.0185201,0.0390786,1.87418,0.147112,-0.0328878,0.0590972
49950,0.135079,0.0119906,1.49634,0.0383394,-0.0172828,0.260382,1.89041,-0.0447526,-0.102475,0.0827371
49966,0.135079,0.0119906,1.49634,0.0383394,-0.0159553,0.0246849,1.93058,-0.146083,-0.0832794,0.0381522
49982,0.135079,0.0119906,1.49634,0.0306715,-0.0178839,-0.215789,1.90948,0.191347,0.0106929,0.0273382
49998,0.135079,0.0119906,1.49634,0.0306715,-0.019261,-0.00583379,1.89958,-0.066351,-0.0544268,0.0304119
50014,0.135079,0.0119906,1.49634,0.0306715,-0.0188348,0.129279,1.92229,-0.0468086,-0.0827752,0.0639621
50030,0.135079,0.0119906,1.49634,0.0306715,-0.0160789,0.00137477,1.92794,0.33692,-0.0186,0.0927826
50046,0.135079,0.0119906,1.49634,0.0306715,-0.0191441,-0.162229,1.91374,-0.23044,-0.0492771,-0.015164
50062,0.135079,0.0119906,1.49634,0.0306715,-0.0205174,-0.0527144,1.90909,0.00771295,-0.0370444,0.0308821
50077,0.135238,0.0119079,1.49634,0.0306715,-0.02032,0.122086,1.91765,0.175918,-0.0510314,0.0863661
50094,0.135079,0.0119585,1.49634,0.0230037,-0.0185992,-0.0380636,1.91433,-0.255651,-0.0751854,0.00688558
50110,0.135079,0.0119846,1.49634,0.0230037,-0.0185606,-0.0958702,1.91881,0.0895,-0.0237655,0.0392604
50126,0.135079,0.0119895,1.49634,0.0230037,-0.0184342,0.0317526,1.90592,-0.0195456,-0.0575158,0.0468899
50142,0.135079,0.0119904,1.49634,0.0230037,-0.0170373,0.0306851,1.91122,-0.0931017,-0.0697722,0.0412673
50158,0.135079,0.0119905,1.49634,0.0230037,-0.0169313,-0.0776272,1.92203,0.167693,-0.0210031,0.0556072
50174,0.135079,0.0119906,1.49634,0.0230037,-0.0182601,-0.0154108,1.89611,-0.0416636,-0.0495601,0.033401
50190,0.135079,0.0119906,1.49634,0.0230037,-0.0176674,0.10516,1.91149,-0.130651,-0.0869865,0.0495764
50206,0.135079,0.0119906,1.49634,0.0306715,-0.0159337,-0.0158149,1.936,0.124478,-0.043387,0.0658274
50221,0.135079,0.0119906,1.49634,0.0306715,-0.017964,-0.245366,1.92081,-0.036518,-0.0141047,-0.00340189
50238,0.135079,0.0119906,1.49634,0.0306715,-0.0230238,-0.106142,1.90844,-0.0514364,-0.0302267,0.00946253
50254,0.135079,0.0119906,1.49634,0.0306715,-0.0228648,0.163118,1.89962,0.0864212,-0.0608978,0.0745469
50270,0.135079,0.0119906,1.49634,0.0306715,-0.0199398,0.146864,1.91198,0.0380652,-0.0714641,0.0733406
50286,0.135079,0.0119906,1.49634,0.0306715,-0.0199671,-0.144916,1.92272,-0.0370348,-0.0297161,0.0123788
50302,0.135079,0.0119906,1.49634,0.0306715,-0.0235121,-0.156905,1.90476,0.0792146,-0.00341851,0.0142718
50318,0.135079,0.0119906,1.49634,0.0306715,-0.0232624,0.166715,1.90286,-0.0138895,-0.0738505,0.0630988
50334,0.135079,0.0119906,1.49634,-0.0996829,-0.0223153,0.121021,1.91897,-0.239702,-0.0824136,0.048305
50350,0.135079,0.0119906,1.49634,-0.0996829,-0.021467,-0.0298014,1.91354,0.120878,-0.0111514,0.0643018
50365,0.135079,0.0119906,1.49634,-0.10735,-0.0231314,0.03788,1.90459,-0.159457,-0.0518329,0.0388313
50382,0.135079,0.0119906,1.49634,-0.0153358,-0.0194386,0.0373537,1.92264,-0.159456,-0.073164,0.0378305
50398,0.135079,0.0119906,1.49634,-0.00766826,-0.0208976,-0.0447261,1.90562,0.111624,-0.0197935,0.0482624
50414,0.135079,0.0119906,1.49634,-0.00766826,-0.0225915,0.0777236,1.89375,-0.0951612,-0.0617512,0.0402744
50430,0.135079,0.0119906,1.49634,-0.00766826,-0.0221127,0.204428,1.93109,-0.395045,-0.13088,0.0368604
50446,0.135079,0.0119906,1.49634,-0.00766826,-0.0201584,0.188298,1.93277,0.371896,-0.038355,0.13092
50462,0.135079,0.0119906,1.49634,-0.00766826,-0.0201953,0.0362833,1.94047,-0.091045,-0.0685407,0.0479757
50478,0.135079,0.0119906,1.49634,-0.00766826,-0.0176218,-0.0918803,1.94839,-0.353365,-0.0830205,-0.00174527
50494,0.135079,0.0119906,1.49634,-0.00766826,-0.0227807,-0.349689,1.91976,0.33949,0.063386,0.0195159
50509,0.135079,0.0119906,1.49634,0.0153358,-0.0277115,0.139668,1.89748,-0.25565,-0.0878992,0.0219006
50526,0.135079,0.0119906,1.49634,0.0153358,-0.0243537,0.236272,1.90562,-0.109563,-0.0951962,0.0651062
50542,0.135079,0.0119906,1.49634,0.0153358,-0.0224493,-0.0431232,1.93826,0.127052,-0.0261366,0.0527502
50558,0.135079,0.0119906,1.49634,0.0153358,-0.0229885,-0.244303,1.90463,-0.170772,-0.0167621,-0.0297532
50574,0.135079,0.0119906,1.49634,-0.00766826,-0.0275691,0.00363761,1.89274,-0.0823024,-0.0383016,0.0196401
50590,0.135079,0.0119906,1.49634,-0.00766826,-0.0235769,0.29942,1.90666,0.141455,-0.0749661,0.111765
50606,0.135079,0.0119906,1.49634,-0.00766826,-0.0199391,0.112754,1.93349,-0.185688,-0.0927954,0.0494518
50622,0.135079,0.0119906,1.49634,-0.00766826,-0.0202476,-0.192474,1.94559,0.115222,-0.00278082,0.0316651
50638,0.135079,0.0119906,1.49634,-0.00766826,-0.0228116,-0.223919,1.89484,0.0925911,0.0163011,0.00692762
50653,0.135079,0.0119906,1.49634,-0.00766826,-0.0255925,0.205747,1.87317,-0.307084,-0.10118,0.0285044
50670,0.135079,0.0119906,1.49634,-0.00766826,-0.017865,0.267711,1.92441,0.080243,-0.0900737,0.111965
50686,0.135079,0.0119906,1.49634,-0.00766826,-0.0125122,0.0619927,1.98808,0.168734,-0.0653717,0.108221
50702,0.135079,0.0119906,1.49634,-0.00766826,-0.0152404,-0.35088,1.97168,-0.406353,-0.0514503,-0.0470051
50718,0.135079,0.0119906,1.49634,-0.00766826,-0.0194866,-0.275609,1.93412,0.275705,0.0333617,0.0343112
50734,0.135079,0.0119906,1.49634,-0.00766826,-0.0229523,0.125676,1.92968,-0.138882,-0.0836712,0.0517127
50750,0.135079,0.0119906,1.49634,-0.00766826,-0.0199602,0.288617,1.96174,-0.0216042,-0.111611,0.108764
50766,0.135079,0.0119906,1.49634,-0.00766826,-0.0177869,-0.100409,1.98725,0.0766421,-0.038081,0.0579197
50782,0.135079,0.0119906,1.49634,-0.00766826,-0.0199108,-0.326773,1.94022,-0.258731,-0.0229372,-0.0395967
50797,0.135079,0.0119906,1.49634,-0.00766826,-0.0246631,-0.0885606,1.90308,-0.104419,-0.03129,0.00699441
50814,0.135079,0.0119906,1.49634,-0.00766826,-0.0244749,0.332329,1.93903,0.152769,-0.0857417,0.125393
50830,0.135079,0.0119906,1.49634,-0.00766826,-0.0213108,0.147127,1.958,-0.372919,-0.125337,0.0365325
50846,0.135079,0.0119906,1.49634,-0.0920147,-0.0204126,-0.250826,1.94857,0.257188,0.0349445,0.0488146
50862,0.135079,0.0119906,1.49634,-0.0920147,-0.0228745,-0.162904,1.91218,-0.0905248,-0.0108141,0.0102101
50878,0.135079,0.0119906,1.49634,-0.0920147,-0.0237693,0.186168,1.90439,-0.320459,-0.0992764,0.0438387
50894,0.135079,0.0119906,1.49634,-0.0996829,-0.0181909,0.242792,1.95399,0.14917,-0.0723777,0.133348
50910,0.135079,0.0119906,1.49634,-0.0920147,-0.0193312,-0.216055,1.96026,-0.317372,-0.0457044,-0.0102051
50926,0.135079,0.0119906,1.49634,-0.00766826,-0.0229893,-0.207261,1.93673,-0.0653241,-0.0154636,0.00032814
50941,0.135079,0.0119906,1.49634,-0.0153358,-0.0243602,-0.02394,1.94155,-0.117792,-0.0533165,0.0278531
50958,0.135079,0.0119906,1.49634,-0.0153358,-0.0240855,0.146067,1.96621,-0.168716,-0.0968163,0.05952
50974,0.135079,0.0119906,1.49634,-0.023004,-0.0220762,0.0091031,1.95331,0.154829,-0.0317922,0.0746702
50990,0.135079,0.0119906,1.49634,-0.023004,-0.0227426,-0.0624392,1.97362,-0.0504095,-0.0473212,0.0400244
51006,0.135079,0.0119906,1.49634,-0.0153358,-0.0238734,-0.085624,1.92948,-0.175403,-0.0469991,0.00732378
51022,0.135079,0.0119906,1.49634,-0.0153358,-0.0224109,0.0877072,1.94888,0.0231483,-0.0615051,0.0707255
51038,0.135079,0.0119906,1.49634,-0.00766826,-0.0205675,-0.0290023,1.9618,-0.117795,-0.0642531,0.0369672
51054,0.135079,0.0119906,1.49634,-0.00766826,-0.0213558,-0.177285,1.94245,-0.0334352,-0.0210725,0.0138182
51070,0.135079,0.0119906,1.49634,-0.00766826,-0.0225598,-0.0468544,1.9507,0.00411318,-0.0403328,0.0426195
51085,0.135079,0.0119906,1.49634,-0.00766826,-0.0231246,0.0633261,1.94629,-0.0977307,-0.0708909,0.0487441
51102,0.135079,0.0119906,1.49634,-0.00766826,-0.0225905,-0.0706978,1.92639,0.143513,-0.0132871,0.0494099
51118,0.135079,0.0119906,1.49634,-0.00766826,-0.0240403,-0.0231383,1.94451,-0.0426943,-0.0464902,0.0374415
51134,0.135079,0.0119906,1.49634,0.0153358,-0.0241071,0.180438,1.94086,-0.236613,-0.10909,0.0479168
51150,0.135079,0.0119906,1.49634,0.0153358,-0.0201144,0.100633,1.95925,0.137853,-0.0598336,0.0895782
51166,0.135079,0.0119906,1.49634,0.0153358,-0.0194815,-0.139045,1.9959,-0.0977316,-0.0542606,0.025926
51182,0.135079,0.0119906,1.49634,0.0230037,-0.023291,-0.180213,1.96267,-0.0493803,-0.0277921,0.00916075
51198,0.135079,0.0119906,1.49634,0.0230037,-0.0257954,-0.0529826,1.95146,0.105448,-0.0255373,0.0449497
51214,0.135079,0.0119906,1.49634,0.0230037,-0.0243719,0.130746,1.95694,-0.136313,-0.0920945,0.0532985
51229,0.135079,0.0119906,1.49634,0.0306715,-0.0233775,-0.0359274,1.95649,0.170259,-0.0268337,0.0602418
51246,0.135079,0.0119906,1.49634,0.0306715,-0.0259918,-0.171822,1.97075,-0.0154285,-0.023629,0.0113814
51262,0.135079,0.0119906,1.49634,0.0230037,-0.0289868,-0.0301994,1.92015,-0.171804,-0.0508334,0.00280673
51278,0.135079,0.0119906,1.49634,0.0230037,-0.0308211,0.161388,1.91753,-0.0714984,-0.0700733,0.0470436
51294,0.135079,0.0119906,1.49634,0.0230037,-0.027965,0.246385,1.95457,0.110593,-0.0768372,0.0984369
51310,0.135079,0.0119906,1.49634,0.0230037,-0.0242361,-0.0472558,1.93625,-0.101845,-0.0507331,0.0197467
51326,0.135079,0.0119906,1.49634,0.0230037,-0.0248104,-0.177552,1.9418,0.190835,0.0082707,0.031528
51342,0.135079,0.0119906,1.49634,0.0230037,-0.0270912,0.0224242,1.91467,-0.0231463,-0.0441987,0.0325397
51358,0.135079,0.0119906,1.49634,0.0230037,-0.0254462,0.270106,1.9163,-0.11059,-0.103164,0.0710528
51373,0.135079,0.0119906,1.49634,0.0230037,-0.019852,0.106752,1.96785,0.12705,-0.065642,0.0909177
51390,0.135079,0.0119906,1.49634,0.0306715,-0.0197479,-0.272541,1.97736,-0.256162,-0.0461778,-0.0248754
51406,0.135079,0.0119906,1.49634,0.0306715,-0.02377,-0.286134,1.92311,0.166657,0.0269445,0.00476695
51422,0.135079,0.0119906,1.49634,0.0306715,-0.0260575,0.204284,1.93671,-0.0457794,-0.0879822,0.0695573
51438,0.135079,0.0119906,1.49634,0.0383394,-0.0221345,0.291423,1.9603,0.0658404,-0.103211,0.110423
51454,0.135079,0.0119906,1.49634,0.0383394,-0.0211545,-0.147574,1.97927,0.0725235,-0.0281903,0.0356288
51470,0.135079,0.0119906,1.49634,0.0306715,-0.0247535,-0.380994,1.95122,-0.0848732,0.00874259,-0.0385479
51486,0.135079,0.0119906,1.49634,0.0306715,-0.0297383,-0.0271487,1.90025,-0.131682,-0.0415567,0.00142156
51502,0.135079,0.0119906,1.49634,0.0306715,-0.0276619,0.273826,1.9365,0.0946498,-0.0809769,0.0969213
51517,0.135079,0.0119906,1.49634,0.0306715,-0.0237502,0.120084,1.96945,-0.025204,-0.0815297,0.0678795
51534,0.135079,0.0119906,1.49634,0.0306715,-0.0240572,-0.221117,1.93997,0.0606966,-0.00130006,0.00743867
51550,0.135079,0.0119906,1.49634,0.0306715,-0.0272813,-0.0816215,1.93547,-0.0303493,-0.0315538,0.0159414
51566,0.135079,0.0119906,1.49634,0.0306715,-0.0287743,0.0284199,1.8989,-0.0365194,-0.0414109,0.0246238
51582,0.135079,0.0119906,1.49634,0.0306715,-0.0257926,0.271443,1.91355,0.139911,-0.072704,0.0996768
51598,0.135079,0.0119906,1.49634,0.0306715,-0.0223206,0.0711897,1.96034,-0.0766419,-0.079029,0.0527247
51614,0.135079,0.0119906,1.49634,0.0306715,-0.0245112,-0.214452,1.93248,-0.0524691,-0.0137675,-0.00761537
51630,0.135079,0.0119906,1.49634,0.0306715,-0.0260761,-0.106809,1.91023,0.00771721,-0.0183678,0.0119495
51646,0.135079,0.0119906,1.49634,0.0306715,-0.0260829,0.236797,1.94849,-0.0102872,-0.0923386,0.0826564
51661,0.135079,0.0119906,1.49634,0.0306715,-0.0227133,0.0989007,1.95387,0.0869307,-0.0620702,0.0756481
51678,0.135079,0.0119906,1.49634,0.0306715,-0.0222624,-0.183013,1.97032,0.0802433,-0.0159358,0.0269857
51694,0.135079,0.0119906,1.49634,0.0306715,-0.0238847,-0.157563,1.9454,-0.13528,-0.0382777,-0.00305892
51710,0.135079,0.0119906,1.49634,0.0230037,-0.0259203,0.0513328,1.91316,0.0442376,-0.0428519,0.0476989
51726,0.135079,0.0119906,1.49634,0.0230037,-0.0239262,0.224404,1.95898,0.0123498,-0.0923661,0.0900514
51742,0.135079,0.0119906,1.49634,0.0230037,-0.0218215,-0.0752365,1.95535,-0.127567,-0.0571567,0.0198609
51758,0.135079,0.0119906,1.49634,0.0230037,-0.023366,-0.204335,1.93574,0.0380663,-0.00632047,0.00888217
51774,0.135079,0.0119906,1.49634,0.0153358,-0.0245394,0.0410793,1.94227,-0.0884717,-0.0652462,0.0396615
51790,0.135079,0.0119906,1.49634,0.0153358,-0.0231231,0.0923763,1.92429,0.0931051,-0.0506577,0.0694368
51805,0.135079,0.0119906,1.49634,0.0153358,-0.0234621,-0.112005,1.91258,0.00514287,-0.0206753,0.0173844
51822,0.135079,0.0119906,1.49634,0.0153358,-0.025079,-0.0671087,1.90761,0.0823025,-0.0157118,0.0313151
51838,0.135079,0.0119906,1.49634,0.0153358,-0.0243655,0.27783,1.91313,-0.157405,-0.110347,0.0687512
51854,0.135079,0.0119906,1.49634,0.0153358,-0.0213362,0.13368,1.96784,0.123451,-0.0676515,0.093982
51870,0.135079,0.0119906,1.49634,0.0153358,-0.0213738,-0.16809,1.97469,-0.128594,-0.04464,0.00867015
51886,0.135079,0.0119906,1.49634,0.0153358,-0.0264236,-0.22632,1.92219,0.045782,0.00772724,-0.00154136
51902,0.135079,0.0119906,1.49634,0.0153358,-0.0277471,0.105431,1.93422,0.0324052,-0.0552157,0.059201
51918,0.135079,0.0119906,1.49634,0.0153358,-0.0253411,0.146726,1.94222,-0.0936212,-0.0838666,0.0573582
51934,0.135079,0.0119906,1.49634,0.0153358,-0.0250949,-0.0489838,1.92885,0.0745837,-0.0249213,0.0387088
51949,0.135079,0.0119906,1.49634,-0.00766826,-0.0261827,-0.0974812,1.93584,-0.0982458,-0.0341203,0.0112815
51966,0.135079,0.0119906,1.49634,0.0153358,-0.0262628,0.0905074,1.92378,-0.109562,-0.0696975,0.0391118
51982,0.135079,0.0119906,1.49634,0.0153358,-0.0247092,0.0758473,1.92417,0.019549,-0.0539579,0.0547627
51998,0.135079,0.0119906,1.49634,0.0153358,-0.0247572,0.0312238,1.94137,0.0138928,-0.0504443,0.0497312
52014,0.135238,0.0119278,1.49634,0.0153358,-0.0237894,-0.00088985,1.92202,-0.156369,-0.0623727,0.0201403
52030,0.135238,0.0118994,1.49634,0.0153358,-0.0233004,-0.064173,1.92509,0.11985,-0.0188097,0.0435887
52046,0.135238,0.0118941,1.49634,0.0230037,-0.0246045,0.045341,1.93733,0.0169736,-0.0530257,0.0512448
52062,0.135238,0.0118931,1.49634,0.0230037,-0.0240228,0.0845079,1.91765,-0.106481,-0.0715163,0.0398288
52078,0.135079,0.0119756,1.49634,0.0153358,-0.021929,-0.0804268,1.94371,0.0977324,-0.0250301,0.0443984
52093,0.135079,0.0119878,1.49634,0.0153358,-0.0236511,-0.0764319,1.94945,-0.085388,-0.0465222,0.0213227
52110,0.135079,0.0119901,1.49634,-0.0690114,-0.0236119,0.0718509,1.91331,-0.0478383,-0.0504085,0.0553412
52126,0.135079,0.0119905,1.49634,-0.176362,-0.0227574,0.115159,1.95733,0.0540107,-0.0446336,0.100628
52142,0.135079,0.0119906,1.49634,-0.268376,-0.0227891,-0.0472485,1.95542,-0.202147,-0.0343805,0.0499115
52158,0.135079,0.0119906,1.49634,-0.260708,-0.024188,-0.14358,1.94148,-0.114704,-0.00152959,0.0361363
52174,0.135079,0.0119906,1.49634,-0.260708,-0.0250131,0.0861075,1.95085,-0.359034,-0.0740537,0.0499428
52190,0.135079,0.0119906,1.49634,-0.023004,-0.0231026,0.084649,1.96372,-0.102362,-0.0776134,0.0581437
52206,0.135079,0.0119906,1.49634,-0.0153358,-0.0225104,-0.161965,1.96292,-0.320458,-0.0607263,-0.0144632
52222,0.135079,0.0119906,1.49634,-0.00766826,-0.0262308,-0.266422,1.9451,-0.0735572,-0.00233049,-0.0150458
52237,0.135079,0.0119906,1.49634,-0.00766826,-0.0295439,0.0662552,1.8964,-0.032917,-0.0413916,0.0349199
52254,0.135079,0.0119906,1.49634,0.115018,-0.0263369,0.346437,1.93999,-0.0792184,-0.128592,0.0819638
52270,0.135079,0.0119906,1.49634,0.130354,-0.0235448,-0.0845556,1.96512,0.275191,-0.0190563,0.0535838
52286,0.135079,0.0119906,1.49634,0.130354,-0.0261848,-0.186879,1.91834,-0.126021,-0.0338074,-0.0296646
52302,0.135079,0.0119906,1.49634,0.115018,-0.0285152,0.134605,1.93862,0.0375457,-0.0718119,0.0528773
52318,0.135079,0.0119906,1.49634,0.115018,-0.0253133,0.197228,1.94297,0.135796,-0.0775631,0.0827848
52334,0.135079,0.0119906,1.49634,0.10735,-0.0237247,-0.17582,1.9356,-0.00668728,-0.0265954,-0.00216825
52350,0.135079,0.0119906,1.49634,0.0920147,-0.0263517,-0.143176,1.94568,0.177459,-0.00642159,0.0262632
52366,0.135079,0.0119906,1.49634,0.0920147,-0.026833,0.182036,1.9356,0.042695,-0.0790965,0.0671895
52381,0.135079,0.0119906,1.49634,0.0920147,-0.0226216,0.208284,1.97028,0.11985,-0.0895191,0.0965388
52398,0.135079,0.0119906,1.49634,0.0766789,-0.0215514,-0.245235,1.99674,0.0900162,-0.0163198,0.0183678
52414,0.135079,0.0119906,1.49634,0.0766789,-0.0273548,-0.35982,1.91296,-0.0730431,0.0139338,-0.0520323
52430,0.135079,0.0119906,1.49634,0.069011,-0.0309991,0.137934,1.91811,-0.00051319,-0.0625971,0.0455665
52446,0.135079,0.0119906,1.49634,0.069011,-0.0279525,0.43225,1.9366,-0.00617345,-0.126392,0.108984
52462,0.135079,0.0119906,1.49634,0.069011,-0.0228682,0.0429517,1.93874,0.0730419,-0.0543834,0.0550676
52478,0.135079,0.0119906,1.49634,0.199365,-0.0236967,-0.311841,1.96395,0.10442,-0.00610658,-0.0184453
52494,0.135079,0.0119906,1.49634,0.207033,-0.0282392,-0.1188,1.90987,0.047837,-0.029115,-0.0105239
52510,0.135079,0.0119906,1.49634,0.306715,-0.0288297,0.166182,1.89428,0.234555,-0.0660243,0.0484714
52525,0.135079,0.0119906,1.49634,0.161026,-0.024965,0.336725,1.94536,0.247929,-0.0961634,0.117931
52542,0.135079,0.0119906,1.49634,0.0230037,-0.0207079,0.0907669,1.96416,0.0396056,-0.0710811,0.0750151
52558,0.135079,0.0119906,1.49634,0.0230037,-0.021853,-0.368469,1.94188,0.108534,0.0283429,-0.00914176
52574,0.135079,0.0119906,1.49634,0.0230037,-0.0255788,-0.110541,1.92894,-0.010802,-0.0242031,0.0151432
52590,0.135079,0.0119906,1.49634,0.0230037,-0.0231446,0.355503,1.93053,-0.0740719,-0.121427,0.0985144
52606,0.135079,0.0119906,1.49634,0.0230037,-0.021143,0.0745133,1.98665,0.189811,-0.054432,0.0948585
52622,0.135079,0.0119906,1.49634,0.0230037,-0.0224257,-0.335159,1.96435,-0.109047,-0.00851388,-0.0251225
52638,0.135079,0.0119906,1.49634,0.0230037,-0.0290835,-0.179692,1.90121,0.0164601,0.00396411,-0.00667117
52654,0.135079,0.0119906,1.49634,0.0230037,-0.0295524,0.240393,1.92148,-0.0426899,-0.0840126,0.0682672
52669,0.135079,0.0119906,1.49634,0.0230037,-0.0257253,0.301818,1.95738,-0.0555504,-0.11146,0.0928474
52686,0.135079,0.0119906,1.49634,0.0306715,-0.0241168,-0.175821,1.94711,0.0519518,-0.0122222,0.0163798
52702,0.135079,0.0119906,1.49634,0.130354,-0.0283382,-0.161034,1.93028,-0.054524,-0.0291406,-0.0168813
52718,0.135079,0.0119906,1.49634,0.237705,-0.0295349,0.312462,1.90368,-0.16821,-0.134363,0.0360663
52734,0.135079,0.0119906,1.49634,0.25304,-0.0231354,0.262912,1.95766,0.427446,-0.0779068,0.120756
52750,0.135079,0.0119906,1.49634,0.25304,-0.021749,-0.284404,1.96474,0.216038,-0.00744192,-0.0028937
52766,0.135079,0.0119906,1.49634,0.383394,-0.0265434,-0.243239,1.91027,0.155341,-0.0175857,-0.0391839
52782,0.135079,0.0119906,1.49634,0.383394,-0.0283016,0.131943,1.914,0.403784,-0.0540114,0.0588782
52798,0.135079,0.0119906,1.49634,0.260708,-0.0245617,0.332723,1.95361,0.194949,-0.116567,0.101184
52813,0.135079,0.0119906,1.49634,0.115018,-0.0212638,-0.169027,1.96102,0.26079,-0.00625308,0.0407681
52830,0.135079,0.0119906,1.49634,0.10735,-0.0252635,-0.292532,1.95111,0.328173,0.0342802,0.0180357
52846,0.135079,0.0119906,1.49634,0.0920147,-0.0293966,0.13607,1.92025,-0.0735572,-0.0770351,0.0366529
52862,0.135079,0.0119906,1.49634,0.0920147,-0.0246305,0.350705,1.95593,0.0961856,-0.111792,0.113482
52878,0.135079,0.0119906,1.49634,0.0766789,-0.0211059,-0.145183,1.98261,0.203178,-0.0182769,0.0481861
52894,0.135079,0.0119906,1.49634,0.0766789,-0.023872,-0.38553,1.9364,-0.174891,-0.0049094,-0.0579972
52910,0.135079,0.0119906,1.49634,0.069011,-0.0299181,-0.0697797,1.88154,0.108533,-0.00455838,0.0133989
52926,0.135079,0.0119906,1.49634,0.0613431,-0.028054,0.434117,1.90946,-0.0190321,-0.120833,0.102161
52942,0.135079,0.0119906,1.49634,0.0613431,-0.022905,0.198828,1.96288,-0.0396065,-0.101237,0.0768849
52957,0.135079,0.0119906,1.49634,0.0536752,-0.0240454,-0.0584372,1.97467,0.32715,-0.00963194,0.0755375
52974,0.135079,0.0119906,1.49634,0.0613431,-0.0261289,-0.364618,1.92533,-0.165113,0.00059219,-0.0573563
52990,0.135079,0.0119906,1.49634,0.0613431,-0.0282528,-0.0231366,1.89909,-0.0498994,-0.0382287,0.0105644
53006,0.135079,0.0119906,1.49634,0.0613431,-0.0269982,0.282896,1.92438,0.2397,-0.0669793,0.110791
53022,0.135079,0.0119906,1.49634,0.0613431,-0.0260012,0.157265,1.95538,-0.186206,-0.10464,0.0444369
53038,0.135079,0.0119906,1.49634,0.0613431,-0.0251731,-0.16037,1.96747,0.00051659,-0.0280748,0.0122926
53054,0.135079,0.0119906,1.49634,0.0536752,-0.0277639,-0.145976,1.94251,0.171801,0.00110542,0.0266576
53070,0.135079,0.0119906,1.49634,0.0536752,-0.0277694,0.0997022,1.94374,-0.106992,-0.0779531,0.0386752
53086,0.135079,0.0119906,1.49634,0.0536752,-0.0251213,0.154323,1.96966,0.275191,-0.0519119,0.105845
53101,0.135079,0.0119906,1.49634,0.0383394,-0.0249615,-0.0989451,1.96622,-0.034464,-0.0408128,0.0223178
53118,0.135079,0.0119906,1.49634,0.0383394,-0.0266603,-0.122394,1.93928,-0.134769,-0.0396204,-0.0033863
53134,0.135079,0.0119906,1.49634,0.0306715,-0.0266128,0.102766,1.95522,0.169744,-0.0466848,0.0803672
53150,0.135079,0.0119906,1.49634,0.0306715,-0.0259915,0.0357509,1.95315,-0.190319,-0.0786919,0.0245579
53166,0.135079,0.0119906,1.49634,0.0306715,-0.0255263,-0.119465,1.95442,0.11316,-0.014511,0.0337239
53182,0.135079,0.0119906,1.49634,0.0306715,-0.0250779,-0.0341944,1.94884,-0.0534982,-0.0497623,0.0287058
53198,0.135079,0.0119906,1.49634,0.0306715,-0.0256701,-0.00462055,1.95003,-0.137341,-0.0646685,0.0232988
53214,0.135079,0.0119906,1.49634,0.0306715,-0.0264253,-0.0243335,1.94367,0.211411,-0.0159816,0.0593923
53230,0.135079,0.0119906,1.49634,0.184029,-0.0259324,0.0717208,1.92817,0.0226332,-0.0722654,0.0327442
53245,0.135079,0.0119906,1.49634,0.299048,-0.0246977,0.155926,1.96718,0.0565767,-0.10867,0.0497192
53262,0.135079,0.0119906,1.49634,0.306715,-0.0228062,-0.037266,1.97329,0.398129,-0.0373115,0.0590053
53278,0.135079,0.0119906,1.49634,0.314383,-0.0238025,-0.185811,1.96309,0.0385794,-0.0507408,-0.0174113
53294,0.135079,0.0119906,1.49634,0.306715,-0.0263967,0.00830381,1.97457,0.418702,-0.0375958,0.0643894
53310,0.135079,0.0119906,1.49634,0.207033,-0.0248737,0.117551,1.95788,0.329723,-0.0548326,0.0846031
53326,0.135079,0.0119906,1.49634,0.207033,-0.0236553,-0.0465824,1.97812,0.137341,-0.0549261,0.0373789
53342,0.135079,0.0119906,1.49634,0.0920147,-0.0250619,-0.185413,1.96249,0.326629,0.0133751,0.0426476
53358,0.135079,0.0119906,1.49634,0.0920147,-0.025535,0.0553363,1.94065,-0.0606973,-0.0717901,0.0343372
53374,0.135079,0.0119906,1.49634,0.0766789,-0.0241011,0.0698579,1.97353,0.0324054,-0.0713231,0.0603292
53389,0.135079,0.0119906,1.49634,0.069011,-0.0245741,-0.0206081,1.96653,0.12345,-0.0403813,0.053105
53406,0.135079,0.0119906,1.49634,0.069011,-0.0248168,-0.0548492,1.96582,-0.020576,-0.0510527,0.0286185
53422,0.135079,0.0119906,1.49634,0.069011,-0.023986,-0.081892,1.96468,0.0622367,-0.0371363,0.0347764
53438,0.135079,0.0119906,1.49634,0.0613431,-0.0244612,0.0482749,1.93932,0.108532,-0.0476549,0.0588337
53454,0.135079,0.0119906,1.49634,0.0613431,-0.0234926,-0.0645771,1.94423,-0.0360082,-0.04731,0.0229709
53470,0.135079,0.0119906,1.49634,0.0613431,-0.0240564,-0.0155432,1.94589,0.0720132,-0.0426245,0.0447189
53486,0.135079,0.0119906,1.49634,0.0613431,-0.0247601,0.0186961,1.9311,-0.116763,-0.067197,0.0234565
53502,0.135079,0.0119906,1.49634,0.0613431,-0.0257021,-0.0278016,1.96234,0.039092,-0.0455604,0.0395836
53518,0.135079,0.0119906,1.49634,0.0613431,-0.024439,-0.0463197,1.94214,0.062754,-0.0366196,0.0363553
53533,0.135079,0.0119906,1.49634,0.0613431,-0.0246674,-0.0272632,1.94877,0.0159474,-0.0469729,0.0353792
53550,0.135079,0.0119906,1.49634,0.0536752,-0.0258129,-0.0260713,1.96765,0.0288033,-0.0472612,0.0406516
53566,0.135079,0.0119906,1.49634,0.0536752,-0.0275935,-0.0248632,1.92699,0.125509,-0.0232968,0.040187
53582,0.135079,0.0119906,1.49634,0.0536752,-0.0275416,0.0593336,1.94771,-0.151739,-0.0773102,0.0270185
53598,0.135079,0.0119906,1.49634,0.0536752,-0.0265373,0.00470763,1.95786,0.108019,-0.0397899,0.0525416
53614,0.135079,0.0119906,1.49634,0.0536752,-0.0273235,-0.0760303,1.92341,-0.0915599,-0.0399068,0.00381903
53630,0.135079,0.0119906,1.49634,0.0383394,-0.02755,-0.0196721,1.94698,0.0617251,-0.0348912,0.0400145
53646,0.135079,0.0119906,1.49634,0.0383394,-0.0258306,-0.00115043,1.93244,0.034463,-0.0409784,0.039551
53662,0.135079,0.0119906,1.49634,0.0306715,-0.0256183,0.0250891,1.92802,-0.0622427,-0.0558978,0.0328933
53677,0.135079,0.0119906,1.49634,0.0306715,-0.0261107,-0.138783,1.92557,0.144026,0.00049258,0.026154
53694,0.135079,0.0119906,1.49634,0.0306715,-0.0274753,0.132474,1.91126,-0.0550386,-0.0676974,0.0467619
53710,0.135079,0.0119906,1.49634,0.0306715,-0.0243856,0.231869,1.92878,0.0483503,-0.0824539,0.0870446
53726,0.135079,0.0119906,1.49634,0.0230037,-0.0214372,-0.0557836,1.96821,-0.0457784,-0.0544225,0.037098
53742,0.135079,0.0119906,1.49634,0.0230037,-0.0238647,-0.180348,1.93944,0.0437217,-0.0100747,0.0140832
53758,0.135079,0.0119906,1.49634,0.0230037,-0.0266533,-0.036199,1.93414,-0.0401199,-0.0408253,0.0248571
53774,0.135079,0.0119906,1.49634,0.0230037,-0.0261255,0.248251,1.95964,0.0159459,-0.0928602,0.0914649
53790,0.135079,0.0119906,1.49634,0.0230037,-0.0224606,0.00736761,1.94002,0.122938,-0.0371933,0.0611036
53806,0.135079,0.0119906,1.49634,0.0230037,-0.0228252,-0.164756,1.97379,-0.0833307,-0.0381086,0.0112755
53821,0.135079,0.0119906,1.49634,0.0153358,-0.0251215,-0.184217,1.93815,0.0663535,-0.00333677,0.0146863
53838,0.135079,0.0119906,1.49634,0.0153358,-0.0275181,0.0504009,1.91397,-0.196492,-0.0685791,0.0166921
53854,0.135079,0.0119906,1.49634,0.0153358,-0.0258129,0.12501,1.93242,0.125509,-0.0502129,0.0769433
53870,0.135079,0.0119906,1.49634,0.0153358,-0.0237618,0.0178984,1.93053,-0.0107996,-0.0500861,0.0433347
53886,0.135079,0.0119906,1.49634,0.0153358,-0.0229756,-0.027395,1.93984,-0.10391,-0.0565788,0.0270393
53902,0.135079,0.0119906,1.49634,0.0153358,-0.0245104,-0.126924,1.95192,-0.0138878,-0.0277835,0.0198057
53918,0.135079,0.0119906,1.49634,0.0230037,-0.0256419,0.00390217,1.8977,0.120367,-0.0217601,0.0449786
53934,0.135079,0.0119906,1.49634,0.0153358,-0.0240389,0.162188,1.90835,-0.0941304,-0.0809301,0.0543609
53950,0.135079,0.0119906,1.49634,0.0153358,-0.0208729,0.0955717,1.94749,0.040121,-0.0667854,0.0727206
53965,0.135079,0.0119906,1.49634,0.0153358,-0.0210476,-0.165427,1.92566,-3.5e-07,-0.0185356,0.013859
53982,0.135079,0.0119906,1.49634,0.0153358,-0.0237408,-0.115998,1.93057,-0.120879,-0.03902,0.00505254
53998,0.135079,0.0119906,1.49634,0.0153358,-0.024718,0.153392,1.93846,0.120879,-0.0591655,0.0848783
54014,0.135079,0.0119906,1.49634,0.0153358,-0.0218167,0.10143,1.93558,-0.0252037,-0.0714588,0.0615022
54030,0.135079,0.0119906,1.49634,-0.00766826,-0.0219916,-0.226846,1.94714,-0.0195469,-0.0103906,0.0063469
54046,0.135079,0.0119906,1.49634,-0.00766826,-0.0266206,-0.176493,1.90809,-0.0077161,-0.00145643,0.00037805
54062,0.135079,0.0119906,1.49634,-0.00766826,-0.0261388,0.193897,1.89521,-0.139397,-0.0829283,0.0510112
54078,0.135079,0.0119906,1.49634,-0.00766826,-0.0230959,0.187769,1.94981,-0.0334318,-0.0867038,0.080605
54094,0.135079,0.0119906,1.49634,-0.00766826,-0.024753,-0.129058,1.93279,0.0282927,-0.0145913,0.0224599
54109,0.135079,0.0119906,1.49634,-0.00766826,-0.0278514,-0.0683055,1.90657,-0.100304,-0.0301197,0.00684428
54126,0.135079,0.0119906,1.49634,-0.0153358,-0.0272436,0.220672,1.93442,-0.121394,-0.0921046,0.0665109
54142,0.135079,0.0119906,1.49634,-0.00766826,-0.0248255,0.136208,1.91956,0.154313,-0.0445598,0.0839444
54158,0.135079,0.0119906,1.49634,-0.00766826,-0.0257689,-0.0828273,1.91311,-0.143513,-0.0376392,0.00383559
54174,0.135079,0.0119906,1.49634,-0.00766826,-0.0254568,-0.0311329,1.91116,-0.0437214,-0.035021,0.0256694
54190,0.135079,0.0119906,1.49634,-0.00766826,-0.0245523,0.220809,1.90292,0.0277766,-0.0719361,0.0808066
54206,0.135079,0.0119906,1.49634,-0.00766826,-0.0212589,0.115822,1.94162,-0.167691,-0.0909284,0.0519556
54222,0.135079,0.0119906,1.49634,0.0153358,-0.0197398,-0.137849,1.95132,0.00823116,-0.0307285,0.028168
54238,0.135079,0.0119906,1.49634,0.0230037,-0.0214246,-0.109741,1.93507,0.0632668,-0.0235578,0.0325853
54253,0.135079,0.0119906,1.49634,0.0230037,-0.0213932,0.051468,1.94448,-0.103393,-0.0755319,0.0445316
54270,0.135079,0.0119906,1.49634,0.0383394,-0.0209282,-0.0733665,1.94252,0.156885,-0.0232552,0.0514563
54286,0.135079,0.0119906,1.49634,0.0383394,-0.0225477,-0.170891,1.91653,-0.146083,-0.0334893,-0.0123702
54302,0.135079,0.0119906,1.49634,0.0306715,-0.0248208,0.00630608,1.91236,-0.13014,-0.0583354,0.0187587
54318,0.135079,0.0119906,1.49634,0.0306715,-0.0230048,0.0950359,1.91405,0.136825,-0.0454851,0.0711788
54334,0.135079,0.0119906,1.49634,0.0306715,-0.0221518,0.0197674,1.91371,-0.171289,-0.0704598,0.0209542
54350,0.135079,0.0119906,1.49634,0.0306715,-0.0214521,-0.0163429,1.94406,0.0699485,-0.0428163,0.0519069
54366,0.135079,0.0119906,1.49634,0.0230037,-0.0216586,-0.124127,1.91549,0.0226331,-0.0208881,0.0199753
54382,0.135079,0.0119906,1.49634,0.0230037,-0.0230626,-0.0447226,1.88886,-0.030862,-0.0333661,0.0196679
54397,0.135079,0.0119906,1.49634,0.0230037,-0.0231432,0.0486797,1.91069,0.0257207,-0.0485598,0.0489336
54414,0.135079,0.0119906,1.49634,0.0230037,-0.0219931,0.116488,1.90238,0.0570962,-0.0570699,0.0653123
54430,0.135079,0.0119906,1.49634,0.0230037,-0.020994,-0.020739,1.90698,-0.17232,-0.0625544,0.0145489
54446,0.135079,0.0119906,1.49634,0.0230037,-0.0222632,-0.0651126,1.93382,-0.0668737,-0.0458632,0.0233572
54462,0.135079,0.0119906,1.49634,0.0230037,-0.0222227,0.0448093,1.90496,0.100818,-0.0388877,0.0575339
54478,0.135079,0.0119906,1.49634,0.0230037,-0.0205052,0.0541357,1.93797,-0.0817858,-0.0733133,0.0475909
54494,0.135079,0.0119906,1.49634,0.0230037,-0.020745,-0.0849532,1.9444,0.0987558,-0.0270741,0.0448286
54510,0.135079,0.0119906,1.49634,0.0230037,-0.0221431,-0.10614,1.90908,-0.0154348,-0.0265061,0.0163806
54526,0.135079,0.0119906,1.49634,0.0230037,-0.022536,0.1013,1.92614,-0.152256,-0.0844123,0.0416635
54541,0.135079,0.0119906,1.49634,0.0230037,-0.0210982,0.0289541,1.93241,-0.0432077,-0.0617538,0.0453269
54558,0.135079,0.0119906,1.49634,0.0306715,-0.0217174,-0.0603094,1.91746,-0.101845,-0.0489721,0.0161118
54574,0.135079,0.0119906,1.49634,0.0306715,-0.0235167,-0.0854909,1.90488,-0.00411539,-0.0266156,0.0174241
54590,0.135079,0.0119906,1.49634,0.0306715,-0.0235115,0.129811,1.91499,-0.0190317,-0.0701685,0.058045
54606,0.135079,0.0119906,1.49634,0.0306715,-0.0217836,-0.02367,1.90019,0.0570951,-0.032205,0.0381314
54622,0.135079,0.0119906,1.49634,0.0306715,-0.022718,-0.164096,1.88703,-0.018518,-0.011108,-0.00183325
54638,0.135079,0.0119906,1.49634,0.0306715,-0.0251643,0.0689286,1.88027,0.0771526,-0.0365171,0.0475691
54654,0.135079,0.0119906,1.49634,0.0306715,-0.0226681,0.264907,1.88998,-0.0529804,-0.0944976,0.074558
54670,0.135079,0.0119906,1.49634,0.0306715,-0.0207719,0.0241564,1.91795,-0.0879589,-0.0643833,0.0351887
54685,0.135079,0.0119906,1.49634,0.0306715,-0.0220487,-0.134116,1.91338,0.0308634,-0.0178616,0.0170472
54702,0.135079,0.0119906,1.49634,0.0306715,-0.0237348,-0.0433938,1.88813,0.0118344,-0.0280891,0.022908
54718,0.135079,0.0119906,1.49634,0.0230037,-0.0230029,0.137542,1.90587,-0.0771557,-0.0763991,0.0520296
54734,0.135079,0.0119906,1.49634,0.0230037,-0.0202563,0.131539,1.92574,0.242269,-0.0456404,0.0990168
54750,0.135079,0.0119906,1.49634,0.0230037,-0.0202029,-0.158635,1.91014,-0.13734,-0.0351258,-0.00480175
54766,0.135079,0.0119906,1.49634,0.0230037,-0.0229866,-0.0929587,1.89725,-0.152262,-0.0413871,-0.00200283
54782,0.135079,0.0119906,1.49634,0.0153358,-0.0232222,0.130743,1.90113,0.13631,-0.0468295,0.0762391
54798,0.135079,0.0119906,1.49634,0.0153358,-0.0210925,0.109562,1.89973,-0.145567,-0.0803324,0.04112
54814,0.135079,0.0119906,1.49634,0.0153358,-0.0205199,-0.116133,1.90759,0.017491,-0.0220443,0.0217873
54829,0.135079,0.0119906,1.49634,0.0153358,-0.0233178,-0.0174091,1.90045,0.0123453,-0.0344855,0.0332525
54846,0.135079,0.0119906,1.49634,0.0153358,-0.0211922,0.0949026,1.89094,-0.0385798,-0.0624349,0.0492036
54862,0.135079,0.0119906,1.49634,0.0230037,-0.0198791,-0.0489875,1.8974,0.00925815,-0.0349043,0.031003
54878,0.135079,0.0119906,1.49634,0.0230037,-0.0204346,-0.019541,1.89328,0.0570953,-0.0326038,0.0404281
54894,0.135079,0.0119906,1.49634,0.0230037,-0.0198179,0.0849127,1.88035,-0.050923,-0.0627919,0.0446778
54910,0.135079,0.0119906,1.49634,0.0230037,-0.0183071,0.0260338,1.90455,-0.130141,-0.0697885,0.0322363
54926,0.135238,0.0119079,1.49634,0.0306715,-0.0184322,-0.0588415,1.91105,0.136309,-0.0242728,0.049412
54942,0.135238,0.0118957,1.49634,0.0306715,-0.0194271,-0.0359274,1.89772,-0.0555533,-0.0470388,0.0255522
54958,0.135238,0.0118934,1.49634,0.0306715,-0.0195683,-0.00128951,1.90757,-0.0473245,-0.0544603,0.0350876
54973,0.135238,0.011893,1.49634,0.14569,-0.0183729,0.0225574,1.91853,0.205752,-0.0465753,0.060891
54990,0.135238,0.0118929,1.49634,0.0383394,-0.0190216,-0.0698996,1.90532,-0.0437224,-0.0427662,0.0221902
55006,0.135079,0.0119557,1.49634,0.0383394,-0.0212435,-0.0340558,1.90791,-0.13118,-0.0568549,0.0150818
55022,0.135079,0.0119841,1.49634,0.0383394,-0.0204537,0.0677269,1.91283,0.212952,-0.0360568,0.0783572
55038,0.135079,0.0119894,1.49634,0.0306715,-0.0195432,-0.0834917,1.89547,-0.190834,-0.0539266,-0.00063264
55054,0.135079,0.0119903,1.49634,0.0306715,-0.0210598,-0.101876,1.90724,0.0277765,-0.0243012,0.0228534
55070,0.135079,0.0119905,1.49634,0.0306715,-0.0213891,0.0378813,1.89054,0.0534951,-0.0422745,0.0475279
55086,0.135079,0.0119906,1.49634,0.0383394,-0.0208706,0.0859758,1.87935,-0.0216075,-0.0593395,0.0446145
55102,0.135079,0.0119906,1.49634,0.0383394,-0.0196242,-0.0953504,1.88721,0.0298348,-0.0238149,0.0210409
55117,0.135079,0.0119906,1.49634,0.0383394,-0.0208343,0.0368166,1.88116,0.0632674,-0.0405277,0.0462961
55134,0.135079,0.0119906,1.49634,0.0383394,-0.0200101,0.184835,1.88158,-0.0730402,-0.0855852,0.0586784
55150,0.135079,0.0119906,1.49634,0.0536752,-0.0172793,0.0277563,1.91309,-0.0771517,-0.0710704,0.0389708
55166,0.135079,0.0119906,1.49634,0.161026,-0.0181249,-0.192872,1.9069,0.149683,-0.0133929,0.00963935
55182,0.135079,0.0119906,1.49634,0.153358,-0.0203742,0.00124128,1.88517,0.00874593,-0.0563043,0.0207138
55198,0.135079,0.0119906,1.49634,0.153358,-0.018749,0.117955,1.91141,0.090529,-0.0765122,0.0612268
55214,0.135079,0.0119906,1.49634,0.0613431,-0.0175016,-0.0592437,1.91273,0.300396,-0.00979245,0.0674057
55230,0.135079,0.0119906,1.49634,0.0613431,-0.0197811,-0.188617,1.87735,-0.108535,-0.0237949,-0.0185491
55246,0.135079,0.0119906,1.49634,0.0613431,-0.0226498,0.030819,1.88503,0.0653251,-0.0399256,0.040552
55261,0.135079,0.0119906,1.49634,0.0536752,-0.0207311,0.210687,1.89725,0.0823034,-0.0758074,0.0830423
55278,0.135079,0.0119906,1.49634,0.0536752,-0.01842,-0.0451228,1.88358,-0.11162,-0.0531503,0.0124061
55294,0.135079,0.0119906,1.49634,0.0536752,-0.0216499,-0.150907,1.88192,0.0956733,-0.00298262,0.0122862
55310,0.135079,0.0119906,1.49634,0.0536752,-0.0229954,0.0845126,1.86811,0.0133736,-0.0505874,0.0406041
55326,0.135079,0.0119906,1.49634,0.0536752,-0.0215166,0.219876,1.86464,0.037035,-0.0740546,0.070287
55342,0.135079,0.0119906,1.49634,0.0536752,-0.0194894,-0.0371331,1.87973,0.0725279,-0.0295991,0.0336702
55358,0.135079,0.0119906,1.49634,0.0536752,-0.0206518,-0.079096,1.87112,0.0817848,-0.0168897,0.0230587
55374,0.135079,0.0119906,1.49634,0.0383394,-0.0211684,0.187233,1.84582,0.0895007,-0.0560041,0.0686299
55390,0.135079,0.0119906,1.49634,0.0383394,-0.0179014,0.200425,1.8891,-0.11162,-0.0983204,0.0621095
55405,0.135079,0.0119906,1.49634,0.0383394,-0.0166787,-0.081359,1.91657,-0.0164603,-0.0436817,0.0297377
55422,0.135079,0.0119906,1.49634,0.0383394,-0.0203711,-0.181288,1.86573,0.109563,0.00783585,0.00849666
55438,0.135079,0.0119906,1.49634,0.0383394,-0.0210752,0.1434,1.88136,-0.0586384,-0.0744743,0.050922
55454,0.135079,0.0119906,1.49634,0.0383394,-0.0184037,0.163253,1.90982,0.013888,-0.0803223,0.0745257
55470,0.135079,0.0119906,1.49634,0.0306715,-0.0171861,-0.0870891,1.88876,0.071498,-0.0236678,0.0329599
55486,0.135079,0.0119906,1.49634,0.0306715,-0.0189163,-0.118932,1.8812,-0.122421,-0.036808,-0.0012133
55502,0.135079,0.0119906,1.49634,0.0306715,-0.0197732,0.0721201,1.886,-0.105448,-0.0694061,0.03612
55518,0.135079,0.0119906,1.49634,0.0306715,-0.0176444,0.164318,1.8694,0.047836,-0.0672169,0.0715533
55534,0.135079,0.0119906,1.49634,0.0230037,-0.0154971,-0.0487168,1.89154,0.0128573,-0.040278,0.0373172
55549,0.135079,0.0119906,1.49634,0.0230037,-0.0175663,-0.124125,1.90347,-0.0390905,-0.0322308,0.0163582
55566,0.135079,0.0119906,1.49634,0.0230037,-0.0192839,0.0252237,1.86293,-0.0164615,-0.0444754,0.0345583
55582,0.135079,0.0119906,1.49634,0.0230037,-0.017654,0.0843737,1.86253,0.0390891,-0.0511045,0.0549188
55598,0.135079,0.0119906,1.49634,0.0230037,-0.0165858,0.0384127,1.8883,0.00822923,-0.0542366,0.0504144
55614,0.135079,0.0119906,1.49634,0.0306715,-0.0155567,0.00483783,1.87284,-0.0442344,-0.0534492,0.0349
55630,0.135079,0.0119906,1.49634,0.0306715,-0.0160746,-0.00967856,1.859,-0.0997894,-0.053454,0.0213304
55646,0.135079,0.0119906,1.49634,0.0306715,-0.0165004,-0.0195419,1.88847,0.0725275,-0.0369405,0.0467114
55662,0.135079,0.0119906,1.49634,0.0306715,-0.0162529,0.0525352,1.88914,0.0776694,-0.0500535,0.0613121
55678,0.135079,0.0119906,1.49634,0.0383394,-0.0155359,0.0134991,1.88504,-0.0879583,-0.0641724,0.0331493
55693,0.135079,0.0119906,1.49634,0.0383394,-0.0163633,-0.0985442,1.90115,0.0637847,-0.0276895,0.0332166
55710,0.135079,0.0119906,1.49634,0.0383394,-0.0176287,-0.0148803,1.8802,0.0879573,-0.0330726,0.0447289
55726,0.135079,0.0119906,1.49634,0.0383394,-0.0168841,0.0865145,1.87566,-0.141454,-0.0796211,0.0357958
55742,0.135079,0.0119906,1.49634,0.0383394,-0.0157977,-0.024202,1.89193,-0.0262332,-0.0509713,0.0348425
55758,0.135079,0.0119906,1.49634,0.0383394,-0.0175832,-0.0553803,1.87967,0.0848719,-0.0259925,0.0367678
55774,0.135079,0.0119906,1.49634,0.0383394,-0.0183782,0.0096336,1.85724,-0.0524656,-0.0480023,0.0255554
55790,0.135079,0.0119906,1.49634,0.0306715,-0.0170274,0.157122,1.89191,-0.0859006,-0.0884309,0.0602174
55806,0.135079,0.0119906,1.49634,0.0306715,-0.0152554,-0.0579103,1.90226,0.160999,-0.0244446,0.0556389
55822,0.135079,0.0119906,1.49634,0.0306715,-0.0178696,-0.12013,1.85878,-0.0231461,-0.0209755,0.00711691
55837,0.135079,0.0119906,1.49634,0.0230037,-0.0182391,-0.0311313,1.85568,-0.0967011,-0.0439195,0.014311
55854,0.135079,0.0119906,1.49634,0.0230037,-0.0178881,0.216684,1.8744,0.0864152,-0.071949,0.0877045
55870,0.135079,0.0119906,1.49634,0.0230037,-0.0146346,0.133676,1.87762,0.0329228,-0.0693253,0.071846
55886,0.135079,0.0119906,1.49634,0.0230037,-0.0152198,-0.234846,1.89323,-0.0931024,-0.019968,-0.00937122
55902,0.135079,0.0119906,1.49634,0.0153358,-0.0182624,-0.136121,1.88058,-0.0792167,-0.0274764,0.00365288
55918,0.135079,0.0119906,1.49634,0.0153358,-0.0170145,0.202555,1.86212,0.112136,-0.0638509,0.0876954
55934,0.135079,0.0119906,1.49634,0.0153358,-0.0137761,0.132873,1.90603,-0.0195462,-0.0826847,0.0743201
55950,0.135079,0.0119906,1.49634,0.0153358,-0.0134532,-0.221117,1.91713,0.0210894,-0.0161611,0.0165472
55966,0.135079,0.0119906,1.49634,0.0153358,-0.0163749,-0.268154,1.85045,-0.0828092,0.00022186,-0.0253235
55981,0.135079,0.0119906,1.49634,0.0153358,-0.0188966,0.131411,1.85171,-0.0632733,-0.0666418,0.047547
55998,0.135079,0.0119906,1.49634,0.0153358,-0.0153678,0.181772,1.89661,-0.0982469,-0.0963796,0.0689985
56014,0.135079,0.0119906,1.49634,0.0153358,-0.0133689,-0.155837,1.87802,0.179004,0.00012404,0.0388898
56030,0.135079,0.0119906,1.49634,0.0153358,-0.0161199,-0.0949468,1.87294,-0.0967023,-0.0388239,0.0109093
56046,0.135079,0.0119906,1.49634,0.0153358,-0.0173955,0.0410784,1.87951,-0.100818,-0.0636561,0.0351618
56062,0.135079,0.0119906,1.49634,0.0153358,-0.0167256,0.159791,1.87199,0.128079,-0.0568825,0.0844742
56078,0.135079,0.0119906,1.49634,0.0153358,-0.0163666,-0.0539173,1.85845,-0.0936156,-0.0421491,0.0151117
56094,0.135079,0.0119906,1.49634,0.0153358,-0.0167014,-0.0404662,1.87284,0.0380677,-0.0314442,0.0364885
56110,0.135079,0.0119906,1.49634,0.0230037,-0.0140567,0.127945,1.87797,0.0617263,-0.0658009,0.0753201
56125,0.135079,0.0119906,1.49634,0.0230037,-0.0126019,-0.0413891,1.87885,-0.127565,-0.0604114,0.0233481
56142,0.135079,0.0119906,1.49634,0.0230037,-0.0137764,-0.13745,1.89947,-0.0606938,-0.0376522,0.0165357
56158,0.135079,0.0119906,1.49634,0.0306715,-0.0152111,-0.115068,1.88357,0.1682,-0.00880591,0.041565
56174,0.135079,0.0119906,1.49634,0.0306715,-0.0159499,0.144334,1.87605,-0.126021,-0.0890004,0.0509966
56190,0.135079,0.0119906,1.49634,0.0306715,-0.0155438,0.0232243,1.89296,0.0293186,-0.0526194,0.05203
56206,0.135079,0.0119906,1.49634,0.0306715,-0.0159078,-0.1549,1.88112,0.11625,-0.00612538,0.0261048
56222,0.135079,0.0119906,1.49634,0.0306715,-0.0185204,-0.0511218,1.85043,-0.177974,-0.0493789,-0.00194005
56238,0.135079,0.0119906,1.49634,0.0306715,-0.0180409,0.104895,1.86206,-0.0653237,-0.0677285,0.0443323
56254,0.135079,0.0119906,1.49634,0.0306715,-0.0171407,0.0658665,1.8827,0.0668665,-0.0508467,0.0595055
56269,0.135079,0.0119906,1.49634,0.0230037,-0.0182372,-0.0166097,1.86293,0.0987597,-0.0245384,0.0425367
56286,0.135079,0.0119906,1.49634,0.0230037,-0.0196831,-0.00208512,1.86455,-0.21038,-0.0627677,0.00557334
56302,0.135079,0.0119906,1.49634,0.0230037,-0.0197875,0.0626622,1.86653,0.119337,-0.0348502,0.058089
56318,0.135079,0.0119906,1.49634,0.0230037,-0.0181165,0.134879,1.84582,0.0689281,-0.0520398,0.0632675
56334,0.135079,0.0119906,1.49634,0.0230037,-0.0174257,0.049473,1.85867,-0.0200609,-0.0513748,0.040687
56350,0.135079,0.0119906,1.49634,0.0230037,-0.0167371,0.021096,1.88471,0.00771739,-0.0500427,0.0460371
56366,0.135079,0.0119906,1.49634,0.0230037,-0.0172417,-0.00208726,1.86095,0.00411493,-0.039845,0.0348761
56382,0.135079,0.0119906,1.49634,0.0230037,-0.0170148,0.0834462,1.86329,-0.097217,-0.0687092,0.0393648
56398,0.135079,0.0119906,1.49634,0.0230037,-0.0162083,0.0280228,1.89685,0.0859007,-0.0455233,0.0605733
56413,0.135079,0.0119906,1.49634,0.0230037,-0.0154316,-0.089484,1.88605,0.165114,-0.0131512,0.0471051
56430,0.135079,0.0119906,1.49634,0.0230037,-0.0175629,-0.0528461,1.85992,-0.149167,-0.04842,0.00598628
56446,0.135079,0.0119906,1.49634,0.0230037,-0.0169452,0.060797,1.87379,-0.0210909,-0.0579004,0.0470084
56462,0.135079,0.0119906,1.49634,0.0230037,-0.0160522,0.0180303,1.88885,0.11625,-0.0383874,0.0607905
56478,0.135079,0.0119906,1.49634,0.0230037,-0.0161859,-0.0548441,1.86876,-0.189291,-0.0572449,0.00506402
56494,0.135079,0.0119906,1.49634,0.0230037,-0.0163409,-0.0168842,1.86164,-0.0493832,-0.0452688,0.0272487
56510,0.135079,0.0119906,1.49634,0.0306715,-0.0160535,0.130343,1.86808,0.105449,-0.0562883,0.0745564
56526,0.135079,0.0119906,1.49634,0.0306715,-0.0145093,0.0907733,1.87476,-0.0812724,-0.0758171,0.0485495
56542,0.135079,0.0119906,1.49634,0.0306715,-0.0147223,-0.163561,1.88271,0.0210899,-0.0184032,0.0152187
56557,0.135079,0.0119906,1.49634,0.0306715,-0.0171756,-0.0880211,1.85408,0.0545214,-0.0174409,0.0225931
56574,0.135079,0.0119906,1.49634,0.0306715,-0.0171455,0.220277,1.82601,0.037549,-0.0693281,0.0713417
56590,0.135079,0.0119906,1.49634,0.0230037,-0.013241,0.213482,1.8736,0.0169761,-0.087179,0.0860974
56606,0.135079,0.0119906,1.49634,0.0230037,-0.0116812,-0.22272,1.90537,-0.0684152,-0.0277984,0.00455989
56622,0.135079,0.0119906,1.49634,0.0230037,-0.0159977,-0.232438,1.85601,0.147112,0.0187675,0.0103303
56638,0.135079,0.0119906,1.49634,0.0230037,-0.0187013,0.139266,1.86101,-0.114707,-0.0777567,0.0443115
56654,0.135079,0.0119906,1.49634,0.0153358,-0.0158977,0.270638,1.90489,0.0257198,-0.0986479,0.101711
56670,0.135079,0.0119906,1.49634,0.0153358,-0.0130099,-0.0840299,1.89651,0.11419,-0.0257997,0.0492841
56686,0.135079,0.0119906,1.49634,0.0153358,-0.015699,-0.385529,1.8594,-0.0684111,0.0202277,-0.0421935
56701,0.135079,0.0119906,1.49634,0.0153358,-0.0198154,0.0505368,1.85907,-0.146081,-0.0621444,0.0226277
56718,0.135079,0.0119906,1.49634,0.0153358,-0.0179894,0.268244,1.87118,0.172831,-0.069027,0.107839
56734,0.135079,0.0119906,1.49634,0.0230037,-0.0162773,0.0754532,1.87163,-0.19032,-0.0817146,0.0297035
56750,0.135079,0.0119906,1.49634,0.0230037,-0.0175194,-0.175821,1.87245,0.0128594,-0.00926884,0.00586445
56766,0.135079,0.0119906,1.49634,0.0230037,-0.0189659,-0.0119494,1.85321,0.0704725,-0.0253583,0.0364763
56782,0.135079,0.0119906,1.49634,0.0230037,-0.0194095,0.157788,1.84413,-0.0334362,-0.0661582,0.0525336
56798,0.135079,0.0119906,1.49634,0.0306715,-0.0166857,0.111291,1.86214,0.0303478,-0.0595044,0.0594273
56814,0.135079,0.0119906,1.49634,0.0306715,-0.0149958,-0.00968103,1.87153,0.0123455,-0.0445299,0.0397087
56830,0.135079,0.0119906,1.49634,0.0306715,-0.0151437,0.0753207,1.85112,0.0545241,-0.0499173,0.0556273
56845,0.135079,0.0119906,1.49634,0.0306715,-0.0140687,0.115156,1.87533,-0.0869291,-0.0818121,0.0532535
56862,0.135079,0.0119906,1.49634,0.0306715,-0.0124643,-0.0544467,1.91858,-0.0108005,-0.0543201,0.0437688
56878,0.135079,0.0119906,1.49634,0.0306715,-0.0141048,-0.188749,1.87126,0.132197,0.00137591,0.0223994
56894,0.135079,0.0119906,1.49634,0.0306715,-0.0158821,0.0485401,1.88429,-0.0612086,-0.0656586,0.0431178
56910,0.135079,0.0119906,1.49634,0.0306715,-0.0157352,0.104496,1.90784,0.010802,-0.0729052,0.068073
56926,0.135079,0.0119906,1.49634,0.0306715,-0.0133985,0.0228246,1.89407,0.069441,-0.0514277,0.0606315
56942,0.135079,0.0119906,1.49634,0.0383394,-0.0144232,-0.212591,1.89383,-0.242257,-0.0454543,-0.0238241
56958,0.135079,0.0119906,1.49634,0.0306715,-0.0173346,0.0246939,1.90566,0.0360067,-0.0521379,0.0531564
56974,0.135079,0.0119906,1.49634,0.0383394,-0.0150893,0.0985007,1.88159,-0.00668585,-0.0697581,0.0587905
56989,0.135079,0.0119906,1.49634,0.0383394,-0.013929,-0.0778963,1.89006,-0.0447506,-0.0460095,0.0252291
57006,0.135079,0.0119906,1.49634,0.0383394,-0.0155801,-0.192875,1.90437,-0.00565944,-0.0209099,0.00924772
57022,0.135079,0.0119906,1.49634,0.0383394,-0.0190318,-0.022472,1.8639,0.0812703,-0.0263863,0.0363672
57038,0.135079,0.0119906,1.49634,0.0306715,-0.018857,0.0762496,1.86074,-0.0262334,-0.0561052,0.0421154
57054,0.135079,0.0119906,1.49634,0.0306715,-0.0185151,0.104362,1.89726,0.0699552,-0.0586866,0.0682036
57070,0.135079,0.0119906,1.49634,0.0306715,-0.0180552,0.0385533,1.87642,0.00411585,-0.0505116,0.0437992
57086,0.135079,0.0119906,1.49634,0.0306715,-0.0174839,-0.00634857,1.87354,-0.14917,-0.0611766,0.0170304
57102,0.135079,0.0119906,1.49634,0.0306715,-0.0167244,-0.0389963,1.903,0.0375487,-0.0406772,0.0418738
57118,0.135079,0.0119906,1.49634,0.0306715,-0.0161104,0.104493,1.90043,0.0432077,-0.0666207,0.0696663
57133,0.135079,0.0119906,1.49634,0.0306715,-0.0146775,-0.0148793,1.90083,-0.0334344,-0.056532,0.0405652
57150,0.135079,0.0119906,1.49634,0.0306715,-0.0150116,-0.155034,1.92907,-0.0236602,-0.0358036,0.0217626
57166,0.135079,0.0119906,1.49634,0.0306715,-0.0162807,-0.0340625,1.89121,0.102361,-0.0316637,0.0486503
57182,0.135079,0.0119906,1.49634,0.0306715,-0.0156719,0.0866485,1.90426,-0.171285,-0.0910238,0.0418296
57198,0.135079,0.0119906,1.49634,0.0383394,-0.0148591,-0.0345971,1.93065,0.000513,-0.056437,0.0468035
57214,0.135079,0.0119906,1.49634,0.0383394,-0.0165801,-0.120525,1.88994,-0.0123421,-0.029934,0.0168621
57230,0.135079,0.0119906,1.49634,0.0383394,-0.0168545,-0.0067518,1.893,-0.0576103,-0.0565037,0.0327813
57246,0.135079,0.0119906,1.49634,0.0383394,-0.0153417,0.0430858,1.92913,0.0596663,-0.0623121,0.0673149
57262,0.135079,0.0119906,1.49634,0.0383394,-0.015785,-0.13745,1.90263,0.11522,-0.015619,0.0335443
57277,0.135079,0.0119906,1.49634,0.0383394,-0.0173283,-0.186346,1.88795,0.0905292,-0.00372073,0.0154549
57294,0.135079,0.0119906,1.49634,0.0536752,-0.0194482,0.00111118,1.88598,-0.108019,-0.0600544,0.0203211
57310,0.135079,0.0119906,1.49634,0.0536752,-0.0178823,0.209885,1.87783,0.0977317,-0.073871,0.0848959
57326,0.135079,0.0119906,1.49634,0.0383394,-0.0156195,0.0352169,1.91502,-0.0895017,-0.0752287,0.0439046
57342,0.135079,0.0119906,1.49634,0.0383394,-0.016535,-0.218851,1.93425,-0.0704668,-0.0294873,0.00196406
57358,0.135079,0.0119906,1.49634,0.0383394,-0.0182162,-0.136252,1.88526,0.138881,-0.00492755,0.0285746
57374,0.135079,0.0119906,1.49634,0.0383394,-0.0188429,0.0734395,1.92456,-0.335883,-0.10913,0.0179355
57390,0.135079,0.0119906,1.49634,0.0306715,-0.0206334,0.385619,1.98098,0.128084,-0.119239,0.143792
57406,0.135079,0.0119906,1.49634,0.0306715,-0.020511,0.105036,2.04042,0.0205828,-0.0951447,0.0926477
57421,0.135079,0.0119906,1.49634,0.0230037,-0.0182574,-0.228305,2.06497,-0.0751128,-0.0543258,0.0293716
57438,0.135079,0.0119906,1.49634,0.0230037,-0.0288321,-1.23906,1.82549,0.181574,0.235051,-0.201015
57454,0.135079,0.0119906,1.49634,0.0306715,-0.0344857,0.228797,1.76444,-1.0987,-0.166205,-0.108489
57470,0.135079,0.0119906,1.49634,0.0306715,-0.0371113,0.687513,1.70184,0.641431,-0.0197474,0.169885
57486,0.135079,0.0119906,1.49634,0.0230037,-0.0258038,0.925431,1.84297,-0.0519515,-0.198061,0.182315
57502,0.135079,0.0119906,1.49634,0.0230037,-0.00988853,0.22558,1.94698,0.301938,-0.077457,0.145813
57518,0.135079,0.0119906,1.49634,0.0230037,-0.0150884,-0.618637,1.92874,0.222208,0.0799501,-0.0338007
57534,0.135079,0.0119906,1.49634,0.0230037,-0.0253771,-0.302375,1.84436,-0.184149,0.00932877,-0.0611987
57550,0.135079,0.0119906,1.49634,0.0230037,-0.0273118,0.406798,1.77468,0.109047,-0.0652112,0.0869292
57565,0.135079,0.0119906,1.49634,0.0306715,-0.0198534,0.752189,1.85274,-0.103904,-0.185615,0.154894
57582,0.135079,0.0119906,1.49634,0.0306715,-0.0106179,-0.0285977,1.94994,-0.100301,-0.0802812,0.0480697
57598,0.135079,0.0119906,1.49634,0.0306715,-0.013676,-0.549654,1.92811,0.078695,0.0468234,-0.0372148
57614,0.135079,0.0119906,1.49634,0.0306715,-0.0211798,-0.128916,1.87674,-0.084875,-0.0256899,-0.00326249
57630,0.135079,0.0119906,1.49634,0.0230037,-0.0199127,0.190563,1.88175,0.00102448,-0.0759704,0.070836
57646,0.135079,0.0119906,1.49634,0.0230037,-0.0154089,0.143146,1.8871,0.11265,-0.062336,0.0842764
57662,0.135079,0.0119906,1.49634,0.0230037,-0.0166549,-0.0932176,1.89951,-0.0730424,-0.0425606,0.0185396
57678,0.135079,0.0119906,1.49634,0.0306715,-0.0197774,-0.253363,1.90049,0.068408,0.00782283,0.00014412
57694,0.135079,0.0119906,1.49634,0.0306715,-0.0237278,-0.0158175,1.85913,-0.00565178,-0.0284614,0.0191095
57709,0.135079,0.0119906,1.49634,0.0306715,-0.0228429,0.276906,1.84296,-0.0895017,-0.0898097,0.0610114
57726,0.135079,0.0119906,1.49634,0.0230037,-0.01772,0.21028,1.91551,0.0642959,-0.0833824,0.0937454
57742,0.135079,0.0119906,1.49634,0.0230037,-0.0154577,-0.168896,1.91997,0.195458,-0.00286125,0.0439477
57758,0.135079,0.0119906,1.49634,0.0153358,-0.0193982,-0.204994,1.87616,-0.0828142,-0.0124339,-0.012505
57774,0.135079,0.0119906,1.49634,0.0230037,-0.0223587,-0.0344664,1.87593,0.0833278,-0.0194861,0.0336132
57790,0.135079,0.0119906,1.49634,0.0230037,-0.0219166,0.305813,1.88472,0.094132,-0.0831663,0.101029
57806,0.135079,0.0119906,1.49634,0.0230037,-0.0176237,0.149394,1.89439,-0.159975,-0.0946937,0.0502891
57822,0.135079,0.0119906,1.49634,0.0230037,-0.0183183,-0.19207,1.93265,-0.0406325,-0.0256168,0.00914385
57838,0.135079,0.0119906,1.49634,0.0230037,-0.0211297,-0.232453,1.89062,0.0498905,0.00720121,-0.00182849
57853,0.135079,0.0119906,1.49634,0.0230037,-0.0226325,0.0890425,1.87027,-0.118825,-0.0648457,0.0301798
57870,0.135079,0.0119906,1.49634,0.0230037,-0.0226559,0.238664,1.91636,-0.00926271,-0.0896672,0.0821509
57886,0.135079,0.0119906,1.49634,0.0153358,-0.0197637,-0.0656431,1.9117,0.110594,-0.0221611,0.0447325
57902,0.135079,0.0119906,1.49634,-0.00766826,-0.0224116,-0.12159,1.90144,-0.176432,-0.0372818,-0.00460914
57918,0.135079,0.0119906,1.49634,-0.00766826,-0.0254387,0.0449385,1.90289,0.00977282,-0.0405184,0.0444272
57934,0.135079,0.0119906,1.49634,-0.00766826,-0.0226408,0.335914,1.90709,0.135797,-0.0839511,0.119505
57950,0.135079,0.0119906,1.49634,-0.00766826,-0.0206844,-0.0111408,1.89142,-0.108019,-0.0496262,0.0247617
57966,0.135079,0.0119906,1.49634,-0.00766826,-0.0205378,0.00737272,1.92363,-0.0236619,-0.0505623,0.0462911
57982,0.135079,0.0119906,1.49634,-0.00766826,-0.0193476,-0.0431259,1.91909,0.127568,-0.0238335,0.0562124
57997,0.135079,0.0119906,1.49634,0.0153358,-0.0199844,-0.0693655,1.89131,-0.163056,-0.0495752,0.00554431
58014,0.135079,0.0119906,1.49634,0.0153358,-0.0202287,-0.00089167,1.9014,0.106987,-0.0312631,0.0531573
58030,0.135079,0.0119906,1.49634,0.0153358,-0.0215005,0.0929078,1.8958,-0.017489,-0.0601451,0.0520354
58046,0.135079,0.0119906,1.49634,0.0153358,-0.0196769,0.114091,1.89664,-0.140429,-0.0821174,0.0441902
58062,0.135079,0.0119906,1.49634,0.0153358,-0.0191945,0.00643874,1.94331,-0.00411297,-0.0576147,0.0525233
58078,0.135079,0.0119906,1.49634,0.0153358,-0.0164228,-0.0782984,1.93166,0.023147,-0.0405937,0.0419004
58094,0.135079,0.0119906,1.49634,0.0153358,-0.0169258,-0.163295,1.93195,-0.0828153,-0.0371741,0.0124166
58110,0.135079,0.0119906,1.49634,0.0230037,-0.0198374,-0.0774931,1.945,-0.0210883,-0.0446145,0.0332467
58126,0.135079,0.0119906,1.49634,0.0153358,-0.0185808,-0.0841591,1.89941,0.0720125,-0.0225056,0.0356451
58141,0.135079,0.0119906,1.49634,0.0153358,-0.0203904,-0.020205,1.9248,-0.0884726,-0.0566998,0.0309752
58158,0.135079,0.0119906,1.49634,0.0153358,-0.0209824,-0.0337912,1.93609,-0.0514355,-0.0514019,0.0346385
58174,0.135079,0.0119906,1.49634,0.0153358,-0.0202006,0.0293561,1.91384,0.010288,-0.0515031,0.0499693
58190,0.135079,0.0119906,1.49634,-0.00766826,-0.018552,-0.0516469,1.93587,-0.0231469,-0.0458146,0.0415098
58206,0.135079,0.0119906,1.49634,-0.0920147,-0.019871,-0.0778947,1.94991,0.0365209,-0.0246699,0.0553041
58222,0.135079,0.0119906,1.49634,-0.0920147,-0.0221909,-0.122394,1.90587,-0.119336,-0.0213548,0.0138805
58238,0.135079,0.0119906,1.49634,-0.0996829,-0.0219039,0.108491,1.92148,0.0205788,-0.0497675,0.0789552
58254,0.135079,0.0119906,1.49634,-0.10735,-0.0199548,0.144999,1.92425,-0.0287992,-0.0653333,0.0845196
58270,0.135079,0.0119906,1.49634,-0.130354,-0.0189301,0.0943741,1.92279,-0.172315,-0.072043,0.0617584
58285,0.135079,0.0119906,1.49634,-0.130354,-0.018232,-0.112269,1.94489,-0.205235,-0.0445836,0.0256361
58302,0.135079,0.0119906,1.49634,-0.00766826,-0.0212594,-0.174091,1.93446,-0.0262335,-0.0190633,0.0135715
58318,0.135079,0.0119906,1.49634,-0.00766826,-0.022575,0.153127,1.93597,-0.174887,-0.0951538,0.0545301
58334,0.135079,0.0119906,1.49634,-0.00766826,-0.0201801,0.102766,1.97648,-0.0576106,-0.0851078,0.0728995
58350,0.135079,0.0119906,1.49634,-0.00766826,-0.0182756,-0.173026,1.95149,0.151745,-0.00649688,0.0443609
58366,0.135079,0.0119906,1.49634,-0.00766826,-0.0217033,-0.258158,1.93899,-0.124992,-0.0160301,-0.0137684
58382,0.135079,0.0119906,1.49634,-0.00766826,-0.0231942,-0.0228719,1.92188,-0.00257207,-0.0377342,0.0384571
58398,0.135079,0.0119906,1.49634,0.0153358,-0.0226633,0.160187,1.93142,-0.0720188,-0.0855331,0.0643622
58414,0.135079,0.0119906,1.49634,0.0153358,-0.0214178,-0.0548472,1.94108,-0.0694403,-0.0502008,0.028983
58429,0.135079,0.0119906,1.49634,0.0230037,-0.0228798,-0.133452,1.93032,0.0766441,-0.0141123,0.0262958
58446,0.135079,0.0119906,1.49634,0.0230037,-0.0222127,0.0685257,1.91908,-0.196491,-0.0826642,0.0290499
58462,0.135079,0.0119906,1.49634,0.0230037,-0.0210548,-0.00102163,1.95055,0.0324043,-0.0514158,0.0532935
58478,0.135079,0.0119906,1.49634,0.0230037,-0.0227301,-0.166357,1.91256,0.210895,0.0121329,0.0326084
58494,0.135079,0.0119906,1.49634,0.0153358,-0.0250893,0.0356147,1.88975,-0.244843,-0.0700199,0.0063522
58510,0.135079,0.0119906,1.49634,0.0153358,-0.0226118,0.249323,1.9327,0.027777,-0.0900906,0.0934904
58526,0.135079,0.0119906,1.49634,-0.0690114,-0.0193959,0.0388123,1.93933,0.142995,-0.0341588,0.0854848
58542,0.135079,0.0119906,1.49634,-0.0690114,-0.0202068,-0.213519,1.94077,-0.222209,-0.0314039,-0.0069566
58558,0.135079,0.0119906,1.49634,-0.00766826,-0.0240563,-0.118536,1.93564,0.0678972,-0.0135082,0.031058
58573,0.135079,0.0119906,1.49634,-0.00766826,-0.0249051,0.184304,1.92653,0.00360181,-0.0731631,0.0760328
58590,0.135079,0.0119906,1.49634,-0.00766826,-0.0225374,0.170306,1.95974,-0.0864157,-0.093187,0.0741501
58606,0.135079,0.0119906,1.49634,0.0153358,-0.0213707,-0.211791,1.96171,0.0190322,-0.0156806,0.0154871
58622,0.135079,0.0119906,1.49634,0.0153358,-0.025361,-0.214862,1.9272,-0.0797287,-0.0125177,-0.0117813
58638,0.135079,0.0119906,1.49634,0.0153358,-0.0267053,0.12528,1.92231,-0.219125,-0.0882978,0.0311594
58654,0.135079,0.0119906,1.49634,0.0153358,-0.0236646,0.192833,1.94031,0.150712,-0.0649018,0.0980168
58670,0.135079,0.0119906,1.49634,-0.00766826,-0.0227252,-0.113468,1.94183,-0.0823006,-0.0362978,0.0173394
58686,0.135079,0.0119906,1.49634,0.0153358,-0.0247118,-0.149839,1.93577,-0.158428,-0.037033,-0.0061937
58702,0.135079,0.0119906,1.49634,0.0153358,-0.0254455,-0.0215328,1.91907,0.249475,-0.00583234,0.0622551
58717,0.135079,0.0119906,1.49634,0.0153358,-0.0252987,0.157924,1.91101,-0.153285,-0.0859088,0.0449143
58734,0.135079,0.0119906,1.49634,0.0153358,-0.0207941,0.219868,1.96289,-0.00566101,-0.0988121,0.0940133
58750,0.135079,0.0119906,1.49634,0.0153358,-0.0203249,-0.164095,1.95638,0.0833303,-0.0170422,0.0326619
58766,0.135079,0.0119906,1.49634,0.0230037,-0.0219789,0.102233,1.97341,-0.160485,-0.0975798,0.0528486
58782,0.135079,0.0119906,1.49634,0.0230037,-0.0214359,-0.0392661,1.96808,0.229415,-0.0239884,0.073676
58798,0.135079,0.0119906,1.49634,0.0230037,-0.0220091,0.0208335,1.96377,-0.150714,-0.0792018,0.0365829
58814,0.135079,0.0119906,1.49634,0.0306715,-0.0242114,-0.262956,1.95338,-0.0534954,-0.0104178,-0.0113631
58830,0.135079,0.0119906,1.49634,0.0383394,-0.0254312,0.120088,1.95129,0.27262,-0.0392894,0.0962102
58846,0.135079,0.0119906,1.49634,0.0536752,-0.0253812,0.149277,1.94373,-0.35133,-0.120581,0.0220474
58861,0.135079,0.0119906,1.49634,0.0536752,-0.0234044,-0.312912,1.97627,0.404813,0.0449034,0.0390866
58878,0.135079,0.0119906,1.49634,0.0613431,-0.0310181,-0.00876123,1.98668,-0.0252006,-0.0539038,0.0322708
58894,0.135079,0.0119906,1.49634,0.0613431,-0.0273173,0.261441,2.04265,-0.27364,-0.152638,0.0714937
58910,0.135079,0.0119906,1.49634,0.0613431,-0.0251837,-0.340651,2.00229,0.509217,0.0585181,0.0488982
58926,0.135079,0.0119906,1.49634,0.0536752,-0.0239232,-0.719021,1.80656,-0.128589,0.0950236,-0.142169
58942,0.135079,0.0119906,1.49634,0.0536752,-0.0416974,-0.128829,1.72693,0.0931153,0.0616874,-0.053261
58958,0.135079,0.0119906,1.49634,0.0536752,-0.0368539,0.311081,1.60527,-0.0668691,-0.0175142,-0.0115158
58974,0.135079,0.0119906,1.49634,0.0536752,-0.0319654,0.491829,1.5925,0.192884,-0.0239745,0.0588002
58990,0.135079,0.0119906,1.49634,0.0536752,-0.0256843,0.938018,1.63048,-0.147123,-0.165986,0.119624
59005,0.135079,0.0119906,1.49634,0.0383394,-0.00770726,1.95957,1.9404,0.207828,-0.409768,0.457126
59022,0.135079,0.0119906,1.49634,0.0383394,0.0143096,0.213287,2.13248,0.184679,-0.17425,0.210698
59038,0.135079,0.0119906,1.49634,0.0383394,0.0147952,-1.44425,2.06229,0.467566,0.17882,-0.078901
59054,0.135079,0.0119906,1.49634,0.0383394,-0.0131628,-1.35799,1.8895,-0.321481,0.153289,-0.245526
59070,0.135079,0.0119906,1.49634,0.0383394,-0.0265057,0.0936416,1.64854,-0.165117,-0.0148386,-0.0349059
59086,0.135079,0.0119906,1.49634,0.0383394,-0.0227441,0.756828,1.65948,0.123451,-0.109727,0.132395
59102,0.135079,0.0119906,1.49634,0.0383394,-0.00964952,1.26589,1.87651,-0.00771521,-0.290976,0.283608
59118,0.135079,0.0119906,1.49634,0.0383394,0.00647244,0.236143,2.03069,0.168715,-0.143721,0.176223
59134,0.135079,0.0119906,1.49634,0.0383394,0.00520836,-0.797035,2.0641,0.151227,0.0372614,-0.0123642
59149,0.135079,0.0119906,1.49634,0.0383394,-0.0106046,-1.09732,1.93168,-0.171286,0.109814,-0.164618
59166,0.135079,0.0119906,1.49634,0.0383394,-0.0245306,-0.0276915,1.85283,0.0714977,-0.0150652,0.0225678
59182,0.135238,0.0119278,1.49634,0.0383394,-0.02178,0.646109,1.86821,0.0781853,-0.14568,0.157032
59198,0.135079,0.0119621,1.49634,0.0383394,-0.0148194,0.201099,1.92806,-0.0545239,-0.105716,0.0834526
59214,0.135079,0.0119853,1.49634,0.0383394,-0.0107621,-0.467737,1.95549,-0.0380645,0.0055537,-0.0259072
59230,0.135079,0.0119896,1.49634,0.0383394,-0.0196728,-0.37526,1.89001,0.146593,0.0409609,-0.0162301
59246,0.135079,0.0119904,1.49634,0.0383394,-0.0222985,0.175503,1.8873,-0.171288,-0.0934259,0.0425509
59262,0.135079,0.0119905,1.49634,0.0306715,-0.0203303,0.200559,1.93125,0.10339,-0.0772306,0.095173
59278,0.135079,0.0119906,1.49634,0.0306715,-0.0159889,-0.00476092,1.94319,0.146597,-0.0443186,0.0721772
59293,0.135079,0.0119906,1.49634,0.0306715,-0.0208223,-0.378984,1.94934,-0.119851,-0.00183578,-0.0364157
59310,0.135079,0.0119906,1.49634,0.0306715,-0.0280232,-0.0704464,1.89604,0.129116,-0.00376885,0.0269746
59326,0.135079,0.0119906,1.49634,0.0306715,-0.0260251,0.113832,1.87688,-0.0787001,-0.0614596,0.0347219
59342,0.135079,0.0119906,1.49634,0.0306715,-0.0233458,0.220809,1.92051,-0.0370368,-0.090557,0.0743499
59358,0.135079,0.0119906,1.49634,0.0306715,-0.0186785,-0.186748,1.92405,0.149683,-0.00180086,0.0297791
59374,0.135079,0.0119906,1.49634,0.0306715,-0.0244563,-0.258021,1.8937,-0.102364,-0.00285336,-0.0308168
59390,0.135079,0.0119906,1.49634,0.0306715,-0.0271036,0.169247,1.87501,-0.0853873,-0.0702084,0.0420062
59406,0.135079,0.0119906,1.49634,0.0306715,-0.0219419,0.260253,1.90907,0.153285,-0.0742544,0.104502
59422,0.135079,0.0119906,1.49634,0.0306715,-0.0197205,-0.148777,1.91503,0.0817862,-0.0131772,0.0247406
59437,0.135079,0.0119906,1.49634,0.0230037,-0.0251007,-0.278538,1.88778,-0.112649,0.00301709,-0.0374011
59454,0.135079,0.0119906,1.49634,0.0230037,-0.0251132,0.0785172,1.86078,0.119849,-0.0276638,0.0509983
59470,0.135079,0.0119906,1.49634,0.0230037,-0.0222503,0.359234,1.8917,0.00102974,-0.105334,0.100713
59486,0.135079,0.0119906,1.49634,0.0230037,-0.0185106,-0.0547151,1.93368,-0.151221,-0.0640904,0.0211505
59502,0.135079,0.0119906,1.49634,0.0230037,-0.0210356,-0.413105,1.90137,0.112133,0.0451114,-0.0251742
59518,0.135079,0.0119906,1.49634,0.0230037,-0.0262884,0.254778,1.89709,0.064294,-0.0732417,0.0836174
59534,0.135079,0.0119906,1.49634,0.0230037,-0.0231665,0.22987,1.91351,-0.118821,-0.0998659,0.065656
59550,0.135079,0.0119906,1.49634,0.0230037,-0.0222841,-0.0424576,1.91338,0.114704,-0.0231211,0.0448647
59566,0.135079,0.0119906,1.49634,0.0306715,-0.0239039,-0.081494,1.88872,-0.0226332,-0.0251734,0.0114804
59581,0.135079,0.0119906,1.49634,0.0306715,-0.025321,0.0325473,1.87738,-0.148145,-0.0562971,0.0124104
59598,0.135079,0.0119906,1.49634,0.0536752,-0.0252185,0.116224,1.87338,0.0385778,-0.0509396,0.0471593
59614,0.135079,0.0119906,1.49634,0.0536752,-0.0262452,0.0854507,1.86584,0.0570954,-0.0396219,0.0402311
59630,0.135079,0.0119906,1.49634,0.0536752,-0.0239881,0.0619895,1.8816,-0.15277,-0.0681973,0.0177037
59646,0.135079,0.0119906,1.49634,0.0536752,-0.0224302,-0.00768712,1.8885,0.171804,-0.0201938,0.0484733
59662,0.135079,0.0119906,1.49634,0.0536752,-0.0224177,0.0718573,1.87384,0.159971,-0.0327523,0.058407
59678,0.135079,0.0119906,1.49634,0.0536752,-0.0227531,0.114492,1.87901,-0.0946517,-0.0721422,0.0359771
59694,0.135079,0.0119906,1.49634,0.0383394,-0.0187307,0.0963787,1.89548,0.00256704,-0.0655745,0.0567999
59710,0.135079,0.0119906,1.49634,0.0383394,-0.0174759,0.0269559,1.8919,0.137855,-0.0376546,0.0615913
59725,0.135079,0.0119906,1.49634,0.0306715,-0.0185056,-0.0853523,1.90274,-0.195465,-0.0575422,0.00186676
59742,0.135079,0.0119906,1.49634,0.0306715,-0.0191485,-0.0531177,1.90849,0.058636,-0.0328747,0.0391216
59758,0.135079,0.0119906,1.49634,0.0306715,-0.0188594,0.11489,1.90492,0.0951598,-0.0587862,0.0744661
59774,0.135079,0.0119906,1.49634,0.0306715,-0.0178563,0.00217456,1.92459,-0.0570953,-0.0629207,0.0412091
59790,0.135079,0.0119906,1.49634,0.0306715,-0.0190295,-0.181414,1.90621,0.0282894,-0.0127646,0.0112147
59806,0.135079,0.0119906,1.49634,0.0306715,-0.0215518,-0.0264712,1.87696,0.096188,-0.0218712,0.0372996
59822,0.135079,0.0119906,1.49634,0.0306715,-0.0203222,0.197229,1.90545,-0.134251,-0.0994456,0.0595507
59838,0.135079,0.0119906,1.49634,0.0306715,-0.0203782,-0.0970803,1.90651,0.0313787,-0.0256794,0.0251335
59854,0.135079,0.0119906,1.49634,0.0306715,-0.0228038,-0.0507203,1.87925,0.0560659,-0.0208096,0.0263792
59869,0.135079,0.0119906,1.49634,0.0306715,-0.0225364,0.14021,1.88271,-0.200097,-0.0880783,0.0319409
59886,0.135079,0.0119906,1.49634,0.0306715,-0.0200695,0.091573,1.91879,0.0910438,-0.0563075,0.0708952
59902,0.135079,0.0119906,1.49634,0.0306715,-0.0206159,-0.0877444,1.89232,0.126535,-0.0121118,0.0347428
59918,0.135079,0.0119906,1.49634,0.0306715,-0.0206927,-0.0603096,1.88089,-0.102875,-0.0421864,0.00908396
59934,0.135079,0.0119906,1.49634,0.0306715,-0.0204681,0.113156,1.88676,0.0473188,-0.0573997,0.0614064
59950,0.135079,0.0119906,1.49634,0.0306715,-0.0180123,0.21881,1.89986,0.101848,-0.0771663,0.0948208
59966,0.135079,0.0119906,1.49634,0.0306715,-0.0174763,-0.195006,1.92307,-0.0972175,-0.0320087,-9.669e-05
59982,0.135079,0.0119906,1.49634,0.0306715,-0.0216161,-0.260962,1.89431,0.0133726,0.00697268,-0.0124496
59998,0.135079,0.0119906,1.49634,0.0306715,-0.0224009,0.158191,1.87915,0.0802431,-0.0566988,0.0688318
60013,0.135079,0.0119906,1.49634,0.0230037,-0.0195535,0.268902,1.91976,-0.0828156,-0.109979,0.0847102
60030,0.135079,0.0119906,1.49634,0.0230037,-0.0158705,-0.122399,1.9396,0.0828135,-0.0289776,0.0428035
60046,0.135079,0.0119906,1.49634,0.0230037,-0.0194099,-0.278004,1.90219,0.0493809,0.0099521,-0.00482283
60062,0.135079,0.0119906,1.49634,0.0230037,-0.0228299,-0.00782725,1.88185,-0.168201,-0.0555282,0.00853461
60078,0.135079,0.0119906,1.49634,0.0230037,-0.0211543,0.16206,1.88733,0.0190324,-0.0678611,0.0669989
60094,0.135079,0.0119906,1.49634,0.0230037,-0.0185453,0.0746581,1.8996,0.122936,-0.0463892,0.0705669
60110,0.135079,0.0119906,1.49634,0.0230037,-0.0184508,-0.165029,1.90449,-0.172317,-0.039733,-0.00870063
60126,0.135079,0.0119906,1.49634,0.0230037,-0.0193676,-0.0777598,1.89266,0.0823013,-0.0204924,0.0342773
60142,0.135079,0.0119906,1.49634,-0.0613431,-0.0198812,0.103831,1.8821,0.043725,-0.0448174,0.0703159
60157,0.135079,0.0119906,1.49634,-0.153358,-0.0192564,0.0923753,1.89804,-0.17386,-0.0627315,0.057652
60174,0.135079,0.0119906,1.49634,-0.153358,-0.017502,-0.0214062,1.90946,-0.0149162,-0.028163,0.0614177
60190,0.135079,0.0119906,1.49634,-0.168694,-0.0179137,0.00217667,1.89245,-0.235072,-0.0526888,0.0361745
60206,0.135079,0.0119906,1.49634,-0.153358,-0.0191244,-0.0154152,1.9073,-0.289079,-0.0594092,0.0259507
60222,0.135079,0.0119906,1.49634,-0.00766826,-0.0180204,0.00724234,1.92255,-0.0437204,-0.0568205,0.0477055
60238,0.135079,0.0119906,1.49634,-0.00766826,-0.0182267,-0.0206076,1.93065,0.00874461,-0.046922,0.0504809
60254,0.135079,0.0119906,1.49634,-0.00766826,-0.019144,-0.0343231,1.94592,-0.197522,-0.0715554,0.0248714
60270,0.135079,0.0119906,1.49634,-0.00766826,-0.0179205,-0.0539131,1.94013,0.177457,-0.023064,0.0675721
60286,0.135079,0.0119906,1.49634,-0.00766826,-0.0191008,-0.0757647,1.93728,-0.180546,-0.0599613,0.0172733
60301,0.135079,0.0119906,1.49634,0.0153358,-0.0202397,-0.0727025,1.93194,-0.0838418,-0.0484603,0.0236965
60318,0.135079,0.0119906,1.49634,0.0153358,-0.021064,-0.121328,1.90848,0.0432073,-0.0172935,0.023269
60334,0.135079,0.0119906,1.49634,0.0230037,-0.0229004,0.0140321,1.90362,-0.135795,-0.0605807,0.0215456
60350,0.135079,0.0119906,1.49634,0.0230037,-0.0213573,0.0914403,1.91132,-0.0632692,-0.0702435,0.0491293
60366,0.135079,0.0119906,1.49634,0.0230037,-0.0195281,-0.0580455,1.92541,0.215524,-0.015337,0.0616044
60382,0.135079,0.0119906,1.49634,0.0230037,-0.0210102,-0.171689,1.89977,-0.100818,-0.0245547,-0.00654259
60398,0.135079,0.0119906,1.49634,0.0230037,-0.0237872,-0.0348688,1.88963,-0.0015453,-0.0306089,0.0240651
60414,0.135079,0.0119906,1.49634,0.0230037,-0.0237478,0.199228,1.89313,0.095675,-0.0624827,0.0803514
60430,0.135079,0.0119906,1.49634,0.0230037,-0.0221904,0.209617,1.91837,-0.225814,-0.111888,0.0515955
60445,0.135079,0.0119906,1.49634,0.0230037,-0.0204653,-0.0932142,1.93526,0.00153691,-0.0356833,0.0297587
60462,0.135079,0.0119906,1.49634,0.0230037,-0.0224031,-0.0623065,1.93162,0.18415,-0.0151425,0.0537209
60478,0.135079,0.0119906,1.49634,0.0230037,-0.0204221,0.129011,1.93214,-0.16203,-0.0955155,0.0505104
60494,0.135079,0.0119906,1.49634,0.0230037,-0.0184928,-0.0329976,1.96556,0.222726,-0.0301495,0.0782728
60510,0.135079,0.0119906,1.49634,0.0230037,-0.0200811,-0.204194,1.94778,-0.120372,-0.0337634,-0.00217388
60526,0.135079,0.0119906,1.49634,0.0230037,-0.0233704,-0.142515,1.92719,-0.119338,-0.0347275,-0.00081171
60542,0.135079,0.0119906,1.49634,0.0230037,-0.0231718,0.150198,1.92867,0.139911,-0.0574237,0.0859125
60558,0.135079,0.0119906,1.49634,0.0230037,-0.020433,0.0694583,1.95161,-0.140425,-0.0865545,0.0466174
60574,0.135079,0.0119906,1.49634,0.0230037,-0.0196054,-0.230579,1.94719,-0.0128618,-0.0165192,0.00666248
60589,0.135079,0.0119906,1.49634,0.0230037,-0.022739,-0.25589,1.92473,0.0550369,0.00672904,-0.0001974
60606,0.135079,0.0119906,1.49634,0.0306715,-0.0260642,0.105295,1.90302,-0.116249,-0.0705298,0.0346325
60622,0.135079,0.0119906,1.49634,0.0306715,-0.0234633,0.152329,1.9082,0.058641,-0.0633381,0.0701857
60638,0.135079,0.0119906,1.49634,0.0306715,-0.0214895,0.0538688,1.92074,0.11265,-0.0449342,0.0646366
60654,0.135079,0.0119906,1.49634,0.0306715,-0.0208959,0.0171,1.91751,-0.171804,-0.07297,0.0233499
60670,0.135079,0.0119906,1.49634,0.0306715,-0.02013,-0.0640418,1.92769,0.0215999,-0.0382823,0.0354715
60686,0.135079,0.0119906,1.49634,0.0306715,-0.0206108,-0.0260689,1.94032,0.0565834,-0.0431538,0.0489728
60702,0.135079,0.0119906,1.49634,0.0306715,-0.0216984,-0.0504538,1.93532,-0.135282,-0.0590566,0.0180961
60718,0.135079,0.0119906,1.49634,0.0306715,-0.0214037,-0.0465901,1.93744,0.203693,-0.0195671,0.0611014
60733,0.135079,0.0119906,1.49634,0.0306715,-0.0214921,0.0294878,1.93416,-0.0108005,-0.058615,0.0482037
60750,0.135079,0.0119906,1.49634,0.0306715,-0.0215546,-0.0120804,1.95221,-0.0586385,-0.0609601,0.0387772
60766,0.135079,0.0119906,1.49634,0.0306715,-0.021437,-0.151173,1.93321,0.107504,-0.0110837,0.0288748
60782,0.135079,0.0119906,1.49634,0.0306715,-0.0231531,-0.0918806,1.91378,-0.183118,-0.0498697,-0.00288946
60798,0.135079,0.0119906,1.49634,0.0306715,-0.0237815,0.0721223,1.90935,-0.0740722,-0.0645445,0.0388373
60814,0.135079,0.0119906,1.49634,0.0306715,-0.0219771,0.204552,1.93559,0.254615,-0.0579283,0.112655
60830,0.135079,0.0119906,1.49634,0.0230037,-0.0198867,-0.0600445,1.93792,-0.246386,-0.0734263,0.00729464
60846,0.135079,0.0119906,1.49634,0.0230037,-0.0203327,-0.248962,1.91802,0.139396,0.0133639,0.0137505
60862,0.135079,0.0119906,1.49634,0.0230037,-0.0236932,-0.139582,1.89533,0.0889907,-0.00195783,0.017107
60877,0.135079,0.0119906,1.49634,0.0230037,-0.0248741,0.261174,1.88781,-0.23713,-0.111149,0.0482234
60894,0.135079,0.0119906,1.49634,0.0230037,-0.0200488,0.201232,1.92307,0.173346,-0.0664657,0.1033
60910,0.135079,0.0119906,1.49634,0.0230037,-0.0195933,-0.141043,1.93641,0.053503,-0.0223178,0.028896
60926,0.135079,0.0119906,1.49634,0.0230037,-0.0203795,-0.163959,1.91748,-0.153797,-0.0375842,-0.00636602
60942,0.135079,0.0119906,1.49634,0.0230037,-0.0220723,-0.0240717,1.92332,0.102362,-0.0306581,0.0494629
60958,0.135079,0.0119906,1.49634,0.0230037,-0.0220758,0.0791853,1.9215,0.150194,-0.0432944,0.0740708
60974,0.135079,0.0119906,1.49634,0.0230037,-0.0208696,-0.0555081,1.92255,-0.160999,-0.0586793,0.0133207
60990,0.135079,0.0119906,1.49634,0.0230037,-0.021339,-0.116933,1.92475,0.152255,-0.0091508,0.0398068
61006,0.135079,0.0119906,1.49634,0.0306715,-0.0225848,0.0274876,1.92244,-0.0648119,-0.0602792,0.0367013
61021,0.135079,0.0119906,1.49634,0.0306715,-0.0216313,0.0135049,1.92205,-0.173859,-0.0724315,0.0222898
61038,0.135079,0.0119906,1.49634,0.0306715,-0.0212762,-0.0671022,1.91526,0.190834,-0.0123836,0.0507207
61054,0.135079,0.0119906,1.49634,0.0383394,-0.0228645,0.0136344,1.91232,-0.0432073,-0.0532251,0.0329875
61070,0.135079,0.0119906,1.49634,0.0383394,-0.023788,-0.0673655,1.90683,-0.202668,-0.0549917,-0.00432135
61086,0.135079,0.0119906,1.49634,0.0383394,-0.0243266,0.00977158,1.89224,0.295769,-0.00425313,0.0664555
61102,0.135079,0.0119906,1.49634,0.0383394,-0.023901,0.0420156,1.87572,-0.10339,-0.0554482,0.0206368
61118,0.135079,0.0119906,1.49634,0.0306715,-0.0229134,0.0758563,1.895,-0.0910458,-0.0653372,0.0355225
61134,0.135079,0.0119906,1.49634,0.0230037,-0.0206222,0.0252277,1.89943,0.168201,-0.0284323,0.0634332
61150,0.135079,0.0119906,1.49634,0.0230037,-0.021387,-0.0403232,1.89303,-0.0951597,-0.0456896,0.0163866
61165,0.135079,0.0119906,1.49634,0.0153358,-0.0228798,0.015099,1.89832,-0.109566,-0.0554485,0.0246638
61182,0.135079,0.0119906,1.49634,0.0230037,-0.0202875,0.165647,1.91467,0.185693,-0.0561004,0.0958186
61198,0.135079,0.0119906,1.49634,0.0230037,-0.0172367,-0.0183433,1.93936,0.0226343,-0.0530293,0.0525285
61214,0.135079,0.0119906,1.49634,0.0230037,-0.018781,-0.288268,1.92302,-0.147624,-0.0180114,-0.0248134
61230,0.135079,0.0119906,1.49634,0.0306715,-0.0230255,-0.0965447,1.88687,0.170774,7.3e-05,0.0332569
61246,0.135079,0.0119906,1.49634,0.0306715,-0.0234044,0.120352,1.89355,-0.128081,-0.076829,0.0381392
61262,0.135079,0.0119906,1.49634,0.0306715,-0.0214426,0.0645352,1.89317,-0.150711,-0.0724801,0.0281328
61278,0.135079,0.0119906,1.49634,0.0383394,-0.0213279,-0.042987,1.89499,0.17026,-0.0153828,0.0469216
61294,0.135079,0.0119906,1.49634,0.153358,-0.0224955,0.0140293,1.89115,-0.0601793,-0.0649639,0.0126139
61309,0.135079,0.0119906,1.49634,0.25304,-0.0211246,0.00510572,1.89437,0.0061723,-0.0703675,0.00989966
61326,0.135079,0.0119906,1.49634,0.260708,-0.0217859,-0.0631079,1.87519,0.475802,0.00379111,0.0479095
61342,0.135079,0.0119906,1.49634,0.276044,-0.021744,0.0525366,1.8558,0.162543,-0.0527813,0.0249005
61358,0.135079,0.0119906,1.49634,0.276044,-0.0194774,0.088512,1.87321,0.118307,-0.0725086,0.0340176
61374,0.135079,0.0119906,1.49634,0.383394,-0.0172533,0.0793328,1.90506,0.38785,-0.0622267,0.0632087
61390,0.135079,0.0119906,1.49634,0.383394,-0.0176741,-0.131048,1.89291,0.289593,-0.0321627,0.00854925
61406,0.135079,0.0119906,1.49634,0.383394,-0.0203274,-0.0555139,1.88352,0.20575,-0.0496302,0.00581944
61422,0.135079,0.0119906,1.49634,0.391062,-0.020933,0.0682595,1.88819,0.479398,-0.0400619,0.0613599
61438,0.135079,0.0119906,1.49634,0.391062,-0.0197647,0.171644,1.88031,0.451109,-0.0624533,0.0772177
61453,0.135079,0.0119906,1.49634,0.25304,-0.0178753,-0.0852247,1.89978,0.259759,-0.0296138,0.0306049
61470,0.135079,0.0119906,1.49634,0.10735,-0.0191483,-0.112933,1.89574,0.273131,-0.00220855,0.0417927
61486,0.135079,0.0119906,1.49634,0.0920147,-0.0197121,0.00231003,1.85519,0.091558,-0.033036,0.0325284
61502,0.135079,0.0119906,1.49634,0.0920147,-0.0199106,0.0332196,1.87527,0.0462929,-0.0485735,0.0371528
61518,0.135079,0.0119906,1.49634,0.0766789,-0.0190298,0.0264226,1.88155,0.129108,-0.0383167,0.0507699
61534,0.135079,0.0119906,1.49634,0.0766789,-0.0198936,-0.0144824,1.8455,-0.0545255,-0.0432766,0.0108973
61550,0.135079,0.0119906,1.49634,0.069011,-0.0221549,0.0946365,1.86138,0.0205731,-0.053216,0.0412969
61566,0.135079,0.0119906,1.49634,0.069011,-0.0221913,0.101569,1.87371,0.193924,-0.0362626,0.0665465
61582,0.135079,0.0119906,1.49634,0.0613431,-0.0214098,0.0140332,1.83579,-0.0113164,-0.0366332,0.0185666
61597,0.135079,0.0119906,1.49634,0.0613431,-0.0209314,0.020437,1.8243,0.110596,-0.0210789,0.0327011
61614,0.135079,0.0119906,1.49634,0.0536752,-0.0191734,0.166454,1.86431,0.0740716,-0.0635286,0.0686347
61630,0.135079,0.0119906,1.49634,0.0536752,-0.0180732,0.111556,1.8814,-0.117792,-0.0825974,0.0408623
61646,0.135079,0.0119906,1.49634,0.0536752,-0.0183664,-0.047914,1.86439,0.117788,-0.0203625,0.0354249
61662,0.135079,0.0119906,1.49634,0.0536752,-0.0190653,-0.00195549,1.8774,0.040121,-0.0401126,0.0364181
61678,0.135079,0.0119906,1.49634,0.0536752,-0.0182995,0.19736,1.89078,-0.0210894,-0.0883717,0.0704414
61694,0.135079,0.0119906,1.49634,0.0536752,-0.0158329,0.0405435,1.87846,0.0617252,-0.0507711,0.0525186
61710,0.135079,0.0119906,1.49634,0.0536752,-0.0151133,-0.146639,1.88906,0.103904,-0.0150856,0.026504
61726,0.135079,0.0119906,1.49634,0.0536752,-0.0168418,-0.132256,1.86954,-0.0920739,-0.0341239,-0.00212495
61741,0.135079,0.0119906,1.49634,0.0383394,-0.0181123,0.0172311,1.83299,-0.0761233,-0.047008,0.0188288
61758,0.135079,0.0119906,1.49634,0.0536752,-0.0169725,0.230398,1.87116,-0.0426946,-0.0945933,0.0715289
61774,0.135079,0.0119906,1.49634,0.184029,-0.0135413,0.0166901,1.88622,0.188267,-0.0524266,0.0532049
61790,0.135079,0.0119906,1.49634,0.184029,-0.0126337,-0.126924,1.86101,-0.0915593,-0.0557207,-0.012042
61806,0.135079,0.0119906,1.49634,0.0536752,-0.0151603,-0.103477,1.86315,0.215523,-0.00326326,0.0419741
61822,0.135079,0.0119906,1.49634,0.0536752,-0.0162555,0.0101758,1.85949,0.131164,-0.0316465,0.0501816
61838,0.135079,0.0119906,1.49634,0.0536752,-0.0164419,0.135668,1.84727,-0.0761269,-0.0765954,0.0450939
61854,0.135079,0.0119906,1.49634,0.0383394,-0.0156072,0.0474754,1.83929,0.171288,-0.0280464,0.060202
61870,0.135079,0.0119906,1.49634,0.0383394,-0.0156019,-0.00941843,1.85877,0.0462916,-0.0374048,0.0389669
61885,0.135079,0.0119906,1.49634,0.0306715,-0.0161255,-0.0404558,1.85886,-0.132194,-0.0516467,0.0115384
61902,0.135079,0.0119906,1.49634,0.0306715,-0.017874,0.0162976,1.8426,0.0478368,-0.0334933,0.0373435
61918,0.135079,0.0119906,1.49634,0.0306715,-0.0152496,0.138605,1.86551,0.162026,-0.0516344,0.0837069
61934,0.135079,0.0119906,1.49634,0.0306715,-0.0138142,-0.00235537,1.87124,-0.0426932,-0.0544104,0.0362386
61950,0.135079,0.0119906,1.49634,0.0383394,-0.0145693,-0.13678,1.84625,-0.063785,-0.0262341,0.00061463
61966,0.135079,0.0119906,1.49634,0.0383394,-0.015957,-0.00714918,1.85147,0.0771589,-0.0317791,0.0408524
61982,0.135079,0.0119906,1.49634,0.0383394,-0.0148965,0.0276205,1.86747,0.00359896,-0.052551,0.0438571
61998,0.135079,0.0119906,1.49634,0.0383394,-0.0163428,-0.116262,1.82262,-0.148655,-0.0318607,-0.0143735
62014,0.135079,0.0119906,1.49634,0.0383394,-0.0182104,0.140603,1.81245,0.120366,-0.0407187,0.0607416
62029,0.135079,0.0119906,1.49634,0.0383394,-0.0157917,0.183237,1.83718,0.060697,-0.065502,0.0711847
62046,0.135079,0.0119906,1.49634,0.0383394,-0.0138222,0.0137643,1.84843,-0.0257169,-0.050862,0.0350028
62062,0.135079,0.0119906,1.49634,0.0383394,-0.013803,-0.139181,1.83063,0.0144025,-0.0138837,0.00728912
62078,0.135079,0.0119906,1.49634,0.0536752,-0.015225,-0.0368674,1.82116,0.200091,-0.00735835,0.0425208
62094,0.135079,0.0119906,1.49634,0.0536752,-0.014985,0.144469,1.81608,-0.0941304,-0.075447,0.0396092
62110,0.135079,0.0119906,1.49634,0.0536752,-0.0126448,0.127952,1.82678,-0.0982453,-0.0792488,0.0423931
62126,0.135079,0.0119906,1.49634,0.0536752,-0.0134469,-0.094415,1.82996,0.152254,-0.00760819,0.0309732
62142,0.135079,0.0119906,1.49634,0.0613431,-0.0142644,-0.0484535,1.84183,0.0601814,-0.0295797,0.028815
62158,0.135079,0.0119906,1.49634,0.0613431,-0.0150326,0.184303,1.85099,-0.042693,-0.0855245,0.060471
62173,0.135079,0.0119906,1.49634,0.0536752,-0.0116452,0.120615,1.85909,0.0390927,-0.0704337,0.0669915
62190,0.135079,0.0119906,1.49634,0.0536752,-0.0112714,-0.1557,1.87296,0.141969,-0.0112873,0.0319922
62206,0.135079,0.0119906,1.49634,0.0383394,-0.0143973,-0.207928,1.83356,-0.117791,-0.0170898,-0.0218999
62222,0.135079,0.0119906,1.49634,0.0383394,-0.0165797,0.0854419,1.79953,-0.0828153,-0.0549376,0.025367
62238,0.135079,0.0119906,1.49634,0.0306715,-0.0149262,0.184708,1.80622,0.0684137,-0.0580486,0.0674864
62254,0.135079,0.0119906,1.49634,0.0306715,-0.0127383,0.0925052,1.84863,0.106478,-0.050083,0.0685249
62270,0.135079,0.0119906,1.49634,0.0306715,-0.0135905,-0.103479,1.83506,-0.124994,-0.0377946,-0.00073244
62286,0.135079,0.0119906,1.49634,0.0230037,-0.0137903,-0.0218062,1.8182,-0.0241747,-0.035269,0.0233964
62302,0.135079,0.0119906,1.49634,0.0230037,-0.0144988,0.0498722,1.82454,0.155855,-0.0268392,0.0589927
62317,0.135079,0.0119906,1.49634,0.0230037,-0.0159624,0.0633306,1.81647,-0.031889,-0.0478255,0.0343184
62334,0.135079,0.0119906,1.49634,0.0306715,-0.0163448,0.098903,1.79772,-0.175403,-0.0676714,0.0174851
62350,0.135079,0.0119906,1.49634,0.0306715,-0.014238,0.252654,1.81431,0.144538,-0.0642434,0.0924345
62366,0.135079,0.0119906,1.49634,0.0306715,-0.010068,0.105029,1.85574,0.0776693,-0.0618889,0.0734026
62382,0.135079,0.0119906,1.49634,0.0306715,-0.00938333,-0.260156,1.86261,-0.159456,-0.0266532,-0.0206973
62398,0.135079,0.0119906,1.49634,0.0306715,-0.0143232,-0.260155,1.8249,0.0565819,0.01648,-0.0113455
62414,0.135079,0.0119906,1.49634,0.0383394,-0.0162031,0.235464,1.82572,0.0622385,-0.0715038,0.0777219
62430,0.135079,0.0119906,1.49634,0.0383394,-0.011619,0.284893,1.86315,0.0277761,-0.100975,0.099043
62446,0.135079,0.0119906,1.49634,0.0383394,-0.00930138,-0.187945,1.85304,-0.0853846,-0.0296777,-0.00128315
62461,0.135238,0.0119079,1.49634,0.0383394,-0.0136231,-0.266017,1.81739,0.134767,0.0266466,-0.00436392
62478,0.135079,0.0119585,1.49634,0.0383394,-0.0161429,0.0890375,1.80555,-0.0432073,-0.0529598,0.0330461
62494,0.135079,0.0119846,1.49634,0.0536752,-0.0141346,0.313406,1.82333,-0.0987598,-0.10999,0.073586
62510,0.135079,0.0119895,1.49634,0.0613431,-0.00764748,0.376151,1.88685,0.152249,-0.117365,0.14048
62526,0.135079,0.0119904,1.49634,0.069011,-0.00529625,-0.329168,1.89841,0.140425,0.00267278,0.013458
62542,0.135079,0.0119905,1.49634,0.069011,-0.0109217,-0.416425,1.849,-0.218093,-0.00416443,-0.0673122
62558,0.135079,0.0119906,1.49634,0.069011,-0.0152114,-0.0162112,1.81171,0.0977312,-0.0232355,0.029826
62574,0.135079,0.0119906,1.49634,0.0613431,-0.0137712,0.252653,1.82114,0.225812,-0.0604603,0.100972
62590,0.135079,0.0119906,1.49634,0.0536752,-0.0095148,0.189239,1.86242,-0.00205709,-0.0922291,0.0790285
62605,0.135079,0.0119906,1.49634,0.0536752,-0.00884077,-0.177813,1.85883,-0.207804,-0.0503719,-0.0140662
62622,0.135079,0.0119906,1.49634,0.0383394,-0.0107731,-0.246967,1.83642,0.206259,0.0228317,0.0169532
62638,0.135079,0.0119906,1.49634,0.0383394,-0.0114905,0.113155,1.85228,0.105447,-0.0578032,0.0742144
62654,0.135079,0.0119906,1.49634,0.0383394,-0.0107314,0.139803,1.86541,-0.140943,-0.096919,0.0534796
62670,0.135079,0.0119906,1.49634,0.0383394,-0.00828101,-0.0946843,1.86189,0.141454,-0.0229138,0.0474642
62686,0.135079,0.0119906,1.49634,0.0383394,-0.0103553,-0.220718,1.86009,0.0931009,-0.00194471,0.0142919
62702,0.135079,0.0119906,1.49634,0.0383394,-0.013176,-0.0563151,1.83455,-0.095153,-0.0442809,0.0113075
62718,0.135079,0.0119906,1.49634,0.0383394,-0.0114569,0.308071,1.8585,0.0257174,-0.104637,0.10228
62734,0.135079,0.0119906,1.49634,0.0536752,-0.00598729,0.133796,1.90161,0.196997,-0.0728567,0.10797
62749,0.135079,0.0119906,1.49634,0.153358,-0.00611987,-0.413378,1.88212,-0.113173,-0.0178148,-0.0485686
62766,0.135079,0.0119906,1.49634,0.260708,-0.0115325,-0.168891,1.83398,0.0138882,-0.040008,-0.020879
62782,0.135079,0.0119906,1.49634,0.360391,-0.0126056,0.227066,1.85523,0.350291,-0.0868805,0.084858
62798,0.135079,0.0119906,1.49634,0.383394,-0.0119901,-0.00847645,1.85934,0.29936,-0.0547675,0.0340047
62814,0.135079,0.0119906,1.49634,0.391062,-0.016723,-0.195939,1.82089,0.199062,-0.0168776,-0.0308377
62830,0.135079,0.0119906,1.49634,0.391062,-0.0169849,0.0753198,1.80841,0.36572,-0.0428736,0.0365787
62846,0.135079,0.0119906,1.49634,0.383394,-0.0146068,0.21709,1.8211,0.545745,-0.0528438,0.092713
62862,0.135079,0.0119906,1.49634,0.276044,-0.0105777,0.133278,1.84665,0.179513,-0.0815242,0.0581972
62878,0.135079,0.0119906,1.49634,0.260708,-0.0106852,-0.256424,1.85801,0.212437,-0.00690532,-0.00593752
62893,0.135079,0.0119906,1.49634,0.237705,-0.013425,-0.193277,1.83304,0.454709,0.0240912,0.0277703
62910,0.135079,0.0119906,1.49634,0.153358,-0.0130355,0.201357,1.82673,0.173858,-0.0710767,0.076405
62926,0.135079,0.0119906,1.49634,0.14569,-0.0145408,0.0649263,1.84859,-0.0164598,-0.0709985,0.0314263
62942,0.135079,0.0119906,1.49634,0.130354,-0.0156838,-0.0567129,1.83864,0.205751,-0.0157098,0.0335246
62958,0.135079,0.0119906,1.49634,0.115018,-0.0151787,-0.0420577,1.79737,0.187746,-0.00985445,0.027067
62974,0.135079,0.0119906,1.49634,0.115018,-0.0141469,0.187101,1.81373,-0.0581252,-0.0871326,0.0452794
62990,0.135079,0.0119906,1.49634,0.115018,-0.0101292,0.0238923,1.84929,0.133739,-0.0488766,0.0532459
63006,0.135079,0.0119906,1.49634,0.115018,-0.0113342,-0.12266,1.84493,0.146596,-0.0175362,0.0245417
63022,0.135079,0.0119906,1.49634,0.115018,-0.0137341,-0.125464,1.7981,3e-07,-0.0199324,-0.00878428
63037,0.135079,0.0119906,1.49634,0.14569,-0.0149115,0.157788,1.80971,0.134253,-0.0599431,0.0573288
63054,0.135079,0.0119906,1.49634,0.130354,-0.0111399,0.18284,1.83899,0.0498939,-0.0859182,0.0666518
63070,0.135079,0.0119906,1.49634,0.115018,-0.0115923,-0.107207,1.8196,0.130135,-0.0159982,0.01904
63086,0.135079,0.0119906,1.49634,0.115018,-0.014101,-0.114004,1.79228,0.153794,-0.00138628,0.0101204
63102,0.135079,0.0119906,1.49634,0.10735,-0.0143013,0.289955,1.8222,0.108537,-0.0864976,0.0873929
63118,0.135079,0.0119906,1.49634,0.10735,-0.00942949,0.246649,1.86,-0.030867,-0.112315,0.079231
63134,0.135079,0.0119906,1.49634,0.0920147,-0.00754344,-0.220589,1.8353,0.0725268,-0.00974996,0.00406867
63150,0.135079,0.0119906,1.49634,0.0920147,-0.0106826,-0.195537,1.83408,0.239185,0.0113119,0.0235915
63166,0.135079,0.0119906,1.49634,0.0920147,-0.0115812,0.159657,1.83674,0.033949,-0.0777132,0.0638139
63181,0.135079,0.0119906,1.49634,0.0920147,-0.0106593,0.215614,1.83902,0.030863,-0.0903559,0.0759005
63198,0.135079,0.0119906,1.49634,0.0920147,-0.00831171,-0.143714,1.83163,0.11059,-0.0170701,0.0208864
63214,0.135079,0.0119906,1.49634,0.10735,-0.0110573,-0.223249,1.83738,0.0313792,-0.0108901,-0.00859483
63230,0.135079,0.0119906,1.49634,0.222369,-0.0116784,0.11955,1.81143,-0.055546,-0.0909885,0.0234609
63246,0.135079,0.0119906,1.49634,0.352723,-0.00852177,0.168182,1.81344,0.0812711,-0.104707,0.0389563
63262,0.135079,0.0119906,1.49634,0.352723,-0.0064684,-0.0824257,1.84671,0.399667,-0.031368,0.0423149
63278,0.135079,0.0119906,1.49634,0.352723,-0.00897982,-0.1966,1.83856,0.287535,-0.0181111,0.00136718
63294,0.135238,0.0119079,1.49634,0.214701,-0.010402,-0.0337999,1.80873,0.0745896,-0.0477788,0.0133051
63310,0.135238,0.0118957,1.49634,0.0536752,-0.010205,0.058003,1.79982,0.335889,-0.0115273,0.0801094
63325,0.135079,0.0119761,1.49634,0.0536752,-0.0120595,-0.0134128,1.80812,0.113164,-0.0243245,0.0384567
63342,0.135079,0.0119879,1.49634,0.0383394,-0.0133167,-0.126397,1.77405,-0.0375501,-0.0100516,-0.00914575
63358,0.135079,0.0119901,1.49634,0.0383394,-0.0164281,0.261443,1.78034,-0.0555534,-0.079548,0.0571779
63374,0.135079,0.0119905,1.49634,0.0306715,-0.0135544,0.228009,1.81499,0.139904,-0.0615738,0.0885682
63390,0.135079,0.0119906,1.49634,0.0306715,-0.0108405,0.0148249,1.83889,0.237642,-0.0207551,0.0708867
63406,0.135079,0.0119906,1.49634,0.0306715,-0.0108327,-0.1132,1.8143,-0.165625,-0.0405733,-0.00783398
63422,0.135079,0.0119906,1.49634,0.0306715,-0.00791006,-0.133721,1.7968,-0.041656,-0.0224201,0.0041501
63438,0.135079,0.0119906,1.49634,0.0306715,-0.010345,0.0901075,1.81012,0.257701,-0.0261389,0.0813964
63454,0.135079,0.0119906,1.49634,0.0383394,-0.00984953,0.116622,1.82754,-0.188258,-0.090979,0.0359583
63469,0.135079,0.0119906,1.49634,0.0383394,-0.00742661,-0.0556446,1.8079,-0.202148,-0.060511,0.00158667
63486,0.135079,0.0119906,1.49634,0.0536752,-0.00841464,-0.150375,1.79724,0.0560665,-0.00958075,0.00942981
63502,0.135079,0.0119906,1.49634,0.153358,-0.0101418,0.0456079,1.80436,0.0910419,-0.0521278,0.0368413
63518,0.135079,0.0119906,1.49634,0.153358,-0.00933837,0.0754516,1.80014,-0.0123444,-0.0704582,0.0301239
63534,0.135079,0.0119906,1.49634,0.0536752,-0.00850944,-0.0191409,1.80593,0.0462936,-0.036645,0.0345402
63550,0.135079,0.0119906,1.49634,0.0536752,-0.00849089,-0.024606,1.80465,0.14094,-0.0238794,0.044786
63566,0.135079,0.0119906,1.49634,0.153358,-0.00743785,0.0396121,1.81076,0.214494,-0.0419423,0.0567156
63582,0.135079,0.0119906,1.49634,0.161026,-0.00660491,-0.0608424,1.79342,-0.010286,-0.0490983,0.00699819
63598,0.135079,0.0119906,1.49634,0.168694,-0.00736916,-0.0564451,1.78323,0.0483549,-0.0400769,0.0103802
63613,0.135079,0.0119906,1.49634,0.276044,-0.00610874,0.0178988,1.78053,0.329199,-0.0340133,0.0467885
63630,0.135079,0.0119906,1.49634,0.276044,-0.00752186,0.0329521,1.79414,0.171802,-0.0567765,0.0312848
63646,0.135079,0.0119906,1.49634,0.0920147,-0.00970302,-0.0416584,1.78152,0.0668693,-0.027015,0.0204931
63662,0.135079,0.0119906,1.49634,0.0920147,-0.00955398,0.159255,1.80672,0.0504072,-0.0718996,0.0620281
63678,0.135079,0.0119906,1.49634,0.0766789,-0.00627502,0.0158939,1.81088,0.360062,-0.0125329,0.0813227
63694,0.135079,0.0119906,1.49634,0.0766789,-0.00625029,-0.106408,1.80561,0.0149181,-0.0309012,0.0153168
63710,0.135079,0.0119906,1.49634,0.0766789,-0.00621114,-0.0976136,1.79739,-0.0416625,-0.0375164,0.00819256
63726,0.135079,0.0119906,1.49634,0.069011,-0.00800616,-0.0860252,1.77691,0.0648111,-0.0180422,0.0164977
63742,0.135079,0.0119906,1.49634,0.0613431,-0.00950216,0.132745,1.77006,0.192891,-0.0375055,0.0696736
63757,0.135079,0.0119906,1.49634,0.0613431,-0.00931886,0.243062,1.79609,-0.040122,-0.0923812,0.0682177
63774,0.135079,0.0119906,1.49634,0.0613431,-0.0065845,-0.0549826,1.80782,-0.0303467,-0.0439121,0.0212071
63790,0.135079,0.0119906,1.49634,0.0613431,-0.0073572,-0.188347,1.79948,0.29114,0.0227331,0.0323406
63806,0.135079,0.0119906,1.49634,0.0613431,-0.0111553,0.0859751,1.77243,-0.0308613,-0.0539948,0.0315455
63822,0.135079,0.0119906,1.49634,0.0613431,-0.0104203,0.163788,1.77731,0.059668,-0.0595674,0.0594083
63838,0.135079,0.0119906,1.49634,0.0613431,-0.00881599,0.086777,1.80026,0.0365206,-0.0562976,0.0502857
63854,0.135079,0.0119906,1.49634,0.0536752,-0.00807675,0.0614596,1.80779,0.127053,-0.042712,0.0605243
63870,0.135079,0.0119906,1.49634,0.0536752,-0.0050687,0.0881109,1.81042,0.244839,-0.038794,0.0853967
63886,0.135079,0.0119906,1.49634,0.0536752,-0.00443852,-0.108406,1.81439,-0.180027,-0.0564301,-0.00096812
63901,0.135079,0.0119906,1.49634,0.0536752,-0.00647824,-0.222718,1.80851,-0.00411409,-0.00946216,-0.00553448
63918,0.135079,0.0119906,1.49634,0.0536752,-0.00758615,0.0348176,1.8044,0.0997885,-0.0411573,0.0522563
63934,0.135079,0.0119906,1.49634,0.0536752,-0.00658802,0.103033,1.80429,0.060696,-0.0599751,0.0617975
63950,0.135079,0.0119906,1.49634,0.0536752,-0.00606411,-0.0483155,1.8183,-0.120872,-0.0585014,0.015667
63966,0.135079,0.0119906,1.49634,0.069011,-0.00587429,-0.0639033,1.83324,0.0128658,-0.0450847,0.0310147
63982,0.135079,0.0119906,1.49634,0.069011,-0.00586713,-0.0327345,1.81507,0.152252,-0.0296003,0.0495424
63998,0.135079,0.0119906,1.49634,0.069011,-0.00565235,-0.00395531,1.80437,-0.0843578,-0.0614414,0.0239069
64014,0.135079,0.0119906,1.49634,0.0613431,-0.00429744,0.0397476,1.82842,0.0308623,-0.0623539,0.0548856
64030,0.135079,0.0119906,1.49634,0.0536752,-0.00493475,-0.149308,1.81718,0.105448,-0.014125,0.0260481
64045,0.135079,0.0119906,1.49634,0.0536752,-0.00810482,-0.0319339,1.78824,0.0931023,-0.0251284,0.0343743
64062,0.135079,0.0119906,1.49634,0.0383394,-0.00801395,0.13208,1.79779,-0.102874,-0.079443,0.0452693
64078,0.135079,0.0119906,1.49634,0.0306715,-0.00561806,0.0174937,1.81744,0.0298355,-0.0499583,0.0496095
64094,0.135079,0.0119906,1.49634,0.0306715,-0.00632357,-0.106411,1.81049,0.158429,-0.00890517,0.0394332
64110,0.135079,0.0119906,1.49634,0.0306715,-0.00759477,0.0112383,1.79567,0.0128557,-0.0425485,0.0380147
64126,0.135079,0.0119906,1.49634,0.0306715,-0.00706234,0.0322862,1.81384,-0.0360071,-0.0574608,0.0411172
64142,0.135079,0.0119906,1.49634,0.0230037,-0.00754849,-0.0411264,1.83363,-0.00462983,-0.0431495,0.0360655
64158,0.135079,0.0119906,1.49634,0.0230037,-0.00791475,-0.0216752,1.81359,0.198554,-0.0167288,0.0591361
64174,0.135079,0.0119906,1.49634,0.0306715,-0.00769833,0.0329506,1.81123,-0.134764,-0.0679292,0.0275489
64189,0.135079,0.0119906,1.49634,0.168694,-0.00852916,-0.108804,1.81784,0.0293189,-0.0390469,0.00453861
64206,0.135079,0.0119906,1.49634,0.184029,-0.0107231,-0.0753629,1.80135,0.161516,-0.0235236,0.0175219
64222,0.135079,0.0119906,1.49634,0.184029,-0.0114263,0.043209,1.77565,0.104935,-0.0448995,0.0254984
64238,0.135079,0.0119906,1.49634,0.184029,-0.0118834,0.0903767,1.77933,0.0853865,-0.0560142,0.032003
64254,0.135079,0.0119906,1.49634,0.184029,-0.0102304,0.154987,1.8164,0.189285,-0.0665984,0.0681074
64270,0.135079,0.0119906,1.49634,0.184029,-0.00983765,-0.0954779,1.80059,0.266962,-0.00830197,0.0279049
64286,0.135079,0.0119906,1.49634,0.184029,-0.0108108,0.0368161,1.775,0.169231,-0.0367705,0.0330019
64302,0.135079,0.0119906,1.49634,0.0920147,-0.00953972,0.179371,1.80381,0.00463481,-0.0804781,0.0595341
64318,0.135079,0.0119906,1.49634,0.0766789,-0.00730611,0.0426755,1.82686,0.150197,-0.0449911,0.062792
64333,0.135079,0.0119906,1.49634,0.0766789,-0.00890613,-0.185814,1.78955,0.139907,0.00689325,0.00763515
64350,0.135079,0.0119906,1.49634,0.069011,-0.0109891,0.0348119,1.74094,0.0231469,-0.0318962,0.0205536
64366,0.135079,0.0119906,1.49634,0.069011,-0.00871936,0.303546,1.77884,0.0226363,-0.0936764,0.0831182
64382,0.135079,0.0119906,1.49634,0.0613431,-0.00327465,0.133267,1.83242,0.0679029,-0.0775558,0.079418
64398,0.135079,0.0119906,1.49634,0.0613431,-0.00370883,-0.18767,1.833,0.0776711,-0.0171252,0.0203213
64414,0.135079,0.0119906,1.49634,0.0613431,-0.00670158,-0.148376,1.8015,0.0565818,-0.014604,0.0127454
64430,0.135079,0.0119906,1.49634,0.0613431,-0.00688461,0.0770503,1.81759,-0.00823061,-0.0671658,0.0502658
64446,0.135079,0.0119906,1.49634,0.161026,-0.00588081,0.0388158,1.82924,0.100817,-0.0634074,0.0486796
64462,0.135079,0.0119906,1.49634,0.25304,-0.00764578,-0.108405,1.79908,0.0740704,-0.0409662,-0.00316538
64477,0.135079,0.0119906,1.49634,0.383394,-0.00965494,-0.0491207,1.77111,0.13888,-0.0499309,-0.00999198
64494,0.135079,0.0119906,1.49634,0.383394,-0.00829844,0.197893,1.80484,0.326113,-0.082471,0.0689289
64510,0.135079,0.0119906,1.49634,0.25304,-0.00552207,0.0879771,1.83527,0.346172,-0.0557697,0.0785171
64526,0.135079,0.0119906,1.49634,0.14569,-0.00578276,-0.168225,1.80765,0.175918,-0.0096657,0.0162711
64542,0.135079,0.0119906,1.49634,0.130354,-0.00720684,-0.18488,1.79505,0.237641,0.00801372,0.0172641
64558,0.135079,0.0119906,1.49634,0.130354,-0.00921965,0.176307,1.80156,0.169229,-0.0645769,0.0743471
64574,0.135079,0.0119906,1.49634,0.260708,-0.00631221,0.144068,1.801,0.060181,-0.0923639,0.0438227
64590,0.135079,0.0119906,1.49634,0.360391,-0.00652479,-0.178083,1.78593,0.343601,-0.00726955,0.00238793
64606,0.135079,0.0119906,1.49634,0.483077,-0.00924214,-0.0424615,1.7702,0.410472,-0.0307273,0.0126599
64621,0.135079,0.0119906,1.49634,0.582759,-0.00833316,0.209751,1.78697,0.506143,-0.0827386,0.0645264
64638,0.135079,0.0119906,1.49634,0.590427,-0.00490448,0.127545,1.80828,0.28651,-0.105902,0.0321733
64654,0.135079,0.0119906,1.49634,0.728449,-0.00486451,-0.231243,1.81396,0.671768,-0.0116776,-0.00305193
64670,0.135079,0.0119906,1.49634,0.866471,-0.00676127,-0.130788,1.79499,0.79265,-0.0245837,0.00597654
64686,0.135079,0.0119906,1.49634,0.966154,-0.00819611,0.106628,1.77462,0.682574,-0.0863498,0.0174469
64702,0.135079,0.0119906,1.49634,0.966154,-0.00716562,0.0476073,1.80027,0.760245,-0.0738212,0.0236463
64718,0.135079,0.0119906,1.49634,0.958486,-0.00736358,-0.0822928,1.81603,0.98245,-0.0255283,0.0308652
64734,0.135079,0.0119906,1.49634,0.851135,-0.00848733,-0.0287366,1.77265,0.730926,-0.0408229,0.0112286
64750,0.135079,0.0119906,1.49634,0.851135,-0.00834494,0.173245,1.7916,0.935648,-0.0575606,0.0784363
64765,0.135079,0.0119906,1.49634,0.728449,-0.00497763,0.0621279,1.8234,0.82763,-0.0484109,0.0725525
64782,0.135079,0.0119906,1.49634,0.728449,-0.00586096,-0.218318,1.80541,0.704693,-0.0064116,-0.00028137
64798,0.135079,0.0119906,1.49634,0.728449,-0.00863768,-0.196338,1.77929,0.746873,0.00534365,-0.00174876
64814,0.135238,0.0119278,1.49634,0.728449,-0.00897141,0.194694,1.78392,0.804996,-0.0597385,0.0787357
64830,0.135238,0.0118994,1.49634,0.628767,-0.00670412,0.132742,1.79069,0.52209,-0.0759894,0.0502407
64846,0.135238,0.0118941,1.49634,0.628767,-0.00636902,-0.00968325,1.79346,0.726297,-0.0263372,0.0498203
64862,0.135079,0.0119758,1.49634,0.383394,-0.00520769,-0.216455,1.77783,0.706752,0.0407906,0.0369852
64878,0.135079,0.0119878,1.49634,0.25304,-0.00718459,0.0775819,1.78023,0.340003,-0.0390019,0.06018
64894,0.135079,0.0119901,1.49634,0.237705,-0.00501687,0.22947,1.80517,0.322514,-0.0764082,0.0975897
64909,0.135238,0.0119078,1.49634,0.237705,-0.00111482,-0.030076,1.81868,0.441333,-0.0241763,0.0734911
64926,0.135079,0.0119584,1.49634,0.237705,-0.00287595,-0.201126,1.80552,0.201632,-0.01599,0.00640064
64942,0.135079,0.0119846,1.49634,0.483077,-0.00613935,-0.110413,1.77647,-0.0745831,-0.0837548,-0.052506
64958,0.135079,0.0119895,1.49634,0.582759,-0.00864387,0.174042,1.7859,0.394008,-0.089075,0.0434584
64974,0.135079,0.0119904,1.49634,0.590427,-0.00450114,-0.0127438,1.77267,0.612617,-0.0329486,0.038113
64990,0.135079,0.0119905,1.49634,0.590427,-0.00797897,-0.0127423,1.77248,0.399155,-0.0531667,0.00634102
65006,0.135079,0.0119906,1.49634,0.598095,-0.00888103,0.0258899,1.76307,0.505631,-0.044551,0.0218764
65022,0.135079,0.0119906,1.49634,1.0505,-0.00623184,0.138606,1.78751,0.861061,-0.0869839,0.0411216
65038,0.135079,0.0119906,1.49634,1.38789,-0.00556526,0.011235,1.80674,0.870325,-0.109151,-0.0169466
65053,0.135079,0.0119906,1.49634,1.74828,-0.00796867,-0.0981469,1.79198,1.21393,-0.0838146,-0.04676
65070,0.135079,0.0119906,1.49634,1.75595,-0.00944194,-0.112537,1.76974,1.7031,-0.0150823,0.0015929
65086,0.135079,0.0119906,1.49634,1.75595,-0.0114232,0.109558,1.75155,1.63932,-0.0559383,0.0276142
65102,0.135079,0.0119906,1.49634,1.65626,-0.00893058,0.15832,1.76875,1.71956,-0.0510952,0.0667463
65118,0.135079,0.0119906,1.49634,1.65626,-0.00779479,-0.0476526,1.77634,1.73808,-0.0148205,0.0343312
65134,0.135079,0.0119906,1.49634,1.65626,-0.00903033,-0.0028876,1.75972,1.58685,-0.0354608,0.0182988
65150,0.135079,0.0119906,1.49634,1.6486,-0.0093376,0.0950368,1.76859,1.76688,-0.0321465,0.060967
65166,0.135079,0.0119906,1.45604,1.6486,-0.00669336,0.324323,1.78439,1.39087,-0.137203,0.0753252
65182,0.135079,0.0119906,1.34982,1.6486,-0.00687814,-0.145046,1.79307,1.51792,-0.0626185,0.0301574
65197,0.135079,0.0119906,1.21245,1.0735,-0.00961491,-0.294931,1.80618,1.5637,0.00934765,0.108761
65214,0.135079,0.0119906,1.11172,0.605763,-0.0120104,-0.222446,1.80922,1.10642,-0.0230791,0.143951
65230,0.135079,0.0119906,0.945055,0.0383394,-0.015855,-0.370342,1.85955,0.791102,-0.0100707,0.191789
65246,0.135079,0.0119906,0.857143,0.0383394,-0.0233022,-0.56979,1.90944,0.0570912,-0.0829613,0.0853546
65262,0.135079,0.0119906,0.686813,0.0383394,-0.0312324,-0.850647,1.90685,0.44648,-0.0107599,0.106903
65278,0.135079,0.0119906,0.686813,0.0383394,-0.0492233,-1.34322,1.90835,0.0956774,0.0656375,-0.056707
65294,0.135238,0.0119079,0.56044,0.0383394,-0.0699703,-0.915634,1.83508,0.162547,0.0169288,0.00935343
65310,0.135238,0.0118957,0.397436,0.0383394,-0.084203,-0.589501,1.83019,0.240215,-0.0472238,0.093276
65326,0.135238,0.0118934,0.344322,0.0306715,-0.0932782,-0.678895,1.85123,0.177973,-0.0401149,0.0724787
65341,0.135238,0.011893,0.31685,0.0306715,-0.103933,-0.993187,1.83464,-0.144025,-0.00692576,-0.0402293
65358,0.135238,0.0118929,0.289377,0.0230037,-0.119399,-0.937225,1.80909,0.114192,0.0398811,-0.022391
65374,0.135238,0.0118929,0.289377,0.0230037,-0.131423,-0.614149,1.77798,0.138881,0.0106708,0.0136865
65390,0.135238,0.0118929,0.161172,0.0153358,-0.140873,-0.61229,1.72794,-0.131165,-0.0244806,-0.0151223
65406,0.135079,0.0119557,0.106227,0.0153358,-0.149338,-0.503846,1.71872,-0.0745839,-0.0344235,0.0088225
65422,0.135079,0.0119841,0.106227,0.0153358,-0.155591,-0.562068,1.71817,0.101332,0.00794899,0.00897175
65438,0.135238,0.0119067,0.0512821,0.0153358,-0.165302,-0.594292,1.7133,0.0447509,0.011073,-0.00816005
65454,0.135079,0.0119781,0.00732601,0.0153358,-0.175422,-0.502772,1.67268,-0.210894,-0.0210546,-0.0380867
65470,0.135079,0.0119883,0.00732601,0.0153358,-0.180819,-0.335572,1.65411,-0.265934,-0.0451448,-0.0269321
65485,0.135079,0.0119901,0.00732601,0.0153358,-0.183081,-0.45507,1.64051,0.0766428,0.0251899,-0.0143349
65502,0.135079,0.0119905,0.00549459,0.0153358,-0.190855,-0.467578,1.61335,0.0473238,0.0425209,-0.03896
65518,0.135238,0.0119278,0.00183159,0.0153358,-0.198098,-0.251232,1.564,0.0658403,0.027778,-0.0191304
65534,0.135238,0.0118994,0.00183159,0.0230037,-0.200603,0.0709217,1.54762,0.0072015,-0.0313284,0.0248441
65550,0.135238,0.0118941,-0.0018315,0.0306715,-0.197638,-0.00688347,1.5416,0.0318944,-0.0193138,0.0167641
65566,0.135238,0.0118931,-0.0018315,0.0306715,-0.1978,-0.254823,1.52046,-0.135797,0.0108949,-0.0550539
65582,0.135079,0.0119756,-0.003663,0.0306715,-0.201293,-0.108811,1.486,-0.0339529,0.00990477,-0.0288689
65598,0.135238,0.0119051,-0.00549451,0.0306715,-0.201339,0.0713226,1.45635,-0.0488659,-0.0182397,-0.0037775
65614,0.135079,0.0119778,-0.0695971,0.0306715,-0.199619,0.0938405,1.45438,-0.0823008,-0.0437903,0.013748
65629,0.135238,0.0119056,-0.0952381,0.0306715,-0.197322,-0.131721,1.44979,0.0524672,0.00514877,-0.00309148
65646,0.135079,0.011958,-0.0989011,0.29138,-0.198199,-0.212456,1.42844,-0.05298,-0.0190317,-0.0682779
65662,0.135079,0.0119846,-0.124542,0.483077,-0.200504,-0.0829618,1.3931,0.153284,-0.0348635,-0.04852
65678,0.135079,0.0119895,-0.155678,0.958486,-0.20002,-0.0324642,1.37702,0.141966,-0.107526,-0.0941119
65694,0.135079,0.0119904,-0.153846,1.0735,-0.199777,-0.224583,1.3698,0.656342,-0.0221675,-0.0829199
65710,0.135079,0.0119905,-0.153846,1.0735,-0.201738,-0.174085,1.34904,0.692351,-0.0189598,-0.0772358
65726,0.135079,0.0119906,-0.155678,0.812796,-0.203399,-0.0315306,1.3116,0.821458,0.0133822,-0.0143008
65742,0.135238,0.0119079,-0.25641,0.39873,-0.203028,0.0683913,1.28924,0.820428,0.0262702,0.0736511
65758,0.135079,0.0119783,-0.331502,0.276044,-0.200898,-0.136783,1.27886,0.562727,0.0287316,0.0377205
65773,0.135079,0.0119883,-0.456044,0.276044,-0.202328,-0.187675,1.28871,0.434134,-0.00676867,0.0417712
65790,0.135079,0.0119901,-0.531135,0.115018,-0.203817,-0.341961,1.28954,0.159456,-0.00775319,0.014596
65806,0.135079,0.0119905,-0.628205,0.0230037,-0.209727,-0.420831,1.28129,0.173859,0.00837895,0.0240309
65822,0.135079,0.0119906,-0.738095,0.0230037,-0.216354,-0.494376,1.27147,0.15997,0.00745422,0.0212589
65838,0.135079,0.0119906,-0.827839,0.0230037,-0.223114,-0.523817,1.25997,0.0982457,-0.00200841,0.0155221
65854,0.135079,0.0119906,-0.827839,0.0230037,-0.230974,-0.560197,1.23974,0.0262326,0.0134445,-0.0176905
65870,0.135079,0.0119906,-0.954212,0.0230037,-0.238466,-0.557255,1.22813,0.0185191,-0.0027529,-0.00345027
65886,0.135238,0.0119079,-1.02381,0.0230037,-0.246512,-0.623206,1.20038,-0.0190329,0.0081082,-0.0237755
65902,0.135238,0.0118957,-1.09158,0.0153358,-0.256237,-0.68903,1.17688,-0.126022,0.0135253,-0.0537075
65917,0.135238,0.0118934,-1.12821,0.0153358,-0.267001,-0.613751,1.14254,0.00308567,0.032433,-0.0411176
65934,0.135238,0.011893,-1.12821,0.0153358,-0.275762,-0.593499,1.11421,-0.114706,0.0353433,-0.0727581
65950,0.135238,0.0118929,-1.10073,0.0153358,-0.284245,-0.410698,1.0821,-0.0689268,0.0352647,-0.0610869
65966,0.135238,0.0118929,-1.0989,0.0153358,-0.288339,-0.306788,1.01706,-0.00668656,0.0461767,-0.0565921
65982,0.135238,0.0118929,-1.0989,0.0153358,-0.291084,-0.190605,0.97481,-0.0442353,0.034748,-0.0539726
65998,0.135238,0.0118929,-1.0989,0.0153358,-0.29422,-0.162763,0.939626,-0.0534949,0.0418958,-0.0633364
66014,0.135238,0.0118929,-1.0989,0.0153358,-0.294857,-0.0383247,0.908789,-0.0236613,0.0310288,-0.0448234
66030,0.135079,0.0119756,-1.0989,0.0230037,-0.294656,0.0245577,0.858811,-0.0565816,0.0259589,-0.0494312
66046,0.135079,0.0119878,-1.0989,0.130354,-0.293341,0.0690572,0.836287,0.00668605,0.0156322,-0.0496715
66061,0.135079,0.0119901,-1.0696,0.130354,-0.290966,0.130207,0.795864,0.0627514,0.023756,-0.0439339
66078,0.135238,0.0119277,-1.03846,0.115018,-0.288506,0.147664,0.765305,0.054009,0.031887,-0.0503803
66094,0.135079,0.0119621,-1.03846,0.0306715,-0.28519,0.215878,0.719573,0.0174892,0.0304548,-0.0370485
66110,0.135079,0.0119853,-1.0348,0.0306715,-0.280686,0.270904,0.689524,0.0267474,0.0221311,-0.0262343
66126,0.135238,0.0119268,-1.0348,0.0306715,-0.275359,0.267706,0.658797,0.0555532,0.024787,-0.021819
66142,0.135238,0.0118992,-1.0348,0.0306715,-0.270717,0.253315,0.644404,0.0138887,0.018127,-0.0252765
66158,0.135079,0.0119767,-1.01099,0.0306715,-0.266333,0.200024,0.603149,-0.0113157,0.0329271,-0.0463278
66174,0.135079,0.011988,-0.97619,0.0306715,-0.261511,0.276232,0.581595,0.0113161,0.0271286,-0.0347155
66190,0.135079,0.0119901,-0.943223,0.0306715,-0.25565,0.322595,0.55231,-0.0514376,0.0160932,-0.0387239
66205,0.135238,0.0119078,-0.935897,0.0306715,-0.249678,0.334054,0.517078,-0.0504089,0.0143602,-0.0366229
66222,0.135079,0.0119584,-0.935897,0.0306715,-0.243657,0.36696,0.496814,-0.0905303,-0.00161231,-0.0302202
66238,0.135238,0.0119218,-0.912088,0.0230037,-0.23715,0.309274,0.470677,-0.0478372,0.0162202,-0.0358987
66254,0.135079,0.011961,-0.888278,0.0230037,-0.23143,0.310472,0.445457,-0.0653259,0.0160194,-0.0398729
66270,0.135079,0.0119851,-0.886447,0.0230037,-0.225809,0.355769,0.425965,-0.0601818,0.00425002,-0.0266265
66286,0.135079,0.0119896,-0.886447,0.0230037,-0.218948,0.356168,0.412328,-0.0488659,-0.00241676,-0.0171059
66302,0.135079,0.0119904,-0.847985,0.0230037,-0.211993,0.254647,0.384595,-0.0293194,0.0227209,-0.0377245
66318,0.135079,0.0119905,-0.783883,0.0230037,-0.207689,0.271436,0.353672,0.00771612,0.0394342,-0.045326
66334,0.135079,0.0119906,-0.64652,0.14569,-0.202253,0.434514,0.313488,0.00257212,0.0268962,-0.0633166
66349,0.135079,0.0119906,-0.571429,0.276044,-0.193736,0.646747,0.281677,0.0982457,-0.00490677,-0.0391598
66366,0.135079,0.0119906,-0.53663,0.29138,-0.183223,0.680053,0.254799,0.128594,-0.0118254,-0.0283363
66382,0.135238,0.0119278,-0.53663,0.29138,-0.172486,0.618238,0.234247,0.199578,-0.00463262,-0.0183008
66398,0.135238,0.0118994,-0.487179,0.184029,-0.162321,0.654748,0.226455,0.288564,0.00935838,0.0157385
66414,0.135079,0.0119569,-0.417582,0.184029,-0.152446,0.587858,0.212052,0.270561,0.0230894,-0.00245886
66430,0.135079,0.0119843,-0.417582,0.184029,-0.143121,0.561873,0.195996,0.201635,0.00809173,-0.00418091
66446,0.135079,0.0119894,-0.349817,0.069011,-0.133868,0.583595,0.173466,0.115735,0.0137791,-0.00259285
66462,0.135238,0.0119077,-0.291209,0.0613431,-0.124289,0.624368,0.147318,0.097217,0.00916788,-0.00036182
66478,0.135238,0.0118957,-0.261905,0.0613431,-0.113461,0.67779,0.136956,0.0750989,-0.0116466,0.0153972
66493,0.135238,0.0118934,-0.179487,0.0536752,-0.103164,0.544554,0.124892,0.00102892,0.0100477,-0.0227489
66510,0.135238,0.011893,-0.115385,0.0536752,-0.0940119,0.642485,0.107254,0.084872,0.00658253,0.00155383
66526,0.135238,0.0118929,-0.0128205,0.0536752,-0.0834391,0.666471,0.0963397,0.0447508,0.00671962,-0.00813182
66542,0.135238,0.0118929,-0.0128205,0.0383394,-0.0728389,0.695104,0.0882927,0.11882,-0.00304279,0.0236326
66558,0.135238,0.0118929,-0.010989,0.0383394,-0.0620784,0.674993,0.0733586,-0.0380642,-0.0320186,0.0145278
66574,0.135238,0.0118929,-0.010989,0.0383394,-0.0519767,0.618373,0.0728599,0.0272618,-0.030069,0.0284398
66590,0.135238,0.0118929,-0.00732601,0.0306715,-0.0426661,0.504461,0.0841511,-0.0123451,-0.0300709,0.0204419
66606,0.135238,0.0118929,-0.00732601,0.0306715,-0.0352528,0.373755,0.0822038,0.105446,-0.00347613,0.0221947
66622,0.135079,0.0119756,0.0164836,0.0306715,-0.0293907,0.370029,0.0806685,-0.050924,-0.0252418,0.00598172
66637,0.135238,0.0119051,0.0384616,0.0306715,-0.0230669,0.388282,0.0831305,0.0920731,-0.0170678,0.0327519
66654,0.135238,0.0118952,0.0384616,0.0230037,-0.0174152,0.328724,0.08767,0.00874449,-0.0256528,0.0228199
66670,0.135238,0.0118933,0.0384616,0.0230037,-0.0129835,0.238659,0.0794321,0.0318913,-0.0116571,0.0142292
66686,0.135238,0.011893,0.003663,0.0230037,-0.00893472,0.301549,0.0777281,-0.00462925,-0.0419597,0.0359154
66702,0.135079,0.0119557,0.003663,0.0306715,-0.00521672,0.215881,0.0985326,0.0709834,-0.0288595,0.039128
66718,0.135079,0.0119841,0.003663,0.0306715,-0.00279379,0.0929055,0.0987908,-0.0221166,-0.0216458,0.00890005
66734,0.135079,0.0119894,0.00183159,0.0306715,-0.0016596,0.0147003,0.0880595,0.126022,0.0108941,0.012167
66750,0.135238,0.0119077,0.00183159,0.0306715,-0.00104906,0.114623,0.0866362,0.0792139,-0.0138578,0.0258627
66766,0.135238,0.0118957,0.00183159,0.0306715,0.00075444,0.211215,0.0878184,0.0874437,-0.0337633,0.04811
66781,0.135079,0.0119761,0.00183159,0.0306715,0.00286583,0.0248237,0.0841749,0.0216044,-0.0101206,0.00787462
66798,0.135079,0.0119879,0.00183159,0.0306715,0.00317443,0.0262912,0.071944,0.113677,0.00318059,0.0169829
66814,0.135079,0.0119901,-0.0018315,0.0383394,0.00423978,0.17884,0.0768668,0.0586389,-0.0360709,0.0414873
66830,0.135238,0.0119277,-0.0018315,0.0383394,0.00560731,0.0536032,0.0798713,0.0478369,-0.0175233,0.0199287
66846,0.135079,0.0119621,-0.0018315,0.0306715,0.00518486,-0.0258031,0.0734816,0.106475,0.00729308,0.0109812
66862,0.135079,0.0119853,-0.0018315,0.0306715,0.00497456,0.0229593,0.0647429,0.035492,-0.0078128,0.00896813
66878,0.135079,0.0119896,-0.003663,0.0306715,0.00567846,0.176576,0.0653776,0.0169748,-0.0398644,0.0370212
66894,0.135079,0.0119904,-0.003663,0.0306715,0.00764907,0.0590643,0.0707137,0.0884725,-0.014157,0.028361
66910,0.135079,0.0119905,-0.003663,0.0306715,0.00715146,-0.079361,0.0597922,0.0895016,0.0146482,-0.00065031
66925,0.135079,0.0119906,-0.003663,0.0306715,0.006853,0.0835792,0.0445898,-0.0303469,-0.0256446,0.0110005
66942,0.135079,0.0119906,-0.00549451,0.0230037,0.00868956,0.218011,0.0564872,0.107504,-0.0387591,0.059986
66958,0.135238,0.0119278,-0.025641,0.0230037,0.0109158,0.0144317,0.0633022,0.0668689,-0.0165316,0.0272527
66974,0.135238,0.0118994,-0.135531,0.0230037,0.0100451,-0.130388,0.055207,0.0432078,-0.0154251,0.0199273
66990,0.135238,0.0118941,-0.342491,0.0153358,0.00795944,-0.0232741,0.0539253,0.112648,-0.0705215,0.0941386
67006,0.135238,0.0118931,-0.342491,0.0153358,0.00630604,-0.185546,0.106441,0.080757,-0.0543399,0.0696582
67022,0.135238,0.011893,-0.51282,0.0153358,0.00168175,-0.505156,0.141856,0.0786994,-0.0368625,0.0506165
67038,0.135238,0.0118929,-0.690476,-0.00766826,-0.00860789,-0.806396,0.146968,0.124993,0.00054319,0.0289793
67054,0.135079,0.0119756,-0.789377,-0.00766826,-0.0213936,-0.744065,0.15465,0.0642969,-0.0223678,0.0371543
67069,0.135238,0.0119051,-0.886447,-0.00766826,-0.0330256,-0.730865,0.170096,-0.0185173,-0.042305,0.0368313
67086,0.135238,0.0118952,-0.965201,-0.00766826,-0.0465424,-0.995834,0.156263,0.0344631,0.0193759,-0.0130036
67102,0.135238,0.0118933,-1.01099,-0.00766826,-0.0618309,-0.946174,0.127028,-0.0102875,0.0258804,-0.0304599
67118,0.135238,0.011893,-1.04396,-0.00766826,-0.0750713,-0.649878,0.104032,-0.0159459,-0.00977442,0.00458115
67134,0.135238,0.0118929,-1.07692,-0.00766826,-0.0842904,-0.55033,0.102391,-0.0169742,-0.0204382,0.0151854
67150,0.135238,0.0118929,-1.07692,-0.00766826,-0.0941146,-0.751632,0.0815965,-0.0848721,0.0290253,-0.0515989
67166,0.135079,0.0119756,-1.10073,0.0153358,-0.106003,-0.614155,0.0444922,-0.0108019,0.0325725,-0.0424544
67182,0.135079,0.0119878,-1.10073,0.0153358,-0.11342,-0.296667,0.0209445,-0.0344631,-0.0107192,-0.00400901
67198,0.135079,0.0119901,-1.07692,0.0230037,-0.117746,-0.256555,0.0072764,-0.0303481,-0.00264198,-0.0128922
67213,0.135079,0.0119905,-1.05311,0.0230037,-0.122876,-0.377925,-0.0249322,-0.075613,0.0355494,-0.0625757
67230,0.135079,0.0119906,-1.05128,0.0230037,-0.128164,-0.296134,-0.0417155,-0.0164599,0.0407617,-0.0532129
67246,0.135079,0.0119906,-1.04762,0.0230037,-0.132074,-0.240307,-0.0373517,-0.0324054,0.0348227,-0.0510313
67262,0.135238,0.0119278,-1.04762,0.0230037,-0.136394,-0.386854,-0.0522786,0.0303481,0.0797987,-0.0812798
67278,0.135238,0.0118994,-1.01831,0.0230037,-0.142409,-0.401909,-0.088484,0.0154311,0.105865,-0.111125
67294,0.135238,0.0118941,-1.01831,0.0230037,-0.147224,-0.0917565,-0.125154,-0.0241756,0.0607584,-0.0747313
67310,0.135238,0.0118931,-0.994505,0.0230037,-0.146427,0.110893,-0.140261,-0.0298336,0.0308325,-0.0455223
67326,0.135238,0.011893,-0.994505,0.0230037,-0.146212,-0.0584437,-0.163926,0.00411521,0.0711335,-0.0781117
67342,0.135238,0.0118929,-0.994505,0.0230037,-0.146815,-0.0862887,-0.201312,-0.0642965,0.0776723,-0.101402
67357,0.135238,0.0118929,-0.990842,0.0230037,-0.145872,0.145798,-0.217321,0.0586388,0.0532275,-0.0462846
67374,0.135238,0.0118929,-0.965201,0.0230037,-0.142589,0.175906,-0.214949,0.0365204,0.0451448,-0.0434419
67390,0.135238,0.0118929,-0.906593,0.0230037,-0.140891,0.0525356,-0.232118,-0.0375493,0.0737289,-0.0904358
67406,0.135238,0.0118929,-0.906593,0.0230037,-0.139688,0.165783,-0.276104,-0.0853862,0.0555611,-0.0835316
67422,0.135238,0.0118929,-0.653846,0.0230037,-0.135117,0.330063,-0.297599,0.0648116,0.10065,-0.091527
67438,0.135238,0.0118929,-0.653846,0.0230037,-0.128893,0.48966,-0.330253,-0.00874434,0.0600414,-0.0682135
67454,0.135238,0.0118929,-0.364469,0.0230037,-0.120353,0.539092,-0.393924,-0.0421787,0.115858,-0.131944
67470,0.135238,0.0118929,-0.0164835,0.0230037,-0.109994,0.902018,-0.4758,-0.158428,0.119326,-0.16245
67486,0.135238,0.0118929,-0.014652,0.0230037,-0.0917544,1.46229,-0.520086,0.0308633,0.020928,-0.0159212
67501,0.135238,0.0118929,-0.0128205,0.0230037,-0.0679195,1.48251,-0.50274,-0.0334344,-0.0330562,0.0228405
67518,0.135238,0.0118929,-0.0128205,0.0230037,-0.0466773,1.01578,-0.474511,0.0432076,0.0203962,-0.0131518
67534,0.135238,0.0118929,-0.010989,0.0230037,-0.0319435,0.789176,-0.459369,0.00462954,0.0300333,-0.0326869
67550,0.135238,0.0118929,-0.010989,0.0230037,-0.0191122,0.793186,-0.449335,0.0776711,0.0149102,0.00041364
67566,0.135238,0.0118929,-0.00732601,0.0230037,-0.00709161,0.743207,-0.411139,0.129623,0.00267405,0.0253136
67582,0.135238,0.0118929,-0.00732601,0.0230037,0.00315669,0.401457,-0.404345,0.0879584,0.0418372,-0.0249383
67598,0.135238,0.0118929,-0.00732601,0.0230037,0.00839779,0.291156,-0.412531,0.00308645,0.0450868,-0.0491187
67614,0.135238,0.0118929,-0.00732601,0.0230037,0.0138604,0.473291,-0.399263,0.0735556,0.00831452,0.00547199
67630,0.135238,0.0118929,-0.00732601,0.0230037,0.0192636,0.50765,-0.374502,0.055038,-0.0148334,0.0243102
67645,0.135238,0.0118929,-0.00732601,0.0230037,0.0245142,0.842578,-0.334149,0.0529803,-0.0943743,0.104518
67662,0.135238,0.0118929,-0.00732601,0.0230037,0.0378817,1.05767,-0.178606,0.155856,-0.179501,0.215599
67678,0.135238,0.0118929,-0.00732601,0.0230037,0.0517655,0.44156,0.0451103,0.198034,-0.136785,0.181402
67694,0.135079,0.0119557,-0.00732601,0.0230037,0.0525454,-0.491043,0.0935296,0.0992757,0.00926153,0.00833146
67710,0.135079,0.0119841,-0.00732601,0.0230037,0.0417173,-0.619337,0.0569599,-0.242785,0.0174324,-0.0836502
67726,0.135079,0.0119894,-0.00732601,0.0230037,0.0354309,-0.165831,0.0355549,-0.205751,-0.0457095,-0.0101297
67742,0.135238,0.0119077,-0.00732601,0.0230037,0.0332434,-0.283869,0.0185824,-0.00051423,0.00822864,-0.0145469
67758,0.135238,0.0118957,-0.00732601,0.0230037,0.0285383,-0.494901,-0.02,0.0313769,0.0674052,-0.0667228
67774,0.135079,0.0119761,-0.00549451,0.0230037,0.0233029,-0.4772,-0.0680025,-0.0977312,0.0687943,-0.0995558
67789,0.135238,0.0119052,-0.00549451,0.0230037,0.0198747,-0.407114,-0.105501,0.00771489,0.0830948,-0.0880309
67806,0.135238,0.0118952,-0.00549451,0.0230037,0.0142717,-0.354353,-0.143559,0.0169745,0.0926105,-0.0952131
67822,0.135079,0.0119561,-0.00549451,0.0230037,0.00842553,-0.232981,-0.200053,0.0612106,0.0986328,-0.0901774
67838,0.135079,0.0119842,-0.00549451,0.0230037,0.00496545,-0.0794968,-0.243589,-0.00154314,0.0788466,-0.0852242
67854,0.135079,0.0119894,-0.00549451,0.0230037,0.0048993,0.23786,-0.224566,-0.0534951,0.0101702,-0.0281609
67870,0.135079,0.0119903,-0.00549451,0.0230037,0.00977376,0.316609,-0.172481,-0.0334345,-0.0219484,0.00917501
67886,0.135079,0.0119905,-0.00549451,0.0230037,0.0125193,-0.0749638,-0.140829,-0.0812704,0.031931,-0.0575618
67902,0.135079,0.0119906,-0.00549451,0.0230037,0.00957731,-0.214587,-0.143486,-0.00205748,0.0724936,-0.0793458
67918,0.135079,0.0119906,-0.00549451,0.0230037,0.00579767,-0.0653732,-0.162151,0.00925859,0.0571242,-0.0608006
67933,0.135079,0.0119906,-0.00549451,0.0230037,0.00421522,0.210284,-0.157603,-0.109046,-0.00613044,-0.0254636
67950,0.135079,0.0119906,-0.00549451,0.0230037,0.00559438,0.201754,-0.14019,0.0180033,0.00452852,-0.00521335
67966,0.135079,0.0119906,-0.00549451,0.0230037,0.00684813,0.0502715,-0.115616,0.0231467,0.0250397,-0.0249392
67982,0.135079,0.0119906,-0.00549451,0.0230037,0.00636361,0.0408136,-0.0939679,-0.00308633,0.0192926,-0.0256087
67998,0.135079,0.0119906,-0.00549451,0.0230037,0.00533378,0.0927729,-0.0793187,-0.00514378,0.00778375,-0.0144452
68014,0.135079,0.0119906,-0.00549451,0.0230037,0.00566055,0.0437436,-0.0578824,-0.060182,0.00450063,-0.0247033
68030,0.135079,0.0119906,-0.00549451,0.0230037,0.00436823,-0.0119469,-0.0333228,0.00874409,0.0193965,-0.0230229
68046,0.135079,0.0119906,-0.00732601,0.0230037,0.00266625,-0.00262032,-0.0125273,-0.0622392,0.00653306,-0.0274217
68062,0.135079,0.0119906,-0.00549451,0.0230037,0.00110915,-0.0632405,-0.00306646,0.00720129,0.0267962,-0.0310064
68077,0.135079,0.0119906,-0.00549451,0.0230037,6.688e-05,-0.0130128,-0.00119649,-0.00205759,0.0177478,-0.0240638
68094,0.135079,0.0119906,-0.00549451,0.0230037,-0.00068494,-0.0138123,-0.00030545,0.00565825,0.0198467,-0.0242988
