TimeStamp,h_d,theta_d,v_d,psi_dot_d,theta_hat,theta_dot_hat,v_hat,psi_dot_hat,tau_RW,tau_LW
110,0.199683,-0.019572,-0.00695971,0.0230037,0.182677,-0.256027,-0.0167272,0.0838432,-0.259536,0.276506
118,0.199683,-0.019572,-0.00695971,0.0230037,0.180257,-0.206066,0.0781909,0.21398,-0.265995,0.3138
126,0.199683,-0.019572,-0.00695971,0.0230037,0.177011,-0.536487,0.223857,0.187747,-0.220063,0.260309
134,0.199683,-0.019572,-0.00695971,0.0230037,0.172675,-0.758189,0.368738,0.0540083,-0.207122,0.214918
142,0.199603,-0.019596,-0.00695971,0.0230037,0.166542,-1.19329,0.455443,-0.0977314,-0.140478,0.110661
150,0.199603,-0.0196017,-0.00695971,0.0230037,0.156508,-1.55788,0.490695,-0.121908,-0.0586845,0.0215013
158,0.199603,-0.0196042,-0.00927961,0.0153358,0.141364,-2.00038,0.427296,-0.00102681,0.0806992,-0.0897182
166,0.199603,-0.0196053,-0.00927961,0.0153358,0.124739,-2.2611,0.345759,0.432076,0.224438,-0.132853
173,0.199603,-0.0196057,-0.00927961,0.0153358,0.105582,-2.12951,0.264826,0.541122,0.253869,-0.136433
182,0.199683,-0.0195819,-0.00927961,0.0230037,0.0882133,-1.50774,0.164577,0.239185,0.134351,-0.0876203
190,0.199683,-0.0195763,-0.00927961,0.0230037,0.0761032,-1.06725,0.0771239,-0.144027,0.0327001,-0.0746525
198,0.199603,-0.0195978,-0.00695971,0.0230037,0.0671378,-0.771774,0.0386953,-0.164598,-0.00930818,-0.0364479
206,0.199603,-0.0196025,-0.00695971,0.0230037,0.0603846,-0.463708,0.0577404,-0.0699556,-0.0534872,0.0311676
214,0.199683,-0.0195806,-0.00927961,0.0153358,0.056278,-0.367801,0.0638712,0.194949,-0.035851,0.0780452
222,0.199683,-0.0195757,-0.00927961,0.0153358,0.0530284,-0.207543,0.105353,0.388353,-0.047414,0.135766
230,0.199683,-0.0195736,-0.00695971,0.0230037,0.0515529,-0.355952,0.106297,0.368293,-0.0177939,0.0989787
238,0.199683,-0.0195727,-0.00695971,0.0230037,0.0477272,-0.385388,0.128269,0.347204,-0.0117584,0.0877912
245,0.199683,-0.0195723,-0.00695971,0.0230037,0.0438448,-0.456658,0.137843,0.256159,-0.00330361,0.0575332
254,0.199683,-0.0195721,-0.00695971,0.0230037,0.0391397,-0.52541,0.129442,0.200606,0.0130284,0.0277473
262,0.199683,-0.0195721,-0.00695971,0.0230037,0.0345897,-0.444021,0.130914,0.215009,0.00506994,0.0393494
270,0.199683,-0.019572,-0.00695971,0.0230037,0.0309599,-0.324246,0.14023,0.176945,-0.0196292,0.0555124
278,0.199683,-0.019572,-0.00695971,0.0230037,0.0285197,-0.29307,0.139327,0.190319,-0.0204108,0.0595271
286,0.199683,-0.019572,-0.00695971,0.0153358,0.0261308,-0.293727,0.144467,0.126536,-0.0239217,0.0497774
294,0.199683,-0.019572,-0.00695971,0.0153358,0.0235419,-0.359546,0.15121,0.103904,-0.0101282,0.0303375
302,0.199683,-0.019572,-0.00695971,0.0153358,0.0200002,-0.386593,0.141214,0.0622394,-0.00226783,0.0124864
310,0.199683,-0.019572,-0.00695971,0.0153358,0.0168241,-0.312246,0.149388,0.0714981,-0.012657,0.0253056
317,0.199683,-0.019572,-0.00695971,0.0153358,0.0132523,-0.275215,0.139546,0.0931018,-0.0104236,0.0282445
326,0.199683,-0.019572,-0.00695971,0.0230037,0.00979729,-0.160232,0.1432,0.191863,-0.0183164,0.0580009
334,0.199683,-0.019572,-0.00695971,0.0230037,0.00695091,-0.0889531,0.151911,0.111619,-0.0392127,0.0602422
342,0.199683,-0.019572,-0.00695971,0.0230037,0.00480108,-0.170623,0.142384,0.0637827,-0.0232022,0.0325884
350,0.199683,-0.019572,-0.00695971,0.0230037,0.00237256,-0.166626,0.150202,0.146597,-0.0116998,0.0405635
358,0.199683,-0.019572,-0.00695971,0.0153358,0.00084687,-0.186477,0.14889,0.0478367,-0.0157246,0.0230255
366,0.199683,-0.019572,-0.00695971,0.0153358,-0.00071224,-0.148378,0.154056,0.120878,-0.0132852,0.0379174
374,0.199603,-0.019596,-0.00695971,0.0153358,-0.00195966,-0.097216,0.162384,0.0555527,-0.0308289,0.0402664
382,0.199603,-0.0196017,-0.00695971,0.0153358,-0.00309347,-0.0838912,0.171765,0.0735561,-0.0311666,0.0448805
389,0.199603,-0.0196042,-0.00695971,0.0153358,-0.00448706,-0.110671,0.167039,0.121907,-0.0170414,0.0420058
398,0.199603,-0.0196053,-0.00695971,0.0153358,-0.00589109,-0.145709,0.174306,0.058639,-0.0162798,0.0261763
406,0.199603,-0.0196057,-0.00695971,0.0153358,-0.00707898,-0.140782,0.175232,0.0488658,-0.0167037,0.0242973
414,0.199603,-0.0196059,-0.00695971,0.0153358,-0.00938797,-0.115734,0.175783,0.119849,-0.00990295,0.0342747
422,0.199603,-0.019606,-0.00695971,0.0153358,-0.0104957,-0.0373961,0.181905,0.144025,-0.0222959,0.0526645
430,0.199603,-0.019606,-0.00695971,0.0230037,-0.0113746,-0.0248692,0.186989,0.118307,-0.0282115,0.0507539
438,0.199603,-0.019606,-0.00695971,0.0230037,-0.0125201,-0.0187417,0.191926,0.131166,-0.026936,0.0525123
446,0.199603,-0.0196061,-0.00695971,0.0230037,-0.0133104,-0.0599091,0.194888,0.182603,-0.0117085,0.049216
454,0.199603,-0.0196061,-0.00695971,0.0230037,-0.0144628,-0.0187426,0.203124,0.166658,-0.0214997,0.0554021
461,0.199603,-0.0196061,-0.00695971,0.0230037,-0.0148665,-0.0569784,0.207628,0.158942,-0.0146888,0.0466107
470,0.199683,-0.0195821,-0.00927961,0.0230037,-0.0159507,0.00563846,0.216976,0.088987,-0.0358393,0.0515262
478,0.199683,-0.0195763,-0.00927961,0.0230037,-0.0165581,0.00097689,0.224736,0.146597,-0.0283999,0.057626
486,0.199683,-0.0195739,-0.00695971,0.0230037,-0.0181632,0.0322861,0.232068,0.154827,-0.0320923,0.0633573
494,0.199683,-0.0195728,-0.00695971,0.0230037,-0.0183181,0.0185635,0.239804,0.142482,-0.031748,0.0600484
502,0.199683,-0.0195724,-0.00927961,0.0230037,-0.019111,0.0273567,0.25126,0.128594,-0.0361536,0.0612084
510,0.199683,-0.0195722,-0.00927961,0.0230037,-0.0197396,0.00417523,0.254071,0.0931022,-0.0350509,0.051641
518,0.199683,-0.0195721,-0.00695971,0.0230037,-0.0207635,0.0350838,0.275736,0.146083,-0.0366489,0.0658296
526,0.199683,-0.0195721,-0.00695971,0.0230037,-0.0208301,-0.0004882,0.28309,0.115734,-0.0340381,0.0559259
533,0.199683,-0.019572,-0.00695971,0.0230037,-0.0225445,-0.00182137,0.285587,0.083329,-0.0352637,0.0494836
542,0.199683,-0.019572,-0.00695971,0.0230037,-0.0230637,0.0164313,0.305195,0.121907,-0.0368127,0.0601886
550,0.199683,-0.019572,-0.00695971,0.0230037,-0.0233364,-0.014611,0.309651,0.135281,-0.0291895,0.0555836
558,0.199683,-0.019572,-0.00695971,0.0230037,-0.0242462,-0.0182087,0.31926,0.121907,-0.0301433,0.0533588
566,0.199683,-0.019572,-0.00695971,0.0230037,-0.0249462,-0.00355264,0.326965,0.0750988,-0.0387809,0.0510221
574,0.199683,-0.019572,-0.00695971,0.0230037,-0.0251173,-0.0115465,0.335497,0.0236613,-0.0443084,0.0444017
582,0.199683,-0.019572,-0.00695971,0.0230037,-0.0252476,-0.0648388,0.342072,0.0540093,-0.0307138,0.0377347
590,0.199683,-0.019572,-0.00695971,0.0230037,-0.0259678,-0.115068,0.351654,0.0740695,-0.0185071,0.0300352
598,0.199683,-0.019572,-0.00695971,0.0230037,-0.0268847,-0.12999,0.352913,0.0457792,-0.0175363,0.0223239
605,0.199683,-0.019572,-0.00695971,0.0230037,-0.0279564,-0.138516,0.356154,0.0205752,-0.0175851,0.0163832
614,0.199683,-0.019572,-0.00695971,0.0230037,-0.029128,-0.111737,0.353477,0.0550382,-0.0167119,0.0237143
622,0.199683,-0.019572,-0.00695971,0.0230037,-0.0299489,-0.110671,0.354819,0.0478368,-0.016693,0.0219891
630,0.199683,-0.019572,-0.00927961,0.0230037,-0.0309325,-0.140647,0.34904,0.0195463,-0.0117763,0.0102676
638,0.199683,-0.019572,-0.00927961,0.0230037,-0.0321949,-0.126392,0.34672,-0.0406357,-0.0193873,0.00374025
646,0.199603,-0.019596,-0.00695971,0.0230037,-0.0330831,-0.100678,0.340359,-0.0252045,-0.0200554,0.00813028
654,0.199603,-0.0196017,-0.00695971,0.0230037,-0.0339497,-0.0950828,0.339183,-0.0267475,-0.0198244,0.00754279
662,0.199603,-0.0196042,-0.00927961,0.0230037,-0.0346611,-0.0770965,0.335869,0.0159456,-0.0171928,0.0150265
670,0.199603,-0.0196053,-0.00927961,0.0230037,-0.0351324,-0.077629,0.335008,-0.00205741,-0.0183159,0.0118988
677,0.199603,-0.0196057,-0.00927961,0.0230037,-0.0358236,-0.092951,0.328646,0.0118309,-0.0114274,0.00820388
686,0.199603,-0.0196059,-0.00927961,0.0230037,-0.0366619,-0.105076,0.323844,0.0159458,-0.00636062,0.00403983
694,0.199603,-0.019606,-0.00927961,0.0230037,-0.0375576,-0.0684374,0.321692,0.0046294,-0.0134052,0.00855295
702,0.199683,-0.0195821,-0.00927961,0.0230037,-0.0380951,-0.043256,0.320291,0.0113161,-0.0166388,0.0134541
710,0.199683,-0.0195763,-0.00927961,0.0230037,-0.0384295,-0.0263356,0.317532,-0.0108023,-0.0217094,0.0133783
718,0.199683,-0.0195739,-0.00695971,0.0230037,-0.0386368,-0.0503166,0.313009,0.0303482,-0.0105301,0.0117861
726,0.199683,-0.0195728,-0.00695971,0.0230037,-0.0390272,-0.0551131,0.308865,0.0118304,-0.0104353,0.00730224
734,0.199683,-0.0195724,-0.00695971,0.0230037,-0.0393892,-0.0504499,0.302624,-0.0344631,-0.0152445,0.00121986
742,0.199683,-0.0195722,-0.00695971,0.0230037,-0.0397974,-0.03393,0.302303,0.0385782,-0.00933117,0.0125688
749,0.199683,-0.0195721,-0.00695971,0.0230037,-0.0399514,0.0124344,0.298578,0.0529807,-0.0162604,0.0230767
758,0.199683,-0.0195721,-0.00927961,0.0230037,-0.0397454,0.0162984,0.298416,0.0133736,-0.022383,0.0198917
766,0.199683,-0.019572,-0.00927961,0.0230037,-0.0396515,-0.00195442,0.293992,0.0128594,-0.0181465,0.0154596
774,0.199683,-0.019572,-0.00695971,0.0230037,-0.039673,-0.0107472,0.293924,0.033949,-0.0134493,0.0156921
782,0.199683,-0.019572,-0.00695971,0.0230037,-0.0397519,-0.0254026,0.28818,0.0401213,-0.00867324,0.0123065
790,0.199683,-0.019572,-0.00695971,0.0230037,-0.0399262,-0.0239372,0.285312,-0.028291,-0.0162755,0.00379925
798,0.199683,-0.019572,-0.00695971,0.0230037,-0.0403995,-0.0309988,0.282396,-0.00462932,-0.0108277,0.00388548
806,0.199683,-0.019572,-0.00695971,0.0153358,-0.0405158,0.0286888,0.282991,0.0421788,-0.0165267,0.0226574
814,0.199683,-0.019572,-0.00695971,0.0153358,-0.040286,0.0290885,0.282071,0.0591536,-0.0148273,0.0249614
821,0.199683,-0.019572,-0.00695971,0.0153358,-0.040229,0.0242919,0.279825,0.0406355,-0.0157512,0.0215048
830,0.199683,-0.019572,-0.00695971,0.0153358,-0.0402441,-0.0126126,0.272151,0.0555526,-0.00519039,0.0143032
838,0.199683,-0.019572,-0.00695971,0.0153358,-0.0403618,-0.0206073,0.270749,0.0169741,-0.00767968,0.00767157
846,0.199683,-0.019572,-0.00695971,0.0153358,-0.0405448,-0.013679,0.267961,-0.0231469,-0.0130702,0.00363769
854,0.199683,-0.019572,-0.00695971,0.0153358,-0.0407826,0.0330855,0.265468,0.0411502,-0.0142812,0.0201784
862,0.199603,-0.019596,-0.00695971,0.0153358,-0.0404518,0.03988,0.265707,0.0277761,-0.0178454,0.0206273
870,0.199603,-0.0196017,-0.00695971,0.0153358,-0.0402338,0.0196296,0.257153,0.0174888,-0.0138868,0.0141647
878,0.199683,-0.0195802,-0.00695971,0.0230037,-0.0401041,0.0280226,0.258521,0.0401214,-0.0142316,0.0180706
886,0.199683,-0.0195756,-0.00695971,0.0230037,-0.0395988,0.0041751,0.259576,-0.0113172,-0.0163732,0.00800935
893,0.199683,-0.0195735,-0.00695971,0.0230037,-0.039421,0.0127012,0.253487,0.0061725,-0.0153496,0.0111415
902,0.199683,-0.0195727,-0.00695971,0.0230037,-0.0392236,0.0360164,0.257708,0.0267474,-0.0186888,0.0194268
910,0.199683,-0.0195723,-0.00695971,0.0230037,-0.0390703,0.015366,0.249062,0.0272615,-0.0132506,0.0140253
918,0.199683,-0.0195721,-0.00927961,0.0230037,-0.0390444,0.0237595,0.249164,0.0632684,-0.0111648,0.0204551
926,0.199683,-0.0195721,-0.00927961,0.0230037,-0.0387875,0.0308208,0.249487,0.0185173,-0.0183286,0.0171134
934,0.199603,-0.019596,-0.00927961,0.0153358,-0.0386586,0.020429,0.242659,-0.00102894,-0.0167407,0.0126864
942,0.199603,-0.0196018,-0.00927961,0.0153358,-0.0384693,0.0360171,0.245941,-0.0102874,-0.021854,0.0156876
950,0.199683,-0.0195802,-0.00927961,0.0230037,-0.0382858,-0.00834944,0.238422,-0.0236614,-0.0143006,0.0029974
958,0.199683,-0.0195756,-0.00927961,0.0230037,-0.0384055,0.0280222,0.237389,-0.0133739,-0.020156,0.0114226
965,0.199683,-0.0195735,-0.00927961,0.0230037,-0.0377917,0.0226933,0.236117,0.0113162,-0.0169277,0.013998
974,0.199683,-0.0195727,-0.00927961,0.0153358,-0.0377369,0.0406801,0.232107,0.00617252,-0.0197402,0.0174788
982,0.199683,-0.0195723,-0.00927961,0.0153358,-0.0373242,0.0366823,0.233715,-0.00720141,-0.0214106,0.015991
990,0.199683,-0.0195721,-0.00695971,0.0153358,-0.0371763,0.0254915,0.22645,-0.0318914,-0.0207075,0.00942756
998,0.199683,-0.0195721,-0.00695971,0.0153358,-0.0369667,0.0326858,0.22887,0.00823001,-0.0181841,0.0163871
1006,0.199683,-0.019572,-0.00695971,0.0153358,-0.0367334,0.0314865,0.223405,0.0118306,-0.0169993,0.0160482
1014,0.199683,-0.019572,-0.00695971,0.0153358,-0.0363781,0.0795835,0.226006,0.0138881,-0.0275669,0.0273052
1022,0.199683,-0.019572,-0.00695971,0.0153358,-0.0356225,0.0585323,0.224543,0.0185173,-0.023683,0.0244385
1030,0.199683,-0.019572,-0.00695971,0.0153358,-0.0355322,0.04028,0.224232,-0.00102885,-0.0223456,0.0184243
1037,0.199683,-0.019572,-0.00695971,0.0153358,-0.0351845,0.00337454,0.223202,-0.00102881,-0.015191,0.0111241
1046,0.199683,-0.019572,-0.0046398,0.0230037,-0.0351862,-0.00208755,0.215087,-7e-08,-0.013161,0.00750542
1054,0.199683,-0.019572,-0.0046398,0.0230037,-0.0350223,0.0123015,0.218724,-0.00360051,-0.0173732,0.0109328
1062,0.199603,-0.019596,-0.0046398,0.0230037,-0.035027,0.0362831,0.21015,-0.0154312,-0.0223047,0.0131747
1070,0.199603,-0.0196017,-0.0046398,0.0230037,-0.0345883,0.0901084,0.217659,0.0354922,-0.0292313,0.0323254
1078,0.199683,-0.0195802,-0.0046398,0.0230037,-0.0339504,0.0392138,0.207326,0.0174889,-0.0202544,0.0189081
1086,0.199683,-0.0195756,-0.0046398,0.0230037,-0.0337456,0.0502705,0.218883,-0.0216035,-0.0293009,0.0188
1094,0.199683,-0.0195735,-0.0046398,0.0230037,-0.0333443,-0.0215396,0.204503,-0.00154268,-0.0105746,0.00450676
1102,0.199683,-0.0195727,-0.0046398,0.0230037,-0.0338014,-0.00501879,0.210446,0.00720141,-0.0131588,0.00921136
1109,0.199683,-0.0195723,-0.0046398,0.0230037,-0.0338096,0.00830458,0.205464,0.0442362,-0.0107044,0.0155323
1118,0.199683,-0.0195721,-0.00695971,0.0230037,-0.0336802,0.0492064,0.209126,0.0190317,-0.0231978,0.0222618
1126,0.199683,-0.0195721,-0.00695971,0.0230037,-0.033155,0.0453426,0.204923,0.0385782,-0.0202611,0.0239211
1134,0.199603,-0.019596,-0.00695971,0.0230037,-0.032783,0.0374821,0.207959,-0.00925859,-0.0254011,0.0177707
1142,0.199603,-0.0196018,-0.00695971,0.0230037,-0.0325283,0.00097617,0.196329,0.0102875,-0.0141742,0.0109989
1150,0.199683,-0.0195802,-0.00695971,0.0230037,-0.0325242,-0.00408629,0.197037,-0.00462922,-0.0149786,0.00826938
1158,0.199683,-0.0195756,-0.00695971,0.0230037,-0.0324658,-0.00182108,0.193089,0.02469,-0.0114389,0.0116439
1166,0.199683,-0.0195735,-0.00695971,0.0230037,-0.0324024,0.0392137,0.20043,-0.0190318,-0.0262495,0.0163293
1174,0.199683,-0.0195727,-0.00695971,0.0230037,-0.0321678,0.0369491,0.189193,0.00925891,-0.0210088,0.0177434
1181,0.199683,-0.0195723,-0.00695971,0.0230037,-0.0319959,0.0453429,0.192143,0.00874446,-0.0235341,0.0201859
1190,0.199683,-0.0195721,-0.00695971,0.0230037,-0.0317099,0.00337492,0.18562,0.0133738,-0.0138123,0.0113855
1198,0.199683,-0.0195721,-0.00695971,0.0230037,-0.0317465,-0.00142069,0.185779,-0.0195463,-0.0166712,0.00647108
1206,0.199603,-0.019596,-0.00695971,0.0230037,-0.0316691,0.012968,0.179863,-0.00720129,-0.017362,0.0101286
1214,0.199603,-0.0196018,-0.00695971,0.0230037,-0.031419,0.0529368,0.185354,0.026233,-0.0228891,0.0237001
1222,0.199683,-0.0195802,-0.00695971,0.0230037,-0.0310609,0.0385482,0.180642,0.0200607,-0.020445,0.0197483
1230,0.199683,-0.0195756,-0.00695971,0.0230037,-0.0308015,0.0686584,0.179218,-0.0144026,-0.0308209,0.0221358
1238,0.199683,-0.0195735,-0.00695971,0.0230037,-0.0302261,0.0501389,0.183507,-0.0210892,-0.0294283,0.0191039
1246,0.199683,-0.0195727,-0.00695971,0.0230037,-0.0298337,-0.00062111,0.171412,0.0493796,-0.00943298,0.0155001
1253,0.199683,-0.0195723,-0.00695971,0.0230037,-0.0298533,0.0172313,0.17549,0.00617234,-0.0187898,0.0147553
1262,0.199683,-0.0195721,-0.00695971,0.0230037,-0.0295835,0.0360166,0.174827,-0.0216037,-0.0262129,0.0157188
1270,0.199683,-0.0195721,-0.00695971,0.0230037,-0.0293065,0.0286887,0.177649,-0.0354916,-0.0272456,0.0134565
1278,0.199683,-0.019572,-0.00695971,0.0230037,-0.029186,0.024159,0.173967,0.00514383,-0.0211363,0.0168998
1286,0.199683,-0.019572,-0.00695971,0.0230037,-0.0290358,0.0173642,0.17202,0.0396065,-0.0156182,0.0194723
1294,0.199603,-0.019596,-0.00695971,0.0230037,-0.0288979,0.00044373,0.175791,-0.036006,-0.0219227,0.00790373
1302,0.199603,-0.0196017,-0.00695971,0.0230037,-0.0289245,-0.0080832,0.165746,0.00154315,-0.0141042,0.00889044
1310,0.199683,-0.0195802,-0.00695971,0.0230037,-0.0289936,-0.00315311,0.169393,0.00668681,-0.014952,0.0109691
1318,0.199683,-0.0195756,-0.00695971,0.0230037,-0.0290982,0.0116356,0.164898,0.0241757,-0.0150142,0.0152078
1325,0.199683,-0.0195735,-0.00695971,0.0230037,-0.0290208,0.0337511,0.169285,-0.0118304,-0.0245965,0.0164037
1334,0.199683,-0.0195727,-0.00695971,0.0230037,-0.0287891,0.0201626,0.164188,0.03292,-0.0160981,0.0183915
1342,0.199683,-0.0195723,-0.00695971,0.0230037,-0.0287145,-0.0203409,0.157518,0.0221184,-0.00813059,0.0077133
1350,0.199603,-0.0195961,-0.00695971,0.0230037,-0.0289078,0.0278894,0.164811,-0.0138876,-0.023131,0.0144309
1358,0.199603,-0.0196018,-0.00695971,0.0230037,-0.028655,-0.00182092,0.1538,0.0334343,-0.0101231,0.0124476
1366,0.199603,-0.0196042,-0.00695971,0.0230037,-0.0287153,0.0340181,0.16089,-0.0113159,-0.0237622,0.0156956
1374,0.199603,-0.0196053,-0.00695971,0.0230037,-0.0283472,0.0210947,0.158308,0.0164601,-0.0180233,0.0164512
1382,0.199603,-0.0196057,-0.00695971,0.0230037,-0.0283023,0.00857042,0.150314,0.0524665,-0.0100073,0.0168624
1390,0.199603,-0.0196059,-0.00695971,0.0230037,-0.0283016,0.0325524,0.155785,-0.00874413,-0.0229911,0.0155304
1397,0.199603,-0.019606,-0.00695971,0.0230037,-0.028026,-0.00341949,0.150773,0.0005144,-0.0141802,0.00875598
1406,0.199603,-0.019606,-0.00695971,0.0230037,-0.0280861,0.0214941,0.147455,0.0174888,-0.016639,0.0153128
1414,0.199603,-0.019606,-0.00695971,0.0230037,-0.0278749,0.0341516,0.150587,-0.00874456,-0.0231511,0.0157034
1422,0.199603,-0.0196061,-0.00695971,0.0153358,-0.0276865,0.0149663,0.146918,0.0190318,-0.014769,0.0155925
1430,0.199603,-0.0196061,-0.00695971,0.0153358,-0.0276189,0.0360165,0.148128,0.0390926,-0.0170126,0.0226485
1438,0.199603,-0.0196061,-0.00695971,0.0153358,-0.0273507,0.0181651,0.14677,-0.0241754,-0.021011,0.011678
1446,0.199603,-0.0196061,-0.00695971,0.0153358,-0.0272601,-0.00088816,0.139822,-0.00257183,-0.0135964,0.00927287
1454,0.199603,-0.0196061,-0.00695971,0.0153358,-0.0272651,0.0353502,0.145169,0.00617247,-0.0208282,0.0187141
1462,0.199603,-0.0196061,-0.00695971,0.0153358,-0.0270389,0.0180306,0.143154,0.00617252,-0.0173228,0.0151413
1469,0.199603,-0.0196061,-0.00695971,0.0153358,-0.0269762,0.0204295,0.138647,0.00411519,-0.0174231,0.0147668
1478,0.199603,-0.0196061,-0.00695971,0.0153358,-0.0268078,0.0400134,0.143293,-0.0118306,-0.0243178,0.0179909
1486,0.199603,-0.0196061,-0.00695971,0.0153358,-0.0265909,0.013368,0.138641,0.0349777,-0.0129617,0.017552
1494,0.199683,-0.0195821,-0.00695971,0.0153358,-0.0264656,0.0278893,0.138428,-0.0102876,-0.0213757,0.0153671
1502,0.199683,-0.0195763,-0.00695971,0.0153358,-0.0262632,0.0214944,0.138344,-1e-08,-0.0191579,0.0155493
1510,0.199603,-0.0195979,-0.00695971,0.0230037,-0.0261597,0.00763844,0.139238,0.0308626,-0.0139442,0.0157438
1518,0.199603,-0.0196025,-0.00695971,0.0230037,-0.0261406,0.0101698,0.134043,0.0108019,-0.0160154,0.0130999
1526,0.199603,-0.0196045,-0.00695971,0.0230037,-0.026064,0.0368161,0.135785,0.0164601,-0.021199,0.0197275
1534,0.199603,-0.0196054,-0.00695971,0.0230037,-0.0256969,0.0233597,0.135822,-0.00205718,-0.0212173,0.0153362
1541,0.199603,-0.0196058,-0.00695971,0.0230037,-0.0256558,0.0144334,0.131505,0.0195465,-0.0162198,0.0153896
1550,0.199603,-0.019606,-0.00695971,0.0230037,-0.0255584,0.00563985,0.131943,0.0262331,-0.0138633,0.0145737
1558,0.199603,-0.019606,-0.00695971,0.0230037,-0.025604,-0.00994836,0.127903,0.0354919,-0.00886392,0.0116889
1566,0.199603,-0.019606,-0.00695971,0.0230037,-0.0254863,0.0278892,0.130267,-0.00874376,-0.0223624,0.0149277
1574,0.199603,-0.0196061,-0.00695971,0.0230037,-0.0253521,0.0182968,0.124953,0.0370349,-0.0143716,0.0176798
1582,0.199603,-0.0196061,-0.00695971,0.0230037,-0.0253318,0.0293552,0.128728,0.0385782,-0.0170928,0.0208112
1590,0.199603,-0.0196061,-0.00695971,0.0230037,-0.0250942,-0.00075639,0.119016,-0.00411471,-0.014765,0.00830705
1598,0.199603,-0.0196061,-0.00927961,0.0153358,-0.0250851,0.0309539,0.120556,0.0524664,-0.0143266,0.0231313
1606,0.199603,-0.0196061,-0.00927961,0.0153358,-0.0246545,0.0165651,0.121031,0.0421789,-0.0133573,0.0196881
1613,0.199603,-0.0196061,-0.00927961,0.0153358,-0.0246468,0.0416106,0.124998,-0.0216032,-0.0266274,0.0180409
1622,0.199683,-0.0195821,-0.00695971,0.0153358,-0.0243592,0.0044404,0.116419,0.0385781,-0.0106097,0.0160459
1630,0.199683,-0.0195763,-0.00695971,0.0153358,-0.0243624,0.012168,0.116979,0.0766418,-0.00778927,0.0222215
1638,0.199603,-0.0195979,-0.00695971,0.0153358,-0.0243118,-0.00142085,0.115804,0.0144028,-0.0122566,0.0119761
1646,0.199603,-0.0196025,-0.00695971,0.0153358,-0.0243841,0.0472076,0.120026,0.0005148,-0.024398,0.0210464
1654,0.199603,-0.0196045,-0.00695971,0.0153358,-0.0240456,0.00790462,0.11066,0.0750987,-0.00662232,0.0206783
1662,0.199603,-0.0196054,-0.00695971,0.0153358,-0.024133,0.0248243,0.116632,0.0385783,-0.0152031,0.0207277
1670,0.199603,-0.0196058,-0.00695971,0.0230037,-0.024001,0.00071046,0.110771,0.00925883,-0.0138871,0.0106027
1678,0.199603,-0.019606,-0.00695971,0.0230037,-0.0240069,0.0426783,0.113371,-0.00154295,-0.0241405,0.0184851
1685,0.199603,-0.019606,-0.00695971,0.0230037,-0.0237655,0.0140334,0.107308,0.0771559,-0.00843644,0.0212005
1694,0.199683,-0.0195821,-0.00695971,0.0230037,-0.0236805,0.029755,0.108258,0.0704694,-0.0126847,0.0239401
1702,0.199683,-0.0195763,-0.00695971,0.0230037,-0.0234109,0.0432115,0.107146,-0.00411501,-0.0244412,0.0181911
1710,0.199683,-0.0195739,-0.00695971,0.0153358,-0.023071,0.0238924,0.10467,0.023147,-0.0165211,0.0184235
1718,0.199683,-0.0195728,-0.00695971,0.0153358,-0.0230173,0.0154981,0.106845,0.0879577,-0.00762202,0.0247549
1726,0.199683,-0.0195724,-0.00695971,0.0153358,-0.0229672,0.0104361,0.104137,0.0442365,-0.0113683,0.0181838
1734,0.199683,-0.0195722,-0.00695971,0.0153358,-0.0228832,0.0405464,0.104105,-0.0118303,-0.0242393,0.0179758
1742,0.199683,-0.0195721,-0.00695971,0.0230037,-0.0226344,0.030554,0.102685,0.00823016,-0.0209049,0.0175231
1750,0.199683,-0.0195721,-0.00695971,0.0230037,-0.0225226,0.0152321,0.100689,0.123449,-0.00408059,0.0277726
1757,0.199683,-0.019572,-0.00695971,0.0230037,-0.0224545,0.0286885,0.09907,0.0293198,-0.0177428,0.0193226
1766,0.199683,-0.019572,-0.00695971,0.0230037,-0.0222311,0.0402806,0.0978226,-0.04938,-0.0295163,0.0126129
1774,0.199683,-0.019572,-0.00695971,0.0230037,-0.0219418,0.0236259,0.0976275,0.00925872,-0.0196462,0.0164896
1782,0.199683,-0.019572,-0.00695971,0.0230037,-0.0220522,0.00630626,0.0959289,0.0817852,-0.00713,0.0209804
1790,0.199683,-0.019572,-0.00695971,0.0230037,-0.0221018,0.0217602,0.0928736,0.0879581,-0.00898689,0.0243529
1798,0.199683,-0.019572,-0.00695971,0.0230037,-0.0218856,0.0621285,0.0951043,-0.0432072,-0.0333601,0.0180059
1806,0.199683,-0.019572,-0.00695971,0.0230037,-0.0214235,0.0218941,0.0935793,-0.043207,-0.0256266,0.0101152
1814,0.199683,-0.019572,-0.00695971,0.0230037,-0.0215678,0.00737076,0.0928427,0.0931014,-0.00628428,0.0228122
1822,0.199683,-0.019572,-0.00695971,0.0230037,-0.0215249,0.0135011,0.0891114,0.0570957,-0.0112331,0.0193063
1829,0.199683,-0.019572,-0.00695971,0.0230037,-0.0214145,0.0438765,0.0875808,-0.0133733,-0.0256505,0.0172541
1838,0.199683,-0.019572,-0.00695971,0.0230037,-0.0211327,0.055868,0.0849705,-0.00668701,-0.0273373,0.0205694
1846,0.199683,-0.019572,-0.00695971,0.0230037,-0.0207416,0.0532037,0.0871815,0.0570954,-0.0202717,0.0285219
1854,0.199683,-0.019572,-0.00695971,0.0230037,-0.0203212,0.0240261,0.088103,0.0992741,-0.0101678,0.0282395
1862,0.199683,-0.019572,-0.00695971,0.0230037,-0.0202476,0.0342831,0.0824565,0.0123456,-0.0216854,0.0193267
1870,0.199683,-0.019572,-0.00695971,0.0230037,-0.0200762,0.0597312,0.0770888,-0.0555523,-0.0342685,0.0160255
1878,0.199683,-0.019572,-0.00695971,0.0230037,-0.019592,0.0595981,0.0755608,0.0390924,-0.0236325,0.0276872
1886,0.199683,-0.019572,-0.00695971,0.0230037,-0.0191076,0.0505385,0.078447,0.120365,-0.0134614,0.0366288
1894,0.199683,-0.019572,-0.00695971,0.0230037,-0.0187216,0.0698574,0.0854152,0.0637826,-0.0258026,0.0357326
1901,0.199683,-0.019572,-0.00695971,0.0230037,-0.0181946,0.0248235,0.0782277,-0.00514363,-0.0243779,0.0178979
1910,0.199683,-0.019572,-0.00695971,0.0230037,-0.018025,-0.00382003,0.0686854,0.0277763,-0.0133775,0.0145334
1918,0.199683,-0.019572,-0.00695971,0.0230037,-0.0179146,0.0249585,0.0693799,0.0833285,-0.0130117,0.0273711
1926,0.199683,-0.019572,-0.00695971,0.0230037,-0.017672,0.0727887,0.0796806,0.0339489,-0.030643,0.0335767
1934,0.199683,-0.019572,-0.00695971,0.0230037,-0.0172327,0.0649275,0.083919,-0.0164595,-0.036348,0.0273868
1942,0.199683,-0.019572,-0.00695971,0.0230037,-0.0170859,0.0169637,0.0784803,-0.00565803,-0.0246311,0.018018
1950,0.199683,-0.019572,-0.00695971,0.0230037,-0.0169491,-0.0140785,0.0742684,0.0195462,-0.0148605,0.014057
1958,0.199683,-0.019572,-0.00695971,0.0230037,-0.0168412,-0.0187419,0.0707669,0.0689262,-0.00770479,0.0185127
1966,0.199683,-0.019572,-0.00695971,0.0230037,-0.0170218,0.0270904,0.0733938,-0.00257166,-0.0256136,0.0197688
1973,0.199683,-0.019572,-0.00695971,0.0230037,-0.0168195,0.0618633,0.0786354,-0.0555522,-0.0401167,0.0219425
1982,0.199683,-0.019572,-0.00695971,0.0230037,-0.0164038,0.0325519,0.0763205,-0.049894,-0.0337476,0.0167925
1990,0.199683,-0.019572,-0.00695971,0.0230037,-0.0163728,-0.00981387,0.0706549,0.0390922,-0.0137607,0.0175876
1998,0.199683,-0.019572,-0.00695971,0.0230037,-0.0164813,-0.006218,0.0715484,0.0493797,-0.0132586,0.0195213
2006,0.199683,-0.019572,-0.00695971,0.0230037,-0.0165538,0.0189625,0.0722984,-0.00257178,-0.0245174,0.0186474
2014,0.199683,-0.019572,-0.00927961,0.0230037,-0.0164596,0.0314868,0.0746616,-0.0226324,-0.0303433,0.0198033
2022,0.199683,-0.019572,-0.00927961,0.0230037,-0.0168402,0.0124346,0.0744824,0.00257198,-0.0228557,0.0181662
2030,0.199683,-0.019572,-0.00695971,0.0230037,-0.0168441,0.00990277,0.0725906,-0.0154313,-0.0237661,0.0148251
2038,0.199683,-0.019572,-0.00695971,0.0230037,-0.0167426,0.00870366,0.0652278,-0.018003,-0.0227905,0.0132389
2045,0.199683,-0.019572,-0.00695971,0.0230037,-0.0167735,0.00577366,0.0587518,0.0421786,-0.0140165,0.018624
2054,0.199683,-0.019572,-0.00695971,0.0230037,-0.0167251,0.0406796,0.0596375,0.0946451,-0.0151979,0.0323063
2062,0.199683,-0.019572,-0.00695971,0.0230037,-0.0163573,0.0735881,0.0680339,0.0180034,-0.0328764,0.0320791
2070,0.199683,-0.019572,0.0440782,-0.0613431,-0.0160981,0.060132,0.0709178,-0.0442361,-0.0201303,0.0244767
2078,0.199683,-0.019572,0.0440782,-0.0613431,-0.0160158,-0.0064851,0.0596346,-0.0411499,-0.00446027,0.00925827
2086,0.199683,-0.019572,0.150794,-0.153358,-0.0160672,-0.0222049,0.0522946,-0.0164599,0.0310503,0.00113804
2094,0.199683,-0.019572,0.150794,-0.153358,-0.0162011,0.00364146,0.0378453,-0.0226325,0.0276002,0.00323453
2102,0.199683,-0.019572,0.285348,-0.276044,-0.0161148,0.126214,0.030725,-0.103389,0.0303305,0.0108483
2110,0.199683,-0.019572,0.285348,-0.276044,-0.0152439,0.275834,0.0234146,-0.087444,0.00144771,0.0441152
2117,0.199683,-0.019572,0.285348,-0.276044,-0.0131086,0.316066,0.0215862,-0.0622395,-0.00689494,0.0585977
2126,0.199683,-0.019572,0.368865,-0.153358,-0.0111143,0.284489,0.0224603,-0.0797283,-0.00668638,0.0252623
2134,0.199683,-0.019572,0.368865,-0.153358,-0.00912017,0.181233,0.0133925,-0.0678976,0.0141064,0.00686551
2142,0.199683,-0.019572,0.338706,-0.023004,-0.00789738,0.142066,0.00947732,-0.0406356,0.00379112,-0.00723015
2150,0.199683,-0.019572,0.338706,-0.023004,-0.00661435,0.207487,0.0150428,3e-08,-0.00773035,0.0141551
2158,0.199683,-0.019572,0.206471,-0.0153358,-0.00491799,0.254387,0.0194553,0.00308596,-0.0426972,0.0483014
2166,0.199683,-0.019572,0.206471,-0.0153358,-0.00299375,0.286091,0.0283337,0.020575,-0.0516067,0.0614974
2174,0.199683,-0.019572,0.023199,-0.0153358,-0.00093247,0.229997,0.0283162,0.0442364,-0.0703507,0.0856678
2182,0.199683,-0.019572,0.023199,-0.0153358,0.0006697,0.11675,0.036682,0.0730413,-0.0477271,0.069394
2189,0.199683,-0.019572,0.023199,-0.0153358,0.00155465,0.0432122,0.0508371,0.0750988,-0.0361617,0.0580307
2198,0.199683,-0.019572,0.0185592,-0.00766826,0.00193326,-0.0280681,0.0703439,-0.0216033,-0.0383893,0.0353984
2206,0.199683,-0.019572,0.0185592,-0.00766826,0.00165647,-0.0908197,0.0783848,-0.00874464,-0.0249243,0.0247009
2214,0.199683,-0.019572,0.0162394,-0.00766826,0.00092084,-0.123727,0.0794787,0.0617247,-0.009304,0.0255289
2222,0.199683,-0.019572,0.0162394,-0.00766826,-0.0001183,-0.114135,0.0778965,0.0380638,-0.0121418,0.0228144
2230,0.199683,-0.019572,0.0115996,-0.00766826,-0.0010002,-0.0782963,0.0754333,0.0133741,-0.0213207,0.0263104
2238,0.199683,-0.019572,0.0115996,-0.00766826,-0.00169424,-0.05165,0.077555,-0.00874411,-0.0286084,0.0284864
2246,0.199683,-0.019572,0.00927961,-0.00766826,-0.00222651,-0.040858,0.0825764,-0.0102876,-0.0313412,0.0308922
2254,0.199683,-0.019572,0.00927961,-0.00766826,-0.00277374,-0.0889538,0.0743443,0.0190319,-0.015867,0.0221132
2261,0.199683,-0.019572,0.00927961,-0.00766826,-0.00369159,-0.0770961,0.0686875,0.0637826,-0.010655,0.027471
2270,0.199683,-0.019572,0.0046398,-0.00766826,-0.0042849,-0.0517836,0.0651448,0.0560669,-0.0159703,0.0310626
2278,0.199683,-0.019572,0.0046398,-0.00766826,-0.0046175,-0.0223383,0.0682285,0.020575,-0.0261312,0.0329805
2286,0.199683,-0.019572,0.0046398,0.0153358,-0.00493163,-0.0280675,0.0709133,0.0334345,-0.0260912,0.0305228
2294,0.199683,-0.019572,0.0046398,0.0153358,-0.00520177,-0.0461869,0.0691568,0.0154312,-0.0237938,0.0239057
2302,0.199683,-0.019572,0.00232002,0.0153358,-0.00561668,-0.0513824,0.0662494,-0.00822966,-0.0247617,0.0192721
2310,0.199683,-0.019572,0.00232002,0.0153358,-0.00608439,-0.0639072,0.0600901,0.0488652,-0.0137498,0.0216449
2318,0.199683,-0.019572,0.00232002,0.0153358,-0.00679009,-0.0328644,0.0555077,0.137338,-0.00782636,0.036671
2326,0.199683,-0.019572,0.00232002,0.0153358,-0.00702171,0.0136325,0.0631177,0.0442364,-0.0291383,0.0362456
2333,0.199683,-0.019572,0.00232002,0.0153358,-0.00695789,0.0161647,0.0728548,-0.0663537,-0.0443392,0.0254156
2342,0.199683,-0.019572,0.00232002,0.0153358,-0.00716302,-0.0443217,0.0680899,-0.0375492,-0.027499,0.0151056
2350,0.199683,-0.019572,0.00232002,0.0153358,-0.00771613,-0.0805599,0.0637544,0.037035,-0.00974706,0.0147587
2358,0.199683,-0.019572,0.00232002,0.0153358,-0.00834635,-0.0822927,0.0604654,0.0884721,-0.00181268,0.0189188
2366,0.199683,-0.019572,0.00232002,0.0153358,-0.00911592,-0.045789,0.0587464,0.0488655,-0.0124278,0.0203416
2374,0.199683,-0.019572,0.00232002,0.0153358,-0.0095012,0.0282881,0.0668375,2.2e-07,-0.0340065,0.0307117
2382,0.199683,-0.019572,0.00232002,0.0153358,-0.00947194,0.0216277,0.06433,-0.0216038,-0.034826,0.0264158
2390,0.199683,-0.019572,0.00232002,-0.00766826,-0.00949755,0.0116355,0.0696161,-0.0714976,-0.0367634,0.0219801
2398,0.199683,-0.019572,0.00232002,-0.00766826,-0.00960836,-0.0625739,0.0630971,-0.0663543,-0.0197671,0.00588651
2405,0.199683,-0.019572,0.00232002,-0.00766826,-0.0101537,-0.0972141,0.0565365,0.00565802,-0.00229545,0.00522037
2414,0.199683,-0.019572,0.00232002,-0.00766826,-0.0110404,-0.0572462,0.0534237,0.00925874,-0.00812607,0.0120462
2422,0.199683,-0.019572,0.00232002,-0.00766826,-0.011477,0.0569317,0.0567666,-0.0185175,-0.0345651,0.0324059
2430,0.199683,-0.019572,0.00232002,-0.00766826,-0.0109665,0.0945053,0.0645522,-0.0236613,-0.0449168,0.0417119
2438,0.199683,-0.019572,0.00232002,-0.00766826,-0.0106912,0.0402798,0.0659987,-0.0293194,-0.0351764,0.0304215
2446,0.199683,-0.019572,0.00232002,-0.00766826,-0.0108582,-0.0663055,0.0590305,-0.0560668,-0.0151547,0.00365768
2454,0.199683,-0.019572,0.00232002,-0.00766826,-0.0113503,-0.103875,0.0532698,-0.0550378,-0.00564545,-0.00577411
2462,0.199683,-0.019572,0.00232002,-0.00766826,-0.0121938,-0.0820271,0.0451104,0.0241755,0.00186615,0.00544201
2470,0.199683,-0.019572,0.00232002,-0.00766826,-0.0126334,0.0581305,0.05059,0.0457796,-0.0244152,0.0373807
2477,0.199683,-0.019572,0.00232002,-0.00766826,-0.0122667,0.137406,0.0527945,0.0488654,-0.0411847,0.05521
2486,0.199683,-0.019572,0.0672773,-0.00766826,-0.0113759,0.119016,0.0651905,-0.0411502,-0.040901,0.0336542
2494,0.199683,-0.019572,0.0672773,-0.00766826,-0.0106725,-0.0316666,0.0517985,-0.0396066,-0.0088829,0.00138973
2502,0.199683,-0.019572,0.115995,-0.00766826,-0.010869,-0.102543,0.0493172,0.010802,0.0201362,-0.0160656
2510,0.199683,-0.019572,0.115995,-0.00766826,-0.0114545,-0.0853592,0.0384155,0.0118307,0.019443,-0.015073
2518,0.199683,-0.019572,0.150794,-0.00766826,-0.0120028,0.0754505,0.0358389,-0.0668689,-0.0157292,0.00220607
2526,0.199683,-0.019572,0.150794,-0.00766826,-0.0114702,0.215346,0.0280131,-0.0524663,-0.0421871,0.0326386
2534,0.199683,-0.019572,0.183272,-0.00766826,-0.0098857,0.262508,0.0254852,0.0246899,-0.0395833,0.0484196
2542,0.199683,-0.019572,0.183272,-0.00766826,-0.00786769,0.229733,0.0213375,0.0144026,-0.0366241,0.0429388
2549,0.199683,-0.019572,0.183272,-0.00766826,-0.00618823,0.143397,0.0166599,-0.0252043,-0.0255489,0.0222105
2558,0.199683,-0.019572,0.287668,-0.00766826,-0.00514837,0.100766,0.0137589,-0.0524663,-0.00429482,-0.00564755
2566,0.199683,-0.019572,0.287668,-0.00766826,-0.00442326,0.118354,0.0111747,-0.0344631,-0.006501,0.00088343
2574,0.199683,-0.019572,0.429182,-0.00766826,-0.00339658,0.213615,0.0154871,9e-08,-0.00128581,0.00415993
2582,0.199683,-0.019572,0.429182,-0.00766826,-0.00170029,0.272637,0.0176783,0.0128594,-0.0148741,0.0210509
2590,0.199683,-0.019572,0.528938,-0.00766826,0.00030418,0.262373,0.0185159,0.00411501,-0.00094182,0.00502843
2598,0.199683,-0.019572,0.528938,-0.00766826,0.00215317,0.186964,0.00855668,0.0272619,0.0158679,-0.00660867
2606,0.199683,-0.019572,0.633333,-0.00766826,0.00363537,0.152459,0.00630813,0.00565814,0.0353203,-0.0312909
2614,0.199683,-0.019572,0.633333,-0.00766826,0.00487626,0.18324,-0.00208928,-0.0282906,0.0244358,-0.0282545
2621,0.199683,-0.019572,0.633333,-0.00766826,0.00640454,0.272236,0.00607117,-0.063783,-0.00166234,-0.0101194
2630,0.199683,-0.019572,0.663492,-0.00766826,0.00801516,0.334858,0.007954,0.00308625,-0.00455899,0.00880519
2638,0.199683,-0.019572,0.663492,-0.00766826,0.0105803,0.32686,0.0160419,0.046808,-0.00316164,0.0177208
2646,0.199683,-0.019572,0.658852,-0.0766789,0.0129886,0.20921,0.0171922,-0.01646,0.0167895,-0.0013159
2654,0.199683,-0.019572,0.658852,-0.0766789,0.0143143,0.126077,0.0111652,-0.0339488,0.0305908,-0.019555
2662,0.199683,-0.019572,0.582296,-0.0843471,0.015274,0.14167,0.00723421,0.00102876,0.0191218,0.00205762
2670,0.199683,-0.019572,0.582296,-0.0843471,0.0166645,0.234666,0.018595,-0.00360054,-0.00446507,0.0249648
2678,0.199683,-0.019572,0.48022,-0.00766826,0.018352,0.272373,0.0234166,-0.0061724,-0.0414954,0.0435439
2686,0.199683,-0.019572,0.48022,-0.00766826,0.0201229,0.283025,0.0279217,0.0385782,-0.0419471,0.054612
2693,0.199683,-0.019572,0.48022,-0.00766826,0.0222811,0.199753,0.0237192,0.00925876,-0.0311239,0.03658
2702,0.199683,-0.019572,0.361905,-0.00766826,0.0235978,0.144331,0.0213462,-0.00411497,-0.0422641,0.0443965
2710,0.199683,-0.019572,0.361905,-0.00766826,0.02468,0.152861,0.0244952,-0.0246899,-0.0486516,0.0459941
2718,0.199683,-0.019572,0.336386,-0.00766826,0.0258627,0.194165,0.0328044,-0.0236614,-0.0643282,0.0621128
2726,0.199683,-0.019572,0.336386,-0.00766826,0.0272923,0.22414,0.0500353,0.0133736,-0.0711566,0.077817
2734,0.199683,-0.019572,0.262149,-0.00766826,0.0287859,0.152857,0.0575211,0.064812,-0.0661673,0.084697
2742,0.199683,-0.019572,0.262149,-0.00766826,0.0298053,0.0626597,0.0746439,0.0730409,-0.0511677,0.0712877
2750,0.199683,-0.019572,0.22735,-0.00766826,0.0302123,-0.0878893,0.0851771,0.00565828,-0.0363345,0.0399857
2758,0.199683,-0.019572,0.22735,-0.00766826,0.0293907,-0.168759,0.0920309,-0.0473222,-0.0258541,0.0166822
2765,0.199683,-0.019572,0.22735,-0.00766826,0.0279984,-0.173555,0.0891525,-0.0380636,-0.021112,0.0140747
2774,0.199683,-0.019572,0.225031,-0.00766826,0.0265937,-0.0805651,0.0951983,0.0149169,-0.0330075,0.0388063
2782,0.199683,-0.019572,0.225031,-0.00766826,0.0259191,-0.00861703,0.108703,0.0648109,-0.0429584,0.0607944
2790,0.199683,-0.019572,0.225031,-0.00766826,0.0255653,-0.0198082,0.111245,0.0406357,-0.0433664,0.0554571
2798,0.199683,-0.019572,0.225031,-0.00766826,0.0251273,-0.13332,0.104723,-0.00411492,-0.0236896,0.024765
2806,0.199683,-0.019572,0.225031,-0.00766826,0.0238226,-0.165694,0.107438,-0.045265,-0.0202872,0.0115152
2814,0.199683,-0.019572,0.225031,-0.00766826,0.0224897,-0.175023,0.10442,-0.0612104,-0.0176545,0.00506373
2822,0.199683,-0.019572,0.225031,-0.00766826,0.0209736,-0.118934,0.105133,-0.0689263,-0.0277316,0.0135266
2830,0.199683,-0.019572,0.225031,-0.00766826,0.0200039,-0.0119459,0.109094,0.0246902,-0.0376835,0.045949
2837,0.199683,-0.019572,0.225031,-0.00766826,0.0197462,0.00084394,0.11755,0.0282905,-0.0408355,0.049999
2846,0.199683,-0.019572,0.225031,-0.00766826,0.019617,-0.0599098,0.114158,-0.00771551,-0.0319043,0.0323351
2854,0.199683,-0.019572,0.225031,-0.00766826,0.0191081,-0.0996113,0.113557,-0.0735556,-0.0306321,0.0153843
2862,0.199603,-0.019596,0.255189,-0.00766826,0.018277,-0.14571,0.106419,-0.0797276,-0.0146124,-0.00230263
2870,0.199603,-0.0196017,0.255189,-0.00766826,0.0170165,-0.120533,0.109699,-0.0185175,-0.0111001,0.00868197
2878,0.199683,-0.0195802,0.285348,-0.00766826,0.0160499,-0.0568481,0.0997017,-0.00154312,-0.0140374,0.0158503
2886,0.199683,-0.0195756,0.285348,-0.00766826,0.0160601,0.0749197,0.110457,-0.0339487,-0.0465167,0.0412422
2894,0.199683,-0.0195735,0.324786,-0.00766826,0.0165507,0.0534698,0.10694,-0.00154299,-0.0321335,0.0344007
2902,0.199683,-0.0195727,0.324786,-0.00766826,0.0167573,-0.0307319,0.104885,-0.0241756,-0.0175877,0.0141818
2909,0.199683,-0.0195723,0.324786,-0.00766826,0.0162933,-0.0521808,0.0949153,-0.00925873,-0.0090996,0.00910761
2918,0.199683,-0.0195721,0.361905,-0.00766826,0.0158959,-0.0255371,0.0844465,-0.07407,-0.0138157,-0.00134977
2926,0.199683,-0.0195721,0.361905,-0.00766826,0.0158085,0.0967693,0.0924278,-0.0771562,-0.0403177,0.0249285
2934,0.199683,-0.019572,0.410623,-0.00766826,0.0165927,0.154993,0.0962062,0.0190313,-0.0348563,0.0423622
2942,0.199683,-0.019572,0.410623,-0.00766826,0.0176791,0.159388,0.104686,0.0668683,-0.0332263,0.0520383
2950,0.199683,-0.019572,0.48022,-0.00766826,0.0185707,0.0262854,0.0901016,0.0164599,0.00027311,0.00611516
2958,0.199683,-0.019572,0.48022,-0.00766826,0.0184995,0.039079,0.0830573,-0.080243,-0.0124556,-0.00388104
2966,0.199683,-0.019572,0.508059,-0.00766826,0.0189258,0.0771852,0.0783544,-0.0987597,-0.0178154,-0.002726
2974,0.199683,-0.019572,0.508059,-0.00766826,0.0195277,0.153262,0.0775431,0.00925919,-0.0214768,0.0266983
2981,0.199683,-0.019572,0.508059,-0.00766826,0.0207575,0.235998,0.0837945,0.0442355,-0.0372276,0.0510504
2990,0.199683,-0.019572,0.540537,-0.00766826,0.0225835,0.260244,0.0905506,-0.0169744,-0.0481007,0.0476345
2998,0.199683,-0.019572,0.540537,-0.00766826,0.0238934,0.196025,0.0794413,-0.041664,-0.0381604,0.0316368
3006,0.199683,-0.019572,0.540537,-0.00766826,0.0253027,0.174307,0.0826752,-0.0498946,-0.0374501,0.0289254
3014,0.199683,-0.019572,0.540537,-0.00766826,0.0267769,0.116488,0.0848734,-0.0524662,-0.0286349,0.0192944
3022,0.199683,-0.019572,0.542857,-0.00766826,0.0275572,0.120754,0.0932177,-0.0375493,-0.0299661,0.0241721
3030,0.199683,-0.019572,0.542857,-0.00766826,0.0283812,0.160588,0.0959792,0.0293195,-0.0319943,0.0421279
3038,0.199683,-0.019572,0.575336,-0.00766826,0.029443,0.193495,0.102983,-0.0380639,-0.0441911,0.0386035
3046,0.199683,-0.019572,0.575336,-0.00766826,0.0309692,0.205622,0.0959541,-0.00565814,-0.0441372,0.0462574
3053,0.199683,-0.019572,0.575336,-0.00766826,0.0327015,0.141532,0.103961,-0.0344631,-0.0384768,0.0335835
3062,0.199683,-0.019572,0.603175,-0.00766826,0.0336825,0.104365,0.103797,-0.0252044,-0.02681,0.0239552
3070,0.199683,-0.019572,0.603175,-0.00766826,0.0345396,0.0929055,0.103283,0.00720126,-0.0219339,0.0266794
3078,0.199683,-0.019572,0.603175,-0.00766826,0.0351471,0.155125,0.112919,-0.0828145,-0.0477532,0.0315685
3086,0.199683,-0.019572,0.603175,-0.00766826,0.0364114,0.198826,0.115644,0.0072013,-0.0485416,0.0537597
3094,0.199683,-0.019572,0.607814,-0.00766826,0.0379206,0.165649,0.123108,0.0113165,-0.0441309,0.0502102
3102,0.199683,-0.019572,0.607814,-0.00766826,0.0388721,0.121949,0.124306,0.0498948,-0.0323705,0.0473735
3110,0.199683,-0.019572,0.610134,-0.00766826,0.0397906,0.0737181,0.126376,-0.0735558,-0.0384495,0.0241972
3118,0.199683,-0.019572,0.610134,-0.00766826,0.0399955,0.0610652,0.128306,-0.0462943,-0.0332971,0.0254174
3125,0.199683,-0.019572,0.610134,-0.00766826,0.0404597,0.0805169,0.138384,0.0807578,-0.0247015,0.0468347
3134,0.199683,-0.019572,0.607814,-0.00766826,0.0407079,0.121951,0.13949,0.0272618,-0.0404043,0.0501144
3142,0.199683,-0.019572,0.607814,-0.00766826,0.0415936,0.131407,0.14859,-0.0432073,-0.0535015,0.0466729
3150,0.199683,-0.019572,0.547497,-0.00766826,0.0422839,0.0594643,0.142489,0.0833291,-0.0338132,0.0565158
3158,0.199683,-0.019572,0.547497,-0.00766826,0.0426196,0.0622634,0.152625,0.0344631,-0.0423066,0.0535211
3166,0.199683,-0.019572,0.542857,-0.00766826,0.0427667,0.0352177,0.160091,0.0154315,-0.0412162,0.0478431
3174,0.199683,-0.019572,0.542857,-0.00766826,0.0429389,0.0133671,0.165846,0.0432074,-0.034693,0.0477762
3182,0.199683,-0.019572,0.503419,-0.00766826,0.0427795,0.00937014,0.173401,-0.0514374,-0.0523731,0.0431593
3190,0.199683,-0.019572,0.503419,-0.00766826,0.0427193,-0.0356609,0.177982,0.0442362,-0.0325723,0.0457055
3197,0.199683,-0.019572,0.503419,-0.00766826,0.0422671,-0.0223393,0.186666,0.0792141,-0.0318723,0.0532917
3206,0.199683,-0.019572,0.4663,-0.00766826,0.0418112,-0.0230038,0.195729,0.00308659,-0.0474541,0.0509455
3214,0.199683,-0.019572,0.4663,-0.00766826,0.0415293,-0.0548472,0.198735,-0.0493803,-0.0471594,0.0381592
3222,0.199683,-0.019572,0.4663,-0.00766826,0.0408998,-0.089487,0.202297,0.00205752,-0.0336152,0.0365761
3230,0.199683,-0.019572,0.4663,-0.00766826,0.0400891,-0.114,0.210896,-0.0102877,-0.0301688,0.030109
3238,0.199683,-0.019572,0.46398,-0.00766826,0.0388558,-0.0965503,0.21349,0.0385782,-0.0268296,0.0383285
3246,0.199683,-0.019572,0.46398,-0.00766826,0.0379008,-0.0806921,0.217486,0.00823019,-0.0327718,0.0371721
3254,0.199683,-0.019572,0.461661,-0.00766826,0.0370018,-0.0826926,0.21209,0.0118306,-0.030016,0.0352389
3262,0.199683,-0.019572,0.461661,-0.00766826,0.0363435,-0.0716336,0.219725,0.00977325,-0.0327116,0.0374853
3269,0.199683,-0.019572,0.461661,-0.00766826,0.0355771,-0.0888215,0.213923,0.0457794,-0.0228114,0.0359787
3278,0.199603,-0.019596,0.461661,-0.00766826,0.0348438,-0.0621742,0.222752,0.0216038,-0.0313954,0.038968
3286,0.199603,-0.0196017,0.461661,-0.00766826,0.0340178,-0.0829591,0.214095,0.00668687,-0.026201,0.0301579
3294,0.197698,-0.0201022,0.461661,-0.00766826,0.0333332,-0.0379272,0.225079,0.0478367,-0.0318089,0.0456395
3302,0.197698,-0.0202053,0.461661,-0.00766826,0.0330098,-0.0497844,0.221878,7e-08,-0.0341588,0.0366694
3310,0.191111,-0.0209949,0.46398,-0.00766826,0.0323348,-0.0294002,0.230632,-0.00874416,-0.0396935,0.0402205
3318,0.191111,-0.0209213,0.46398,-0.00766826,0.0319934,-0.0659046,0.229314,-0.00514376,-0.0311353,0.0323581
3326,0.184365,-0.0204618,0.498779,0.0153358,0.0309658,-0.0728334,0.231343,0.0524664,-0.0173556,0.026667
3334,0.184365,-0.0198269,0.498779,0.0153358,0.0305104,-0.0491178,0.236605,0.02469,-0.0244273,0.0272666
3341,0.184365,-0.0195565,0.498779,0.0153358,0.0297728,-0.0547139,0.228923,0.0375492,-0.0190243,0.0248531
3350,0.180079,-0.0187072,0.501099,0.0153358,0.0291486,-0.00168811,0.232262,0.0416644,-0.0262118,0.0331825
3358,0.180079,-0.0180812,0.501099,0.0153358,0.028913,0.0127009,0.22799,0.013888,-0.0302464,0.0307093
3366,0.173968,-0.0163169,0.559097,0.0153358,0.02879,0.0278895,0.230736,0.086929,-0.0118474,0.0295312
3374,0.173968,-0.0152154,0.559097,0.0153358,0.0288463,-0.0111457,0.221516,0.0514377,-0.00556562,0.0147198
3382,0.170476,-0.0136989,0.596215,0.0153358,0.0286568,0.0401468,0.221882,0.0159457,-0.0104212,0.0113552
3390,0.170476,-0.0128818,0.596215,0.0153358,0.0290114,0.096505,0.22388,-0.0740696,-0.0311998,0.0111073
3398,0.166032,-0.0110488,0.626374,0.0153358,0.0295093,0.297821,0.238982,-0.0401217,-0.0591679,0.0477542
3406,0.166032,-0.0100824,0.626374,0.0153358,0.0316396,0.027675,0.242615,0.0992738,0.00482482,0.0156937
3413,0.166032,-0.00966979,0.626374,0.0153358,0.0327459,0.438912,0.297674,0.124479,-0.0780975,0.106038
3422,0.164286,-0.00886816,0.663492,0.0153358,0.0360089,0.675731,0.35698,-0.0329206,-0.146692,0.138378
3430,0.164286,-0.00846905,0.663492,0.0153358,0.0411204,0.509308,0.42071,0.116249,-0.115828,0.142194
3438,0.161349,-0.00720963,0.695971,0.0153358,0.0442591,0.164234,0.465097,0.206264,-0.0457955,0.0921973
3446,0.161349,-0.00658932,0.695971,0.0153358,0.0455011,0.448085,0.513261,0.0437213,-0.125292,0.134361
3454,0.158175,-0.00510251,0.695971,0.0153358,0.0466058,-0.243296,0.476675,0.038579,0.00649738,-0.00104734
3462,0.158175,-0.00439911,0.695971,0.0153358,0.0418446,-0.799575,0.388388,0.082814,0.13418,-0.120299
3470,0.155794,-0.00315703,0.698291,0.0153358,0.036448,-0.545423,0.357844,0.203181,0.117109,-0.0740581
3478,0.155794,-0.00259198,0.698291,0.0153358,0.0321289,-0.409068,0.279913,-0.202151,0.0646682,-0.116859
3485,0.155794,-0.00235001,0.698291,0.0153358,0.0288146,-0.139854,0.224585,-0.225294,0.0278938,-0.0846969
3494,0.152063,-0.00074217,0.695971,0.0153358,0.0280848,0.38161,0.198238,0.0823001,-0.0207301,0.0381873
3502,0.152063,-2.92e-05,0.695971,0.0153358,0.0311239,0.103361,0.16674,-0.078699,0.0112099,-0.0326282
3510,0.149841,0.00118398,0.649573,0.0153358,0.0321188,0.740018,0.21372,-0.173857,-0.126096,0.084322
3518,0.149841,0.00170066,0.649573,0.0153358,0.037832,0.763485,0.273691,0.194948,-0.103895,0.149302
3526,0.144762,0.0040047,0.584615,0.0153358,0.0452183,1.55798,0.375896,0.142996,-0.278424,0.314161
3534,0.144762,0.00494429,0.584615,0.0153358,0.0543904,0.746884,0.387572,0.118307,-0.15492,0.182353
3542,0.140159,0.00722243,0.552137,0.0153358,0.0585654,-0.395472,0.360744,0.117793,0.0382892,-0.0145942
3549,0.140159,0.00809772,0.552137,0.0153358,0.0522379,-1.05883,0.286268,0.0967024,0.170596,-0.154079
3557,0.140159,0.00847088,0.552137,0.0153358,0.0455847,-0.78073,0.262838,-0.201123,0.101862,-0.154869
3566,0.134365,0.0109414,0.547497,0.0153358,0.0403425,-0.133489,0.202523,-0.0452655,0.0301494,-0.044461
3574,0.134365,0.0117927,0.547497,0.0153358,0.0391765,0.17416,0.141377,-0.00257202,-0.00345901,0.00012727
3582,0.13,0.0138291,0.547497,0.0153358,0.0390279,-0.117566,0.0945406,-0.0550383,0.049596,-0.0662379
3590,0.13,0.0144876,0.547497,0.0153358,0.0379786,0.463137,0.119179,-0.152769,-0.0588927,0.0208926
3598,0.129048,0.0151244,0.575336,0.0153358,0.0420839,0.725652,0.115245,-0.0432069,-0.088211,0.0768943
3606,0.129048,0.015343,0.575336,0.0153358,0.0449582,0.46157,0.206692,0.428987,-0.00768076,0.107096
3614,0.128889,0.0154956,0.607814,0.0153358,0.0451022,1.50072,0.332582,-0.126023,-0.257994,0.229486
3622,0.128889,0.0155517,0.607814,0.0153358,0.0557533,1.35989,0.361408,0.0802402,-0.229683,0.249606
3629,0.128889,0.0155758,0.607814,0.0153358,0.0626911,0.136054,0.333228,0.20935,-0.01917,0.0660341
3638,0.128889,0.0155861,0.607814,0.0153358,0.0642949,-0.60083,0.328077,-0.101844,0.0633364,-0.0921016
3646,0.128889,0.0155906,0.607814,0.0153358,0.0588729,-0.445199,0.29172,-0.229925,0.0360107,-0.0946323
3654,0.130238,0.0150866,0.575336,0.0153358,0.0583222,-0.227934,0.270333,0.196493,0.0489663,-0.00628156
3662,0.130238,0.0149493,0.575336,0.0153358,0.0582198,0.372945,0.27524,0.105446,-0.0613257,0.084316
3670,0.130238,0.0148901,0.570696,0.0153358,0.0609514,0.0549812,0.249656,-0.241242,-0.0503687,-0.00939272
3678,0.130238,0.0148646,0.570696,0.0153358,0.0613409,0.880299,0.369344,-0.170258,-0.197438,0.15692
3686,0.131508,0.0143704,0.538217,0.0153358,0.0680227,0.676121,0.408635,0.335371,-0.126373,0.20473
3694,0.131508,0.0142287,0.538217,0.0153358,0.0756287,0.852693,0.52178,0.318913,-0.186261,0.261391
3701,0.131508,0.0141676,0.538217,0.0153358,0.0823517,0.647335,0.557127,0.0390915,-0.200314,0.208876
3710,0.131587,0.0141108,0.535897,0.0153358,0.0862249,-0.224129,0.56354,0.0195549,-0.0655971,0.0669839
3718,0.131587,0.0140907,0.535897,0.0153358,0.0841745,-1.12666,0.481657,-0.123449,0.0824895,-0.117615
3726,0.13254,0.0137151,0.531258,0.0153358,0.0746662,-1.36997,0.423209,-0.198035,0.135548,-0.189168
3734,0.13254,0.0136038,0.531258,0.0153358,0.0637048,-1.22748,0.324845,-0.0838452,0.156122,-0.182528
3742,0.13254,0.0135559,0.528938,0.0153358,0.054562,-0.340669,0.280001,-0.10699,0.0258538,-0.0551795
3750,0.13254,0.0135352,0.528938,0.0153358,0.0521085,0.00893661,0.195514,-0.265417,-0.03377,-0.0319392
3758,0.13254,0.0135264,0.528938,0.0153358,0.0522448,0.254384,0.190912,-0.129623,-0.0578746,0.0249635
3766,0.13254,0.0135225,0.528938,0.0153358,0.0544782,0.475973,0.225894,-0.0241757,-0.0908464,0.0835329
3773,0.13254,0.0135209,0.528938,0.0153358,0.0582031,0.815434,0.324655,0.0200616,-0.162862,0.167083
3782,0.13254,0.0135202,0.528938,0.0153358,0.0665072,0.942005,0.423609,0.216038,-0.188052,0.239049
3790,0.13254,0.0135199,0.528938,0.0153358,0.0689035,0.798297,0.507269,0.496366,-0.147979,0.264757
3798,0.13254,0.0135198,0.531258,0.0153358,0.0707539,-0.0194546,0.516756,0.129622,-0.0594609,0.0872237
3806,0.13254,0.0135197,0.531258,0.0153358,0.0692873,-0.623468,0.484101,-0.264392,0.00140863,-0.0685044
3814,0.13254,0.0135197,0.538217,0.0153358,0.0645231,-0.890562,0.443098,0.111105,0.104141,-0.0834852
3822,0.13254,0.0135197,0.538217,0.0153358,0.0575963,-0.718465,0.412553,0.0895012,0.0875121,-0.0715409
3830,0.13254,0.0135197,0.566056,-0.00766826,0.0519449,-0.188902,0.394068,-0.0375492,0.00276279,-0.00983786
3838,0.13254,0.0135197,0.566056,-0.00766826,0.0509447,0.164299,0.377665,-0.0457795,-0.052686,0.0447202
3845,0.13254,0.0135197,0.566056,-0.00766826,0.0538792,0.457041,0.415212,0.0560674,-0.0992343,0.116242
3854,0.132619,0.013489,0.563736,-0.00766826,0.0572804,0.621067,0.470253,-0.0622386,-0.15432,0.143956
3862,0.132619,0.0134799,0.563736,-0.00766826,0.0607328,0.352441,0.500696,-0.0267477,-0.11529,0.112545
3870,0.132619,0.013476,0.528938,-0.00766826,0.0598216,0.00655597,0.505609,-0.0164596,-0.0619317,0.0605593
3878,0.132619,0.0134743,0.528938,-0.00766826,0.05933,-0.27481,0.501659,-0.151227,-0.0298953,-0.00414778
3886,0.132619,0.0134736,0.528938,-0.00766826,0.0560801,-0.457187,0.478504,-0.00977337,0.0251675,-0.0264235
3894,0.132619,0.0134733,0.528938,-0.00766826,0.0528704,-0.459334,0.455571,0.00462914,0.0353146,-0.0332272
3902,0.132619,0.0134731,0.531258,-0.00766826,0.0497331,-0.136667,0.455872,-0.105961,-0.0265377,0.00345064
3910,0.132619,0.0134731,0.531258,-0.00766826,0.0493113,0.10782,0.451011,-0.0437217,-0.058342,0.0506794
3917,0.132619,0.0134731,0.531258,-0.00766826,0.0500915,0.281302,0.4677,0.00205769,-0.0854424,0.0891243
3926,0.132619,0.013473,0.575336,-0.00766826,0.0523898,0.406405,0.506254,-0.0473222,-0.114247,0.106685
3934,0.132619,0.013473,0.575336,-0.00766826,0.0559233,0.220137,0.522865,0.0493806,-0.0795182,0.0942728
3942,0.132619,0.013473,0.686691,-0.00766826,0.056916,-0.0741725,0.528037,-0.00360068,-0.0212734,0.0226345
3950,0.132619,0.013473,0.686691,-0.00766826,0.0556798,-0.280402,0.503531,-0.0606963,0.0118021,-0.0245633
3958,0.132619,0.013473,0.788767,-0.0996829,0.053922,-0.214046,0.483478,0.0324047,0.044698,-0.0136014
3966,0.132619,0.013473,0.788767,-0.0996829,0.0523245,-0.0732386,0.458129,-0.0385784,0.0192819,-0.00454083
3974,0.132619,0.013473,0.830525,-0.199365,0.0526645,0.242387,0.462475,-0.159457,-0.029941,0.0406352
3982,0.132619,0.013473,0.830525,-0.199365,0.0548116,0.450245,0.474887,-0.10699,-0.0631338,0.0868747
3989,0.132619,0.013473,0.830525,-0.199365,0.0582838,0.613184,0.505301,-0.0514382,-0.0932384,0.13064
3998,0.132619,0.013473,0.967399,-0.39873,0.064153,0.452222,0.517547,-0.0452652,-0.0303394,0.115844
4006,0.132619,0.013473,0.967399,-0.39873,0.0673226,0.213463,0.512068,-0.169229,-0.00886113,0.0644279
4014,0.132619,0.013473,1.06252,-0.483077,0.0687145,0.0891657,0.505207,-0.319427,0.0184801,0.0211764
4022,0.132619,0.013473,1.06252,-0.483077,0.0694869,0.0345492,0.480749,-0.372922,0.0241027,0.00276981
4030,0.132619,0.013473,1.18547,-0.483077,0.0702444,0.198691,0.476769,-0.384753,0.0149182,0.0096563
4038,0.132619,0.013473,1.18547,-0.483077,0.0722135,0.391084,0.467182,-0.384753,-0.0181086,0.0432934
4046,0.132619,0.013473,1.22259,-0.483077,0.0756049,0.608127,0.479185,-0.418187,-0.0586085,0.0766057
4054,0.132619,0.013473,1.22259,-0.483077,0.0805154,0.763742,0.497236,-0.452651,-0.0980886,0.108496
4061,0.132619,0.013473,1.22259,-0.483077,0.0862199,0.675522,0.51406,-0.531349,-0.103281,0.0949313
4070,0.132619,0.013473,1.25043,-0.498413,0.0907871,0.481791,0.525132,-0.505117,-0.0698564,0.0707979
4078,0.132619,0.013473,1.25043,-0.498413,0.0943722,0.291131,0.527948,-0.570443,-0.0513415,0.0363395
4086,0.132619,0.013473,1.24579,-0.498413,0.09656,0.162843,0.519976,-0.486599,-0.0226757,0.0271084
4094,0.132619,0.013473,1.24579,-0.498413,0.097791,0.122217,0.515576,-0.442877,-0.0117741,0.026422
4102,0.132619,0.013473,1.21563,-0.498413,0.0988773,0.292224,0.52942,-0.545752,-0.0606324,0.0515323
4110,0.132619,0.013473,1.21563,-0.498413,0.101518,0.442783,0.550901,-0.516433,-0.0891983,0.087516
4118,0.132619,0.013473,1.18315,-0.498413,0.105097,0.51166,0.580759,-0.497401,-0.113312,0.11639
4126,0.132619,0.013473,1.18315,-0.498413,0.108833,0.393337,0.596918,-0.463966,-0.0974973,0.108166
4133,0.132619,0.013473,1.18315,-0.498413,0.111042,0.190286,0.606872,-0.408414,-0.0619495,0.0851509
4142,0.132619,0.013473,1.14603,-0.498413,0.111946,-0.0331389,0.613387,-0.443906,-0.0373865,0.0515518
4150,0.132619,0.013473,1.14603,-0.498413,0.111278,-0.140247,0.605052,-0.525692,-0.027023,0.0215481
4158,0.132619,0.013473,1.14371,-0.582759,0.110432,-0.0862903,0.604598,-0.510775,-0.0234044,0.0415113
4166,0.132619,0.013473,1.14371,-0.582759,0.110108,0.0245556,0.610547,-0.451621,-0.0353097,0.067711
4174,0.132619,0.013473,1.14139,-0.674774,0.110534,0.216545,0.637246,-0.498944,-0.0671025,0.110644
4182,0.132619,0.013473,1.14139,-0.674774,0.112062,0.244128,0.660441,-0.527234,-0.0808359,0.117808
4190,0.132619,0.013473,1.11123,-0.766789,0.113592,0.21734,0.681908,-0.510775,-0.0740288,0.136552
4198,0.132619,0.013473,1.11123,-0.766789,0.11425,0.00709771,0.674637,-0.565299,-0.0453575,0.0943838
4205,0.132619,0.013473,1.11123,-0.766789,0.113738,-0.175021,0.675985,-0.698008,-0.0303419,0.0474839
4214,0.132619,0.013473,1.11123,-0.766789,0.112324,-0.234706,0.670709,-0.741729,-0.0228182,0.0294379
4222,0.132619,0.013473,1.11123,-0.766789,0.110903,-0.0977476,0.68203,-0.629596,-0.0321663,0.0656493
4230,0.132619,0.013473,1.11123,-0.766789,0.10982,-0.0595141,0.676577,-0.67589,-0.0415912,0.0642458
4238,0.132619,0.013473,1.11123,-0.766789,0.110004,0.151259,0.712104,-0.801397,-0.0972674,0.0909409
4246,0.132619,0.013473,1.11123,-0.674774,0.111261,0.193631,0.726248,-0.836889,-0.123311,0.0870355
4254,0.132619,0.013473,1.11123,-0.674774,0.112142,0.0543992,0.737981,-0.603876,-0.075889,0.0942082
4262,0.132619,0.013473,1.11123,-0.582759,0.111759,-0.15304,0.742429,-0.669718,-0.0603185,0.0407431
4270,0.132619,0.013473,1.11123,-0.582759,0.11003,-0.248558,0.737845,-0.77825,-0.0541745,0.00866526
4277,0.132619,0.013473,1.11123,-0.582759,0.107887,-0.306784,0.723817,-0.651199,-0.0243612,0.0086325
4286,0.132619,0.013473,1.10659,-0.575092,0.105684,-0.154245,0.731522,-0.592047,-0.0425283,0.0393829
4294,0.132619,0.013473,1.10659,-0.575092,0.104891,0.0249526,0.753056,-0.616221,-0.077441,0.0691222
4302,0.132619,0.013473,1.10659,-0.460073,0.10506,0.165517,0.77609,-0.584845,-0.114522,0.08689
4310,0.132619,0.013473,1.10659,-0.460073,0.105903,0.0574687,0.772559,-0.455222,-0.0819371,0.0845873
4318,0.132619,0.013473,1.10659,-0.375727,0.105768,-0.00635235,0.798047,-0.444934,-0.0840099,0.0689865
4326,0.132619,0.013473,1.10659,-0.375727,0.105199,-0.168226,0.800167,-0.471167,-0.0598477,0.0381339
4334,0.132619,0.013473,1.14139,-0.276044,0.103257,-0.287997,0.785853,-0.439791,-0.0374849,-0.00074898
4342,0.132619,0.013473,1.14139,-0.276044,0.10108,-0.275877,0.776608,-0.468596,-0.0384128,-0.00661676
4349,0.132619,0.013473,1.14139,-0.276044,0.0989974,-0.123199,0.78831,-0.406871,-0.0554586,0.0254314
4358,0.132619,0.013473,1.14371,-0.276044,0.0983271,0.0142954,0.793597,-0.269018,-0.0615494,0.0644686
4366,0.132619,0.013473,1.14371,-0.276044,0.0986622,0.0711895,0.801075,-0.261303,-0.0717285,0.0766468
4374,0.132619,0.013473,1.14603,-0.283712,0.0985251,0.133942,0.833589,-0.394012,-0.101531,0.0771246
4382,0.132619,0.013473,1.14603,-0.283712,0.098349,0.0354797,0.842204,-0.24227,-0.0684865,0.0795988
4390,0.132619,0.013473,1.14603,-0.29138,0.0977001,-0.132656,0.83147,-0.152255,-0.0265066,0.0601571
4398,0.132619,0.013473,1.14603,-0.29138,0.0963114,-0.23364,0.825034,-0.304511,-0.0247779,0.022162
4406,0.132619,0.013473,1.14603,-0.383394,0.0942557,-0.224718,0.824479,-0.33383,-0.0159596,0.0281393
4414,0.132619,0.013473,1.14603,-0.383394,0.0926841,-0.100019,0.825421,-0.262846,-0.026248,0.0555376
4421,0.132619,0.013473,1.14603,-0.383394,0.0920433,0.054132,0.84343,-0.241243,-0.0512582,0.0861061
4430,0.132619,0.013473,1.14371,-0.391063,0.0923946,0.201358,0.863911,-0.335373,-0.089987,0.104879
4438,0.132619,0.013473,1.14371,-0.391063,0.0936999,0.16485,0.877524,-0.307082,-0.0845881,0.106068
4446,0.132619,0.013473,1.13907,-0.391063,0.0944335,-0.010885,0.889268,-0.265418,-0.0542127,0.0850084
4454,0.132619,0.013473,1.13907,-0.391063,0.0938351,-0.210727,0.882055,-0.35029,-0.0291274,0.0392749
4462,0.132619,0.013473,1.10659,-0.498413,0.0921125,-0.278803,0.873703,-0.392469,-0.0116936,0.0369956
4470,0.132619,0.013473,1.10659,-0.498413,0.0901139,-0.18861,0.878154,-0.443391,-0.0306097,0.0441356
4478,0.132619,0.013473,1.10427,-0.498413,0.0886802,-0.0981535,0.876614,-0.457794,-0.04545,0.0558287
4486,0.132619,0.013473,1.10427,-0.498413,0.088233,0.0807782,0.89585,-0.427446,-0.073998,0.0920772
4493,0.132619,0.013473,1.10427,-0.498413,0.0889645,0.102767,0.916424,-0.350289,-0.0728649,0.109236
4502,0.132619,0.013473,1.07411,-0.506081,0.0894742,0.06919,0.940057,-0.405843,-0.0823057,0.107285
4510,0.132619,0.013473,1.07411,-0.506081,0.0894875,-0.104278,0.930074,-0.523634,-0.0658612,0.0625108
4518,0.132619,0.013473,1.03004,-0.513749,0.087644,-0.281603,0.925253,-0.491228,-0.0355579,0.0411071
4526,0.132619,0.013473,1.03004,-0.513749,0.0855233,-0.337027,0.934458,-0.509232,-0.0270718,0.0281732
4534,0.132619,0.013473,0.95116,-0.521416,0.0825118,-0.228049,0.933628,-0.590503,-0.062233,0.046254
4542,0.132619,0.013473,0.95116,-0.521416,0.0807806,-0.214866,0.934204,-0.488656,-0.0501344,0.0582104
4550,0.132619,0.013473,0.94884,-0.529085,0.0785882,-0.0479277,0.978384,-0.559127,-0.0896676,0.0833972
4558,0.132619,0.013473,0.94884,-0.529085,0.0781104,-0.0248705,0.97936,-0.445449,-0.0795942,0.10022
4565,0.132619,0.013473,0.94884,-0.529085,0.0773654,-0.145577,0.99231,-0.527234,-0.0702992,0.0712448
4574,0.132619,0.013473,0.909402,-0.536752,0.0755242,-0.292126,0.999906,-0.564271,-0.0545321,0.0480795
4582,0.132619,0.013473,0.909402,-0.536752,0.072177,-0.4087,0.978927,-0.442877,-0.012949,0.0347464
4590,0.132619,0.013473,0.869963,-0.529085,0.0696884,-0.449072,0.977456,-0.58433,-0.0265323,0.0129755
4598,0.132619,0.013473,0.869963,-0.529085,0.0663915,-0.368216,0.980787,-0.618279,-0.0399407,0.0185666
4606,0.132619,0.013473,0.865324,-0.521416,0.0634356,-0.280556,0.975248,-0.486599,-0.0356501,0.0437701
4614,0.132619,0.013473,0.865324,-0.521416,0.061029,-0.0944267,1.00114,-0.541123,-0.0737755,0.0695558
4622,0.132619,0.013473,0.863004,-0.322051,0.0605869,-0.0254043,1.00438,-0.433104,-0.09626,0.0706812
4630,0.132619,0.013473,0.863004,-0.322051,0.0594504,-0.160099,1.01353,-0.402756,-0.0702869,0.0514481
4637,0.132619,0.013473,0.863004,-0.322051,0.0578125,-0.215918,1.02612,-0.373436,-0.0573669,0.0452573
4646,0.132619,0.013473,0.821245,-0.153358,0.0558599,-0.346483,1.01197,-0.348746,-0.0544742,0.00795179
4654,0.132619,0.013473,0.821245,-0.153358,0.0530573,-0.399919,1.00569,-0.355946,-0.0416163,-0.00680953
4662,0.132619,0.013473,0.70293,-0.00766826,0.0500493,-0.303863,1.01424,-0.309139,-0.0854798,0.013973
4670,0.132619,0.013473,0.70293,-0.00766826,0.0476841,-0.112942,1.03801,-0.109049,-0.0941133,0.0703825
4678,0.132619,0.013473,0.575336,-0.00766826,0.0464158,-0.0932198,1.05159,-0.104931,-0.117886,0.0951836
4686,0.132619,0.013473,0.575336,-0.00766826,0.0457206,-0.234843,1.06537,0.0257199,-0.0802963,0.0879958
4694,0.132619,0.013473,0.389744,0.0153358,0.0432987,-0.380195,1.08804,-0.0447497,-0.0974457,0.0826275
4702,0.132619,0.013473,0.389744,0.0153358,0.040479,-0.481307,1.10716,0.0324066,-0.0708158,0.0738644
4709,0.132619,0.013473,0.389744,0.0153358,0.0362983,-0.621461,1.11465,0.0195469,-0.0445865,0.0441145
4718,0.132619,0.013473,0.183272,0.0153358,0.0310439,-0.878483,1.09545,0.0416607,-0.0223515,0.0262637
4726,0.132619,0.013473,0.183272,0.0153358,0.0241806,-0.671851,1.12561,0.101328,-0.0449928,0.0635165
4734,0.132619,0.013473,0.0649573,0.0153358,0.0190246,-0.650142,1.13497,-0.12242,-0.0884384,0.05415
4742,0.132619,0.013473,0.0649573,0.0153358,0.0138391,-0.570198,1.15709,0.119335,-0.0696443,0.0925891
4750,0.132619,0.013473,0.0185592,0.0153358,0.00967193,-0.695559,1.16331,0.171801,-0.0454534,0.0803474
4758,0.132619,0.013473,0.0185592,0.0153358,0.00413789,-0.730045,1.17922,-0.204202,-0.0790168,0.0249717
4766,0.132619,0.013473,0.0162394,0.0153358,-0.00138175,-0.875918,1.17706,0.0586383,-0.0163376,0.0238121
4774,0.132619,0.013473,0.0162394,0.0153358,-0.00841351,-1.03995,1.14992,0.0622393,0.0252727,-0.0175515
4781,0.132619,0.013473,0.0162394,0.0153358,-0.0165688,-0.918828,1.1487,-0.0529799,0.00301403,-0.0222441
4790,0.132619,0.013473,0.0115996,0.0153358,-0.0234288,-0.738592,1.13539,-0.111104,-0.0228848,-0.00962225
4798,0.132619,0.013473,0.0115996,0.0153358,-0.0293033,-0.645088,1.11439,0.0334338,-0.0099047,0.0117093
4806,0.132619,0.013473,0.00927961,0.0153358,-0.0342809,-0.413122,1.12956,-0.0118318,-0.0496528,0.0414029
4814,0.132619,0.013473,0.00927961,0.0153358,-0.0371294,-0.340362,1.12712,-0.0406359,-0.0607991,0.0459279
4822,0.132619,0.013473,0.00695982,0.0230037,-0.0404483,-0.411102,1.12819,0.104418,-0.0288869,0.0461824
4830,0.132619,0.013473,0.00695982,0.0230037,-0.0442005,-0.540729,1.11829,-0.0972171,-0.0244319,-0.00631672
4838,0.132619,0.013473,0.00695982,0.0230037,-0.0493478,-0.614679,1.10141,0.0396071,0.0137172,-0.0124706
4846,0.132619,0.013473,0.00695982,0.0230037,-0.0541688,-0.576051,1.08751,0.0550371,0.0179874,-0.0130545
4853,0.132619,0.013473,0.00695982,0.0230037,-0.0570471,-0.415911,1.08425,-0.102874,-0.0226741,-0.00922571
4862,0.132619,0.013473,0.0046398,0.0230037,-0.0600915,-0.229261,1.08096,0.144024,-0.0201674,0.047067
4870,0.132619,0.013473,0.0046398,0.0230037,-0.0619879,-0.105346,1.09298,-0.0606963,-0.0641505,0.0430748
4878,0.132619,0.013473,0.0046398,0.0230037,-0.0627875,-0.0684343,1.09179,0.0982436,-0.0502498,0.0667911
4886,0.132619,0.013473,0.0046398,0.0230037,-0.0631355,-0.207396,1.09545,0.149165,-0.0213421,0.0494779
4894,0.132619,0.013473,0.00232002,0.0230037,-0.0647968,-0.362205,1.08131,-0.064811,-0.0167298,-0.00613719
4902,0.132619,0.013473,0.00232002,0.0230037,-0.0675015,-0.396181,1.07543,0.10288,0.0133135,0.00325905
4910,0.132619,0.013473,0.00232002,0.0153358,-0.0695884,-0.262817,1.08029,-0.0339486,-0.0219173,0.00837515
4918,0.132619,0.013473,0.00232002,0.0153358,-0.0712526,-0.191277,1.06201,0.0159447,-0.0226622,0.0210871
4925,0.132619,0.013473,0.00232002,0.0153358,-0.0722185,-0.12573,1.06398,0.178489,-0.0133594,0.0503367
4934,0.132619,0.013473,0.00232002,0.0153358,-0.072572,-0.0672395,1.06727,-0.0596669,-0.0511554,0.0320889
4942,0.132619,0.013473,0.00232002,0.0153358,-0.0731775,-0.109204,1.05524,0.00102881,-0.0342853,0.0294086
4950,0.132619,0.013473,0.00232002,0.0153358,-0.0739428,-0.0709666,1.07788,0.0812712,-0.0337598,0.0479309
4958,0.132619,0.013473,0.00232002,0.0153358,-0.0745555,-0.260152,1.05708,-0.175916,-0.028536,-0.0185851
4966,0.132619,0.013473,0.00232002,0.0153358,-0.077218,-0.231511,1.05814,0.115221,0.00450461,0.0171437
4974,0.132619,0.013473,0.00232002,0.0153358,-0.0786951,-0.27228,1.03836,0.00102943,0.00301453,-0.00846803
4982,0.132619,0.013473,-0.0023199,0.0153358,-0.0797383,-0.131857,1.03766,-0.101846,-0.0315714,0.00224456
4990,0.132619,0.013473,-0.0023199,0.0153358,-0.0798607,-0.0589779,1.03573,0.0462938,-0.0257101,0.0315697
4997,0.132619,0.013473,-0.0023199,0.0153358,-0.0800553,-0.0306011,1.03367,-0.0426926,-0.0402981,0.0252355
5006,0.132619,0.013473,-0.0023199,0.0230037,-0.0797507,-0.0451212,1.03085,-0.0478371,-0.0393657,0.021239
5014,0.132619,0.013473,-0.0023199,0.0230037,-0.0807312,-0.0492508,1.04105,0.0725265,-0.0247971,0.035056
5022,0.132619,0.013473,-0.0046398,0.0153358,-0.0814346,-0.163963,1.0142,-0.0730422,-0.0171289,-0.0055235
5030,0.132619,0.013473,-0.0046398,0.0153358,-0.0827985,-0.14038,1.01116,0.0169744,-0.00806919,0.00671585
5038,0.132619,0.013473,-0.0046398,0.0230037,-0.0835605,-0.121331,1.00546,0.0478368,-0.00652806,0.0106955
5046,0.132619,0.013473,-0.0046398,0.0230037,-0.0840163,-0.0384636,0.997924,-0.140424,-0.0405999,0.00057213
5054,0.132619,0.013473,-0.0046398,0.0230037,-0.0840254,0.0220267,0.996932,0.151226,-0.0160827,0.045081
5062,0.132619,0.013473,-0.0046398,0.0230037,-0.083702,0.0939715,1.00379,0.0390926,-0.0427613,0.0455141
5069,0.132619,0.013473,-0.0046398,0.0230037,-0.0829331,0.0874451,1.00351,-0.09516,-0.0585081,0.0295625
5078,0.132619,0.013473,-0.0046398,0.0230037,-0.0823813,0.0067075,1.00683,0.203692,-0.0112117,0.0525734
5086,0.132619,0.013473,-0.0046398,0.0230037,-0.0824321,-0.073633,1.00385,-0.0879581,-0.0317195,0.00399378
5094,0.132619,0.013473,-0.0046398,0.0230037,-0.0833524,-0.0965476,0.995358,0.00771607,-0.0140203,0.00879438
5102,0.132619,0.013473,-0.0046398,0.0230037,-0.0840704,-0.11227,0.985867,0.114708,0.00370392,0.016266
5110,0.132619,0.013473,-0.00695971,0.0230037,-0.0836328,0.0397468,0.999292,-0.114704,-0.0516447,0.0179308
5118,0.132619,0.013473,-0.00695971,0.0230037,-0.0820865,-0.00888525,0.979633,0.118308,-0.0150884,0.0362499
5126,0.132619,0.013473,-0.00695971,0.0230037,-0.0824292,-0.040191,0.982045,0.10699,-0.0111546,0.029545
5134,0.132619,0.013473,-0.00695971,0.0230037,-0.0818026,-0.0143459,0.984868,-0.101333,-0.0412965,0.0106006
5141,0.132619,0.013473,-0.00695971,0.0230037,-0.0817857,0.0426775,0.989572,0.00102886,-0.0394615,0.0331012
5150,0.132619,0.013473,-0.00695971,0.0230037,-0.0809003,-0.00222067,0.992264,0.0843577,-0.0238534,0.0370401
5158,0.132619,0.013473,-0.00695971,0.0230037,-0.0805664,0.00444161,0.998567,-0.139911,-0.0528555,0.0131301
5166,0.132619,0.013473,-0.00695971,0.0230037,-0.0805316,-0.135852,0.980171,0.0874433,8.748e-05,0.0134273
5174,0.132619,0.013473,-0.00695971,0.0230037,-0.0816842,-0.153174,0.982459,0.0637838,0.00138164,0.00647917
5182,0.132619,0.013473,-0.00695971,0.0230037,-0.0827518,-0.0941508,0.9682,-0.144539,-0.0291822,-0.0119698
5190,0.132619,0.013473,-0.00695971,0.0230037,-0.0834355,0.0170955,0.96823,0.0432091,-0.0245546,0.0280468
5198,0.13254,0.0135037,-0.00695971,0.0230037,-0.0831023,0.1009,0.972598,0.0344631,-0.0406075,0.0422939
5206,0.13254,0.0135128,-0.00695971,0.0230037,-0.0816567,0.0958396,0.957869,-0.104932,-0.0557926,0.0245796
5213,0.13254,0.0135167,-0.00695971,0.0230037,-0.0804026,0.0610624,0.967812,-0.00154294,-0.0411662,0.0342722
5222,0.132619,0.0134877,-0.00695971,0.0230037,-0.079948,-0.0351287,0.96805,0.0210892,-0.0232444,0.0214085
5230,0.132619,0.0134794,-0.00695971,0.0230037,-0.0797524,-0.0419232,0.967052,-0.033434,-0.0286623,0.0139387
5238,0.13254,0.0135064,-0.00695971,0.0230037,-0.0799744,-0.0629736,0.966032,0.0900153,-0.0101518,0.0245009
5246,0.13254,0.013514,-0.00695971,0.0230037,-0.0799539,-0.0143419,0.959181,-0.0426935,-0.0327573,0.0159274
5254,0.132619,0.0134866,-0.00695971,0.0230037,-0.0799758,-0.0745656,0.944502,-0.0514378,-0.0214294,0.00235145
5262,0.132619,0.0134789,-0.00695971,0.0230037,-0.0809726,-0.078032,0.941467,0.141966,0.00377893,0.0227701
5270,0.132619,0.0134755,-0.00695971,0.0230037,-0.0811512,-0.0369975,0.935711,0.112135,-0.00536622,0.0249947
5278,0.132619,0.0134741,-0.00695971,0.0230037,-0.0807975,0.10476,0.947444,-0.132193,-0.0600137,0.0224048
5285,0.132619,0.0134735,-0.00695971,0.0230037,-0.0799555,0.15539,0.954784,0.0149173,-0.0534042,0.0506867
5294,0.132619,0.0134732,-0.00695971,0.0230037,-0.0784683,0.114618,0.961951,0.152773,-0.0336008,0.0633231
5302,0.132619,0.0134731,-0.00695971,0.0230037,-0.077573,-0.0936154,0.94755,-0.0113162,-0.017351,0.00772205
5310,0.132619,0.0134731,-0.00695971,0.0153358,-0.078126,-0.204331,0.948318,0.0663541,0.0116791,-0.00150745
5318,0.132619,0.0134731,-0.00695971,0.0153358,-0.0794224,-0.175818,0.939945,0.0370351,0.0066274,-0.00331016
5326,0.132619,0.013473,-0.00695971,0.0153358,-0.0805078,-0.0644472,0.934923,-0.0858996,-0.0240091,-0.00137147
5334,0.132619,0.013473,-0.00695971,0.0153358,-0.081053,-0.0312682,0.928471,0.115732,-0.0039603,0.0262659
5342,0.132619,0.013473,-0.00695971,0.0153358,-0.0816396,0.0786499,0.934353,0.0308629,-0.0323108,0.0349079
5350,0.132619,0.013473,-0.00695971,0.0153358,-0.0809697,0.137803,0.935794,-0.127052,-0.0618675,0.0273784
5357,0.132619,0.013473,-0.00695971,0.0153358,-0.0798468,0.115688,0.936722,0.181574,-0.0235281,0.0618389
5366,0.132619,0.013473,-0.00927961,0.0153358,-0.078419,-0.0287377,0.938841,0.0576097,-0.016884,0.025518
5374,0.132619,0.013473,-0.00927961,0.0153358,-0.0786727,-0.0565807,0.929167,-0.194949,-0.0401252,-0.0109457
5382,0.132619,0.013473,-0.00927961,0.0230037,-0.078853,-0.198205,0.914027,-0.0174889,0.00602627,-0.0174511
5390,0.132619,0.013473,-0.00927961,0.0230037,-0.0804531,-0.132789,0.914278,0.0118326,0.00079948,-0.00512871
5398,0.13254,0.0135037,-0.00927961,0.0230037,-0.0812509,0.018961,0.905856,-0.0164588,-0.0252041,0.0146432
5406,0.13254,0.0135128,-0.00927961,0.0230037,-0.0810563,0.113824,0.902295,0.0931017,-0.0276851,0.043275
5414,0.132619,0.0134861,-0.00927961,0.0230037,-0.0796848,0.173642,0.919855,-0.0380615,-0.0577734,0.042606
5422,0.132619,0.0134786,-0.00927961,0.0230037,-0.0782716,0.160318,0.919775,-0.0277773,-0.0562902,0.0435311
5429,0.132619,0.0134754,-0.00927961,0.0230037,-0.0769602,-0.0938872,0.901914,0.0622399,-0.00250176,0.0102391
5438,0.132619,0.0134741,-0.00927961,0.0153358,-0.0784536,-0.195802,0.901485,-0.0632686,0.00261083,-0.02302
5446,0.132619,0.0134735,-0.00927961,0.0153358,-0.0798261,-0.146241,0.890147,-0.0550382,-0.00092185,-0.0174161
5454,0.132619,0.0134732,-0.00927961,0.0153358,-0.080955,-0.0576471,0.878981,0.0560682,0.0008401,0.00729857
5462,0.132619,0.0134731,-0.00927961,0.0153358,-0.0812642,0.099832,0.878947,0.0843578,-0.0214833,0.0367717
5470,0.132619,0.0134731,-0.00927961,0.0153358,-0.079796,0.227737,0.891194,-0.0468083,-0.0621118,0.0468489
5478,0.132619,0.0134731,-0.00927961,0.0153358,-0.0778269,0.191365,0.894377,-0.0416642,-0.058694,0.0445648
5486,0.132619,0.013473,-0.00927961,0.0153358,-0.076536,0.0418771,0.888854,0.134252,-0.0140844,0.0410458
5494,0.132619,0.013473,-0.00927961,0.0153358,-0.076018,-0.104678,0.879621,0.0180025,-0.0027293,0.00181341
5501,0.132619,0.013473,-0.00927961,0.0153358,-0.0767999,-0.197136,0.866274,-0.0678976,0.005686,-0.0271712
5510,0.132619,0.013473,-0.00927961,0.0153358,-0.0782739,-0.151177,0.855687,0.0267474,0.0129515,-0.0119798
5518,0.132619,0.013473,-0.00927961,0.0153358,-0.0787316,0.0807776,0.86023,0.0144025,-0.0270299,0.0257834
5526,0.132619,0.013473,-0.00927961,0.0153358,-0.0779542,0.204823,0.84961,-0.0668696,-0.0565105,0.0364657
5534,0.132619,0.013473,-0.00927961,0.0153358,-0.0764994,0.267575,0.865801,0.04835,-0.0579313,0.0652969
5542,0.132619,0.013473,-0.00695971,0.0153358,-0.0741132,0.184433,0.876413,0.0817857,-0.0448271,0.0598697
5550,0.132619,0.013473,-0.00695971,0.0153358,-0.0727213,0.0266846,0.878705,0.0246898,-0.0277021,0.0288107
5558,0.132619,0.013473,-0.00927961,0.0153358,-0.0725319,-0.137849,0.871522,-0.0231465,-0.00556034,-0.00511836
5566,0.132619,0.013473,-0.00927961,0.0153358,-0.073348,-0.173953,0.860173,-0.019032,0.00385146,-0.0136815
5573,0.132619,0.013473,-0.00927961,0.0153358,-0.0744446,-0.150106,0.849248,-0.0612105,-0.00180535,-0.017926
5582,0.132619,0.013473,-0.00695971,0.0153358,-0.0752844,-0.035932,0.848415,-0.0344632,-0.0159071,0.00282218
5590,0.132619,0.013473,-0.00695971,0.0153358,-0.07554,0.119286,0.854734,0.104418,-0.0259212,0.0460855
5598,0.132619,0.013473,-0.00695971,0.0153358,-0.0746102,0.172981,0.856665,0.0349781,-0.0445841,0.0485337
5606,0.132619,0.013473,-0.00695971,0.0153358,-0.07327,0.191227,0.862354,-0.134249,-0.0703008,0.0343806
5614,0.132619,0.013473,-0.00695971,0.0153358,-0.072639,-0.0131475,0.850004,0.0596664,-0.0124741,0.0217165
5622,0.132619,0.013473,-0.00695971,0.0153358,-0.072591,-0.0861584,0.863628,-0.00668509,-0.0104576,0.00381906
5630,0.132619,0.013473,-0.00695971,0.0153358,-0.0719819,-0.075098,0.856015,-0.171802,-0.0313551,-0.0142171
5638,0.132619,0.013473,-0.00695971,0.0153358,-0.0725082,-0.0832254,0.842962,0.0498948,-0.00106272,0.00778757
5645,0.132619,0.013473,-0.00695971,0.0153358,-0.072804,-0.155973,0.829716,0.181573,0.0290419,0.00853918
5654,0.132619,0.013473,-0.00695971,0.0153358,-0.0738364,0.0850421,0.846936,-0.14968,-0.0512703,0.0113762
5662,0.132619,0.013473,-0.00695971,0.0153358,-0.0731826,0.130478,0.840108,-0.0581236,-0.0478059,0.0296699
5670,0.132619,0.013473,-0.00695971,0.0153358,-0.0728641,0.0918418,0.84028,0.0864136,-0.0248395,0.0407088
5678,0.132619,0.013473,-0.00695971,0.0153358,-0.0721302,0.0875743,0.843261,-0.0246896,-0.0387104,0.0283524
5686,0.132619,0.013473,-0.00695971,0.0153358,-0.0717246,-0.0119468,0.826871,-0.0231468,-0.0199605,0.00966971
5694,0.132619,0.013473,-0.00695971,0.0153358,-0.0717561,-0.0443224,0.824334,-0.00514416,-0.0120246,0.00588451
5702,0.132619,0.013473,-0.00695971,0.0153358,-0.0707966,0.0156317,0.822861,-0.00617218,-0.0231557,0.0169685
5710,0.132619,0.013473,-0.00695971,0.0153358,-0.0703409,0.109561,0.828025,-0.0277773,-0.0427173,0.0317219
5717,0.132619,0.013473,-0.00695971,0.0153358,-0.0693086,0.0967705,0.829312,-0.0735557,-0.0476157,0.0257911
5726,0.132619,0.013473,-0.00927961,0.0153358,-0.0685757,0.132873,0.839016,0.118822,-0.0338696,0.0575765
5734,0.132619,0.013473,-0.00927961,0.0153358,-0.0673144,0.0456076,0.838257,0.063268,-0.0275676,0.0379157
5742,0.132619,0.013473,-0.0579976,0.0230037,-0.0668576,-0.0317996,0.828659,-0.0853857,-0.04009,0.0133154
5750,0.132619,0.013473,-0.0579976,0.0230037,-0.0667384,-0.118398,0.825797,0.0318916,-0.0116291,0.0122768
5758,0.132619,0.013473,-0.213431,0.0230037,-0.0676639,-0.114803,0.826121,0.00771483,-0.0388832,0.0338379
5766,0.132619,0.013473,-0.213431,0.0230037,-0.0685112,-0.062175,0.834998,-0.00565791,-0.0494438,0.0413897
5774,0.132619,0.013473,-0.343346,0.0230037,-0.0684663,-0.0625752,0.841739,0.0432079,-0.0656849,0.0691793
5782,0.132619,0.013473,-0.343346,0.0230037,-0.0688302,-0.164096,0.849056,0.0709836,-0.0462744,0.0560134
5789,0.132619,0.013473,-0.343346,0.0230037,-0.0705991,-0.218454,0.865678,0.0416651,-0.0409747,0.0436042
5798,0.132619,0.013473,-0.533578,0.0230037,-0.0721402,-0.383523,0.872944,-0.0282912,-0.0515605,0.0371757
5806,0.132619,0.013473,-0.533578,0.0230037,-0.075881,-0.465859,0.881589,0.0853869,-0.0207883,0.0329333
5814,0.132619,0.013473,-0.675092,0.0230037,-0.0801446,-0.564057,0.87409,0.0277768,-0.0270407,0.0252411
5822,0.132619,0.013473,-0.675092,0.0230037,-0.084628,-0.54381,0.884606,-0.0334346,-0.0331509,0.0168986
5830,0.132619,0.013473,-0.888523,0.0230037,-0.0886944,-0.573656,0.888389,0.0745845,-0.0448765,0.0539945
5838,0.132619,0.013473,-0.888523,0.0230037,-0.0931879,-0.549671,0.904237,0.0884731,-0.0436017,0.0560059
5846,0.132619,0.013473,-1.0602,0.0230037,-0.0975875,-0.608162,0.908474,-0.0483527,-0.0723247,0.0522083
5854,0.132619,0.013473,-1.0602,0.0230037,-0.102148,-0.78681,0.921019,0.110591,-0.0197684,0.0365632
5861,0.132619,0.013473,-1.0602,0.0230037,-0.108598,-0.915117,0.921397,0.0113164,-0.00142679,-0.0056954
5870,0.132619,0.013473,-1.09267,0.0306715,-0.115425,-0.960008,0.917636,-0.0627542,0.00111839,-0.0277684
5878,0.132619,0.013473,-1.09267,0.0306715,-0.122737,-0.886069,0.912304,0.13631,0.023213,-0.00275952
5886,0.132619,0.013473,-1.09499,0.0383394,-0.128975,-0.861298,0.886895,-0.0159451,0.0125399,-0.0298555
5894,0.132619,0.013473,-1.09499,0.0383394,-0.135465,-0.735128,0.889209,-0.0529802,-0.00419423,-0.0215772
5902,0.132619,0.013473,-1.0486,0.0536752,-0.141278,-0.654518,0.874744,0.0915582,0.0154487,-0.0105708
5910,0.132619,0.013473,-1.0486,0.0536752,-0.145665,-0.613077,0.85124,-0.00565831,0.00693089,-0.0249426
5918,0.132619,0.013473,-0.867643,0.0383394,-0.150331,-0.564183,0.834286,-0.0149163,0.0378134,-0.0543326
5926,0.132619,0.013473,-0.867643,0.0383394,-0.1543,-0.537672,0.812925,0.0488663,0.049821,-0.0512652
5933,0.132619,0.013473,-0.867643,0.0383394,-0.157674,-0.392182,0.79399,-0.0128595,0.0261242,-0.0417501
5942,0.132619,0.013473,-0.730769,0.0383394,-0.160545,-0.201665,0.773638,-0.0457793,0.0199392,-0.0428184
5950,0.132619,0.013473,-0.730769,0.0383394,-0.162015,-0.137851,0.744669,-0.00411501,0.020958,-0.0338341
5958,0.132619,0.013473,-0.510378,0.0383394,-0.162413,-0.0421899,0.727878,0.0365207,0.0486367,-0.0516625
5966,0.132619,0.013473,-0.510378,0.0383394,-0.162348,0.063463,0.705613,-0.0648113,0.0226905,-0.0493171
5974,0.132619,0.013473,-0.287668,0.0383394,-0.161497,0.174842,0.685217,-0.0596676,0.0428236,-0.0679123
5982,0.132619,0.013473,-0.287668,0.0383394,-0.159824,0.23133,0.651921,0.0118304,0.0449581,-0.0529778
5990,0.132619,0.013473,-0.127595,0.0306715,-0.15715,0.388142,0.637286,-0.00102863,0.042833,-0.0515825
5998,0.132619,0.013473,-0.127595,0.0306715,-0.153812,0.529504,0.604513,-0.0586385,0.0133266,-0.035201
6005,0.132619,0.013473,-0.127595,0.0306715,-0.149083,0.650076,0.585985,-0.0653255,-0.0109369,-0.0120832
6014,0.132619,0.013473,-0.00695971,0.0306715,-0.143318,0.771055,0.579319,-0.00154296,-0.0108711,0.00334456
6022,0.132619,0.013473,-0.00695971,0.0306715,-0.136837,0.749468,0.567821,0.073041,-0.00554461,0.0156527
6030,0.132619,0.013473,-0.00695971,0.0306715,-0.13077,0.744132,0.565473,0.0169745,-0.0192093,0.0161564
6038,0.132619,0.013473,-0.00695971,0.0306715,-0.124293,0.744399,0.559861,-0.0216041,-0.0317807,0.0197174
6046,0.132619,0.013473,0.0626375,0.0230037,-0.118283,0.687914,0.553299,-0.00462942,-0.0154994,0.00916268
6054,0.132619,0.013473,0.0626375,0.0230037,-0.112551,0.630896,0.546571,0.0195462,-0.00998498,0.00926635
6062,0.132619,0.013473,0.146154,0.0230037,-0.107042,0.633292,0.546428,-0.0159456,-0.0086491,-0.00036747
6070,0.132619,0.013473,0.146154,0.0230037,-0.101701,0.68219,0.543457,-0.00411495,-0.0222017,0.0162043
6077,0.132619,0.013473,0.146154,0.0230037,-0.095898,0.675794,0.538185,0.0329201,-0.0238894,0.0267
6086,0.132619,0.013473,0.278388,0.0230037,-0.0902162,0.723891,0.545847,0.0493805,-0.0176521,0.0245644
6094,0.132619,0.013473,0.278388,0.0230037,-0.084387,0.665264,0.536093,-0.00874403,-0.0212139,0.0143138
6102,0.132619,0.013473,0.410623,0.0230037,-0.0790725,0.618895,0.530074,-0.0550383,-0.00401593,-0.0138883
6110,0.132619,0.013473,0.410623,0.0230037,-0.0741214,0.579737,0.520022,-0.023147,0.00105591,-0.0114786
6118,0.132619,0.013473,0.498779,0.0230037,-0.0688769,0.686855,0.520069,0.0601825,0.00012417,0.00951513
6126,0.132619,0.013473,0.498779,0.0230037,-0.0633732,0.773857,0.51385,0.0344633,-0.0238654,0.0277778
6134,0.132619,0.013473,0.621734,0.0230037,-0.0569619,0.825677,0.514507,-0.0329194,-0.0294907,0.0177362
6142,0.132619,0.013473,0.621734,0.0230037,-0.0502177,0.813154,0.506323,0.00874443,-0.0304394,0.0285805
6149,0.132619,0.013473,0.621734,0.0230037,-0.0437956,0.76451,0.506466,0.00462957,-0.0316979,0.0288154
6158,0.132619,0.013473,0.71453,0.0230037,-0.0376644,0.717622,0.506546,-0.0195465,-0.0202603,0.01161
6166,0.132619,0.013473,0.71453,0.0230037,-0.0316394,0.681518,0.49931,0.0180032,-0.0169538,0.017146
6174,0.132619,0.013473,0.900122,0.0230037,-0.0259363,0.700708,0.503991,-0.0015431,-0.00112854,-0.0031699
6182,0.132619,0.013473,0.900122,0.0230037,-0.0204681,0.757337,0.492217,-0.00411474,-0.0164161,0.0117616
6190,0.132619,0.013473,1.0486,0.0230037,-0.0140538,0.872309,0.494731,2e-07,-0.0202723,0.0170164
6198,0.132619,0.013473,1.0486,0.0230037,-0.00709806,0.892961,0.485093,-0.028805,-0.0350758,0.0251849
6206,0.132619,0.013473,1.24347,0.0230037,9.612e-05,0.910669,0.483467,-0.0144025,-0.0145403,0.00818796
6214,0.132619,0.013473,1.24347,0.0230037,0.00727158,0.896288,0.474895,-0.00771563,-0.0198317,0.0151195
6221,0.132619,0.013473,1.24347,0.0230037,0.0147446,0.915471,0.470276,-0.00514388,-0.0322122,0.0282751
6230,0.132619,0.013473,1.33394,0.0230037,0.0220854,0.996884,0.47738,-0.00051446,-0.041797,0.0392988
6238,0.132619,0.013473,1.33394,0.0230037,0.0302874,0.982488,0.47659,0.0252045,-0.047504,0.0511543
6246,0.132619,0.013473,1.33394,0.0153358,0.0381143,0.970495,0.483439,0.0632684,-0.0519669,0.0664922
6254,0.132619,0.013473,1.33394,0.0153358,0.0454894,0.873117,0.487008,0.0272617,-0.050769,0.0566097
6262,0.132619,0.013473,1.29683,-0.10735,0.0519285,0.887365,0.506768,-0.027262,-0.0630879,0.0851626
6270,0.132619,0.013473,1.29683,-0.10735,0.0588155,0.804756,0.514445,-0.00668648,-0.0576612,0.0844454
6278,0.132619,0.013473,1.22723,-0.214701,0.0650842,0.719893,0.526767,-0.00874462,-0.0529852,0.104468
6286,0.132619,0.013473,1.22723,-0.214701,0.0707122,0.683909,0.546428,-0.0375497,-0.0613037,0.105963
6293,0.132619,0.013473,1.22723,-0.214701,0.075972,0.53683,0.558858,-0.02469,-0.0446404,0.0919695
6302,0.132619,0.013473,1.12747,-0.214701,0.0802275,0.369773,0.569396,-0.108019,-0.050382,0.0776106
6310,0.132619,0.013473,1.12747,-0.214701,0.083059,0.415592,0.601252,-0.245355,-0.083167,0.0781619
6318,0.132619,0.013473,1.09035,-0.130354,0.0862615,0.337646,0.611102,-0.129623,-0.0785122,0.080732
6326,0.132619,0.013473,1.09035,-0.130354,0.0884143,0.203353,0.621991,-0.0781847,-0.0549116,0.0688998
6334,0.132619,0.013473,1.01148,-0.0153358,0.0899009,0.0925059,0.637997,-0.158428,-0.076874,0.0444679
6342,0.132619,0.013473,1.01148,-0.0153358,0.0904669,0.054669,0.649679,-0.14814,-0.0720515,0.0419689
6350,0.132619,0.013473,0.974359,-0.0153358,0.0901367,-0.00848237,0.656615,-0.0895012,-0.0613216,0.0448892
6358,0.132619,0.013473,0.974359,-0.0153358,0.0899492,0.010569,0.671915,-0.0545235,-0.0625625,0.054443
6365,0.132619,0.013473,0.974359,-0.0153358,0.0899683,-0.00235381,0.678064,-0.0627539,-0.062408,0.0523075
6374,0.132619,0.013473,0.972039,-0.0153358,0.0897731,-0.0365943,0.684566,-0.0730412,-0.0591008,0.0464665
6382,0.132619,0.013473,0.972039,-0.0153358,0.0893504,-0.0451203,0.690528,-0.0113164,-0.0507957,0.0526999
6390,0.132619,0.013473,0.972039,-0.0153358,0.0880206,-0.114,0.685597,0.0365205,-0.0311312,0.0440985
6398,0.132619,0.013473,0.972039,-0.0153358,0.0869008,-0.0960165,0.694746,-0.0169741,-0.0403509,0.0407298
6406,0.132619,0.013473,1.01844,-0.00766826,0.0862317,-0.028867,0.699298,-0.04938,-0.0485404,0.0396489
6414,0.132619,0.013473,1.01844,-0.00766826,0.0857807,0.0117684,0.703067,0.00154285,-0.0492596,0.052505
6422,0.132619,0.013473,1.10659,-0.00766826,0.0859646,0.0248252,0.709708,0.0663545,-0.0309127,0.0494903
6430,0.132619,0.013473,1.10659,-0.00766826,0.0859727,-0.022337,0.702809,0.070984,-0.0214551,0.0409821
6437,0.132619,0.013473,1.10659,-0.00766826,0.0857375,-0.0075512,0.70154,-0.0797279,-0.0411358,0.0251289
6446,0.132619,0.013473,1.14371,-0.00766826,0.0855961,0.0294894,0.695874,-0.0581246,-0.0376431,0.0268411
6454,0.132619,0.013473,1.14371,-0.00766826,0.0858179,0.109427,0.698822,0.083329,-0.0349962,0.0578294
6462,0.132619,0.013473,1.19011,-0.00766826,0.0866831,0.128348,0.702029,0.0190316,-0.0399388,0.0476602
6470,0.132619,0.013473,1.19011,-0.00766826,0.0871683,0.1887,0.708492,-0.0750983,-0.0627337,0.0484266
6478,0.132619,0.013473,1.22259,-0.00766826,0.0885204,0.159253,0.706673,-0.00462972,-0.0458846,0.0481385
6486,0.132619,0.013473,1.22259,-0.00766826,0.0892271,0.13634,0.709441,0.0550387,-0.0364732,0.0527531
6494,0.132619,0.013473,1.26435,-0.00766826,0.0902089,0.109958,0.71588,-0.0303491,-0.0378239,0.0338792
6502,0.132619,0.013473,1.26435,-0.00766826,0.0904102,0.115824,0.713584,-0.0853854,-0.045187,0.0282716
6509,0.132619,0.013473,1.26435,-0.00766826,0.0912585,0.148863,0.714841,-0.0298335,-0.0454801,0.0417902
6518,0.132619,0.013473,1.33858,-0.00766826,0.0921652,0.21335,0.724957,0.108019,-0.0308383,0.0598899
6526,0.132619,0.013473,1.33858,-0.00766826,0.0936171,0.190033,0.725798,0.0462936,-0.0363757,0.0508081
6534,0.132619,0.013473,1.38498,-0.00766826,0.0948345,0.210948,0.730098,-0.0956741,-0.0514597,0.032458
6542,0.132619,0.013473,1.38498,-0.00766826,0.0960545,0.225337,0.732027,-0.0267479,-0.0477056,0.0450354
6550,0.132619,0.013473,1.41282,-0.00766826,0.0976846,0.239727,0.736739,0.089502,-0.0349036,0.0597391
6558,0.132619,0.013473,1.41282,-0.00766826,0.0994558,0.248253,0.742482,0.0303475,-0.0466402,0.057565
6566,0.132619,0.013473,1.3757,-0.00766826,0.101355,0.197894,0.740666,-0.0606967,-0.0573149,0.0466284
6574,0.132619,0.013473,1.3757,-0.00766826,0.102577,0.237196,0.751551,-0.0190323,-0.0623449,0.0616314
6581,0.132619,0.013473,1.3757,-0.00766826,0.104271,0.239461,0.761395,0.0864159,-0.0542034,0.0784136
6590,0.132619,0.013473,1.29451,-0.00766826,0.106161,0.215612,0.776052,0.035492,-0.0742797,0.0864354
6598,0.132619,0.013473,1.29451,-0.00766826,0.107739,0.182567,0.791688,-0.0144029,-0.0793665,0.0796696
6606,0.132619,0.013473,1.23883,-0.00766826,0.108493,0.103163,0.803773,0.0720133,-0.067976,0.0884555
6614,0.132619,0.013473,1.23883,-0.00766826,0.109161,-0.0100824,0.815618,0.0838432,-0.0506473,0.0735876
6622,0.132619,0.013473,1.19707,-0.00766826,0.108812,-0.0513834,0.824708,0.0174888,-0.0593327,0.0664855
6630,0.132619,0.013473,1.19707,-0.00766826,0.108373,-0.0893537,0.828156,-0.0915575,-0.065845,0.0471368
6638,0.132619,0.013473,1.12283,-0.00766826,0.107566,-0.110672,0.834076,0.0257184,-0.0602934,0.0691999
6646,0.132619,0.013473,1.12283,-0.00766826,0.106625,-0.0922853,0.854453,0.0766419,-0.0593305,0.0803012
6653,0.132619,0.013473,1.12283,-0.00766826,0.105729,-0.121597,0.865044,-0.0617249,-0.0712547,0.0594635
6662,0.132619,0.013473,1.07411,-0.00766826,0.104674,-0.092812,0.879215,-0.0807567,-0.0869447,0.0707394
6670,0.132619,0.013473,1.07411,-0.00766826,0.103073,-0.254959,0.874989,0.124481,-0.033025,0.0647504
6678,0.132619,0.013473,0.999878,-0.10735,0.100153,-0.242299,0.897102,-0.0663545,-0.0573713,0.0675857
6686,0.132619,0.013473,0.999878,-0.10735,0.0982684,-0.297992,0.894772,-0.160485,-0.0562776,0.0440762
6694,0.132619,0.013473,0.967399,-0.207033,0.0959501,-0.350753,0.893667,0.0570954,-0.0120267,0.0745237
6702,0.132619,0.013473,0.967399,-0.207033,0.0928331,-0.310383,0.907982,-0.118821,-0.0374718,0.058522
6710,0.132619,0.013473,0.967399,-0.337387,0.0900689,-0.259492,0.916923,-0.177973,-0.0351607,0.0731317
6718,0.132619,0.013473,0.967399,-0.337387,0.0879518,-0.300259,0.910868,-0.050924,-0.00955861,0.0773639
6725,0.132619,0.013473,0.967399,-0.337387,0.085546,-0.289065,0.917753,-0.191862,-0.0258284,0.0603649
6734,0.132619,0.013473,0.93724,-0.337387,0.0827371,-0.303852,0.910354,-0.288567,-0.034586,0.0462115
6742,0.132619,0.013473,0.93724,-0.337387,0.079923,-0.286271,0.912514,-0.147628,-0.0173795,0.062285
6750,0.132619,0.013473,0.932601,-0.337387,0.0777217,-0.322647,0.910889,-0.310168,-0.0279722,0.0343683
6758,0.132619,0.013473,0.932601,-0.337387,0.0751739,-0.252701,0.91033,-0.382695,-0.0445199,0.0339702
6766,0.132619,0.013473,0.930281,-0.337387,0.0729557,-0.173291,0.913303,-0.202665,-0.034271,0.0664251
6774,0.132619,0.013473,0.930281,-0.337387,0.0714852,-0.151707,0.925117,-0.28805,-0.0477926,0.0598367
6782,0.132619,0.013473,0.932601,-0.253041,0.0698732,-0.145177,0.923629,-0.378066,-0.0665954,0.0374771
6790,0.132619,0.013473,0.932601,-0.253041,0.0681053,-0.191674,0.918803,-0.259245,-0.0416906,0.0404523
6797,0.132619,0.013473,0.932601,-0.253041,0.0662362,-0.214454,0.932336,-0.25513,-0.0370478,0.0366858
6806,0.132619,0.013473,0.96044,-0.253041,0.0646753,-0.19514,0.925005,-0.284963,-0.0359587,0.0285862
6814,0.132619,0.013473,0.96044,-0.253041,0.0627546,-0.160632,0.924154,-0.322514,-0.0433278,0.0271677
6822,0.132619,0.013473,0.962759,-0.337387,0.061467,-0.0921526,0.936078,-0.327658,-0.0451195,0.047844
6830,0.132619,0.013473,0.962759,-0.337387,0.0605089,-0.0612427,0.930347,-0.237127,-0.0373357,0.0615084
6838,0.132619,0.013473,0.962759,-0.337387,0.0601093,-0.0156768,0.943015,-0.287534,-0.0523146,0.0647223
6846,0.132619,0.013473,0.962759,-0.337387,0.0598966,-0.150907,0.936437,-0.271591,-0.0266844,0.0424423
6854,0.132619,0.013473,0.900122,-0.43707,0.058531,-0.0848215,0.948188,-0.315825,-0.0412026,0.0702367
6862,0.132619,0.013473,0.900122,-0.43707,0.0579281,-0.0240682,0.955629,-0.355948,-0.0563652,0.0761043
6869,0.132619,0.013473,0.900122,-0.43707,0.0565132,-0.302524,0.938731,-0.355948,-0.00557778,0.0244514
6878,0.132619,0.013473,0.837485,-0.452406,0.0537622,-0.030063,0.975124,-0.502546,-0.0783495,0.0670334
6886,0.132619,0.013473,0.837485,-0.452406,0.0541672,-0.140647,0.954073,-0.325599,-0.0363475,0.0664684
6894,0.132619,0.013473,0.777167,-0.552088,0.0532682,-0.150775,0.98782,-0.290107,-0.0326551,0.0946494
6902,0.132619,0.013473,0.777167,-0.552088,0.0516779,-0.248166,0.973927,-0.489686,-0.0356206,0.0501852
6910,0.132619,0.013473,0.733089,-0.552088,0.0492035,-0.209658,0.992662,-0.549355,-0.0557501,0.0563168
6918,0.132619,0.013473,0.733089,-0.552088,0.0471364,-0.268547,0.991809,-0.440305,-0.0301734,0.0562719
6926,0.132619,0.013473,0.70293,-0.644103,0.0446475,-0.290667,0.976919,-0.373436,-0.00683298,0.0703334
6934,0.132619,0.013473,0.70293,-0.644103,0.0427208,-0.28161,0.989976,-0.556554,-0.0293697,0.0496459
6941,0.132619,0.013473,0.70293,-0.644103,0.0405833,-0.176493,1.00019,-0.525176,-0.041798,0.0697686
6950,0.132619,0.013473,0.670452,-0.644103,0.0393229,-0.162098,0.997882,-0.633713,-0.0601003,0.0624792
6958,0.132619,0.013473,0.670452,-0.644103,0.0376545,-0.169557,1.01392,-0.583304,-0.0532186,0.0674509
6966,0.132619,0.013473,0.665812,-0.644103,0.0363463,-0.230177,1.01306,-0.459852,-0.0274462,0.0706167
6974,0.132619,0.013473,0.665812,-0.644103,0.0342688,-0.331965,1.0091,-0.649142,-0.0294017,0.0275516
6982,0.132619,0.013473,0.695971,-0.644103,0.031306,-0.35075,1.00603,-0.653773,-0.0174216,0.0143741
6990,0.132619,0.013473,0.695971,-0.644103,0.0285087,-0.28041,1.01164,-0.582787,-0.0177751,0.0316558
6998,0.132619,0.013473,0.730769,-0.536752,0.0260564,-0.231784,0.999346,-0.716526,-0.0432917,0.00036983
7006,0.132619,0.013473,0.730769,-0.536752,0.0240057,-0.115471,1.00329,-0.588447,-0.0452892,0.0329222
7013,0.132619,0.013473,0.730769,-0.536752,0.0229342,-0.0667045,1.00923,-0.458823,-0.0375804,0.0559431
7022,0.132619,0.013473,0.763248,-0.529085,0.022197,-0.00728294,1.01531,-0.64194,-0.064642,0.0381366
7030,0.132619,0.013473,0.763248,-0.529085,0.0220049,-0.144778,0.994772,-0.521062,-0.0240533,0.0256596
7038,0.132619,0.013473,0.763248,-0.429402,0.0206246,-0.176353,1.01437,-0.592046,-0.0401955,0.00140255
7046,0.132619,0.013473,0.763248,-0.429402,0.0193449,-0.129589,0.99891,-0.555011,-0.0393331,0.00940316
7054,0.132619,0.013473,0.760928,-0.207033,0.0184476,-0.0717685,0.999369,-0.468082,-0.0640866,0.00234864
7062,0.132619,0.013473,0.760928,-0.207033,0.0181285,-0.0207411,1.01408,-0.36315,-0.0621056,0.0252879
7070,0.132619,0.013473,0.758608,-0.10735,0.0180925,0.0233595,1.01468,-0.272104,-0.0708498,0.0321264
7078,0.132619,0.013473,0.758608,-0.10735,0.018158,-0.011147,1.02072,-0.315827,-0.071348,0.0222013
7085,0.132619,0.013473,0.758608,-0.10735,0.0178061,-0.111337,1.02535,-0.270561,-0.049681,0.0109111
7094,0.132619,0.013473,0.753968,-0.00766826,0.0163475,-0.155301,1.00641,-0.187747,-0.0400824,-0.00282524
7102,0.132619,0.013473,0.753968,-0.00766826,0.0151207,-0.143313,1.01297,-0.17746,-0.0402305,-0.00023018
7110,0.132619,0.013473,0.751648,-0.00766826,0.0140602,-0.0573796,1.01148,-0.0416653,-0.0371438,0.0289816
7118,0.132619,0.013473,0.751648,-0.00766826,0.0136095,0.0352193,1.01434,-0.0349784,-0.0515362,0.0452264
7126,0.132619,0.013473,0.749328,-0.00766826,0.0142197,0.0321535,1.01785,-0.00257119,-0.0489854,0.0503256
7134,0.132619,0.013473,0.749328,-0.00766826,0.0130673,0.0135009,1.03187,-0.0668692,-0.0541491,0.0402399
7142,0.132619,0.013473,0.71453,-0.130354,0.0127532,0.034685,1.03328,-0.0236602,-0.04351,0.0688232
7150,0.132619,0.013473,0.71453,-0.130354,0.0128216,-0.110542,1.02338,-0.0895015,-0.0257118,0.0350437
7157,0.132619,0.013473,0.71453,-0.130354,0.0114411,-0.154504,1.02595,-0.0550388,-0.0128891,0.0302027
7166,0.132619,0.013473,0.686691,-0.207033,0.0103306,-0.0746959,1.02054,-0.120364,-0.0268593,0.0470803
7174,0.132619,0.013473,0.686691,-0.207033,0.00933779,-0.202074,1.01365,-0.127049,-0.00407517,0.0223173
7182,0.132619,0.013473,0.686691,-0.207033,0.0066228,0.00177106,1.02716,-0.141453,-0.0379913,0.0534116
7190,0.132619,0.013473,0.686691,-0.207033,0.00654782,0.104098,1.03211,-0.170773,-0.0590909,0.0678996
7198,0.132619,0.013473,0.71453,-0.0460073,0.00746582,0.105828,1.04185,-0.0586402,-0.0634837,0.0607681
7206,0.132619,0.013473,0.71453,-0.0460073,0.00844321,-0.0584466,1.03431,-0.139396,-0.0459131,0.0236517
7214,0.132619,0.013473,0.753968,-0.0306715,0.00808273,-0.109871,1.0452,-0.10699,-0.0302916,0.0118955
7222,0.132619,0.013473,0.753968,-0.0306715,0.00795398,-0.189677,1.03213,-0.159972,-0.0210349,-0.0101121
7229,0.132619,0.013473,0.753968,-0.0306715,0.00716571,-0.145178,1.02309,-0.176431,-0.0278073,-0.00710267
7238,0.132619,0.013473,0.751648,-0.023004,0.00609591,-0.061243,1.02057,-0.190831,-0.0428121,0.00293118
7246,0.132619,0.013473,0.751648,-0.023004,0.00550758,0.0819826,1.02342,0.0133734,-0.0421286,0.0508747
7254,0.132619,0.013473,0.751648,-0.0153358,0.00617276,0.148996,1.02765,-0.0997884,-0.0690595,0.0494971
7262,0.132619,0.013473,0.751648,-0.0153358,0.00740337,0.168581,1.03793,-0.0257186,-0.0669188,0.064919
7270,0.132619,0.013473,0.751648,-0.00766826,0.00876391,0.0119022,1.04011,0.0730423,-0.0324487,0.0514973
7278,0.132619,0.013473,0.751648,-0.00766826,0.00780197,-0.0415264,1.03642,-0.143511,-0.0472022,0.0149578
7286,0.132619,0.013473,0.753968,-0.00766826,0.00764305,-0.104541,1.04381,0.0606961,-0.0133003,0.0290658
7294,0.132619,0.013473,0.753968,-0.00766826,0.0073531,-0.0687044,1.03559,-0.0766416,-0.0336979,0.0171485
7301,0.132619,0.013473,0.753968,-0.00766826,0.0060435,0.0221622,1.04224,-0.00205716,-0.0392363,0.0405487
7310,0.132619,0.013473,0.753968,0.130354,0.00678475,0.0630643,1.05274,0.09619,-0.0534047,0.0454642
7318,0.132619,0.013473,0.753968,0.130354,0.00744909,0.0754543,1.04977,-0.0493799,-0.0730441,0.0307892
7326,0.132619,0.013473,0.781807,0.460073,0.00774071,-0.00928545,1.05647,0.0920732,-0.0781867,-0.0087622
7334,0.132619,0.013473,0.781807,0.460073,0.00690602,-0.0962806,1.04972,0.310683,-0.0357855,0.00016248
7342,0.132619,0.013473,0.849084,1.0735,0.00600564,-0.0781615,1.05275,0.084871,-0.126094,-0.107595
7350,0.132619,0.013473,0.849084,1.0735,0.00510151,0.0142952,1.05717,0.570441,-0.0836671,-0.0351378
7358,0.132619,0.013473,0.849084,1.31888,0.00514553,0.00617288,1.03634,0.789566,-0.0821201,-0.0429066
7366,0.132619,0.013473,0.849084,1.31888,0.00605986,0.160587,1.06234,0.732985,-0.119806,-0.0180928
7373,0.132619,0.013473,0.849084,1.31888,0.00726869,0.0990358,1.053,1.0164,-0.0763698,0.00520191
7382,0.132619,0.013473,0.849084,1.30354,0.00803735,0.141933,1.05504,0.928448,-0.0934145,0.00524617
7390,0.132619,0.013473,0.849084,1.30354,0.00954515,0.147262,1.07447,1.10899,-0.0782201,0.0327092
7398,0.132619,0.013473,0.807326,0.966154,0.0110456,-0.00794792,1.04911,1.21135,-0.00539249,0.0632368
7406,0.132619,0.013473,0.807326,0.966154,0.0111091,-0.00222071,1.05648,1.15271,-0.0145252,0.0585471
7414,0.132619,0.013473,0.807326,0.728449,0.010883,0.0226931,1.06227,1.07504,-0.00041776,0.082288
7422,0.132619,0.013473,0.807326,0.728449,0.0118494,0.0630629,1.0614,0.929991,-0.0253822,0.0731494
7430,0.132619,0.013473,0.807326,0.582759,0.0128425,0.0747879,1.06206,1.04675,0.0021319,0.107637
7438,0.132619,0.013473,0.807326,0.582759,0.013211,0.0417464,1.06448,0.830716,-0.0187444,0.0774236
7445,0.132619,0.013473,0.807326,0.582759,0.0130855,0.00937068,1.06871,0.648628,-0.0353462,0.0509447
7454,0.132619,0.013473,0.809646,0.575092,0.0129003,-0.0262017,1.06056,0.772076,-0.0120648,0.0585015
7462,0.132619,0.013473,0.809646,0.575092,0.0123928,-0.0428564,1.0715,0.623937,-0.0278268,0.0392388
7470,0.132619,0.013473,0.781807,0.483077,0.0117246,0.00617257,1.07468,0.551925,-0.0376686,0.0539441
7478,0.132619,0.013473,0.781807,0.483077,0.0116217,0.017631,1.06665,0.463452,-0.048558,0.043982
7486,0.132619,0.013473,0.744689,0.498413,0.0114588,0.0306876,1.085,0.423847,-0.0659015,0.0483998
7494,0.132619,0.013473,0.744689,0.498413,0.0115399,-0.0216718,1.08436,0.547295,-0.0426916,0.0541723
7502,0.132619,0.013473,0.70989,0.498413,0.011024,-0.0575118,1.09493,0.514376,-0.0472298,0.0508287
7510,0.132619,0.013473,0.70989,0.498413,0.0102864,-0.0556457,1.10423,0.451108,-0.055481,0.0441413
7517,0.132619,0.013473,0.70989,0.498413,0.00945157,-0.185014,1.08771,0.466024,-0.0284874,0.020263
7526,0.132619,0.013473,0.679731,0.513748,0.0078728,-0.142782,1.10443,0.542152,-0.0337039,0.0399387
7534,0.132619,0.013473,0.679731,0.513748,0.00666293,-0.0849581,1.10635,0.43619,-0.0544167,0.0357969
7542,0.132619,0.013473,0.677411,0.636435,0.00577863,-0.0739,1.09893,0.585359,-0.0510934,0.0387447
7550,0.132619,0.013473,0.677411,0.636435,0.00495388,-0.0974815,1.1155,0.578672,-0.0495127,0.0355037
7558,0.132619,0.013473,0.677411,0.973822,0.00429832,-0.0412571,1.1116,0.545753,-0.100933,-0.00032559
7566,0.132619,0.013473,0.677411,0.973822,0.00417717,-0.0639066,1.12306,0.802427,-0.0686154,0.0278749
7574,0.132619,0.013473,0.679731,1.08884,0.00380182,-0.259224,1.11099,0.808083,-0.0463152,-0.0208383
7582,0.132619,0.013473,0.679731,1.08884,0.00141489,-0.151838,1.12352,0.780821,-0.0660596,-0.00723794
7589,0.132619,0.013473,0.679731,1.08884,0.00043056,-0.187676,1.11326,0.883183,-0.0450607,-0.00419873
7598,0.132619,0.013473,0.682051,1.2422,-0.00137818,-0.166631,1.10878,0.909416,-0.0599495,-0.0192811
7606,0.132619,0.013473,0.682051,1.2422,-0.00255463,-0.0782966,1.11708,1.10076,-0.0517586,0.017946
7614,0.132619,0.013473,0.71917,1.34188,-0.00281396,-0.0512488,1.1036,1.0915,-0.0605735,0.00111808
7622,0.132619,0.013473,0.71917,1.34188,-0.00379386,-0.0853568,1.10986,1.14397,-0.0484051,0.00121714
7630,0.132619,0.013473,0.747008,1.46457,-0.00470968,-0.139582,1.08315,1.13265,-0.0451735,-0.0338292
7638,0.132619,0.013473,0.747008,1.46457,-0.00528145,-0.102278,1.0875,1.29314,-0.0323587,-0.00865657
7646,0.132619,0.013473,0.749328,1.28054,-0.00672995,-0.0861578,1.07064,1.26382,-0.0117243,0.00725298
7654,0.132619,0.013473,0.749328,1.28054,-0.00787284,0.0545332,1.07085,1.21753,-0.0389496,0.0239599
7661,0.132619,0.013473,0.749328,1.28054,-0.00770864,0.164585,1.08034,1.27411,-0.0522671,0.0509698
7670,0.132619,0.013473,0.747008,1.04283,-0.00717391,0.164055,1.07436,1.21753,-0.0309807,0.0724429
7678,0.132619,0.013473,0.747008,1.04283,-0.00662179,0.165118,1.08721,1.21238,-0.0345904,0.074851
7686,0.132619,0.013473,0.71453,0.674774,-0.00557525,0.0545354,1.07439,1.08893,0.00794973,0.0897325
7694,0.132619,0.013473,0.71453,0.674774,-0.00535579,0.0107032,1.09247,1.0519,0.00763469,0.0811785
7702,0.132619,0.013473,0.71917,0.483077,-0.00554262,-0.0083488,1.07964,0.850778,0.0127499,0.0737767
7710,0.132619,0.013473,0.71917,0.483077,-0.00586547,0.0386813,1.07925,0.785967,-0.0021722,0.0735379
7718,0.132619,0.013473,0.747008,0.360391,-0.00594114,-0.0335282,1.07699,0.611592,0.00864914,0.0502927
7726,0.132619,0.013473,0.747008,0.360391,-0.00630156,0.163917,1.08504,0.507174,-0.0371631,0.0720505
7733,0.132619,0.013473,0.747008,0.360391,-0.00384335,0.166448,1.09908,0.627024,-0.0290924,0.0923157
7742,0.132619,0.013473,0.791087,0.360391,-0.00304454,0.0773206,1.09578,0.386296,-0.036161,0.042298
7750,0.132619,0.013473,0.791087,0.360391,-0.00255648,0.105961,1.10456,0.432591,-0.0375339,0.0546935
7758,0.132619,0.013473,0.832845,0.460073,-0.00142309,0.12408,1.11961,0.445449,-0.0480186,0.0447524
7766,0.132619,0.013473,0.832845,0.460073,-0.00057251,-0.110002,1.07195,0.400698,-0.00800946,-0.00652111
7774,0.132619,0.013473,0.869963,0.598095,-0.00108903,0.0750553,1.11257,0.395556,-0.0553888,0.00761759
7782,0.132619,0.013473,0.869963,0.598095,-0.00043236,0.058399,1.09042,0.351832,-0.0551159,-0.00301912
7790,0.132619,0.013473,0.900122,0.598095,-6e-08,0.12808,1.0918,0.503059,-0.0447989,0.0225748
7798,0.132619,0.013473,0.900122,0.598095,0.00144633,0.147533,1.09796,0.568385,-0.0432988,0.0365756
7805,0.132619,0.013473,0.900122,0.598095,0.00290167,0.190698,1.09862,0.354919,-0.0777046,0.0207456
7814,0.132619,0.013473,0.93724,0.598095,0.00420087,0.124746,1.10188,0.633195,-0.0303196,0.0388628
7822,0.132619,0.013473,0.93724,0.598095,0.00396387,0.0326847,1.08881,0.646057,-0.0111256,0.0224212
7830,0.132619,0.013473,1.00684,0.598095,0.00374813,0.0905077,1.09743,0.490714,-0.0288939,0.00368673
7838,0.132619,0.013473,1.00684,0.598095,0.00448523,0.16685,1.08399,0.643998,-0.0223245,0.0335401
7846,0.132619,0.013473,1.12979,0.605763,0.00562498,0.238662,1.08331,0.581758,-0.0241139,0.019049
7854,0.132619,0.013473,1.12979,0.605763,0.00767854,0.284761,1.08981,0.646571,-0.0279774,0.0383818
7862,0.132619,0.013473,1.19707,0.460073,0.0100245,0.396008,1.08168,0.618794,-0.0235875,0.0621883
7870,0.132619,0.013473,1.19707,0.460073,0.013042,0.336855,1.081,0.450593,-0.0376368,0.0363997
7877,0.132619,0.013473,1.19707,0.460073,0.0153521,0.389342,1.09417,0.53495,-0.0416803,0.06055
7886,0.132619,0.013473,1.23419,0.29138,0.0182421,0.316464,1.07142,0.51952,-0.00587389,0.0607367
7894,0.132619,0.013473,1.23419,0.29138,0.0206383,0.263578,1.08436,0.35955,-0.0213314,0.0383105
7902,0.132619,0.013473,1.23419,0.199365,0.0224672,0.290625,1.07354,0.35029,-0.0168271,0.053448
7910,0.132619,0.013473,1.23419,0.199365,0.024429,0.408134,1.08611,0.289593,-0.0481588,0.0708383
7918,0.132619,0.013473,1.27363,0.184029,0.0275411,0.453564,1.10313,0.32097,-0.0508392,0.0847263
7926,0.132619,0.013473,1.27363,0.184029,0.030758,0.373227,1.08952,0.224782,-0.0510868,0.0620718
7934,0.132619,0.013473,1.27827,0.0613431,0.0337505,0.33245,1.11719,0.230955,-0.0369605,0.0782857
7942,0.132619,0.013473,1.27827,0.0613431,0.0364378,0.272761,1.11463,0.052981,-0.051318,0.0504918
7949,0.132619,0.013473,1.27827,0.0613431,0.0385605,0.223202,1.10693,0.17283,-0.0306573,0.0580018
7958,0.132619,0.013473,1.28059,0.0613431,0.040336,0.150196,1.11669,0.0956739,-0.0312894,0.0402274
7966,0.132619,0.013473,1.28059,0.0613431,0.0412462,0.158326,1.10659,0.0725268,-0.0349852,0.0384964
7974,0.132619,0.013473,1.30842,0.0613431,0.0425563,0.263843,1.13164,0.11522,-0.0487811,0.0627084
7982,0.132619,0.013473,1.30842,0.0613431,0.0444623,0.292224,1.13009,0.0848733,-0.0594231,0.066301
7990,0.132619,0.013473,1.30611,0.0613431,0.0470346,0.265175,1.13844,0.120364,-0.056007,0.0712197
7998,0.132619,0.013473,1.30611,0.0613431,0.0483937,0.201757,1.14795,0.0694403,-0.0548975,0.057919
8006,0.132619,0.013473,1.30147,0.0536752,0.0501271,0.127408,1.14958,0.012345,-0.0517931,0.0429486
8014,0.132619,0.013473,1.30147,0.0536752,0.0507772,0.0781167,1.15303,0.159971,-0.0276803,0.0535434
8021,0.132619,0.013473,1.30147,0.0536752,0.0513969,-0.0198089,1.14669,0.0354899,-0.0259557,0.0221474
8030,0.132619,0.013473,1.26899,0.0536752,0.0510222,0.0859775,1.15094,-0.00874447,-0.0540917,0.0401606
8038,0.132619,0.013473,1.26899,0.0536752,0.0486498,0.895481,1.22178,-0.0663527,-0.203125,0.178018
8046,0.132619,0.013473,1.22955,0.0536752,0.0559875,0.0622598,1.16675,0.021604,-0.0622923,0.0555324
8054,0.132619,0.013473,1.22955,0.0536752,0.0606324,0.266509,1.21895,0.368807,-0.0699908,0.14588
8062,0.132619,0.013473,1.19707,0.0536752,0.0614725,0.188297,1.25516,0.160995,-0.0937343,0.120353
8070,0.132619,0.013473,1.19707,0.0536752,0.0648169,-0.231513,1.23972,0.158417,-0.0265974,0.0513845
8078,0.132619,0.013473,1.15995,0.0536752,0.0628978,-0.297342,1.24526,-0.0828143,-0.0483538,0.0159759
8086,0.132619,0.013473,1.15995,0.0536752,0.061561,-0.339052,1.21655,0.0180041,-0.0231089,0.0143798
8093,0.132619,0.013473,1.15995,0.0536752,0.060865,-0.279739,1.25305,-0.0298321,-0.0434934,0.0236458
8102,0.132619,0.013473,1.12979,0.0536752,0.0583721,-0.110542,1.23571,0.116249,-0.0529526,0.0680636
8110,0.132619,0.013473,1.12979,0.0536752,0.0569024,-0.179545,1.23754,0.0380636,-0.0490137,0.0454389
8118,0.132619,0.013473,1.12979,0.0383394,0.0519191,-0.147837,1.22257,0.00565836,-0.0470314,0.0394481
8126,0.132619,0.013473,1.12979,0.0383394,0.0511201,-0.326102,1.19503,0.205751,0.0116051,0.0274886
8134,0.132619,0.013473,1.13211,0.0383394,0.0484662,-0.324783,1.1893,-0.00926061,-0.00901302,-0.00268225
8142,0.132619,0.013473,1.13211,0.0383394,0.0458463,-0.170765,1.18592,-0.0606977,-0.0364482,0.0130384
8150,0.132619,0.013473,1.16227,0.0383394,0.0444727,0.187493,1.21531,0.103905,-0.0743905,0.0908986
8158,0.132619,0.013473,1.16227,0.0383394,0.0484711,0.14301,1.20272,0.0421782,-0.0777524,0.0796132
8165,0.132619,0.013473,1.16227,0.0383394,0.049679,0.290087,1.2628,0.043722,-0.113263,0.115958
8174,0.132619,0.013473,1.16227,0.0383394,0.0511358,-0.0969487,1.24309,-0.0807568,-0.0626433,0.0348031
8182,0.132619,0.013473,1.16227,0.0383394,0.0474739,-0.224706,1.26318,0.00359894,-0.0297536,0.0213867
8190,0.132619,0.013473,1.16691,0.0383394,0.0453443,-0.349146,1.23075,-0.0426931,-0.00570511,-0.014001
8198,0.132619,0.013473,1.16691,0.0383394,0.0422253,-0.232709,1.2192,0.0889845,-0.00333932,0.0150204
8206,0.132619,0.013473,1.16691,0.0383394,0.0403337,-0.0956173,1.22104,0.018003,-0.0321141,0.0274273
8214,0.132619,0.013473,1.16691,0.0383394,0.0403357,0.101163,1.21753,-0.0267456,-0.0694207,0.0547663
8222,0.132619,0.013473,1.16227,0.0383394,0.041018,0.182173,1.23346,0.138366,-0.0676331,0.0922104
8230,0.132619,0.013473,1.16227,0.0383394,0.0422608,0.178309,1.25444,-0.0529834,-0.0946221,0.0740408
8237,0.132619,0.013473,1.16227,0.0383394,0.0437542,0.193094,1.27424,0.151738,-0.0781852,0.105997
8246,0.132619,0.013473,1.13211,0.0383394,0.0451399,-0.044334,1.26746,0.0689292,-0.0542786,0.0618477
8254,0.132619,0.013473,1.13211,0.0383394,0.0440374,-0.292401,1.25018,0.0869287,-0.00676977,0.0178187
8262,0.132619,0.013473,1.12979,0.0383394,0.0421975,-0.33649,1.25166,-0.0272621,-0.0110107,-0.00505499
8270,0.132619,0.013473,1.12979,0.0383394,0.0396952,-0.147847,1.25161,0.0401215,-0.0308789,0.0312529
8278,0.132619,0.013473,1.12747,0.0383394,0.0385305,-0.0094205,1.25867,0.110591,-0.045419,0.0628298
8286,0.132619,0.013473,1.12747,0.0383394,0.0388259,0.162986,1.2675,0.0694403,-0.0806537,0.088878
8294,0.132619,0.013473,1.09035,0.0383394,0.039955,0.111698,1.27966,0.13271,-0.0741862,0.0972119
8302,0.132619,0.013473,1.09035,0.0383394,0.0404904,0.0454738,1.297,-0.0349798,-0.0865019,0.0697542
8309,0.132619,0.013473,1.09035,0.0383394,0.0408004,-0.0878884,1.29632,0.202666,-0.0367238,0.0756727
8318,0.132619,0.013473,1.0602,0.0383394,0.0395857,-0.271746,1.28641,-0.0483513,-0.037439,0.0165637
8326,0.132619,0.013473,1.0602,0.0383394,0.0372349,-0.286134,1.28524,0.0257197,-0.0229153,0.0194458
8334,0.132619,0.013473,1.05788,0.0383394,0.0356809,-0.243505,1.28276,-0.0257211,-0.0338812,0.0183753
8342,0.132619,0.013473,1.05788,0.0383394,0.0339586,-0.148384,1.28225,0.0478365,-0.038527,0.0406465
8350,0.132619,0.013473,1.02076,0.0383394,0.0330211,0.0485355,1.30488,0.0138879,-0.083481,0.0781755
8358,0.132619,0.013473,1.02076,0.0383394,0.0335541,0.0402798,1.30719,-0.00668742,-0.085641,0.0754619
8366,0.132619,0.013473,1.01844,0.0306715,0.0334681,-0.0501838,1.32284,0.0401207,-0.0670121,0.0694188
8374,0.132619,0.013473,1.01844,0.0306715,0.032932,-0.192339,1.32146,0.0396074,-0.0425664,0.0444136
8381,0.132619,0.013473,1.01844,0.0306715,0.0311077,-0.341023,1.31163,-0.00617276,-0.0192463,0.00980922
8390,0.132619,0.013473,0.983639,0.0306715,0.0303083,-0.339023,1.30247,-0.0951585,-0.0330951,0.00265023
8398,0.132619,0.013473,0.983639,0.0306715,0.0274886,-0.314656,1.29291,-0.0226337,-0.0231795,0.0098849
8406,0.132619,0.013473,0.983639,0.0306715,0.0250861,-0.151318,1.29318,-0.11162,-0.0574689,0.0236282
8414,0.132619,0.013473,0.983639,0.0306715,0.0241004,0.0172263,1.31096,0.156884,-0.0552624,0.0852986
8422,0.132619,0.013473,0.978999,0.0306715,0.0236771,0.0727881,1.32271,0.0128589,-0.0834945,0.0796977
8430,0.132619,0.013473,0.978999,0.0306715,0.023687,-0.0352618,1.3288,0.117791,-0.0542255,0.0748713
8438,0.132619,0.013473,0.9442,0.0306715,0.0224353,-0.239904,1.31611,0.0262342,-0.0329585,0.0313572
8446,0.132619,0.013473,0.9442,0.0306715,0.0204583,-0.351285,1.31291,0.102874,-0.00225043,0.0183731
8453,0.132619,0.013473,0.9442,0.0306715,0.0178212,-0.345561,1.30263,-0.0385777,-0.0145941,-0.00269534
8462,0.132619,0.013473,0.94188,0.0306715,0.0157553,-0.166777,1.30351,0.0534936,-0.031042,0.0359967
8470,0.132619,0.013473,0.94188,0.0306715,0.0152539,-0.0748388,1.3034,0.0416645,-0.0469609,0.0493941
8478,0.132619,0.013473,0.904762,0.0306715,0.0143376,0.0858412,1.32372,0.0401206,-0.0817506,0.0842983
8486,0.132619,0.013473,0.904762,0.0306715,0.016184,0.0262892,1.34136,0.0334339,-0.0780459,0.0788642
8494,0.132619,0.013473,0.842125,0.0306715,0.0162315,-0.108806,1.3477,0.0771563,-0.061687,0.072425
8502,0.132619,0.013473,0.842125,0.0306715,0.0152719,-0.380591,1.34406,0.0288056,-0.0204619,0.0189496
8510,0.132619,0.013473,0.798046,0.0306715,0.0115237,-0.497039,1.32638,-0.0401225,-0.00840375,-0.00978377
8518,0.132619,0.013473,0.798046,0.0306715,0.0081776,-0.297046,1.33645,0.0627545,-0.0264425,0.0330957
8525,0.132619,0.013473,0.798046,0.0306715,0.00581103,-0.201277,1.31777,-0.260786,-0.0741758,0.00471101
8534,0.132619,0.013473,0.71453,0.0306715,0.00456905,-0.0516531,1.33767,0.206778,-0.0588152,0.100163
8542,0.132619,0.013473,0.71453,0.0306715,0.00393974,-0.106943,1.34891,-0.052981,-0.0812104,0.0610675
8550,0.132619,0.013473,0.670452,0.0306715,0.00225155,-0.0619096,1.37735,0.0272624,-0.088577,0.0874943
8558,0.132619,0.013473,0.670452,0.0306715,0.00160038,-0.349686,1.36604,-0.0761279,-0.0503753,0.0240059
8566,0.132619,0.013473,0.640293,0.0306715,-0.00138169,-0.371932,1.37993,0.0509232,-0.0347219,0.0382357
8574,0.132619,0.013473,0.640293,0.0306715,-0.00446244,-0.540199,1.35799,-0.00565721,-0.00575688,-0.00464205
8582,0.132619,0.013473,0.637973,0.0306715,-0.00804503,-0.458267,1.36899,0.172317,0.00441055,0.0273971
8590,0.132619,0.013473,0.637973,0.0306715,-0.0116706,-0.352628,1.3564,-0.123964,-0.0409997,0.00313604
8597,0.132619,0.013473,0.637973,0.0306715,-0.0144314,-0.234982,1.37006,0.165628,-0.0247771,0.0555874
8606,0.132619,0.013473,0.635653,0.0306715,-0.0163578,-0.199415,1.36498,0.0570933,-0.0403711,0.045641
8614,0.132619,0.013473,0.635653,0.0306715,-0.0180404,-0.0808243,1.38952,0.133223,-0.052689,0.0762657
8622,0.132619,0.013473,0.637973,0.0306715,-0.019067,-0.234706,1.37102,-0.0221193,-0.0407429,0.0271684
8630,0.132619,0.013473,0.637973,0.0306715,-0.0210997,-0.344491,1.37116,0.117789,-0.00330611,0.0223943
8638,0.132619,0.013473,0.640293,0.0306715,-0.0236666,-0.305583,1.37392,-0.0380634,-0.0246652,0.00704464
8646,0.132619,0.013473,0.640293,0.0306715,-0.0252081,-0.175816,1.37441,0.103388,-0.0274579,0.0435965
8654,0.132619,0.013473,0.607814,0.0306715,-0.0274247,-0.290535,1.35287,-0.134766,-0.0352374,-0.00521819
8662,0.132619,0.013473,0.607814,0.0306715,-0.026583,-0.065113,1.36877,-0.10339,-0.0725961,0.040243
8669,0.132619,0.013473,0.607814,0.0306715,-0.0269906,-0.224713,1.34416,0.0920789,-0.0186055,0.0319005
8678,0.132619,0.013473,0.554457,0.0306715,-0.0292694,-0.155037,1.36921,0.00668738,-0.0497074,0.0430316
8686,0.132619,0.013473,0.554457,0.0306715,-0.0307227,-0.203667,1.36271,-0.0380632,-0.0438851,0.0264767
8694,0.132619,0.013473,0.457021,0.0306715,-0.0331334,-0.156367,1.36108,-0.0144031,-0.0610519,0.0493461
8702,0.132619,0.013473,0.457021,0.0306715,-0.034392,-0.235233,1.36308,-0.0689278,-0.0530083,0.0281751
8710,0.132619,0.013473,0.422222,0.0306715,-0.0363103,-0.326902,1.35548,0.0200611,-0.0290869,0.0249563
8718,0.132619,0.013473,0.422222,0.0306715,-0.0386133,-0.350619,1.35693,0.02006,-0.0222321,0.0179955
8726,0.132619,0.013473,0.336386,0.0306715,-0.0413858,-0.402055,1.34795,-0.0524649,-0.0308297,0.00928538
8734,0.132619,0.013473,0.336386,0.0306715,-0.0450223,-0.241653,1.36192,0.0642962,-0.040904,0.047354
8741,0.132619,0.013473,0.336386,0.0306715,-0.0462318,-0.1593,1.37383,0.0138873,-0.0607454,0.0555291
8750,0.132619,0.013473,0.336386,0.0306715,-0.0474352,-0.149043,1.3885,0.00668545,-0.0640034,0.057102
8758,0.132619,0.013473,0.336386,0.0306715,-0.0486215,-0.355149,1.37495,0.00565926,-0.0261741,0.0183876
8766,0.132619,0.013473,0.336386,0.0306715,-0.0514602,-0.432945,1.37342,0.0967035,0.00158013,0.0118466
8774,0.132619,0.013473,0.336386,0.0306715,-0.0547323,-0.535408,1.34802,-0.0277757,0.0124628,-0.0287803
8782,0.132619,0.013473,0.405983,0.0306715,-0.0584918,-0.445094,1.34084,0.140423,0.0348402,-0.0112452
8790,0.132619,0.013473,0.405983,0.0306715,-0.0622106,-0.20901,1.33417,-0.106475,-0.0271839,-0.00684184
8798,0.132619,0.013473,0.46862,0.0383394,-0.0637348,-0.00715865,1.32678,0.0859041,-0.0254911,0.0356468
8806,0.132619,0.013473,0.46862,0.0383394,-0.0632381,0.0059065,1.31482,-0.0581253,-0.043382,0.0195855
8813,0.132619,0.013473,0.46862,0.0383394,-0.0633148,0.0654584,1.32711,0.179513,-0.0271193,0.0595971
8822,0.132619,0.013473,0.582296,0.0383394,-0.0628251,0.00857013,1.31331,-0.073039,-0.0275996,0.00028467
8830,0.132619,0.013473,0.582296,0.0383394,-0.0623379,-0.099879,1.29963,0.0442354,0.00571842,-0.00567353
8838,0.132619,0.013473,0.670452,0.0383394,-0.062705,-0.156634,1.28279,-0.0725266,0.0187699,-0.0464748
8846,0.132619,0.013473,0.670452,0.0383394,-0.0650713,-0.0707064,1.26144,0.0210884,0.0222508,-0.0276353
8854,0.132619,0.013473,0.830525,0.0383394,-0.0649469,0.325524,1.26796,-0.0524656,-0.0274975,0.00593546
8862,0.132619,0.013473,0.830525,0.0383394,-0.0616245,0.436652,1.24419,-0.105446,-0.0528786,0.0191936
8870,0.132619,0.013473,1.00452,0.0383394,-0.0574471,0.490209,1.25636,0.110076,-0.0160291,0.033424
8878,0.132619,0.013473,1.00452,0.0383394,-0.0537795,0.44077,1.24892,-0.119848,-0.0387633,0.00178918
8885,0.132619,0.013473,1.00452,0.0383394,-0.050481,0.447555,1.23891,0.057096,-0.0219502,0.0268114
8894,0.132619,0.013473,1.12747,0.0536752,-0.0471749,0.382809,1.22118,-0.144531,-0.0186725,-0.0278419
8902,0.132619,0.013473,1.12747,0.0536752,-0.0440988,0.392809,1.20881,0.0174881,-0.00346528,-0.00473037
8910,0.132619,0.013473,1.28987,0.0613431,-0.0404671,0.49833,1.19583,0.00411313,-0.00016831,-0.0126401
8918,0.132619,0.013473,1.28987,0.0613431,-0.035842,0.616252,1.19629,0.0185185,-0.0244211,0.0154384
8926,0.132619,0.013473,1.3757,0.0613431,-0.0306874,0.768395,1.19934,0.0596684,-0.0385159,0.0397744
8934,0.132619,0.013473,1.3757,0.0613431,-0.0248813,0.860046,1.19707,-0.0375489,-0.07275,0.0514236
8942,0.132619,0.013473,1.48706,0.0613431,-0.0179405,0.773306,1.20502,0.159457,-0.028038,0.0530434
8950,0.132619,0.013473,1.48706,0.0613431,-0.0132302,0.710148,1.1962,0.0303481,-0.0378295,0.0322366
8957,0.132619,0.013473,1.48706,0.0613431,-0.00718752,0.617542,1.19581,-0.00462901,-0.0348363,0.0207963
8966,0.132619,0.013473,1.57753,0.0613431,-0.00221875,0.611312,1.18802,0.174372,-0.00370503,0.0319619
8974,0.132619,0.013473,1.57753,0.0613431,0.00329971,0.607857,1.17442,-0.0267478,-0.0322098,0.0130625
8982,0.132619,0.013473,1.71673,0.0536752,0.00842956,0.819291,1.20487,0.108534,-0.0399165,0.0552161
8990,0.132619,0.013473,1.71673,0.0536752,0.0149709,0.867382,1.19317,0.0889877,-0.0572742,0.0682011
8998,0.132619,0.013473,1.71673,0.0536752,0.0217829,0.828871,1.20664,0.0514372,-0.0668311,0.0688799
9006,0.132619,0.013473,1.71673,0.0536752,0.026968,0.723747,1.20686,0.18209,-0.0411704,0.0738179
9014,0.132619,0.013473,1.68193,0.0536752,0.0327447,0.654739,1.20698,-0.0498943,-0.0706197,0.0483884
9022,0.132619,0.013473,1.68193,0.0536752,0.0378133,0.63582,1.22428,0.0833281,-0.0615245,0.0707594
9029,0.132619,0.013473,1.68193,0.0536752,0.0430499,0.628498,1.23096,0.0288055,-0.0749942,0.0714152
9038,0.132619,0.013473,1.64945,0.0536752,0.047512,0.504598,1.23722,0.047836,-0.0645864,0.0651947
9046,0.132619,0.013473,1.64945,0.0536752,0.0515887,0.501265,1.26874,0.121907,-0.0659728,0.0841189
9054,0.132619,0.013473,1.61465,0.0536752,0.0549263,0.437175,1.27441,-0.0216033,-0.0833595,0.06749
9062,0.132619,0.013473,1.61465,0.0536752,0.0589226,0.381748,1.28444,0.120365,-0.0645457,0.0820798
9070,0.132619,0.013473,1.57753,0.0383394,0.0616019,0.277025,1.28817,-0.0673863,-0.0777665,0.0543295
9078,0.132619,0.013473,1.57753,0.0383394,0.0639261,0.217203,1.30673,0.0128569,-0.0645791,0.0599386
9086,0.132619,0.013473,1.54737,0.0383394,0.0649693,0.0089736,1.28854,0.00411584,-0.034473,0.0271557
9094,0.132619,0.013473,1.54737,0.0383394,0.0650235,0.153792,1.32074,0.0581231,-0.0573574,0.0632309
9101,0.132619,0.013473,1.54737,0.0383394,0.0668313,0.192693,1.31628,-0.0792146,-0.0817459,0.0553452
9110,0.132619,0.013473,1.54737,0.0383394,0.0690742,0.237196,1.33988,0.0318917,-0.0829022,0.0828982
9118,0.132619,0.013473,1.54737,0.0383394,0.0708971,0.129138,1.34774,0.13168,-0.0570098,0.0802611
9126,0.132619,0.013473,1.54274,0.0383394,0.0718001,0.0585279,1.36021,0.0442357,-0.0596102,0.0620221
9134,0.132619,0.013473,1.54274,0.0383394,0.0719957,-0.0874892,1.34532,0.0720134,-0.0300205,0.0385486
9142,0.132619,0.013473,1.54042,0.0383394,0.0713889,-0.169159,1.34712,0.00205808,-0.0245656,0.0163253
9150,0.132619,0.013473,1.54042,0.0383394,0.0702292,-0.034601,1.35339,0.139397,-0.0300921,0.0546612
9158,0.132619,0.013473,1.4801,0.0383394,0.0691629,-0.0633761,1.33884,0.0473229,-0.0420814,0.0448185
9166,0.132619,0.013473,1.4801,0.0383394,0.069141,0.122881,1.36462,0.125508,-0.0678426,0.0896013
9173,0.132619,0.013473,1.4801,0.0383394,0.0689934,0.0949098,1.37347,0.1646,-0.0598263,0.0907266
9182,0.132619,0.013473,1.36874,0.0383394,0.0685503,0.124219,1.39743,0.188773,-0.083012,0.119715
9190,0.132619,0.013473,1.36874,0.0383394,0.0691956,-0.0179451,1.40313,0.00205658,-0.0832662,0.0754751
9198,0.132619,0.013473,1.22259,0.199365,0.0682151,-0.157034,1.4081,0.146083,-0.0852182,0.0729951
9206,0.132619,0.013473,1.22259,0.199365,0.0659908,-0.297059,1.42009,0.0267473,-0.0749646,0.0341173
9214,0.132619,0.013473,1.17851,0.460073,0.0625811,-0.292402,1.43795,0.21655,-0.0893877,0.0317737
9222,0.132619,0.013473,1.17851,0.460073,0.0600998,-0.290802,1.4525,0.107504,-0.10144,0.0180554
9230,0.132619,0.013473,1.10659,0.69011,0.0598139,-0.208198,1.46987,0.451111,-0.115727,0.0594056
9238,0.132619,0.013473,1.10659,0.69011,0.0587891,-0.446148,1.48274,0.29165,-0.0957653,0.00107009
9245,0.132619,0.013473,1.10659,0.69011,0.0542347,-0.363008,1.49737,0.434648,-0.0887973,0.0280421
9254,0.132619,0.013473,1.07411,0.598095,0.0518976,-0.473978,1.50223,0.386297,-0.0680771,0.0172622
9262,0.132619,0.013473,1.07411,0.598095,0.0479026,-0.517555,1.48389,0.480942,-0.0412735,0.0126063
9270,0.132619,0.013473,1.07179,0.498413,0.0442054,-0.587769,1.49449,0.547811,-0.00702739,0.0174083
9278,0.132619,0.013473,1.07179,0.498413,0.0394153,-0.437755,1.47455,0.504088,-0.0272489,0.0276903
9286,0.132619,0.013473,1.06716,0.337387,0.0362837,-0.425106,1.48053,0.508203,-0.00730036,0.0467158
9294,0.132619,0.013473,1.06716,0.337387,0.0328142,-0.191683,1.48663,0.530322,-0.0395847,0.0848769
9302,0.132619,0.013473,1.06716,0.222369,0.0314993,-0.105073,1.50974,0.408928,-0.0566001,0.100633
9310,0.132619,0.013473,1.06716,0.222369,0.0321348,-0.138113,1.49666,0.427958,-0.0476489,0.0960815
9317,0.132619,0.013473,1.06716,0.222369,0.032225,-0.365937,1.50222,0.402755,-0.0138993,0.0556952
9326,0.132619,0.013473,1.06252,0.069011,0.0291529,-0.469049,1.49088,0.285989,0.0127842,0.0372908
9334,0.132619,0.013473,1.06252,0.069011,0.0250786,-0.47399,1.48527,0.138366,0.00269995,0.0124533
9342,0.132619,0.013473,1.06252,0.069011,0.0211219,-0.342769,1.48144,0.244843,-0.00044617,0.041071
9350,0.132619,0.013473,1.06252,0.069011,0.0179545,-0.233783,1.46517,0.0833289,-0.0305673,0.0333487
9358,0.132619,0.013473,1.02772,0.0613431,0.0160761,-0.111076,1.47805,0.154827,-0.0466664,0.0684833
9366,0.132619,0.013473,1.02772,0.0613431,0.0148865,-0.0922857,1.46366,0.0596683,-0.0570426,0.0564354
9374,0.132619,0.013473,0.983639,0.0536752,0.0141085,0.0258914,1.50159,0.0606974,-0.0877304,0.089531
9382,0.132619,0.013473,0.983639,0.0536752,0.0142553,-0.154637,1.47635,-0.00205754,-0.0613585,0.0477991
9389,0.132619,0.013473,0.983639,0.0536752,0.0123319,-0.315577,1.49315,0.076127,-0.0255538,0.0299358
9398,0.132619,0.013473,0.95116,0.0536752,0.0100597,-0.44428,1.46914,-0.101846,-0.0234519,-0.0145983
9406,0.132619,0.013473,0.95116,0.0536752,0.00658262,-0.271085,1.49429,-0.0149177,-0.0411787,0.0241231
9414,0.132619,0.013473,0.921001,0.0536752,0.00752879,-0.172362,1.4807,0.0437223,-0.0545875,0.0516883
9422,0.132619,0.013473,0.921001,0.0536752,0.0064769,-0.147713,1.5045,0.0540105,-0.0598484,0.0594392
9430,0.132619,0.013473,0.881563,0.0383394,0.00524952,-0.111069,1.49786,0.160485,-0.0551626,0.0836027
9438,0.132619,0.013473,0.881563,0.0383394,0.00409815,-0.218984,1.50579,0.0293192,-0.0524395,0.0495754
9446,0.132619,0.013473,0.846764,0.0383394,0.00162357,-0.363537,1.48442,0.0313777,-0.0270213,0.0241705
9454,0.132619,0.013473,0.846764,0.0383394,-0.00128473,-0.463999,1.48328,0.0596675,-0.00287286,0.0063526
9461,0.132619,0.013473,0.846764,0.0383394,-0.00661174,-0.419231,1.46786,0.201122,0.016168,0.0207569
9470,0.132619,0.013473,0.846764,0.0306715,-0.00843118,-0.195676,1.48869,-0.122421,-0.0589413,0.0219565
9478,0.132619,0.013473,0.846764,0.0306715,-0.00915529,-0.169566,1.4778,0.14814,-0.02864,0.0555876
9486,0.132619,0.013473,0.844444,0.0306715,-0.0106552,-0.0322013,1.4987,-0.0426935,-0.0755625,0.0578604
9494,0.132619,0.013473,0.844444,0.0306715,-0.0108213,-0.0568482,1.5078,0.0961868,-0.0563521,0.0713562
9502,0.132619,0.013473,0.844444,0.0230037,-0.0114498,-0.139048,1.49285,0.0128609,-0.0483824,0.045268
9510,0.132619,0.013473,0.844444,0.0230037,-0.0124101,-0.282533,1.5008,0.0324059,-0.0222735,0.023325
9518,0.132619,0.013473,0.814286,0.0230037,-0.0159542,-0.436958,1.46322,-0.080239,-0.00391036,-0.0221482
9526,0.132619,0.013473,0.814286,0.0230037,-0.0186744,-0.231246,1.4906,0.0293205,-0.0257542,0.0261421
9533,0.132619,0.013473,0.814286,0.0230037,-0.0206833,-0.151443,1.46374,-0.0776704,-0.0445,0.019842
9542,0.132619,0.013473,0.781807,0.0230037,-0.0209908,0.0966383,1.50501,-0.00976922,-0.0890462,0.0811702
9550,0.132619,0.013473,0.781807,0.0230037,-0.0191536,-0.112937,1.48121,0.0293152,-0.048413,0.0491532
9558,0.132619,0.013473,0.781807,0.0230037,-0.021202,-0.105743,1.52096,-0.080755,-0.0661646,0.0409187
9566,0.132619,0.013473,0.781807,0.0230037,-0.0220975,-0.200998,1.50209,0.0288036,-0.0332107,0.0335223
9574,0.132619,0.013473,0.781807,0.0153358,-0.0237524,-0.293859,1.49884,-0.0416654,-0.0224349,0.00761651
9582,0.132619,0.013473,0.781807,0.0153358,-0.0253476,-0.359941,1.47848,0.0344632,0.00294722,-2.141e-05
9590,0.132619,0.013473,0.786447,0.0153358,-0.0279528,-0.210064,1.48537,-0.0668689,-0.0306072,0.0100292
9598,0.132619,0.013473,0.786447,0.0153358,-0.0284306,-0.132124,1.47659,0.160483,-0.0146609,0.0479764
9605,0.132619,0.013473,0.786447,0.0153358,-0.0303411,-0.0725733,1.47831,0.00051297,-0.0410318,0.0367392
9614,0.132619,0.013473,0.818926,0.0153358,-0.0310592,0.0674597,1.49106,0.0442374,-0.054914,0.0613535
9622,0.132619,0.013473,0.818926,0.0153358,-0.0291233,-0.0481874,1.4921,-0.0570956,-0.0505203,0.0327191
9630,0.132619,0.013473,0.818926,0.0153358,-0.0306174,-0.135849,1.49018,0.116764,-0.013154,0.0361042
9638,0.132619,0.013473,0.818926,0.0153358,-0.0317913,-0.201002,1.47647,-0.0581244,-0.0191513,0.00060369
9646,0.132619,0.013473,0.821245,0.0153358,-0.033461,-0.154771,1.47659,0.0205742,-0.0148928,0.0150367
9654,0.132619,0.013473,0.821245,0.0153358,-0.0346629,-0.145044,1.44826,-0.0581231,-0.019566,0.00114233
9662,0.132619,0.013473,0.825885,0.0153358,-0.0358029,-0.014746,1.46827,0.0432073,-0.0301217,0.0359959
9670,0.132619,0.013473,0.825885,0.0153358,-0.0356791,0.0699909,1.45107,-0.0797281,-0.0560438,0.0331559
9677,0.132619,0.013473,0.825885,0.0153358,-0.0350728,0.0833156,1.46912,0.064296,-0.0450183,0.0561781
9686,0.132619,0.013473,0.856044,0.0153358,-0.0348468,-0.00954779,1.45036,-0.060181,-0.0367371,0.0182315
9694,0.132619,0.013473,0.856044,0.0153358,-0.0346338,-0.102944,1.45985,0.0627531,-0.00860067,0.0188348
9702,0.132619,0.013473,0.856044,0.0153358,-0.0357199,-0.110003,1.43245,-0.111626,-0.0220767,-0.00889114
9710,0.132619,0.013473,0.856044,0.0153358,-0.0359777,0.0594681,1.45353,-0.137857,-0.0562811,0.0196329
9718,0.132619,0.013473,0.818926,0.0153358,-0.0347038,-0.0948106,1.40919,0.0483534,-0.00936861,0.0162259
9726,0.132619,0.013473,0.818926,0.0153358,-0.03472,0.0565302,1.44642,0.0581249,-0.0392588,0.0488845
9734,0.132619,0.013473,0.737729,0.0153358,-0.0342572,0.226268,1.44734,-0.0570966,-0.0948088,0.0777661
9742,0.132619,0.013473,0.737729,0.0153358,-0.0322423,0.192292,1.46677,0.00874471,-0.0873144,0.0857423
9749,0.132619,0.013473,0.737729,0.0153358,-0.0314455,-0.108141,1.4441,-0.0190336,-0.0382641,0.0292351
9758,0.132619,0.013473,0.686691,0.0153358,-0.0322503,-0.203929,1.47853,0.0540086,-0.0264486,0.0343683
9766,0.132619,0.013473,0.686691,0.0153358,-0.0331226,-0.271484,1.45213,0.0848666,-0.00617366,0.0211571
9774,0.132619,0.013473,0.649573,0.0153358,-0.0350745,-0.401531,1.44472,-0.0190288,0.00101921,-0.0109792
9782,0.132619,0.013473,0.649573,0.0153358,-0.0391354,-0.174508,1.44568,-0.00720187,-0.0297777,0.0232366
9790,0.132619,0.013473,0.591575,0.0153358,-0.0398907,0.0300177,1.47379,0.0617254,-0.0683649,0.0787108
9798,0.132619,0.013473,0.591575,0.0153358,-0.0399563,0.0790508,1.46451,0.0900165,-0.0715681,0.0887385
9806,0.132619,0.013473,0.586935,0.0153358,-0.0395865,-0.038194,1.48473,-0.0344641,-0.0713247,0.0587651
9814,0.132619,0.013473,0.586935,0.0153358,-0.0401657,-0.223385,1.47541,0.0781864,-0.0250802,0.0385414
9821,0.132619,0.013473,0.586935,0.0153358,-0.0417671,-0.345149,1.48032,-0.0745859,-0.021504,-0.00148799
9830,0.132619,0.013473,0.547497,0.0153358,-0.0446775,-0.536618,1.43765,0.0349777,0.0276343,-0.025387
9838,0.132619,0.013473,0.547497,0.0153358,-0.0492217,-0.315328,1.46002,-0.188263,-0.0326959,-0.0171471
9846,0.132619,0.013473,0.547497,0.0153358,-0.0518384,-0.229262,1.4295,0.05504,-0.00978124,0.0175877
9854,0.132619,0.013473,0.547497,0.0153358,-0.0532492,0.0834396,1.46438,-0.064814,-0.0793838,0.0598283
9862,0.132619,0.013473,0.547497,0.0153358,-0.0512612,0.022161,1.45355,-0.00771566,-0.0634876,0.0572528
9870,0.132619,0.013473,0.547497,0.0153358,-0.0517109,-0.0411223,1.46883,-0.11162,-0.0670911,0.0361334
9878,0.132619,0.013473,0.582296,0.0153358,-0.0516037,-0.152369,1.47595,0.0817816,-0.0215648,0.035921
9886,0.132619,0.013473,0.582296,0.0153358,-0.0526498,-0.308514,1.46171,-0.0797275,-0.011004,-0.0132532
9893,0.132619,0.013473,0.582296,0.0153358,-0.0549856,-0.412708,1.44771,0.0550385,0.0275942,-0.0203916
9902,0.132619,0.013473,0.610134,0.0153358,-0.0586455,-0.209399,1.4367,-0.0905299,-0.0119608,-0.0146405
9910,0.132619,0.013473,0.610134,0.0153358,-0.0600088,-0.00581867,1.44203,0.0889871,-0.0235202,0.0398899
9918,0.132619,0.013473,0.642613,0.0153358,-0.0601036,0.0691897,1.42437,-0.00309066,-0.0385924,0.0334477
9926,0.132619,0.013473,0.642613,0.0153358,-0.0594636,0.168313,1.43998,0.0601802,-0.0509467,0.0610479
9934,0.132619,0.013473,0.647253,0.0153358,-0.0581359,-0.0659064,1.41034,-0.0303487,-0.0191178,0.00715713
9942,0.132619,0.013473,0.647253,0.0153358,-0.0593759,-0.0982798,1.42008,0.115217,0.00352964,0.0187547
9950,0.132619,0.013473,0.649573,0.0153358,-0.0605357,-0.0087482,1.41151,-0.15534,-0.0398371,-0.00148989
9958,0.132619,0.013473,0.649573,0.0153358,-0.0601314,0.146597,1.42398,0.0200609,-0.047464,0.0480172
9965,0.132619,0.013473,0.649573,0.0153358,-0.0586304,0.0750523,1.40924,-0.0720109,-0.0461469,0.0247709
9974,0.132619,0.013473,0.679731,0.0153358,-0.0574153,0.0436132,1.42018,0.0838428,-0.0211474,0.036481
9982,0.132619,0.013473,0.679731,0.0153358,-0.0563176,0.0571979,1.4187,-0.0617239,-0.0418168,0.0228469
9990,0.132619,0.013473,0.679731,0.0153358,-0.0552794,-0.0191399,1.41183,0.048865,-0.0164596,0.0233775
9998,0.132619,0.013473,0.679731,0.0153358,-0.055535,-0.0469774,1.40159,-0.105446,-0.028031,-0.00156488
10006,0.132619,0.013473,0.682051,0.0153358,-0.055547,-0.00368775,1.40429,0.0267486,-0.0196693,0.0214086
10014,0.132619,0.013473,0.682051,0.0153358,-0.0553313,-0.00794925,1.38398,-0.0936103,-0.0301724,0.0034894
10022,0.132619,0.013473,0.682051,0.0153358,-0.0552705,0.0386832,1.38281,0.0534922,-0.0204582,0.0286402
10030,0.132619,0.013473,0.682051,0.0153358,-0.0557477,0.0975684,1.37904,-0.0694386,-0.0434366,0.0227719
10037,0.132619,0.013473,0.682051,0.0153358,-0.0530539,0.179775,1.37526,0.0673828,-0.0440179,0.0559377
10046,0.132619,0.013473,0.682051,0.0153358,-0.0507772,0.0727912,1.37794,-0.105962,-0.0502758,0.0209884
10054,0.132619,0.013473,0.682051,0.0153358,-0.0500305,0.105162,1.38845,0.0344617,-0.0418081,0.0457773
10062,0.132619,0.013473,0.651893,0.0153358,-0.0493806,-0.0270047,1.38007,0.0195466,-0.0260704,0.0261309
10070,0.132619,0.013473,0.651893,0.0153358,-0.0497569,-0.129455,1.36151,0.0277781,-0.00462466,0.00631049
10078,0.132619,0.013473,0.614774,0.0153358,-0.050813,-0.119066,1.36675,0.00874466,-0.013961,0.0111744
10086,0.132619,0.013473,0.614774,0.0153358,-0.0513466,-0.0216735,1.35136,0.122425,-0.0134877,0.0378201
10094,0.132619,0.013473,0.531258,0.0153358,-0.0514735,-0.0321933,1.35116,-0.10647,-0.0519579,0.0222356
10102,0.132619,0.013473,0.531258,0.0153358,-0.0517581,0.220017,1.38235,0.0457781,-0.0804289,0.0874068
10109,0.132619,0.013473,0.531258,0.0153358,-0.0489033,0.122481,1.39502,0.131166,-0.0601664,0.0870482
10118,0.132619,0.013473,0.457021,0.0153358,-0.0475585,-0.0216726,1.39438,0.0257183,-0.0624062,0.0639888
10126,0.132619,0.013473,0.457021,0.0153358,-0.0474811,-0.260688,1.40881,-0.00925893,-0.0293648,0.0219704
10134,0.132619,0.013473,0.373504,0.0153358,-0.0497262,-0.281334,1.40586,0.0437219,-0.0295948,0.0346193
10142,0.132619,0.013473,0.373504,0.0153358,-0.0490263,-0.348352,1.40992,0.00720102,-0.0244107,0.0206225
10150,0.132619,0.013473,0.368865,0.0153358,-0.0522808,-0.354489,1.3929,-0.0442342,-0.0229974,0.00700012
10158,0.132619,0.013473,0.368865,0.0153358,-0.0546711,-0.291748,1.4077,-0.0565809,-0.0339496,0.015194
10166,0.132619,0.013473,0.373504,0.0153358,-0.0569481,-0.146512,1.40931,0.00565669,-0.047063,0.0434039
10174,0.132619,0.013473,0.373504,0.0153358,-0.0577717,-0.187936,1.4144,0.0365235,-0.036255,0.039745
10181,0.132619,0.013473,0.373504,0.0153358,-0.059416,-0.292262,1.40639,-0.120364,-0.033915,3.113e-05
10190,0.132619,0.013473,0.373504,0.0153358,-0.0616301,-0.333693,1.4106,-0.0257181,-0.0135409,0.00184028
10198,0.132619,0.013473,0.373504,0.0153358,-0.0640505,-0.408968,1.38003,0.0437235,0.0153535,-0.0109294
10206,0.132619,0.013473,0.401343,0.0153358,-0.0673223,-0.367815,1.37985,-0.0910449,0.00165562,-0.0289701
10214,0.132619,0.013473,0.401343,0.0153358,-0.0706975,-0.243109,1.3503,0.00566087,0.00178078,-0.00594376
10222,0.132619,0.013473,0.433822,0.0153358,-0.0721868,-0.0449908,1.36409,-0.0185172,-0.0288351,0.0195406
10230,0.132619,0.013473,0.433822,0.0153358,-0.0724671,0.0142988,1.3365,-0.02366,-0.0344358,0.0240997
10238,0.132619,0.013473,0.436142,0.0153358,-0.0720601,0.0428118,1.35673,0.0262337,-0.0367211,0.0382565
10246,0.132619,0.013473,0.436142,0.0153358,-0.0721162,-0.0199385,1.32953,-0.0529811,-0.031204,0.0138473
10253,0.132619,0.013473,0.436142,0.0153358,-0.0721823,-0.0127462,1.34707,0.103903,-0.0166434,0.0363414
10262,0.132619,0.013473,0.48022,0.0153358,-0.0720804,-0.134521,1.31951,-0.056582,-0.00398709,-0.0145716
10270,0.132619,0.013473,0.48022,0.0153358,-0.0731761,-0.0667072,1.33715,0.0221156,-0.00728391,0.00749245
10278,0.132619,0.013473,0.48022,0.0153358,-0.0737355,-0.0343285,1.31994,-0.0895017,-0.0222621,-0.0037884
10286,0.132619,0.013473,0.48022,0.0153358,-0.0736575,0.0950372,1.32401,0.0185175,-0.031725,0.0315652
10294,0.132619,0.013473,0.48022,0.0230037,-0.0727045,0.0878435,1.31767,-0.0246892,-0.0368139,0.0246369
10302,0.132619,0.013473,0.48022,0.0230037,-0.0720442,0.0849117,1.30853,0.0334349,-0.0289144,0.0304574
10310,0.132619,0.013473,0.48022,0.0153358,-0.0712252,0.0292202,1.31468,-0.0298334,-0.0283539,0.0166168
10318,0.132619,0.013473,0.48022,0.0153358,-0.0711727,-0.0475199,1.29532,0.0236609,-0.00629409,0.00695062
10325,0.132619,0.013473,0.48022,0.0153358,-0.0715798,-0.0745633,1.30564,-0.0493791,-0.011523,-0.00514811
10334,0.132619,0.013473,0.47558,0.0230037,-0.0717405,-0.025672,1.28419,-0.0992714,-0.0234776,-0.00663663
10342,0.132619,0.013473,0.47558,0.0230037,-0.0712831,0.111823,1.30074,0.00360127,-0.037424,0.0320172
10350,0.132619,0.013473,0.47558,0.0230037,-0.0701475,0.0815818,1.26609,-0.0771563,-0.0379086,0.0133608
10358,0.132619,0.013473,0.47558,0.0230037,-0.0694363,0.117821,1.28884,0.0277757,-0.0361855,0.0365293
10366,0.132619,0.013473,0.47558,0.0153358,-0.0687803,0.0794487,1.27859,-0.0771561,-0.0405394,0.0178168
10374,0.132619,0.013473,0.47558,0.0153358,-0.0674133,0.0965016,1.29071,0.0164634,-0.0361593,0.0356083
10382,0.132619,0.013473,0.515018,0.0230037,-0.0650062,-0.0335299,1.28217,-0.104933,-0.0254033,-0.00597592
10390,0.132619,0.013473,0.515018,0.0230037,-0.0652034,-0.033795,1.26873,0.0576087,-0.00377385,0.0107569
10397,0.132619,0.013473,0.515018,0.0230037,-0.0654289,-0.0603101,1.27251,0.0792108,0.00286574,0.00913329
10406,0.132619,0.013473,0.547497,0.0153358,-0.0660002,-0.0104811,1.24961,-0.0005151,-0.00417916,-0.00069444
10414,0.132619,0.013473,0.547497,0.0153358,-0.0658467,0.0477394,1.2532,0.0272615,-0.0113388,0.0132006
10422,0.132619,0.013473,0.584615,0.0153358,-0.0654688,0.0910433,1.22293,-0.00668616,-0.0121805,0.00615856
10430,0.132619,0.013473,0.584615,0.0153358,-0.0656622,0.198428,1.23546,0.0874423,-0.0206299,0.0371502
10438,0.132619,0.013473,0.584615,0.0153358,-0.0618498,0.236929,1.23382,-0.153285,-0.0603377,0.0202078
10446,0.132619,0.013473,0.584615,0.0153358,-0.0598669,0.173647,1.22658,0.131681,-0.0178307,0.0448031
10454,0.132619,0.013473,0.582296,0.0153358,-0.0594784,0.0782522,1.22928,0.00308575,-0.0185222,0.0148577
10462,0.132619,0.013473,0.582296,0.0153358,-0.0596827,0.101699,1.22763,-0.00565869,-0.0228902,0.0172293
10469,0.132619,0.013473,0.582296,0.0153358,-0.0582276,0.147397,1.23562,0.0190331,-0.0308336,0.0311619
10478,0.132619,0.013473,0.552137,0.0153358,-0.0570515,0.152995,1.21268,-0.0853865,-0.0468399,0.0225554
10486,0.132619,0.013473,0.552137,0.0153358,-0.0558276,0.141802,1.23218,0.0550382,-0.0332579,0.0421064
10494,0.132619,0.013473,0.521978,0.0153358,-0.0546078,0.142731,1.23452,-0.0817881,-0.0564405,0.0330159
10502,0.132619,0.013473,0.521978,0.0153358,-0.051988,-0.0183385,1.21671,0.0226322,-0.0181805,0.0189533
10510,0.132619,0.013473,0.47094,0.0153358,-0.053027,-0.0379289,1.23168,-0.114701,-0.0403199,0.00860801
10518,0.132619,0.013473,0.47094,0.0153358,-0.0552617,-0.0781646,1.21288,0.101846,-0.00204737,0.021294
10526,0.132619,0.013473,0.440781,0.0153358,-0.056313,0.0445415,1.23759,-0.102858,-0.0538872,0.0251756
10534,0.132619,0.013473,0.440781,0.0153358,-0.0556697,0.139269,1.22358,-0.168718,-0.0759653,0.0320026
10541,0.132619,0.013473,0.440781,0.0153358,-0.054348,0.060929,1.23846,0.163055,-0.0281047,0.0622401
10550,0.132619,0.013473,0.438462,0.0153358,-0.0532031,-0.0447219,1.2396,-0.0648103,-0.0395796,0.0196254
10558,0.132619,0.013473,0.438462,0.0153358,-0.0531758,-0.0805599,1.24333,0.0216037,-0.0240987,0.0244346
10566,0.132619,0.013473,0.438462,0.0153358,-0.0539507,-0.166626,1.22943,-0.0138882,-0.0107239,0.00240867
10574,0.132619,0.013473,0.438462,0.0153358,-0.0551382,-0.115596,1.22168,0.0432088,-0.00957222,0.0148706
10582,0.132619,0.013473,0.433822,0.0153358,-0.0553503,-0.0772313,1.23205,0.0236603,-0.0203572,0.0211559
10590,0.132619,0.013473,0.433822,0.0153358,-0.0562417,-0.107476,1.20171,0.0560637,-0.00542007,0.0137595
10598,0.132619,0.013473,0.433822,0.0153358,-0.0570884,0.0817155,1.23004,0.0874408,-0.0364628,0.0527718
10606,0.132619,0.013473,0.433822,0.0153358,-0.0564173,0.00030833,1.2068,-0.0205747,-0.0328841,0.0234574
10613,0.132619,0.013473,0.433822,0.0153358,-0.0563479,0.0525363,1.22109,0.0946447,-0.0303553,0.0482865
10622,0.132619,0.013473,0.429182,0.0153358,-0.0559447,-0.13412,1.19737,-0.0540081,-0.0144325,-0.00328641
10630,0.132619,0.013473,0.429182,0.0153358,-0.0569351,-0.0427221,1.20476,0.0910474,-0.0123115,0.0290953
10638,0.132619,0.013473,0.461661,0.0153358,-0.0568566,-0.107873,1.2001,0.0246899,-0.00346602,0.0043863
10646,0.132619,0.013473,0.461661,0.0153358,-0.0576473,-0.0599083,1.18067,-0.0956694,-0.0213809,-0.0059778
10654,0.132619,0.013473,0.461661,0.0153358,-0.057946,0.00830281,1.18378,0.0262325,-0.0184075,0.0200257
10662,0.132619,0.013473,0.461661,0.0153358,-0.0584203,0.0497411,1.18223,-0.0642965,-0.0350385,0.0154058
10670,0.132619,0.013473,0.496459,0.0153358,-0.0579277,0.102765,1.17481,0.00771572,-0.0292148,0.0267437
10678,0.132619,0.013473,0.496459,0.0153358,-0.057015,0.120616,1.18332,-0.0159454,-0.0375813,0.0295934
10685,0.132619,0.013473,0.496459,0.0153358,-0.0561811,0.0305473,1.16496,-0.0761237,-0.0279398,0.0054848
10694,0.132619,0.013473,0.496459,0.0153358,-0.055952,-0.0375245,1.16477,-0.0149173,-0.00973541,0.00152534
10702,0.132619,0.013473,0.496459,0.0153358,-0.0562611,-0.0235394,1.14781,-0.113676,-0.0205349,-0.010951
10710,0.132619,0.013473,0.526618,0.0153358,-0.0558785,0.0573339,1.15146,0.0288047,-0.0133992,0.0157931
10718,0.132619,0.013473,0.526618,0.0153358,-0.0553323,0.115554,1.14063,-0.0102868,-0.0266538,0.0200034
10726,0.132619,0.013473,0.528938,0.0153358,-0.0543804,0.141804,1.13411,-0.0601812,-0.0367647,0.0184295
10734,0.132619,0.013473,0.528938,0.0153358,-0.0534924,0.175779,1.13904,-0.0195451,-0.0396162,0.0309895
10742,0.132619,0.013473,0.566056,0.0153358,-0.0520687,0.0745249,1.11937,-0.0252073,-0.0163185,0.00606383
10750,0.132619,0.013473,0.566056,0.0153358,-0.0518554,0.136606,1.12456,0.0113151,-0.023428,0.021986
10757,0.132619,0.013473,0.566056,0.0153358,-0.0508403,0.149259,1.12694,0.0673825,-0.0206919,0.0325379
10766,0.132619,0.013473,0.568376,0.0153358,-0.0492716,0.17218,1.11677,-0.0473227,-0.0381451,0.0230066
10774,0.132619,0.013473,0.568376,0.0153358,-0.0475694,0.224405,1.12536,0.0164595,-0.0429991,0.0431003
10782,0.132619,0.013473,0.596215,0.0153358,-0.045659,0.129277,1.1184,-0.0128584,-0.027713,0.0206304
10790,0.132619,0.013473,0.596215,0.0153358,-0.0443456,0.0751874,1.10834,0.101848,-0.00541899,0.0252671
10798,0.132619,0.013473,0.596215,-0.00766826,-0.0438102,0.0586651,1.11771,0.0509247,-0.00821453,0.0214313
10806,0.132619,0.013473,0.596215,-0.00766826,-0.0433394,0.0687921,1.09352,-0.0478372,-0.0182793,0.00821873
10814,0.132619,0.013473,0.596215,0.0153358,-0.0432264,0.0234941,1.09219,0.0514377,-0.00173077,0.00953805
10822,0.132619,0.013473,0.596215,0.0153358,-0.0432217,0.209214,1.10515,-0.111106,-0.0537407,0.0237437
10829,0.132619,0.013473,0.596215,0.0153358,-0.0411414,0.245592,1.09273,0.0905312,-0.0368612,0.0545995
10838,0.132619,0.013473,0.566056,-0.00766826,-0.038886,0.239196,1.11308,0.0313759,-0.0512877,0.060512
10846,0.132619,0.013473,0.566056,-0.00766826,-0.0366766,0.200418,1.11065,-0.0601817,-0.0582913,0.0458187
10854,0.132619,0.013473,0.563736,-0.00766826,-0.0345081,0.0569302,1.11594,0.0293198,-0.0281757,0.0364283
10862,0.132619,0.013473,0.563736,-0.00766826,-0.0339019,-0.0568473,1.11016,-0.12242,-0.0271085,-0.00079248
10870,0.132619,0.013473,0.528938,0.0153358,-0.0341837,-0.0901538,1.10382,-0.0565811,-0.0207404,0.00284833
10878,0.132619,0.013473,0.528938,0.0153358,-0.0341469,-0.0519173,1.10444,0.053495,-0.0142545,0.0224619
10886,0.132619,0.013473,0.48486,0.0153358,-0.0347901,0.0522722,1.10371,-0.116758,-0.057671,0.0260011
10894,0.132619,0.013473,0.48486,0.0153358,-0.0331848,0.0815812,1.10229,0.00257193,-0.0504388,0.0470488
10901,0.132619,0.013473,0.48486,0.0153358,-0.0327323,0.0294881,1.11888,-0.0406378,-0.0501938,0.036455
10910,0.132619,0.013473,0.447741,0.0153358,-0.0334788,-0.0876193,1.09793,-0.0411491,-0.0324342,0.018211
10918,0.132619,0.013473,0.447741,0.0153358,-0.034255,-0.0868139,1.11988,0.00411838,-0.0297032,0.0261585
10926,0.132619,0.013473,0.440781,0.0153358,-0.0351894,-0.108807,1.10917,-0.166658,-0.0442981,0.00036144
10934,0.132619,0.013473,0.440781,0.0153358,-0.0362221,-0.139317,1.09431,0.118306,-0.00185683,0.0250757
10942,0.132619,0.013473,0.405983,0.0153358,-0.0373426,-0.0806992,1.11172,0.0277783,-0.0291031,0.0311197
10950,0.132619,0.013473,0.405983,0.0153358,-0.0377447,-0.0119464,1.09842,-0.133225,-0.05677,0.0209829
10958,0.132619,0.013473,0.373504,0.0153358,-0.0379933,-0.0499125,1.11458,0.169745,-0.0222732,0.057888
10966,0.132619,0.013473,0.373504,0.0153358,-0.0391619,-0.105607,1.10694,-0.00359973,-0.0306392,0.0251498
10973,0.132619,0.013473,0.373504,0.0153358,-0.0404703,-0.0974821,1.10392,0.0720144,-0.020795,0.033159
10982,0.132619,0.013473,0.338706,0.0153358,-0.0414466,-0.100013,1.11525,0.0246898,-0.0320406,0.0332166
10990,0.132619,0.013473,0.338706,0.0153358,-0.0421565,-0.141047,1.09311,0.010801,-0.0223404,0.0201009
10998,0.132619,0.013473,0.23431,0.0153358,-0.0431432,-0.126925,1.11121,0.123964,-0.0297172,0.0542307
11006,0.132619,0.013473,0.23431,0.0153358,-0.0436362,-0.112004,1.10926,-0.0272618,-0.0490166,0.0378713
11014,0.132619,0.013473,0.146154,0.0153358,-0.0440961,-0.0805601,1.11894,0.0740697,-0.0574081,0.0702806
11022,0.132619,0.013473,0.146154,0.0153358,-0.0447305,-0.211258,1.12484,0.0519516,-0.0384439,0.0456912
11030,0.132619,0.013473,0.0904763,0.0153358,-0.0464561,-0.303317,1.12209,-0.00462878,-0.0360163,0.0296095
11038,0.132619,0.013473,0.0904763,0.0153358,-0.0480263,-0.428022,1.12716,0.0514377,-0.00741512,0.0138426
11045,0.132619,0.013473,0.0904763,0.0153358,-0.0514526,-0.465597,1.1164,-0.0992732,-0.0125173,-0.0167956
11054,0.132619,0.013473,0.0347986,0.0153358,-0.0549748,-0.388995,1.10936,0.0462922,-0.0110554,0.0162877
11062,0.132619,0.013473,0.0347986,0.0153358,-0.0579991,-0.365413,1.11278,-0.00462865,-0.017364,0.0106036
11070,0.132619,0.013473,0.00232002,0.0230037,-0.0613282,-0.293473,1.09509,-0.11676,-0.0412122,0.00634357
11078,0.132619,0.013473,0.00232002,0.0230037,-0.0637593,-0.254826,1.11036,0.0390926,-0.0283737,0.0303763
11086,0.132619,0.013473,0.0046398,0.0230037,-0.0659735,-0.290659,1.09795,-0.115732,-0.0352732,0.00058712
11094,0.132619,0.013473,0.0046398,0.0230037,-0.068935,-0.34622,1.08437,-0.0257186,-0.00921446,-0.00443761
11102,0.132619,0.013473,0.0046398,0.0153358,-0.0718673,-0.387391,1.08619,0.0411504,0.0101165,-0.00634207
11110,0.132619,0.013473,0.0046398,0.0153358,-0.0751082,-0.309191,1.06839,-0.0992742,-0.012072,-0.0171136
11117,0.132619,0.013473,0.0046398,0.0153358,-0.0774203,-0.252699,1.05363,-0.0210895,-0.0066697,-0.0039254
11126,0.132619,0.013473,0.0394384,0.0153358,-0.0786892,-0.0830934,1.07175,0.0581232,-0.0210048,0.0296004
11134,0.132619,0.013473,0.0394384,0.0153358,-0.0789606,-0.104809,1.03601,-0.0570959,-0.024857,0.00618191
11142,0.132619,0.013473,0.104396,-0.260708,-0.0792375,-0.0998753,1.05048,0.0771554,0.0311802,0.0469991
11150,0.132619,0.013473,0.104396,-0.260708,-0.0796842,-0.169426,1.02601,-0.207293,0.0137367,-0.00292028
11158,0.132619,0.013473,0.104396,-0.498413,-0.080665,-0.159166,1.00733,-0.158428,0.0501567,0.0283182
11166,0.132619,0.013473,0.104396,-0.498413,-0.0820006,-0.101612,1.00208,-0.208322,0.0374216,0.0294298
11174,0.132619,0.013473,0.134554,-0.943151,-0.0826117,0.0441397,0.991259,-0.397613,0.0508133,0.0767633
11182,0.132619,0.013473,0.134554,-0.943151,-0.0816148,0.0811819,0.971991,-0.487628,0.0358061,0.0706476
11189,0.132619,0.013473,0.134554,-0.943151,-0.0810248,0.0798504,0.970376,-0.74173,0.00553648,0.0409416
11198,0.132619,0.013473,0.102076,-1.41089,-0.0801986,0.131276,0.965626,-0.669717,0.0550191,0.119037
11206,0.132619,0.013473,0.102076,-1.41089,-0.0792157,0.087443,0.961183,-0.80654,0.0455255,0.0961154
11214,0.132619,0.013473,0.00695982,-2.37705,-0.0786108,0.0627962,0.966292,-1.06321,0.116239,0.192818
11222,0.132619,0.013473,0.00695982,-2.37705,-0.0781128,0.0226937,0.957564,-1.42842,0.0805714,0.142163
11230,0.132619,0.013473,0.0046398,-2.83712,-0.0779996,0.0567999,0.955102,-2.01481,0.0599064,0.133119
11238,0.132619,0.013473,0.0046398,-2.83712,-0.0771177,0.0458733,0.949691,-2.26634,0.0317399,0.101891
11246,0.132619,0.013473,0.0046398,-3.25885,-0.0772219,-0.133988,0.931274,-2.48289,0.0888187,0.0926969
11254,0.132619,0.013473,0.0046398,-3.25885,-0.0782336,-0.0874871,0.942174,-2.61714,0.0649298,0.0850234
11261,0.132619,0.013473,0.0046398,-3.25885,-0.0783076,-0.150639,0.905644,-2.74625,0.0661613,0.0531199
11270,0.132619,0.013473,0.0046398,-3.35853,-0.0796444,-0.0413906,0.910275,-2.97463,0.0339875,0.055226
11278,0.132619,0.013473,0.0046398,-3.35853,-0.08004,-0.0735006,0.884728,-2.95766,0.0459622,0.0471512
11286,0.132619,0.013473,0.0046398,-3.45822,-0.0810091,-0.00275581,0.901372,-3.15312,0.0216072,0.0490998
11294,0.132619,0.013473,0.0046398,-3.45822,-0.0810198,0.108094,0.896818,-3.15261,0.00405348,0.0671099
11302,0.132619,0.013473,0.0046398,-3.45822,-0.0792747,0.148729,0.894007,-3.31875,-0.0241953,0.0562893
11310,0.132619,0.013473,0.0046398,-3.45822,-0.0777567,0.131145,0.893681,-3.39539,-0.0323428,0.046315
11318,0.132619,0.013473,0.0046398,-3.45822,-0.0764787,-0.0873515,0.878029,-3.38459,0.00589126,0.00998671
11326,0.132619,0.013473,0.0046398,-3.45822,-0.0775208,-0.0637703,0.889989,-3.5389,-0.0166942,-0.00379592
11333,0.132619,0.013473,0.0046398,-3.45822,-0.0780082,-0.142244,0.866964,-3.49981,0.00528757,-0.0167961
11342,0.132619,0.013473,0.0046398,-3.15917,-0.0789583,-0.0988104,0.855371,-3.55279,-0.0402171,-0.054271
11350,0.132619,0.013473,0.0046398,-3.15917,-0.0795832,-0.0375253,0.829383,-3.33521,-0.0196898,-0.0232656
11358,0.132619,0.013473,0.0046398,-2.97514,-0.0795344,0.0188312,0.822713,-3.27246,-0.0423082,-0.0291035
11366,0.132619,0.013473,0.0046398,-2.97514,-0.0788101,0.0910399,0.817319,-3.24365,-0.0510007,-0.0133837
11374,0.132619,0.013473,0.0046398,-2.85245,-0.078007,0.162058,0.816837,-3.12586,-0.0643652,-0.00094747
11382,0.132619,0.013473,0.0046398,-2.85245,-0.0763574,0.215879,0.821435,-2.99778,-0.0611915,0.0263001
11390,0.132619,0.013473,0.00695982,-2.85245,-0.0743671,0.17151,0.840362,-2.97823,-0.0569428,0.0265619
11398,0.132619,0.013473,0.00695982,-2.85245,-0.073495,0.0161644,0.826822,-2.97823,-0.0302258,-0.00061383
11405,0.132619,0.013473,0.00695982,-2.85245,-0.0726977,-0.0908174,0.803312,-2.90571,-0.00126657,-0.0127679
11414,0.132619,0.013473,0.00695982,-2.86012,-0.0733393,-0.117599,0.804977,-3.10168,-0.0184066,-0.0401677
11422,0.132619,0.013473,0.00695982,-2.86012,-0.0738084,-0.034198,0.792928,-3.01424,-0.0193351,-0.0183544
11430,0.132619,0.013473,0.00695982,-2.76811,-0.0733962,0.0597333,0.787275,-2.82341,-0.0229059,0.00883231
11438,0.132619,0.013473,0.00695982,-2.76811,-0.0728895,0.111426,0.797286,-2.84758,-0.0366245,0.0170091
11446,0.132619,0.013473,0.00927961,-2.67609,-0.0722816,0.108897,0.782993,-2.85736,-0.0463583,0.00271551
11454,0.132619,0.013473,0.00927961,-2.67609,-0.0712989,0.106229,0.79558,-2.92937,-0.0577759,-0.00285702
11462,0.132619,0.013473,0.0440782,-2.40005,-0.0703129,-0.00302032,0.775702,-2.70356,-0.0381464,-0.0346659
11470,0.132619,0.013473,0.0440782,-2.40005,-0.0701631,-0.048051,0.77016,-2.60377,-0.0182419,-0.0311501
11477,0.132619,0.013473,0.0440782,-2.40005,-0.0704601,-0.0465859,0.765584,-2.6408,-0.0217044,-0.03643
11486,0.132619,0.013473,0.127595,-2.13167,-0.0705683,0.0791831,0.752179,-2.56159,-0.0490728,-0.0533444
11494,0.132619,0.013473,0.127595,-2.13167,-0.0694857,0.118485,0.7568,-2.49266,-0.0496904,-0.0363214
11502,0.132619,0.013473,0.278388,-1.46457,-0.0686222,0.17591,0.746284,-2.25708,-0.0852602,-0.102442
11510,0.132619,0.013473,0.278388,-1.46457,-0.0674508,0.200425,0.737939,-2.01635,-0.0612189,-0.0695688
11518,0.132619,0.013473,0.46398,-0.529085,-0.0658533,0.233598,0.734271,-1.92479,-0.137871,-0.192019
11526,0.132619,0.013473,0.46398,-0.529085,-0.0642474,0.218944,0.702522,-1.51278,-0.0839863,-0.148672
11534,0.132619,0.013473,0.554457,0.0306715,-0.0617154,0.335117,0.697026,-1.09408,-0.107871,-0.157705
11542,0.132619,0.013473,0.554457,0.0306715,-0.0594305,0.436914,0.67543,-0.718582,-0.0801453,-0.0964564
11549,0.132619,0.013473,0.554457,0.0306715,-0.0558498,0.372031,0.648519,-0.373437,-0.0293072,-0.0659705
11558,0.132619,0.013473,0.547497,0.0306715,-0.0530223,0.620898,0.658463,-0.46911,-0.0884049,-0.0286594
11566,0.132619,0.013473,0.547497,0.0306715,-0.0470016,0.73253,0.669087,-0.418701,-0.110925,0.006188
11574,0.132619,0.013473,0.521978,0.0306715,-0.0417099,0.678862,0.675319,-0.172832,-0.0854349,0.0386536
11582,0.132619,0.013473,0.521978,0.0306715,-0.0366845,0.490202,0.684798,-0.12345,-0.0567837,0.021163
11590,0.132619,0.013473,0.547497,0.0306715,-0.032718,0.447432,0.699855,-0.14454,-0.0559396,0.0152688
11598,0.132619,0.013473,0.547497,0.0306715,-0.0291302,0.327921,0.696821,-0.0277762,-0.0268171,0.0133991
11606,0.132619,0.013473,0.596215,0.0306715,-0.02635,0.266369,0.698116,0.092073,0.00132337,0.0133984
11614,0.132619,0.013473,0.596215,0.0306715,-0.0242507,0.262242,0.698956,0.152769,0.0061444,0.0229232
11621,0.132619,0.013473,0.596215,0.0306715,-0.022232,0.301149,0.693994,0.0967025,-0.00887663,0.0248569
11630,0.132619,0.013473,0.695971,0.0306715,-0.0197838,0.368695,0.687061,-0.0221172,-0.0202454,0.00840791
11638,0.132619,0.013473,0.695971,0.0306715,-0.0169923,0.424123,0.689624,0.0041155,-0.0305775,0.0251415
11646,0.132619,0.013473,0.730769,0.0306715,-0.013869,0.435975,0.691306,0.115734,-0.0183403,0.0393301
11654,0.132619,0.013473,0.730769,0.0306715,-0.0104782,0.417059,0.685189,0.0678982,-0.0245091,0.0341995
11662,0.132619,0.013473,0.730769,0.0306715,-0.00715131,0.383351,0.678,-0.0262333,-0.0334225,0.0208399
11670,0.132619,0.013473,0.730769,0.0306715,-0.00488408,0.403332,0.675969,0.0164608,-0.0344843,0.0320733
11678,0.132619,0.013473,0.730769,0.0306715,-0.00175327,0.386947,0.674781,0.0113166,-0.0364792,0.0328506
11686,0.132619,0.013473,0.730769,0.0306715,0.00153723,0.38828,0.684495,-0.00411446,-0.0445954,0.037378
11693,0.132619,0.013473,0.730769,0.0306715,0.00466789,0.352578,0.683931,-0.0154312,-0.044218,0.0342674
11702,0.132619,0.013473,0.730769,0.130354,0.00726734,0.336183,0.686918,-0.00308643,-0.0558395,0.0252623
11710,0.132619,0.013473,0.730769,0.130354,0.00964987,0.256114,0.690413,0.0509229,-0.0400428,0.0220076
11718,0.132619,0.013473,0.844444,1.44923,0.0110124,0.219076,0.69513,0.0874437,-0.169332,-0.151503
11726,0.132619,0.013473,0.844444,1.44923,0.0125526,0.204951,0.694422,0.476824,-0.12311,-0.105833
11734,0.132619,0.013473,0.876923,2.59941,0.0137476,0.189899,0.685802,0.938223,-0.196798,-0.194763
11742,0.132619,0.013473,0.876923,2.59941,0.0152919,0.392276,0.696235,1.29983,-0.191511,-0.114057
11750,0.132619,0.013473,0.842125,3.55023,0.0188367,0.314867,0.701063,1.96904,-0.223113,-0.149106
11758,0.132619,0.013473,0.842125,3.55023,0.020973,0.264641,0.71191,2.50758,-0.156013,-0.0892028
11765,0.132619,0.013473,0.842125,3.55023,0.022863,0.279027,0.732185,3.03224,-0.102432,-0.0188656
11774,0.132619,0.013473,0.751648,3.7956,0.025073,0.360162,0.763312,3.02555,-0.168184,-0.0123215
11782,0.132619,0.013473,0.751648,3.7956,0.0288205,0.288224,0.758476,2.87433,-0.178448,-0.0379167
11790,0.132619,0.013473,0.70757,3.7956,0.0312443,0.0286904,0.778381,3.31566,-0.09708,-0.0158513
11798,0.132619,0.013473,0.70757,3.7956,0.031031,-0.104144,0.785769,3.48284,-0.0562751,-0.0175997
11806,0.132619,0.013473,0.70757,3.7956,0.028931,-0.207931,0.769261,3.43551,-0.0391207,-0.0462719
11814,0.132619,0.013473,0.70757,3.7956,0.0271754,-0.239503,0.745967,3.4602,-0.0248229,-0.0548656
11822,0.132619,0.013473,0.566056,3.11316,0.025704,-0.173819,0.730673,3.63355,0.0468286,0.0756793
11830,0.132619,0.013473,0.566056,3.11316,0.0250214,-0.0794902,0.723466,3.53479,0.0216629,0.0778076
11837,0.132619,0.013473,0.566056,3.11316,0.0242408,0.0226942,0.720878,3.14077,-0.0402031,0.0469653
11846,0.132619,0.013473,0.47326,2.54574,0.0238965,0.0607999,0.742558,3.18141,0.00717244,0.143243
11854,0.132619,0.013473,0.47326,2.54574,0.0239537,0.138739,0.748905,2.9196,-0.0376883,0.126541
11862,0.132619,0.013473,0.405983,2.04733,0.0252724,0.150063,0.780537,2.63103,-0.0325723,0.171023
11870,0.132619,0.013473,0.405983,2.04733,0.0256235,0.0164338,0.801977,2.35841,-0.0464931,0.120196
11878,0.132619,0.013473,0.283028,1.2422,0.0252655,-0.163561,0.816955,2.15112,0.0320471,0.182236
11886,0.132619,0.013473,0.283028,1.2422,0.0234809,-0.321839,0.839202,2.03024,0.0428885,0.14236
11894,0.132619,0.013473,0.199512,0.498413,0.0213307,-0.347024,0.856546,1.60485,0.0712859,0.189021
11902,0.132619,0.013473,0.199512,0.498413,0.0192575,-0.303192,0.859914,1.11362,0.00844468,0.136011
11909,0.132619,0.013473,0.199512,0.498413,0.0176653,-0.26469,0.903324,0.824546,-0.0368005,0.113119
11918,0.132619,0.013473,0.113675,0.0383394,0.0156663,-0.343431,0.919821,0.636792,-0.00540505,0.145747
11926,0.132619,0.013473,0.113675,0.0383394,0.0123443,-0.385794,0.934466,0.657373,0.00623567,0.138788
11934,0.132619,0.013473,0.113675,0.0383394,0.00916248,-0.591759,0.933642,0.428481,0.01788,0.0724444
11942,0.132619,0.013473,0.113675,0.0383394,0.00348442,-0.794939,0.913406,0.304509,0.0479752,0.0123851
11950,0.132619,0.013473,0.113675,0.0383394,-0.00270734,-0.824384,0.880524,0.52878,0.0930654,0.020049
11958,0.132619,0.013473,0.113675,0.0383394,-0.00921679,-0.827724,0.826441,0.647598,0.125255,0.0157935
11966,0.132619,0.013473,0.113675,0.0383394,-0.015928,-0.762718,0.763963,0.416132,0.106478,-0.0199754
11974,0.132619,0.013473,0.113675,0.0383394,-0.0214154,-0.462537,0.736692,0.1718,0.0398812,-0.0102275
11981,0.132619,0.013473,0.113675,0.0383394,-0.0246287,-0.230052,0.715524,0.233012,0.0163986,0.0283577
11990,0.132619,0.013473,0.115995,0.0306715,-0.0262699,0.0202936,0.71754,0.179003,-0.0282315,0.0627825
11998,0.132619,0.013473,0.115995,0.0306715,-0.0266339,-0.00861439,0.700893,-0.00102809,-0.0414762,0.0334368
12006,0.132619,0.013473,0.194872,0.0230037,-0.0272539,-0.029533,0.70602,0.0900148,-0.0136547,0.0288354
12014,0.132619,0.013473,0.194872,0.0230037,-0.0270841,-0.0972142,0.699531,0.141967,0.00449003,0.0227508
12022,0.132619,0.013473,0.22735,0.0153358,-0.0274286,-0.0667042,0.697947,-0.0452648,-0.0157649,0.00070374
12030,0.132619,0.013473,0.22735,0.0153358,-0.0281195,-0.0992132,0.681798,-0.0606968,-0.00865019,-0.0101639
12038,0.132619,0.013473,0.257509,0.0153358,-0.028791,-0.00968134,0.682784,-0.0313777,-0.0144082,0.00277267
12046,0.132619,0.013473,0.257509,0.0153358,-0.028779,0.0393473,0.67242,0.0282902,-0.0138467,0.0164431
12053,0.132619,0.013473,0.257509,0.0153358,-0.028383,0.102496,0.672759,0.0833273,-0.0184201,0.0342048
12062,0.132619,0.013473,0.262149,-0.00766826,-0.0274275,0.141002,0.67283,-0.0478361,-0.0381179,0.0285021
12070,0.132619,0.013473,0.262149,-0.00766826,-0.0260447,0.138604,0.678224,-0.0560677,-0.0414557,0.0299107
12078,0.132619,0.013473,0.262149,-0.168694,-0.0253272,0.0392122,0.671967,0.086414,0.0107941,0.0490119
12086,0.132619,0.013473,0.262149,-0.168694,-0.0252952,0.00124404,0.669151,-0.0550377,0.00082576,0.0254762
12094,0.132619,0.013473,0.22967,-0.429402,-0.0252791,-0.00048747,0.664407,-0.184145,0.0121313,0.0452326
12102,0.132619,0.013473,0.22967,-0.429402,-0.0252861,-0.00914853,0.656503,-0.202149,0.0127269,0.0403601
12110,0.132619,0.013473,0.22967,-0.43707,-0.025384,0.0234926,0.651278,-0.223753,0.00665364,0.0432407
12118,0.132619,0.013473,0.22967,-0.43707,-0.0251908,0.133008,0.66333,-0.161513,-0.00635951,0.0712809
12125,0.132619,0.013473,0.22967,-0.43707,-0.0239204,0.139536,0.664309,-0.315826,-0.0275237,0.0560586
12134,0.132619,0.013473,0.262149,-0.345055,-0.0234531,0.0729197,0.661251,-0.41047,-0.0334016,0.0176779
12142,0.132619,0.013473,0.262149,-0.345055,-0.0230129,-0.0384605,0.653619,-0.328686,-0.00468991,0.00793962
12150,0.132619,0.013473,0.262149,-0.337387,-0.0230493,-0.0657718,0.651766,-0.31737,0.0006124,0.00341494
12158,0.132619,0.013473,0.262149,-0.337387,-0.0232661,-0.02487,0.649353,-0.46911,-0.0233567,-0.00831326
12166,0.132619,0.013473,0.262149,-0.337387,-0.0231568,0.0469412,0.646271,-0.462423,-0.0341179,0.00424482
12174,0.132619,0.013473,0.262149,-0.337387,-0.0227122,0.067193,0.637743,-0.351318,-0.0236178,0.0200377
12182,0.132619,0.013473,0.266789,-0.337387,-0.0221397,0.102766,0.641587,-0.301939,-0.0243491,0.0325409
12190,0.132619,0.013473,0.266789,-0.337387,-0.0214242,0.0970365,0.647752,-0.336917,-0.0294954,0.0294248
12197,0.132619,0.013473,0.266789,-0.337387,-0.0208679,0.0332181,0.639203,-0.389381,-0.0244924,0.0118517
12206,0.132619,0.013473,0.301587,-0.337387,-0.0209663,-0.0112804,0.630346,-0.32097,-0.00189621,0.00526295
12214,0.132619,0.013473,0.301587,-0.337387,-0.0210743,0.0217607,0.621732,-0.332287,-0.00716788,0.00796088
12222,0.132619,0.013473,0.341026,-0.322051,-0.0209821,0.075986,0.623576,-0.380123,-0.0176669,0.00370978
12230,0.132619,0.013473,0.341026,-0.322051,-0.0206554,0.121552,0.61973,-0.367264,-0.0235284,0.0127491
12238,0.132619,0.013473,0.373504,-0.237705,-0.0199198,0.191498,0.624675,-0.292165,-0.0327802,0.0200375
12246,0.132619,0.013473,0.373504,-0.237705,-0.0186573,0.203357,0.617752,-0.2433,-0.0296039,0.0284495
12254,0.132619,0.013473,0.450061,-0.222369,-0.0169395,0.197092,0.616033,-0.323542,-0.0295805,0.00586337
12262,0.132619,0.013473,0.450061,-0.222369,-0.0157164,0.12981,0.609573,-0.314797,-0.0180424,-0.00379681
12269,0.132619,0.013473,0.450061,-0.222369,-0.014447,0.115022,0.605717,-0.207809,-0.00410647,0.0074952
12278,0.132619,0.013473,0.452381,-0.222369,-0.0134407,0.174578,0.601747,-0.276219,-0.0224,0.0098352
12286,0.132619,0.013473,0.452381,-0.222369,-0.0119637,0.242658,0.594535,-0.220667,-0.0279963,0.0287715
12294,0.132619,0.013473,0.454701,-0.322051,-0.00991348,0.244658,0.592592,-0.272618,-0.0248291,0.036907
12302,0.132619,0.013473,0.454701,-0.322051,-0.00815705,0.273968,0.599336,-0.281363,-0.0342096,0.0443387
12310,0.132619,0.013473,0.457021,-0.429402,-0.00609799,0.222937,0.605886,-0.231983,-0.010794,0.0577953
12318,0.132619,0.013473,0.457021,-0.429402,-0.00440957,0.157659,0.601533,-0.337945,-0.014081,0.0358973
12326,0.132619,0.013473,0.48486,-0.43707,-0.00321584,0.135273,0.59605,-0.384751,-0.0112566,0.0237807
12334,0.132619,0.013473,0.48486,-0.43707,-0.00212254,0.113157,0.589132,-0.360062,-0.0050697,0.0233701
12341,0.132619,0.013473,0.48486,-0.43707,-0.00114317,0.136873,0.59275,-0.364178,-0.0114088,0.0288244
12350,0.132619,0.013473,0.554457,-0.460073,1.93e-05,0.187502,0.595471,-0.34206,-0.00530526,0.0335349
12358,0.132619,0.013473,0.554457,-0.460073,0.00137289,0.219077,0.590422,-0.386296,-0.0167916,0.0346943
12366,0.132619,0.013473,0.554457,-0.559756,0.00305182,0.227602,0.586611,-0.482998,-0.0195415,0.0381983
12374,0.132619,0.013473,0.554457,-0.559756,0.00460276,0.212414,0.585004,-0.454193,-0.0155001,0.0409328
12382,0.132619,0.013473,0.515018,-0.989158,0.00606346,0.161519,0.583781,-0.513347,0.0284001,0.0843003
12390,0.132619,0.013473,0.515018,-0.989158,0.00723003,0.168848,0.58001,-0.678976,0.00667718,0.0669659
12398,0.132619,0.013473,0.394383,-1.72528,0.00829009,0.176043,0.581544,-0.730413,0.0650363,0.170274
12406,0.132619,0.013473,0.394383,-1.72528,0.00954554,0.170848,0.589962,-0.990172,0.0322121,0.141787
12413,0.132619,0.013473,0.394383,-1.72528,0.0104554,0.174046,0.60348,-1.30291,-0.0085925,0.108794
12422,0.132619,0.013473,0.357265,-2.00132,0.0115806,0.11529,0.611937,-1.24479,0.0316339,0.147291
12430,0.132619,0.013473,0.357265,-2.00132,0.0119019,-0.0272686,0.610839,-1.36001,0.0414083,0.109892
12438,0.132619,0.013473,0.317827,-2.46139,0.0111223,-0.0837579,0.618384,-1.66966,0.0619936,0.124635
12446,0.132619,0.013473,0.317827,-2.46139,0.0103226,-0.103343,0.616902,-1.94794,0.033784,0.0870872
12454,0.132619,0.013473,0.289988,-2.65309,0.00933443,-0.100413,0.605156,-2.09968,0.0367708,0.0935278
12462,0.132619,0.013473,0.289988,-2.65309,0.00822655,-0.0942851,0.609017,-2.2149,0.0230774,0.0800267
12470,0.132619,0.013473,0.287668,-2.65309,0.00733028,-0.0537818,0.61208,-2.3723,-0.0018157,0.0678762
12478,0.132619,0.013473,0.287668,-2.65309,0.00675089,-0.061909,0.603835,-2.40985,-0.00277167,0.0599347
12485,0.132619,0.013473,0.287668,-2.65309,0.0062139,-0.0624408,0.607719,-2.51581,-0.0150579,0.0471999
12494,0.132619,0.013473,0.322467,-2.42305,0.00526754,-0.0862895,0.606939,-2.6408,-0.0459138,-0.00583781
12502,0.132619,0.013473,0.322467,-2.42305,0.00482877,-0.116399,0.601783,-2.56107,-0.0300997,-0.00293033
12510,0.132619,0.013473,0.289988,-2.54574,0.00378008,-0.0872203,0.598394,-2.57599,-0.0254803,0.0179645
12518,0.132619,0.013473,0.289988,-2.54574,0.00254651,-0.0564441,0.598854,-2.5976,-0.0315061,0.0189657
12526,0.132619,0.013473,0.250549,-2.76811,0.00254081,-0.118662,0.581689,-2.5657,0.00518127,0.0421099
12534,0.132619,0.013473,0.250549,-2.76811,0.00157735,0.00857006,0.59452,-2.66909,-0.0288214,0.0520802
12542,0.132619,0.013473,0.213431,-2.88313,0.00151611,-0.0264674,0.596155,-2.59605,-0.00701459,0.0745611
12550,0.132619,0.013473,0.213431,-2.88313,0.00083789,-0.0564459,0.591135,-2.61714,-0.00279503,0.0652622
12557,0.132619,0.013473,0.213431,-2.88313,0.00032223,-0.04552,0.59585,-2.74265,-0.0194453,0.0523128
12566,0.132619,0.013473,0.213431,-2.88313,-0.0002339,-0.0633736,0.602337,-2.70716,-0.0125878,0.0537713
12574,0.132619,0.013473,0.213431,-2.88313,-0.00092896,-0.0913519,0.594045,-2.76117,-0.0120285,0.0403677
12582,0.132619,0.013473,0.213431,-2.76811,-0.00168753,-0.075364,0.599506,-2.83524,-0.0367961,0.0205393
12590,0.132619,0.013473,0.213431,-2.76811,-0.00255827,-0.117332,0.60045,-2.77506,-0.0217105,0.0195196
12598,0.132619,0.013473,0.24359,-2.40005,-0.00359859,-0.093351,0.595292,-2.78071,-0.0626046,-0.0277476
12606,0.132619,0.013473,0.24359,-2.40005,-0.00420663,-0.0340617,0.603829,-2.64029,-0.0564204,-0.00061381
12614,0.132619,0.013473,0.24591,-2.39238,-0.00467829,-0.0732322,0.598079,-2.55182,-0.0384643,0.00037742
12622,0.132619,0.013473,0.24591,-2.39238,-0.00513803,-0.0635063,0.596507,-2.60325,-0.0452525,-0.0049535
12629,0.132619,0.013473,0.24591,-2.39238,-0.00551501,-0.0537807,0.590632,-2.54256,-0.0382487,0.00239313
12638,0.132619,0.013473,0.24359,-2.39238,-0.00600911,-0.0684363,0.591151,-2.4546,-0.0252363,0.0100917
12646,0.132619,0.013473,0.24359,-2.39238,-0.00668725,-0.0432562,0.58703,-2.40316,-0.0217528,0.0188154
12654,0.132619,0.013473,0.24591,-2.24669,-0.00718363,-0.0190076,0.580879,-2.37693,-0.0378004,0.00673094
12662,0.132619,0.013473,0.24591,-2.24669,-0.00737812,0.0174963,0.591307,-2.38259,-0.0459263,0.01363
12670,0.132619,0.013473,0.278388,-2.101,-0.00710753,0.0329516,0.591985,-2.26891,-0.0475093,0.00770373
12678,0.132619,0.013473,0.278388,-2.101,-0.00679913,-0.00142115,0.585634,-2.12746,-0.0245483,0.0180323
12686,0.132619,0.013473,0.357265,-1.99365,-0.0070512,-0.0264685,0.583059,-2.27045,-0.036437,-0.029261
12694,0.132619,0.013473,0.357265,-1.99365,-0.00714613,0.0344181,0.58703,-2.27817,-0.0479411,-0.0193947
12701,0.132619,0.013473,0.357265,-1.99365,-0.0066635,0.0369485,0.57456,-2.04053,-0.0190131,0.00778531
12710,0.132619,0.013473,0.438462,-1.76361,-0.00631271,0.0517384,0.569432,-2.04258,-0.0353922,-0.03058
12718,0.132619,0.013473,0.438462,-1.76361,-0.00597191,0.11076,0.567827,-2.05442,-0.0467721,-0.0218093
12726,0.132619,0.013473,0.663492,-1.11951,-0.00526558,0.143534,0.555335,-1.90885,-0.0736675,-0.112507
12734,0.132619,0.013473,0.663492,-1.11951,-0.00409676,0.213481,0.549144,-1.59302,-0.0486465,-0.0627496
12742,0.132619,0.013473,0.842125,-0.452406,-0.00217038,0.272101,0.541753,-1.44797,-0.0925597,-0.141879
12750,0.132619,0.013473,0.842125,-0.452406,-0.00031396,0.345513,0.528728,-1.27719,-0.0850474,-0.108833
12758,0.132619,0.013473,1.00452,-0.00766826,0.00233113,0.360567,0.499956,-0.930506,-0.0719417,-0.145019
12766,0.132619,0.013473,1.00452,-0.00766826,0.0049702,0.557086,0.497311,-0.730413,-0.0841116,-0.0849837
12773,0.132619,0.013473,1.00452,-0.00766826,0.00975325,0.655275,0.481654,-0.507175,-0.0781116,-0.0379229
12782,0.132619,0.013473,1.00452,-0.168694,0.0148631,0.766393,0.488951,-0.422817,-0.0757881,0.0180882
12790,0.132619,0.013473,1.00452,-0.168694,0.0208188,0.834741,0.496247,-0.367778,-0.0899682,0.0455556
12798,0.132619,0.013473,1.00452,-0.0613431,0.0275255,0.729879,0.504398,-0.229411,-0.0794545,0.0421459
12806,0.132619,0.013473,1.00452,-0.0613431,0.0331634,0.651939,0.516146,-0.0498944,-0.0550157,0.0599303
12814,0.132619,0.013473,1.03236,-0.0460073,0.0383956,0.516574,0.525186,0.00360063,-0.0322457,0.0458334
12822,0.132619,0.013473,1.03236,-0.0460073,0.0420807,0.431841,0.529482,0.0174891,-0.0223193,0.0389838
12830,0.132619,0.013473,1.03236,-0.0306715,0.0455337,0.406931,0.528878,-0.0365211,-0.0310029,0.0312741
12838,0.132619,0.013473,1.03236,-0.0306715,0.0487212,0.42519,0.531721,-0.0704685,-0.0428569,0.0352177
12845,0.132619,0.013473,1.03236,-0.0306715,0.0519913,0.446906,0.545379,-0.0185174,-0.0470173,0.0517565
12854,0.132619,0.013473,1.03236,-0.0306715,0.0554407,0.511518,0.562907,0.00462935,-0.0625462,0.0729976
12862,0.132619,0.013473,1.03236,-0.0306715,0.0588594,0.430644,0.558119,0.00925889,-0.0525219,0.0638713
12870,0.132619,0.013473,0.992918,-0.023004,0.0614613,0.256114,0.561662,-0.0277765,-0.0393678,0.0396801
12878,0.132619,0.013473,0.992918,-0.023004,0.0626339,0.278628,0.577846,-0.0761269,-0.0530085,0.041995
12886,0.132619,0.013473,0.94884,-0.0153358,0.0649198,0.222539,0.579474,-0.0720128,-0.0546309,0.0426474
12894,0.132619,0.013473,0.94884,-0.0153358,0.0666248,0.220543,0.583568,-0.0354919,-0.0529948,0.0496516
12902,0.132619,0.013473,0.881563,-0.00766826,0.0687034,0.234798,0.596433,0.0298335,-0.0643173,0.0746664
12910,0.132619,0.013473,0.881563,-0.00766826,0.0704572,0.202023,0.611772,0.00720124,-0.0664302,0.0713654
12917,0.132619,0.013473,0.881563,-0.00766826,0.0719579,0.0986362,0.618511,-0.024176,-0.0561449,0.0533836
12926,0.132619,0.013473,0.846764,-0.00766826,0.0721531,0.0278885,0.632742,-0.0447507,-0.055012,0.0471881
12934,0.132619,0.013473,0.846764,-0.00766826,0.072036,-0.0220734,0.636396,0.0555527,-0.0353448,0.0510447
12942,0.132619,0.013473,0.818926,-0.00766826,0.0711617,-0.0817603,0.631942,0.0524659,-0.0283877,0.0431679
12950,0.132619,0.013473,0.818926,-0.00766826,0.0705158,-0.0852235,0.633463,-0.0205749,-0.0357793,0.0332985
12958,0.132619,0.013473,0.818926,-0.00766826,0.0695849,0.0118997,0.644743,-0.0210896,-0.0524679,0.050147
12966,0.132619,0.013473,0.818926,-0.00766826,0.069326,0.0296219,0.65052,0.0740696,-0.044766,0.0649576
12974,0.132619,0.013473,0.786447,-0.00766826,0.0693171,0.0388134,0.659981,0.15174,-0.0438772,0.0824349
12982,0.132619,0.013473,0.786447,-0.00766826,0.0689723,-0.0625748,0.656552,-0.0128592,-0.0454522,0.0448443
12989,0.132619,0.013473,0.786447,-0.00766826,0.0678853,-0.117066,0.660447,-0.0642965,-0.0416229,0.0286928
12998,0.132619,0.013473,0.751648,0.0153358,0.0668627,-0.161165,0.662944,0.0231471,-0.0313275,0.0334636
13006,0.132619,0.013473,0.751648,0.0153358,0.0653816,-0.102276,0.670377,0.0807572,-0.0334597,0.0493516
13014,0.132619,0.013473,0.749328,0.0153358,0.0644473,-0.111871,0.67063,0.0164603,-0.0385792,0.0392515
13022,0.132619,0.013473,0.749328,0.0153358,0.0637604,-0.0376617,0.679301,-0.0576103,-0.0600536,0.0434571
13030,0.132619,0.013473,0.749328,0.0230037,0.0634267,-0.0503171,0.687747,0.0010295,-0.0528535,0.0482464
13038,0.132619,0.013473,0.749328,0.0230037,0.0628103,-0.0889541,0.692664,0.0658408,-0.0387629,0.0493288
13046,0.132619,0.013473,0.788767,0.14569,0.0621038,-0.14904,0.692231,-0.0051442,-0.0442411,0.00889498
13054,0.132619,0.013473,0.788767,0.14569,0.0607622,-0.18208,0.688254,-0.0601794,-0.0427723,-0.00568507
13061,0.132619,0.013473,0.788767,0.14569,0.0593051,-0.173955,0.68764,0.0277762,-0.0316572,0.00396449
13070,0.132619,0.013473,0.863004,0.14569,0.0582074,-0.0813614,0.69138,0.15277,-0.0194105,0.0214787
13078,0.132619,0.013473,0.863004,0.14569,0.0572888,-0.00075692,0.688936,0.07407,-0.0403823,0.0241037
13086,0.132619,0.013473,0.897802,0.0536752,0.0571025,0.0536038,0.686866,-0.0210887,-0.0435658,0.0267029
13094,0.132619,0.013473,0.897802,0.0536752,0.0575291,0.0590662,0.686313,0.069955,-0.0342391,0.0388896
13102,0.132619,0.013473,0.930281,0.0383394,0.05761,0.0428112,0.688298,0.176944,-0.0123339,0.0458076
13110,0.132619,0.013473,0.930281,0.0383394,0.0575311,0.0369477,0.680218,0.115735,-0.0171655,0.0361711
13118,0.132619,0.013473,0.930281,0.0383394,0.0575348,0.0174973,0.668432,0.031377,-0.0219909,0.021024
13126,0.132619,0.013473,0.930281,0.0383394,0.0582273,0.0787839,0.676861,0.0884725,-0.0277224,0.0404294
13133,0.132619,0.013473,0.930281,0.0383394,0.05864,0.153795,0.681097,0.0817858,-0.0421838,0.053546
13142,0.132619,0.013473,0.897802,0.0383394,0.0595833,0.183373,0.688239,0.122422,-0.0499688,0.0710306
13150,0.132619,0.013473,0.897802,0.0383394,0.0605279,0.229065,0.700536,0.0360062,-0.0709955,0.0718128
13158,0.132619,0.013473,0.856044,0.0306715,0.0619807,0.0373488,0.692521,0.0591502,-0.043033,0.0505682
13166,0.132619,0.013473,0.856044,0.0306715,0.0623233,0.0286882,0.716125,0.0401214,-0.048111,0.0511359
13174,0.132619,0.013473,0.821245,0.0306715,0.0624935,-0.0427225,0.713984,0.055554,-0.0399554,0.046413
13182,0.132619,0.013473,0.821245,0.0306715,0.0619027,-0.0938832,0.716033,0.00977338,-0.0363945,0.0318824
13190,0.132619,0.013473,0.818926,0.0306715,0.0609593,-0.115867,0.718235,-0.00360049,-0.0337628,0.0260138
13198,0.132619,0.013473,0.818926,0.0306715,0.0597201,-0.0516513,0.726307,0.088987,-0.0330907,0.0473735
13205,0.132619,0.013473,0.818926,0.0306715,0.0587767,-0.0266018,0.728945,0.119337,-0.0327949,0.0543039
13214,0.132619,0.013473,0.818926,0.0306715,0.0578656,0.0029739,0.732418,-0.0282913,-0.0543986,0.0411368
13222,0.132619,0.013473,0.818926,0.0306715,0.0573478,-0.00155503,0.737278,-0.0272622,-0.0535994,0.0405597
13230,0.132619,0.013473,0.781807,0.0306715,0.0566489,-0.0548471,0.735629,0.116249,-0.0326143,0.053282
13238,0.132619,0.013473,0.781807,0.0306715,0.055767,-0.0700352,0.736046,0.0678977,-0.0346532,0.0438489
13246,0.132619,0.013473,0.781807,0.0306715,0.0552082,-0.0782948,0.738357,-0.0432076,-0.0459823,0.0289189
13254,0.132619,0.013473,0.781807,0.0306715,0.0545567,-0.0828269,0.74366,-0.0478367,-0.0457372,0.0275583
13262,0.132619,0.013473,0.749328,0.0306715,0.0538305,-0.0110134,0.753548,0.100303,-0.0460035,0.0630036
13270,0.132619,0.013473,0.749328,0.0306715,0.0538486,0.00177608,0.756943,0.0699551,-0.0522693,0.0621453
13277,0.132619,0.013473,0.749328,0.0306715,0.0535051,-0.068968,0.752636,-0.0498944,-0.0535079,0.0348741
13286,0.132619,0.013473,0.749328,0.0306715,0.0529424,-0.117598,0.762524,-0.0334355,-0.0443331,0.02943
13294,0.132619,0.013473,0.749328,0.0306715,0.0516486,-0.130122,0.761742,0.0992738,-0.0247213,0.0410866
13302,0.132619,0.013473,0.749328,0.0306715,0.0501593,-0.166228,0.75362,0.0102876,-0.025875,0.0211033
13310,0.132619,0.013473,0.749328,0.0306715,0.0487949,-0.0511176,0.765951,-0.0859009,-0.0563911,0.0292439
13318,0.132619,0.013473,0.747008,0.0306715,0.0484434,-0.0380593,0.764494,0.0159459,-0.0462103,0.0431382
13326,0.132619,0.013473,0.747008,0.0306715,0.0478693,-0.0603083,0.766234,0.213981,-0.0186831,0.062281
13334,0.132619,0.013473,0.747008,0.0306715,0.047344,-0.0641734,0.770066,0.0324062,-0.0393344,0.040053
13342,0.132619,0.013473,0.747008,0.0306715,0.0467023,-0.0465861,0.769317,-0.0684117,-0.0531261,0.0300906
13349,0.132619,0.013473,0.747008,0.0306715,0.0465072,-0.102144,0.767503,0.129621,-0.0200293,0.0435676
13358,0.132619,0.013473,0.744689,0.0306715,0.0459133,-0.0672386,0.76706,0.149683,-0.022935,0.0513059
13366,0.132619,0.013473,0.744689,0.0306715,0.0454067,-0.0312664,0.769731,-0.0339491,-0.0502664,0.0353931
13374,0.132619,0.013473,0.744689,0.0306715,0.0448645,-0.0190081,0.774669,-0.0154317,-0.0501666,0.0396939
13382,0.132619,0.013473,0.744689,0.0306715,0.0445699,-0.0700354,0.775589,0.155854,-0.0212752,0.0510754
13390,0.132619,0.013473,0.744689,0.0383394,0.0436775,-0.0481842,0.777806,0.026233,-0.0402046,0.0376512
13398,0.132619,0.013473,0.744689,0.0383394,0.0432158,-0.0500495,0.781023,-0.105962,-0.055357,0.0215874
13406,0.132619,0.013473,0.747008,0.0383394,0.0428766,-0.0962812,0.781847,0.0144031,-0.0328101,0.0273071
13414,0.132619,0.013473,0.747008,0.0383394,0.0418431,-0.0814931,0.782983,0.140424,-0.019176,0.0434494
13421,0.132619,0.013473,0.747008,0.0383394,0.0410238,-0.045388,0.781551,0.0447507,-0.0350757,0.0368627
13430,0.132619,0.013473,0.781807,0.0383394,0.0404968,-0.0204729,0.782409,-0.0174892,-0.0403487,0.0275082
13438,0.132619,0.013473,0.781807,0.0383394,0.040266,-0.0392598,0.783324,0.105961,-0.0225214,0.0387608
13446,0.132619,0.013473,0.807326,0.0383394,0.0399347,-0.00901503,0.778874,0.111619,-0.0215849,0.0392433
13454,0.132619,0.013473,0.807326,0.0383394,0.038974,-0.00675197,0.772395,-0.0432078,-0.0378421,0.018946
13462,0.132619,0.013473,0.807326,0.0383394,0.0382789,0.0413454,0.779804,-0.0246903,-0.0438671,0.0294782
13470,0.132619,0.013473,0.807326,0.0383394,0.0385988,0.0597322,0.777215,0.111105,-0.0309339,0.0486591
13478,0.132619,0.013473,0.809646,0.0383394,0.0390815,0.110226,0.781318,0.0704687,-0.0450356,0.0533288
13486,0.132619,0.013473,0.809646,0.0383394,0.0397772,0.125281,0.787977,-0.00668682,-0.058647,0.0487845
13493,0.132619,0.013473,0.809646,0.0383394,0.0408599,0.109824,0.795651,-0.0195459,-0.0603225,0.0473947
13502,0.132619,0.013473,0.814286,0.0536752,0.0418154,0.0308176,0.788531,0.0658401,-0.0383982,0.0417793
13510,0.132619,0.013473,0.814286,0.0536752,0.0414656,-0.0944154,0.772366,0.0288049,-0.0189346,0.0131878
13518,0.132619,0.013473,0.814286,0.161026,0.0409119,0.00937236,0.785711,-0.0216053,-0.0561053,0.0134269
13526,0.132619,0.013473,0.814286,0.161026,0.0418063,0.084646,0.787625,0.0277761,-0.0642907,0.0335098
13534,0.132619,0.013473,0.814286,0.161026,0.0423166,0.113559,0.781181,0.168201,-0.0521961,0.0546564
13542,0.132619,0.013473,0.814286,0.161026,0.0428589,-0.0104752,0.781235,-0.00514497,-0.0528278,0.014003
13550,0.132619,0.013473,0.777167,0.260708,0.0425201,0.0429433,0.793143,-0.0437218,-0.0853969,0.0140983
13558,0.132619,0.013473,0.777167,0.260708,0.0428048,-0.0116812,0.79842,0.171287,-0.0522541,0.0315472
13565,0.132619,0.013473,0.777167,0.260708,0.0426313,0.0354864,0.811014,0.319943,-0.044341,0.0588654
13574,0.132619,0.013473,0.770208,0.406398,0.0432694,0.138338,0.833591,0.337945,-0.0820548,0.0667628
13582,0.132619,0.013473,0.770208,0.406398,0.0444618,0.160988,0.851936,0.44082,-0.0782744,0.0873539
13590,0.132619,0.013473,0.744689,0.536752,0.0476154,0.125017,0.862552,0.578158,-0.0816363,0.092306
13598,0.132619,0.013473,0.744689,0.536752,0.0488292,0.0980919,0.87939,0.735045,-0.0630663,0.110707
13606,0.132619,0.013473,0.70989,0.521416,0.0501805,-0.230845,0.85706,0.496374,-0.0387547,0.0327035
13614,0.132619,0.013473,0.70989,0.521416,0.0493596,-0.260143,0.869235,0.616736,-0.020554,0.0428141
13622,0.132619,0.013473,0.679731,0.39873,0.0454529,-0.643455,0.81696,0.426933,0.0439526,-0.0387553
13630,0.132619,0.013473,0.679731,0.39873,0.0401214,-0.533797,0.807385,0.417159,0.0334904,-0.0303483
13637,0.132619,0.013473,0.679731,0.39873,0.0365296,-0.194741,0.800649,0.471167,-0.0102992,0.0271622
13646,0.132619,0.013473,0.647253,0.115018,0.0354542,-0.267898,0.748337,0.492257,0.0424023,0.0461688
13654,0.132619,0.013473,0.647253,0.115018,0.033056,0.3908,0.822728,0.581246,-0.0649136,0.176456
13662,0.132619,0.013473,0.607814,0.115018,0.0361176,0.00512394,0.795399,0.120365,-0.0614813,0.0631137
13670,0.132619,0.013473,0.607814,0.115018,0.0358343,0.198693,0.855429,-0.236099,-0.144825,0.0629035
13678,0.132619,0.013473,0.579976,0.10735,0.0384153,0.124351,0.884521,-0.0257203,-0.119525,0.0888916
13686,0.132619,0.013473,0.579976,0.10735,0.0390214,-0.101201,0.931436,0.0812739,-0.0779405,0.0718942
13694,0.132619,0.013473,0.579976,0.0920147,0.0388302,-0.146645,0.961547,-0.0277753,-0.086041,0.0577368
13702,0.132619,0.013473,0.579976,0.0920147,0.0355526,-0.295599,0.95252,0.0699573,-0.0439023,0.0381673
13709,0.132619,0.013473,0.579976,0.0920147,0.0326712,-0.786949,0.918605,0.202151,0.0624788,-0.0385433
13718,0.132619,0.013473,0.582296,0.0920147,0.0245255,-0.5704,0.898622,0.19906,0.0410069,-0.0172683
13726,0.132619,0.013473,0.582296,0.0920147,0.0202373,-0.615448,0.817725,0.0411504,0.0487697,-0.0625136
13734,0.132619,0.013473,0.584615,0.0766789,0.0174492,-0.0840154,0.8703,-0.00617467,-0.0472985,0.0275762
13742,0.132619,0.013473,0.584615,0.0766789,0.0155582,-0.167168,0.806128,-0.041666,-0.0247801,-0.00360639
13750,0.132619,0.013473,0.586935,0.0766789,0.0149682,0.0955622,0.83688,0.150199,-0.0494626,0.0671547
13758,0.132619,0.013473,0.586935,0.0766789,0.016628,0.170581,0.851619,0.0231466,-0.0815097,0.0694647
13766,0.132619,0.013473,0.586935,0.069011,0.0176872,0.0577323,0.856598,0.121907,-0.0525303,0.065282
13774,0.132619,0.013473,0.586935,0.069011,0.0175737,-0.178216,0.839998,0.144539,-0.00795054,0.0253269
13781,0.132619,0.013473,0.586935,0.069011,0.0162198,-0.174617,0.854178,0.0385777,-0.0214582,0.0138152
13790,0.132619,0.013473,0.584615,0.0613431,0.0148756,-0.182348,0.850454,0.130136,-0.00641609,0.0221518
13798,0.132619,0.013473,0.584615,0.0613431,0.0137987,-0.161833,0.836504,-0.00668736,-0.0222129,0.00569641
13806,0.132619,0.013473,0.584615,0.0613431,0.0122349,-0.0906877,0.833373,0.0781855,-0.0213487,0.025058
13814,0.132619,0.013473,0.584615,0.0613431,0.0109871,-0.0170123,0.836627,0.158943,-0.0228498,0.0458265
13822,0.132619,0.013473,0.584615,0.0613431,0.0113671,0.0651963,0.840436,-0.01492,-0.0580883,0.0402801
13830,0.132619,0.013473,0.584615,0.0613431,0.012063,0.0897073,0.843479,0.110592,-0.0488039,0.0607071
13838,0.132619,0.013473,0.614774,0.0536752,0.0125507,-0.00062398,0.849647,0.122422,-0.0283492,0.0445861
13846,0.132619,0.013473,0.614774,0.0536752,0.012316,-0.142513,0.840245,-0.0534945,-0.0237379,-0.00198363
13853,0.132619,0.013473,0.614774,0.0536752,0.0114775,-0.141311,0.835081,-0.0241758,-0.0185009,-0.0003093
13862,0.132619,0.013473,0.651893,0.0536752,0.0103977,-0.0822924,0.827655,0.142997,7.395e-05,0.0207343
13870,0.132619,0.013473,0.651893,0.0536752,0.00953029,-0.0493837,0.819096,0.0252052,-0.0166888,0.00977859
13878,0.132619,0.013473,0.651893,0.0536752,0.0097054,0.0823811,0.818716,0.014402,-0.0399674,0.0309085
13886,0.132619,0.013473,0.651893,0.0536752,0.0102932,0.133143,0.815436,-0.0123458,-0.051806,0.0365953
13894,0.132619,0.013473,0.651893,0.0383394,0.0114523,0.17391,0.833387,0.0118295,-0.0583833,0.0526416
13902,0.132619,0.013473,0.651893,0.0383394,0.012604,0.0699894,0.825789,0.00308626,-0.0425555,0.0344516
13910,0.132619,0.013473,0.619414,0.0383394,0.0125664,0.0084368,0.832651,-0.00565774,-0.0396727,0.0293222
13918,0.132619,0.013473,0.619414,0.0383394,0.0118664,-0.0617757,0.825537,0.0807563,-0.0157542,0.0255778
13925,0.132619,0.013473,0.619414,0.0383394,0.0111677,-0.0625741,0.829275,0.0797281,-0.0153866,0.0249552
13934,0.132619,0.013473,0.614774,0.0383394,0.0106043,-0.0220748,0.823417,-0.0874441,-0.0408243,0.0110465
13942,0.132619,0.013473,0.614774,0.0383394,0.0103487,0.0569344,0.829398,0.00411492,-0.0437362,0.0358066
13950,0.132619,0.013473,0.579976,0.0383394,0.010815,0.0653291,0.832854,0.090016,-0.0418042,0.0541877
13958,0.132619,0.013473,0.579976,0.0383394,0.0111427,0.0841137,0.843136,0.0092591,-0.0565365,0.0499203
13966,0.132619,0.013473,0.579976,0.0383394,0.0113067,0.00097781,0.842234,0.0756133,-0.0350263,0.0438236
13974,0.132619,0.013473,0.579976,0.0383394,0.0111469,-0.0661716,0.844768,0.0761274,-0.0240313,0.0327446
13982,0.132619,0.013473,0.579976,0.0383394,0.0105641,-0.0945488,0.846064,-0.0149173,-0.0294677,0.0165958
13990,0.132619,0.013473,0.579976,0.0383394,0.00999898,-0.0972137,0.842011,-0.00617227,-0.0265682,0.0157437
13997,0.132619,0.013473,0.579976,0.0383394,0.00933374,-0.0842923,0.84067,0.0905296,-0.0161859,0.0282167
14006,0.132619,0.013473,0.582296,0.0383394,0.009016,-0.019409,0.844235,0.0853865,-0.0273045,0.0383131
14014,0.132619,0.013473,0.582296,0.0383394,0.00891109,0.0226928,0.844251,0.0010284,-0.0440772,0.0352992
14022,0.132619,0.013473,0.614774,0.0383394,0.00874416,0.0250913,0.847335,0.0658402,-0.0318758,0.0383981
14030,0.132619,0.013473,0.614774,0.0383394,0.00863408,-0.0393921,0.845887,0.0828143,-0.0188099,0.0291419
14038,0.132619,0.013473,0.619414,0.0383394,0.00802691,-0.0881541,0.837859,-0.0144023,-0.0193152,0.00654162
14046,0.132619,0.013473,0.619414,0.0383394,0.00668254,-0.0696361,0.830661,-0.00257169,-0.0179857,0.00804011
14054,0.132619,0.013473,0.614774,0.0536752,0.00599079,0.0210928,0.827179,0.0678973,-0.0257562,0.0290891
14062,0.132619,0.013473,0.614774,0.0536752,0.0059238,0.117288,0.828269,0.00565852,-0.049108,0.03804
14069,0.132619,0.013473,0.614774,0.0536752,0.00685036,0.124218,0.827063,0.00308626,-0.0516358,0.0399951
14078,0.132619,0.013473,0.547497,0.39873,0.00766928,0.13474,0.845162,0.0113163,-0.107937,0.0168427
14086,0.132619,0.013473,0.547497,0.39873,0.00832668,0.121415,0.861152,0.195463,-0.0875078,0.039852
14094,0.132619,0.013473,0.491819,0.636435,0.00843791,-0.0914846,0.849449,0.169228,-0.0905743,-0.0200215
14102,0.132619,0.013473,0.491819,0.636435,0.00743594,-0.118396,0.864644,0.298337,-0.0719759,-0.00823892
14110,0.132619,0.013473,0.394383,0.79746,0.00704302,-0.213258,0.859981,0.428475,-0.0743004,-0.0134883
14118,0.132619,0.013473,0.394383,0.79746,0.00527801,-0.164366,0.874028,0.420245,-0.0832101,-0.00639792
14126,0.132619,0.013473,0.315507,1.0735,0.00410042,-0.196073,0.88027,0.571985,-0.104695,-0.0143589
14134,0.132619,0.013473,0.315507,1.0735,0.00301897,-0.18475,0.891657,0.791623,-0.0810409,0.0138513
14141,0.132619,0.013473,0.315507,1.0735,0.00121822,-0.22938,0.898734,0.925875,-0.0564987,0.0208379
14150,0.132619,0.013473,0.225031,1.44923,-0.00103251,-0.352749,0.89327,0.915074,-0.0922082,-0.0350887
14158,0.132619,0.013473,0.225031,1.44923,-0.00420514,-0.374599,0.903263,1.145,-0.0587543,-0.0143812
14166,0.132619,0.013473,0.120635,1.6716,-0.00750677,-0.441084,0.883196,1.20724,-0.0756589,-0.0355159
14174,0.132619,0.013473,0.120635,1.6716,-0.0112051,-0.353557,0.909344,1.40527,-0.0659613,0.00174479
14182,0.132619,0.013473,0.0556777,1.81729,-0.0139606,-0.356619,0.901593,1.41608,-0.0867794,-0.00932066
14190,0.132619,0.013473,0.0556777,1.81729,-0.0170158,-0.348362,0.913011,1.51432,-0.0742187,0.00129043
14198,0.132619,0.013473,-0.00695971,1.93231,-0.0199599,-0.410041,0.919548,1.7427,-0.0577441,0.0113522
14206,0.132619,0.013473,-0.00695971,1.93231,-0.0232063,-0.458669,0.913808,1.66503,-0.0534641,-0.0114575
14213,0.132619,0.013473,-0.00695971,1.93231,-0.0269975,-0.506496,0.926284,1.77511,-0.0293802,-0.00975791
14222,0.132619,0.013473,-0.00695971,2.09333,-0.031353,-0.528078,0.90479,1.78283,-0.0344347,-0.0410235
14230,0.132619,0.013473,-0.00695971,2.09333,-0.0355759,-0.4584,0.898896,1.90679,-0.0246293,-0.0214198
14238,0.132778,0.0134114,-0.0046398,2.22369,-0.039124,-0.420833,0.894407,2.02613,-0.0262068,-0.022383
14246,0.132778,0.013393,-0.0046398,2.22369,-0.0423648,-0.309853,0.881511,1.968,-0.0449512,-0.0170715
14254,0.132619,0.0134467,-0.0046398,2.22369,-0.0447449,-0.296131,0.877445,2.08631,-0.0293489,-0.004742
14262,0.132619,0.0134617,-0.0046398,2.22369,-0.0474486,-0.221123,0.871811,2.0323,-0.0435018,-0.00315154
14270,0.132619,0.0134682,-0.0023199,2.13167,-0.0490261,-0.183679,0.866364,2.09557,-0.0279843,0.0180739
14278,0.132619,0.0134709,-0.0023199,2.13167,-0.0501928,-0.199,0.873162,2.12283,-0.0217247,0.0181865
14285,0.132619,0.0134721,-0.0023199,2.13167,-0.0517694,-0.27721,0.850409,1.99835,-0.0176089,-0.0155745
14294,0.132619,0.0134726,0.0324786,2.02432,-0.054053,-0.280147,0.849248,2.21387,0.0298447,0.0131386
14302,0.132619,0.0134729,0.0324786,2.02432,-0.0566079,-0.183416,0.847466,1.99012,-0.00875206,-0.00082594
14310,0.132619,0.013473,0.0603175,1.77895,-0.0580969,-0.0429897,0.841577,1.9932,0.00473525,0.0447338
14318,0.132619,0.013473,0.0603175,1.77895,-0.0588329,-0.0391249,0.835467,2.04104,0.0117251,0.0490361
14326,0.132619,0.013473,0.0904763,1.48757,-0.0596002,-0.0890897,0.806474,1.85947,0.0435168,0.0429947
14334,0.132619,0.013473,0.0904763,1.48757,-0.0592677,0.00057785,0.824553,1.83838,0.0228112,0.0589999
14342,0.132619,0.013473,0.0904763,1.48757,-0.05925,0.0213608,0.809041,1.60537,-0.00561365,0.0324848
14350,0.132619,0.013473,0.0904763,1.48757,-0.0596339,-0.0159426,0.798997,1.59302,0.00125472,0.0225828
14357,0.132619,0.013473,0.0904763,1.48757,-0.059872,0.0682578,0.806367,1.69281,-0.00179486,0.0494397
14366,0.132619,0.013473,0.0881563,1.76361,-0.0587539,0.084112,0.793787,1.47214,-0.0628302,-0.00670897
14374,0.132619,0.013473,0.0881563,1.76361,-0.0574022,0.105164,0.795187,1.58222,-0.0554263,0.0119544
14382,0.132619,0.013473,0.0881563,1.8633,-0.0569021,-0.0319305,0.794485,1.62748,-0.0397016,-0.0170232
14390,0.132619,0.013473,0.0881563,1.8633,-0.0573423,0.0517372,0.803777,1.53953,-0.0648179,-0.0124216
14398,0.132619,0.013473,0.0556777,1.97065,-0.0564888,0.0350822,0.80257,1.71956,-0.0597007,-0.00041704
14406,0.132619,0.013473,0.0556777,1.97065,-0.0562447,-0.0283346,0.797276,1.69435,-0.051648,-0.014608
14414,0.132619,0.013473,0.0278388,2.11634,-0.0567384,0.00124235,0.795244,1.83632,-0.0604643,-0.00658559
14422,0.132619,0.013473,0.0278388,2.11634,-0.0563252,-0.0513832,0.79377,1.99423,-0.0334693,0.00354116
14429,0.132619,0.013473,0.0278388,2.11634,-0.0568016,-0.0576463,0.806602,1.99012,-0.0343293,0.00340559
14438,0.132619,0.013473,0.0278388,2.26203,-0.0569518,-0.0727004,0.7902,1.90473,-0.0562164,-0.0293019
14446,0.132619,0.013473,0.0278388,2.26203,-0.0571971,0.0085706,0.803431,2.14752,-0.0428657,0.0148994
14454,0.132619,0.013473,0.0556777,2.26203,-0.0562003,-0.0540471,0.789528,2.19381,-0.0216842,0.00446652
14462,0.132619,0.013473,0.0556777,2.26203,-0.05608,-0.0708333,0.787805,2.17838,-0.0206094,-0.00030005
14470,0.132619,0.013473,0.0556777,2.24669,-0.0563765,-0.14451,0.780565,2.19896,-0.00260123,-0.0100596
14478,0.132619,0.013473,0.0556777,2.24669,-0.0575841,-0.122261,0.767183,2.15729,-0.00738499,-0.0150625
14486,0.132619,0.013473,0.0951161,1.98598,-0.0590693,-0.131855,0.747634,2.23239,0.0453072,0.0114541
14494,0.132619,0.013473,0.0951161,1.98598,-0.0605414,0.0321516,0.746871,2.20358,0.0168874,0.0335487
14501,0.132619,0.013473,0.0951161,1.98598,-0.0603276,0.161786,0.728685,2.05544,-0.0194065,0.0352687
14510,0.132619,0.013473,0.122955,1.68694,-0.0591067,0.237863,0.727746,2.06059,0.00679304,0.0811176
14518,0.132619,0.013473,0.122955,1.68694,-0.0567047,0.226403,0.735394,2.06779,0.00501438,0.0845981
14526,0.132619,0.013473,0.122955,0.973822,-0.0545948,0.186568,0.723141,1.81266,0.0646556,0.132971
14534,0.132619,0.013473,0.122955,0.973822,-0.052506,0.115954,0.725868,1.45362,0.030744,0.0819515
14542,0.132619,0.013473,0.0556777,0.222369,-0.0513341,0.0754534,0.721666,1.35486,0.102596,0.164067
14550,0.132619,0.013473,0.0556777,0.222369,-0.0505761,0.0655947,0.711018,1.1342,0.0789032,0.135653
14558,0.132619,0.013473,0.0556777,0.0383394,-0.0502272,0.0580016,0.705786,0.666108,0.047054,0.100432
14566,0.132619,0.013473,0.0556777,0.0383394,-0.0495955,0.189899,0.728572,0.622395,0.0155194,0.122059
14573,0.132619,0.013473,0.0556777,0.0383394,-0.0481223,0.147667,0.716526,0.542152,0.0129789,0.105551
14582,0.132619,0.013473,0.0556777,0.0383394,-0.046855,0.119552,0.720561,0.316853,-0.0112987,0.0765818
14590,0.132619,0.013473,0.0556777,0.0383394,-0.045966,0.0308199,0.727414,0.185176,-0.0144386,0.0483849
14598,0.132619,0.013473,0.0904763,0.0306715,-0.0456564,-0.076165,0.729844,0.0756127,-0.0039358,0.0135073
14606,0.132619,0.013473,0.0904763,0.0306715,-0.0462443,-0.108273,0.721,0.0185175,-0.0031142,-0.00089824
14614,0.132619,0.013473,0.0927961,0.0306715,-0.0469183,-0.091485,0.709373,0.0149169,-0.00314931,-0.00167369
14622,0.132619,0.013473,0.0927961,0.0306715,-0.0475691,-0.0432567,0.710276,1.27e-06,-0.0121485,0.00394118
14630,0.132619,0.013473,0.0927961,0.0230037,-0.0478608,0.0101714,0.708012,-0.0282906,-0.0226645,0.0097461
14638,0.132619,0.013473,0.0927961,0.0230037,-0.0476215,0.077321,0.704593,0.0123434,-0.0287775,0.025657
14645,0.132619,0.013473,0.0927961,0.0230037,-0.0468655,0.118619,0.703221,0.0529818,-0.0316461,0.0382542
14654,0.132619,0.013473,0.0927961,0.0230037,-0.0454344,0.0925067,0.711325,0.0642972,-0.029255,0.038477
14662,0.132619,0.013473,0.0927961,0.0230037,-0.0444502,-0.0066193,0.71211,0.046808,-0.0163718,0.0211802
14670,0.132619,0.013473,0.122955,0.0230037,-0.0445976,-0.0846912,0.700755,0.0282909,0.00126521,-0.0010706
14678,0.132619,0.013473,0.122955,0.0230037,-0.0453523,-0.0966812,0.68951,0.0375502,0.00718825,-0.00485664
14686,0.132619,0.013473,0.127595,0.0230037,-0.0461484,-0.0355297,0.690084,0.0236616,-0.00283145,0.00205756
14694,0.132619,0.013473,0.127595,0.0230037,-0.0461003,0.10916,0.696209,0.0334341,-0.0266998,0.0286719
14702,0.132619,0.013473,0.162393,0.0230037,-0.0454438,0.127149,0.680114,0.0802423,-0.01687,0.0299498
14710,0.132619,0.013473,0.162393,0.0230037,-0.044693,0.129679,0.674983,0.00205734,-0.0267053,0.0213481
14717,0.132619,0.013473,0.162393,0.0230037,-0.043648,0.119151,0.682191,0.0123447,-0.0263431,0.0233985
14726,0.132619,0.013473,0.250549,0.0230037,-0.0428207,0.0738538,0.677262,0.014403,-0.00474385,0.00215029
14734,0.132619,0.013473,0.250549,0.0230037,-0.0422253,0.0208276,0.66475,0.00668507,0.00432859,-0.00889697
14742,0.132619,0.013473,0.433822,0.0230037,-0.0419907,0.0955728,0.657832,-0.0226321,0.0187944,-0.0300736
14750,0.132619,0.013473,0.433822,0.0230037,-0.0412031,0.161391,0.639701,-0.0576127,0.00560913,-0.0249365
14758,0.132619,0.013473,0.559097,0.0153358,-0.0397576,0.263309,0.632032,0.0174884,0.0179024,-0.0173767
14766,0.132619,0.013473,0.559097,0.0153358,-0.0376235,0.378159,0.617772,0.032406,4.42e-06,0.00442016
14774,0.132619,0.013473,0.71917,0.0153358,-0.0348299,0.563609,0.613502,-0.102363,-0.0239648,-0.00283724
14782,0.132619,0.013473,0.71917,0.0153358,-0.0305397,0.586387,0.59301,-0.0612114,-0.0254741,0.00851579
14789,0.132619,0.013473,0.71917,0.0153358,-0.0260276,0.542027,0.579734,-0.0164601,-0.0169039,0.0104401
14798,0.132619,0.013473,0.863004,0.0153358,-0.0218364,0.545621,0.584297,-0.0226324,-0.0015502,-0.00631258
14806,0.132619,0.013473,0.863004,0.0153358,-0.0177304,0.580266,0.570295,-0.00977314,-0.00915112,0.00448782
14814,0.132619,0.013473,0.93724,0.0153358,-0.0130483,0.616639,0.556989,-0.0426932,-0.0113812,-0.0008828
14822,0.132619,0.013473,0.93724,0.0153358,-0.00828766,0.728026,0.558042,-0.0349775,-0.0356224,0.0255873
14830,0.132619,0.013473,1.00452,0.0153358,-0.00274772,0.786376,0.5605,0.0411497,-0.0334796,0.0416657
14838,0.132619,0.013473,1.00452,0.0153358,0.00320388,0.79264,0.559436,0.026748,-0.0442058,0.0490993
14846,0.132619,0.013473,1.00452,0.0153358,0.00947333,0.750396,0.564029,0.0200606,-0.0473346,0.0506149
14854,0.132619,0.013473,1.00452,0.0153358,0.0153711,0.682717,0.570574,0.0678973,-0.0396301,0.0540852
14861,0.132619,0.013473,1.00452,0.0153358,0.0204537,0.621031,0.571543,0.0504093,-0.0385994,0.0488151
14870,0.132619,0.013473,1.03236,0.0153358,0.025396,0.575737,0.567879,0.0349782,-0.0346212,0.0411271
14878,0.132619,0.013473,1.03236,0.0153358,0.0300359,0.556152,0.580252,0.0627543,-0.0364603,0.0495333
14886,0.132619,0.013473,0.995238,0.0153358,0.0346477,0.546291,0.590356,0.0416642,-0.0512408,0.0593789
14894,0.132619,0.013473,0.995238,0.0153358,0.0389537,0.527643,0.595837,0.059153,-0.0528795,0.0651536
14902,0.132619,0.013473,0.967399,0.0153358,0.0430394,0.512049,0.608688,0.0606962,-0.0622701,0.074926
14910,0.132619,0.013473,0.967399,0.0153358,0.0471305,0.370701,0.603882,-0.0288063,-0.0542393,0.0454006
14918,0.132619,0.013473,0.93724,0.0153358,0.0500721,0.329521,0.626014,0.049894,-0.0505988,0.0602615
14926,0.132619,0.013473,0.93724,0.0153358,0.0524306,0.249582,0.634137,0.0303481,-0.0442028,0.0490455
14933,0.132619,0.013473,0.93724,0.0153358,0.0540842,0.187769,0.638323,-0.0822975,-0.0501786,0.0282695
14942,0.132619,0.013473,0.932601,0.0153358,0.0550095,0.190566,0.641816,-0.0226321,-0.0461903,0.0383881
14950,0.132619,0.013473,0.932601,0.0153358,0.0564176,0.21708,0.638867,-0.0293197,-0.0528267,0.0435466
14958,0.132619,0.013473,0.930281,0.0153358,0.0581677,0.225073,0.649126,-0.0689267,-0.0632433,0.0446656
14966,0.132619,0.013473,0.930281,0.0153358,0.0600213,0.19736,0.661352,-0.0108018,-0.056315,0.0514023
14974,0.132619,0.013473,0.930281,0.0153358,0.0613547,0.174174,0.667643,-0.0786999,-0.0633163,0.0423266
14982,0.132619,0.013473,0.930281,0.0153358,0.0623873,0.100632,0.664526,-0.0257187,-0.0458057,0.0371145
14990,0.132619,0.013473,0.930281,0.0153358,0.0632017,0.0521373,0.670184,0.0169747,-0.03477,0.0360223
14998,0.132619,0.013473,0.930281,0.0153358,0.0636402,0.0478743,0.678542,-0.012345,-0.0394659,0.0337919
15005,0.132619,0.013473,0.930281,0.0153358,0.0637433,0.0910411,0.688378,0.0329203,-0.043008,0.0481519
15014,0.132619,0.013473,0.897802,0.0153358,0.0644513,0.0737206,0.682378,0.0138882,-0.0476159,0.0482281
15022,0.132619,0.013473,0.897802,0.0153358,0.064548,0.11529,0.690896,0.0246901,-0.0547331,0.0580233
15030,0.132619,0.013473,0.897802,0.0153358,0.0648594,0.0249593,0.698456,0.110588,-0.031293,0.0545912
15038,0.132619,0.013473,0.897802,0.0153358,0.0644573,0.0541356,0.713161,0.0195464,-0.0486698,0.0505618
15046,0.132619,0.013473,0.925641,0.0153358,0.0649429,0.0633278,0.708323,0.0241757,-0.0450516,0.0480678
15054,0.132619,0.013473,0.925641,0.0153358,0.0654101,0.0262905,0.709624,0.0823001,-0.0329178,0.0495491
15062,0.132619,0.013473,0.9558,0.0153358,0.065175,-0.0603059,0.714861,0.0925876,-0.0130257,0.0318171
15070,0.132619,0.013473,0.9558,0.0153358,0.0649622,-0.051916,0.719265,0.0349777,-0.021621,0.0268365
15077,0.132619,0.013473,0.9558,0.0153358,0.0647205,0.0621283,0.714247,-0.0329197,-0.0473731,0.0369027
15086,0.132619,0.013473,1.02772,0.0230037,0.0649632,0.0846454,0.7155,0.0606968,-0.0299307,0.0398124
15094,0.132619,0.013473,1.02772,0.0230037,0.0654753,0.0766515,0.722322,0.0714985,-0.0291347,0.0415501
15102,0.132619,0.013473,1.02772,0.0230037,0.0659348,0.0657275,0.724441,-0.0262334,-0.0398122,0.0291324
15110,0.132619,0.013473,1.02772,0.0230037,0.0655455,0.0830459,0.711651,0.0293189,-0.033542,0.0360203
15118,0.132619,0.013473,1.03004,0.0230037,0.0658649,0.0805157,0.713619,0.0416646,-0.0320495,0.037439
15126,0.132619,0.013473,1.03004,0.0230037,0.0667406,0.189498,0.732402,-0.033435,-0.0631767,0.051184
15134,0.132619,0.013473,1.0602,0.0230037,0.0684972,0.13474,0.728242,-0.0421782,-0.0520199,0.03782
15142,0.132619,0.013473,1.0602,0.0230037,0.0696086,0.085579,0.722084,0.0149172,-0.0376816,0.0368259
15149,0.132619,0.013473,1.0602,0.0230037,0.0702852,0.0432119,0.721796,0.0581247,-0.0264541,0.0356791
15158,0.132619,0.013473,1.13907,0.0230037,0.0703146,0.149262,0.743024,0.0221175,-0.0390219,0.0400628
15166,0.132619,0.013473,1.13907,0.0230037,0.0715448,0.129144,0.732645,-0.0822997,-0.048009,0.0243587
15174,0.132619,0.013473,1.18547,0.0230037,0.0723298,0.164185,0.722215,-0.0180027,-0.0381639,0.0298023
15182,0.132619,0.013473,1.18547,0.0230037,0.0734024,0.17271,0.720492,0.0493798,-0.03283,0.0404154
15190,0.132619,0.013473,1.22723,0.0230037,0.074766,0.228802,0.732341,0.015946,-0.0431157,0.0429959
15198,0.132619,0.013473,1.22723,0.0230037,0.0764635,0.267176,0.731011,-0.05041,-0.059405,0.0437631
15206,0.132619,0.013473,1.26435,0.0230037,0.0785327,0.305009,0.730527,0.0190316,-0.0542733,0.055164
15214,0.132619,0.013473,1.26435,0.0230037,0.0810342,0.240266,0.730388,0.0961884,-0.0378658,0.0568101
15221,0.132619,0.013473,1.26435,0.0230037,0.0829815,0.276896,0.752974,0.051437,-0.0555141,0.0640371
15230,0.132619,0.013473,1.30147,0.0230037,0.0851437,0.258509,0.754045,0.0401202,-0.0509632,0.0567873
15238,0.132619,0.013473,1.30147,0.0230037,0.086751,0.158456,0.739958,0.0761273,-0.030083,0.044126
15246,0.132619,0.013473,1.30147,0.0230037,0.0880487,0.148331,0.750675,0.0210889,-0.0383966,0.0394376
15254,0.132619,0.013473,1.30147,0.0230037,0.0892303,0.177642,0.758115,0.0447507,-0.0432825,0.0500158
15262,0.132619,0.013473,1.30147,0.0230037,0.0904799,0.220807,0.762953,0.0257178,-0.0551681,0.0575584
15270,0.132619,0.013473,1.30147,0.0230037,0.0926813,0.263309,0.764895,0.0349774,-0.0644498,0.0691872
15278,0.132619,0.013473,1.26667,0.0230037,0.0944882,0.203889,0.777733,0.0941309,-0.0577853,0.0763377
15286,0.132619,0.013473,1.26667,0.0230037,0.0947074,0.129678,0.795952,0.00720076,-0.0589696,0.0567829
15293,0.132619,0.013473,1.26667,0.0230037,0.0932906,0.0394795,0.791437,-0.00308675,-0.0425701,0.0376606
15302,0.132619,0.013473,1.26435,0.0230037,0.0934487,0.0249572,0.791396,0.0895014,-0.0298386,0.0467429
15310,0.132619,0.013473,1.26435,0.0230037,0.0934582,0.0278895,0.800466,0.0658406,-0.0345857,0.045915
15318,0.132619,0.013473,1.22955,0.0230037,0.0934601,0.0597317,0.809545,0.0138882,-0.0530495,0.0522166
15326,0.132619,0.013473,1.22955,0.0230037,0.093616,0.130878,0.814956,-0.00360046,-0.0679806,0.0632378
15334,0.132619,0.013473,1.22723,0.0230037,0.0942961,0.143534,0.828654,0.027262,-0.0699523,0.0725446
15342,0.132619,0.013473,1.22723,0.0230037,0.095086,0.0970347,0.847743,0.0761275,-0.060649,0.0746487
15350,0.132619,0.013473,1.22723,0.0230037,0.0952436,-0.0589763,0.84105,-0.0324056,-0.0467329,0.0346432
15358,0.132619,0.013473,1.22723,0.0230037,0.0944276,-0.0641728,0.846051,0.01646,-0.0398003,0.0392179
15365,0.132619,0.013473,1.22723,0.0230037,0.0938786,-0.122395,0.846702,0.0920728,-0.0205983,0.0376799
15374,0.132619,0.013473,1.19707,0.0306715,0.0930075,-0.0413878,0.853018,-0.0524655,-0.0566296,0.0380195
15382,0.132619,0.013473,1.19707,0.0306715,0.0925753,0.017231,0.849296,-0.003086,-0.0593294,0.0525458
15390,0.132619,0.013473,1.19707,0.0306715,0.0926481,0.0305532,0.861144,0.118307,-0.0492401,0.0711535
15398,0.132619,0.013473,1.19707,0.0306715,0.092623,0.111158,0.885399,0.105448,-0.0679782,0.0871027
15406,0.132619,0.013473,1.19475,0.0306715,0.0937454,0.0285532,0.876436,0.00308537,-0.0668261,0.061554
15414,0.132619,0.013473,1.19475,0.0306715,0.0930735,-0.135052,0.870585,0.0622372,-0.0308915,0.0390762
15422,0.132619,0.013473,1.19475,0.0306715,0.0918066,-0.138781,0.889612,1.8e-06,-0.038933,0.0323992
15430,0.132619,0.013473,1.19475,0.0306715,0.0909699,-0.0888225,0.882162,0.0385782,-0.0403158,0.043026
15437,0.132619,0.013473,1.19475,0.0306715,0.0905975,-0.0436581,0.88474,0.11419,-0.0387925,0.059482
15446,0.132619,0.013473,1.19011,0.0306715,0.0906085,-0.00155537,0.900447,0.0452649,-0.0571792,0.0617289
15454,0.132619,0.013473,1.19011,0.0306715,0.0902991,-0.00248736,0.910375,0.0226326,-0.060866,0.0600671
15462,0.132619,0.013473,1.19011,0.0306715,0.0899906,0.00590618,0.910351,0.120363,-0.0503137,0.0726047
15470,0.132619,0.013473,1.19011,0.0306715,0.0894108,-0.118933,0.908323,0.0406359,-0.0379067,0.0409917
15478,0.132619,0.013473,1.19011,0.0306715,0.0884895,-0.155701,0.909074,-0.0560666,-0.0420677,0.0222015
15486,0.132619,0.013473,1.19011,0.0306715,0.0871962,-0.140113,0.906029,0.0992747,-0.0240818,0.0409112
15494,0.132619,0.013473,1.19011,0.0306715,0.0863218,-0.116136,0.908779,0.0838434,-0.0291155,0.0423623
15502,0.132619,0.013473,1.19011,0.0306715,0.0855309,-0.00528613,0.919726,-0.0159459,-0.0599136,0.0499304
15509,0.132619,0.013473,1.19011,0.0306715,0.0847145,0.0067063,0.918761,0.0792142,-0.0494123,0.0619155
15518,0.132619,0.013473,1.22723,0.0306715,0.0846844,-0.0345953,0.929812,0.0678976,-0.0396657,0.0493695
15526,0.132619,0.013473,1.22723,0.0306715,0.0839043,-0.0561786,0.922237,-0.0128599,-0.0433164,0.0338799
15534,0.132619,0.013473,1.25739,0.0306715,0.0832927,-0.0818923,0.914615,-0.0473229,-0.0361956,0.0185333
15542,0.132619,0.013473,1.25739,0.0306715,0.0820413,-0.0707018,0.918779,-0.0128592,-0.0329427,0.0234312
15550,0.132619,0.013473,1.26435,0.0306715,0.0818132,0.0381485,0.92104,-0.011316,-0.0497223,0.0409006
15558,0.132619,0.013473,1.26435,0.0306715,0.0823169,0.11116,0.917413,-0.00771578,-0.0614993,0.0537555
15566,0.132619,0.013473,1.26435,0.0306715,0.083055,0.147798,0.941264,0.021604,-0.0689661,0.0682675
15574,0.132619,0.013473,1.26435,0.0306715,0.0841486,0.169645,0.958538,0.0576105,-0.0726238,0.0805086
15581,0.132619,0.013473,1.26435,0.0306715,0.0851763,0.0386778,0.940628,-0.0118316,-0.0576375,0.0487476
15590,0.132619,0.013473,1.26667,0.0306715,0.0860101,-0.00381914,0.959565,0.0159458,-0.051144,0.0486963
15598,0.132619,0.013473,1.26667,0.0306715,0.0867664,-0.258422,0.937057,0.0756127,0.00064807,0.0102267
15606,0.132619,0.013473,1.23419,0.0306715,0.0839833,-0.0906894,0.949407,-0.0864172,-0.0496297,0.022729
15614,0.132619,0.013473,1.23419,0.0306715,0.083492,0.12155,0.972324,0.113677,-0.0642259,0.0851944
15622,0.132619,0.013473,1.14371,0.0306715,0.084387,0.00457902,0.959668,0.137336,-0.0558197,0.0820403
15630,0.132619,0.013473,1.14371,0.0306715,0.0842477,0.0809173,0.991079,-0.064813,-0.0971509,0.0758872
15638,0.132619,0.013473,1.08803,0.0306715,0.0844781,-0.0616456,1.00327,0.144025,-0.0601714,0.0877824
15646,0.132619,0.013473,1.08803,0.0306715,0.0836336,-0.219918,1.0066,0.0298335,-0.0467867,0.0469521
15653,0.132619,0.013473,1.08803,0.0306715,0.0814643,-0.216979,1.00985,0.0123459,-0.046882,0.0428967
15662,0.132619,0.013473,1.01612,0.0306715,0.0801092,-0.255754,1.01317,0.0941305,-0.041079,0.0562693
15670,0.132619,0.013473,1.01612,0.0306715,0.0789276,-0.220854,1.02627,-0.048352,-0.0641369,0.0457842
15678,0.132619,0.013473,0.978999,0.0306715,0.0773757,-0.273616,1.01852,0.12242,-0.0378753,0.0596534
15686,0.132619,0.013473,0.978999,0.0306715,0.0756061,-0.197541,1.0513,0.10339,-0.0555712,0.0730646
15694,0.132619,0.013473,0.976679,0.0383394,0.0741424,-0.223648,1.04062,-0.0740697,-0.0697053,0.0433985
15702,0.132619,0.013473,0.976679,0.0383394,0.0715073,-0.264546,1.0517,0.184146,-0.030675,0.0651577
15710,0.132619,0.013473,0.976679,0.0306715,0.0685286,-0.399378,1.03579,0.0138875,-0.0208505,0.0165004
15718,0.132619,0.013473,0.976679,0.0306715,0.0650519,-0.335434,1.03321,-0.0879584,-0.0382598,0.0100111
15725,0.132619,0.013473,0.976679,0.0306715,0.0625556,-0.25483,1.03867,0.0745841,-0.0299154,0.040242
15734,0.132619,0.013473,0.978999,0.0306715,0.0605761,-0.130395,1.04504,-0.0200595,-0.0596162,0.0479502
15742,0.132619,0.013473,0.978999,0.0306715,0.0593624,-0.130925,1.04006,0.0324057,-0.0508808,0.051579
15750,0.132619,0.013473,1.00684,0.0306715,0.0578557,-0.0930848,1.06647,0.101332,-0.0467303,0.0637903
15758,0.132619,0.013473,1.00684,0.0306715,0.0564586,-0.154636,1.05397,-0.0812714,-0.0541219,0.0278708
15766,0.132619,0.013473,1.01148,0.0306715,0.0546594,-0.229643,1.04632,0.117792,-0.0137944,0.0342768
15774,0.132619,0.013473,1.01148,0.0306715,0.0529633,-0.300392,1.04309,0.014917,-0.0113502,0.00730953
15782,0.132619,0.013473,1.04396,0.0306715,0.0502595,-0.218729,1.03705,-0.0452646,-0.0220587,0.00401544
15790,0.132619,0.013473,1.04396,0.0306715,0.0484097,-0.0655067,1.04905,0.0277749,-0.0382277,0.0378629
15797,0.132619,0.013473,1.04396,0.0306715,0.0486501,0.0607927,1.04808,0.0442354,-0.0573838,0.0612901
15806,0.132778,0.0134114,1.07411,0.0306715,0.0493686,0.042946,1.04736,0.0807566,-0.0462459,0.0587275
15814,0.132778,0.013393,1.07411,0.0306715,0.0496156,-0.00102294,1.06346,0.0822997,-0.0417346,0.0544529
15822,0.132619,0.0134467,1.07411,0.0306715,0.0496074,-0.154903,1.0444,-0.0241754,-0.0256152,0.0127315
15830,0.132619,0.0134617,1.07411,0.0306715,0.048207,-0.150238,1.03885,0.0905308,-0.0100379,0.0242228
15838,0.132619,0.0134682,1.07875,0.0306715,0.0472347,-0.0508511,1.04954,0.0025716,-0.0364964,0.0302058
15846,0.132619,0.0134709,1.07875,0.0306715,0.0469826,0.0369485,1.03306,-0.0113157,-0.0496746,0.0403661
15854,0.132619,0.0134721,1.07875,0.0306715,0.0475068,0.223869,1.06895,0.141453,-0.0691326,0.096462
15862,0.132619,0.0134726,1.07875,0.0306715,0.0489943,0.135539,1.06444,0.0447502,-0.0672093,0.0714665
15869,0.132619,0.0134729,1.07875,0.0306715,0.050156,0.063328,1.07889,0.0678972,-0.0564383,0.0659594
15878,0.132619,0.013473,1.07875,0.0306715,0.049253,-0.144778,1.07316,0.0545241,-0.0213812,0.0271018
15886,0.132619,0.013473,1.07875,0.0306715,0.0479114,-0.149565,1.07876,-0.0977324,-0.0375901,0.00733729
15894,0.132619,0.013473,1.07875,0.0306715,0.0468173,-0.177419,1.04922,0.0766417,-0.00617252,0.0169766
15902,0.132619,0.013473,1.07875,0.0306715,0.0458114,-0.0788318,1.06459,0.0303488,-0.0290537,0.0292156
15910,0.132778,0.0134114,1.07875,0.0306715,0.0454178,0.0342834,1.06286,-0.0205743,-0.0530784,0.0415577
15918,0.132778,0.013393,1.07875,0.0306715,0.045351,0.1462,1.08584,0.0478372,-0.0672005,0.0721688
15926,0.132619,0.0134467,1.07875,0.0306715,0.0460934,0.0974345,1.08269,-0.0138883,-0.0668007,0.0570605
15934,0.132619,0.0134617,1.07875,0.0306715,0.0464482,0.0476048,1.08958,0.0653259,-0.050788,0.0596011
15941,0.132619,0.0134682,1.07875,0.0306715,0.04691,-0.162899,1.07647,0.0509234,-0.016129,0.0209106
15950,0.132619,0.0134709,1.10659,0.0306715,0.0458254,-0.228714,1.06606,-0.0802425,-0.0130331,-0.0133659
15958,0.132619,0.0134721,1.10659,0.0306715,0.0440738,-0.203535,1.0558,0.11882,0.0103074,0.010331
15966,0.132619,0.0134726,1.13907,0.0306715,0.04237,-0.0123541,1.06182,-0.042693,-0.0337941,0.0168583
15974,0.132619,0.0134729,1.13907,0.0306715,0.0424241,0.231863,1.06624,-0.0231457,-0.0727306,0.0611493
15982,0.132619,0.013473,1.16923,0.0306715,0.0445302,0.184312,1.06482,0.109563,-0.0470202,0.0666483
15990,0.132619,0.013473,1.16923,0.0306715,0.0457835,0.221075,1.08064,-0.0056597,-0.0709537,0.0635153
15998,0.132619,0.013473,1.19939,0.0306715,0.0468516,0.131135,1.07874,0.0329183,-0.0478121,0.0492201
16006,0.132619,0.013473,1.19939,0.0306715,0.0473611,-0.0291346,1.07224,0.0817858,-0.0151586,0.0276234
16013,0.132619,0.013473,1.19939,0.0306715,0.0460879,-0.00541777,1.07346,-0.153798,-0.0452953,0.00220423
16022,0.132619,0.013473,1.20171,0.0306715,0.046005,-0.00568325,1.05806,0.05864,-0.0172539,0.0243043
16030,0.132619,0.013473,1.20171,0.0306715,0.0456802,0.141002,1.07496,-0.00462966,-0.0512828,0.0438395
16038,0.132619,0.013473,1.20635,0.0306715,0.0469779,0.299947,1.0794,0.0385782,-0.0742679,0.0775239
16046,0.132619,0.013473,1.20635,0.0306715,0.0500255,0.300878,1.10231,0.0452663,-0.0815025,0.0863876
16054,0.132619,0.013473,1.20635,0.0306715,0.0509266,0.103294,1.0969,0.0529794,-0.0482297,0.0543502
16062,0.132619,0.013473,1.20635,0.0306715,0.0518312,0.01324,1.11347,0.0226333,-0.0407958,0.0394958
16070,0.132619,0.013473,1.20635,0.0306715,0.0512372,-0.1172,1.10123,-0.00411582,-0.0195547,0.0115357
16078,0.132619,0.013473,1.20635,0.0306715,0.0489487,-0.149975,1.08759,-0.083328,-0.0181244,-0.00872685
16085,0.132619,0.013473,1.20635,0.0306715,0.0470055,-0.00235748,1.09589,0.198549,-0.00803458,0.0481385
16094,0.132619,0.013473,1.20171,0.0306715,0.0470592,0.17165,1.10224,-0.112643,-0.07537,0.0425465
16102,0.132619,0.013473,1.20171,0.0306715,0.0479884,0.274767,1.10339,0.0519533,-0.0745164,0.0808714
16110,0.132619,0.013473,1.19939,0.0306715,0.0496514,0.194966,1.11665,0.191348,-0.0496617,0.0887051
16118,0.132619,0.013473,1.19939,0.0306715,0.0507191,0.206816,1.13674,-0.139908,-0.0953562,0.0562614
16126,0.132619,0.013473,1.16923,0.0306715,0.0521001,0.063322,1.13424,0.130139,-0.0461154,0.0703534
16134,0.132619,0.013473,1.16923,0.0306715,0.052296,-0.10281,1.12612,0.028292,-0.0295573,0.029254
16142,0.132619,0.013473,1.13907,0.0306715,0.0520927,-0.0336628,1.14126,-0.0447505,-0.0566323,0.0392986
16150,0.132619,0.013473,1.13907,0.0306715,0.0519046,-0.0107486,1.14203,0.0704696,-0.0467185,0.0566487
16157,0.132619,0.013473,1.13907,0.0306715,0.0532885,0.0689258,1.15496,0.018518,-0.0700173,0.0679476
16166,0.132619,0.013473,1.09963,0.0230037,0.0545804,0.0478735,1.16552,0.112648,-0.0643573,0.0862774
16174,0.132619,0.013473,1.09963,0.0230037,0.0551367,0.0408115,1.18633,-0.0411492,-0.0854231,0.0710289
16182,0.132619,0.013473,1.06716,0.0230037,0.0554011,-0.30119,1.159,0.0997938,-0.0133558,0.0312001
16190,0.132619,0.013473,1.06716,0.0230037,0.0522938,-0.266945,1.18464,0.0781847,-0.0214409,0.0342449
16198,0.132619,0.013473,1.02308,0.0230037,0.0503687,-0.317177,1.16221,-0.141453,-0.0398448,0.00062571
16206,0.132619,0.013473,1.02308,0.0230037,0.0471159,-0.176897,1.17579,0.11882,-0.0301404,0.052736
16214,0.132619,0.013473,0.983639,0.0306715,0.0451807,-0.0611145,1.18216,-0.0046296,-0.0694908,0.0614631
16222,0.132619,0.013473,0.983639,0.0306715,0.0451888,0.0573325,1.20113,0.0365208,-0.0873272,0.0893736
16229,0.132619,0.013473,0.983639,0.0306715,0.0455834,-0.115734,1.20516,0.135281,-0.048212,0.0730528
16238,0.132619,0.013473,0.988278,0.0306715,0.0443202,-0.280003,1.20666,0.064296,-0.0271274,0.0346963
16246,0.132619,0.013473,0.988278,0.0306715,0.0419741,-0.300245,1.22316,-0.0334335,-0.0347288,0.0191348
16254,0.132619,0.013473,1.02076,0.0230037,0.0388426,-0.335966,1.19469,-0.120364,-0.0240432,-0.0104214
16262,0.132619,0.013473,1.02076,0.0230037,0.0363797,-0.256558,1.19273,0.199578,0.00419573,0.0370646
16270,0.132619,0.013473,1.06716,0.0230037,0.0347214,-0.131726,1.19761,-0.00925866,-0.0321295,0.0244435
16278,0.132619,0.013473,1.06716,0.0230037,0.0336883,0.0280196,1.19812,0.00051542,-0.0561047,0.0511941
16286,0.132619,0.013473,1.09499,0.0230037,0.0329388,0.00497311,1.19436,0.00411471,-0.0457472,0.041602
16294,0.132619,0.013473,1.09499,0.0230037,0.0330836,0.0899752,1.21279,-0.0216044,-0.0660254,0.0560707
16301,0.132619,0.013473,1.09499,0.0230037,0.0344573,-0.0960138,1.18836,0.0498956,-0.0247422,0.0311196
16310,0.132619,0.013473,1.09499,0.0230037,0.0334438,0.0357511,1.20753,0.00874245,-0.0531145,0.0501637
16318,0.132619,0.013473,1.09499,0.0230037,0.0341504,-0.117466,1.18902,0.0823007,-0.0170556,0.0310127
16326,0.132619,0.013473,1.10195,0.0230037,0.0331033,-0.147443,1.18938,-0.132709,-0.0349253,-0.00197678
16334,0.132619,0.013473,1.10195,0.0230037,0.0319237,-0.0818947,1.18186,-0.0144022,-0.0290141,0.0202181
16342,0.132619,0.013473,1.10427,0.0230037,0.0320291,0.0610622,1.19583,0.129108,-0.0378057,0.0633202
16350,0.132619,0.013473,1.10427,0.0230037,0.0326984,0.0565343,1.19069,0.0180023,-0.050238,0.049522
16358,0.132619,0.013473,1.10427,0.0230037,0.0322612,0.0105701,1.18559,0.0601827,-0.0362325,0.045327
16366,0.132619,0.013473,1.10427,0.0230037,0.032112,-0.0331295,1.18584,-0.0601827,-0.0430117,0.0235599
16373,0.132619,0.013473,1.10427,0.0230037,0.0316883,0.0222943,1.18669,-0.0303468,-0.0482335,0.0359859
16382,0.132619,0.013473,1.07411,0.0230037,0.0306195,-0.0431254,1.1729,0.0504089,-0.0290511,0.0356536
16390,0.132619,0.013473,1.07411,0.0230037,0.0296332,0.0793143,1.19519,0.00308511,-0.0571454,0.0529356
16398,0.132619,0.013473,1.07179,0.0230037,0.0300764,0.119154,1.20384,0.0159464,-0.064603,0.0635573
16406,0.132619,0.013473,1.07179,0.0230037,0.0301792,0.134208,1.21037,-0.0714961,-0.0785929,0.0569545
16414,0.132619,0.013473,1.04164,0.0230037,0.0306638,-0.00115496,1.20954,0.118819,-0.0391322,0.0620177
16422,0.132619,0.013473,1.04164,0.0230037,0.0294922,0.044276,1.23251,-0.0277771,-0.0660229,0.0544275
16430,0.132619,0.013473,1.03468,0.0230037,0.0301899,-0.0796285,1.22188,0.00411387,-0.0421068,0.0376741
16438,0.132619,0.013473,1.03468,0.0230037,0.030292,-0.125993,1.22751,-0.0288057,-0.0393507,0.0270092
16445,0.132619,0.013473,1.03468,0.0230037,0.0292801,-0.126259,1.23046,0.0725304,-0.0264541,0.0380172
16454,0.132619,0.013473,0.995238,0.0230037,0.0287793,0.0408107,1.25548,0.0694426,-0.0641847,0.075524
16462,0.132619,0.013473,0.995238,0.0230037,0.0298163,-0.0745621,1.24003,-0.188773,-0.0744334,0.0244862
16470,0.132619,0.013473,0.96044,0.0230037,0.0280016,-0.136384,1.2532,0.259245,-0.0166374,0.0722348
16478,0.132619,0.013473,0.96044,0.0230037,0.027353,-0.126384,1.25747,-0.0133742,-0.0502141,0.0414816
16486,0.132619,0.013473,0.918681,0.0230037,0.0243223,-0.216455,1.23936,0.0354925,-0.0291871,0.0316746
16494,0.132619,0.013473,0.918681,0.0230037,0.0228137,-0.342768,1.23058,-0.0200585,-0.0113264,0.0002957
16502,0.132619,0.013473,0.881563,0.0230037,0.0192196,0.0245385,1.24974,0.173344,-0.0535147,0.0892006
16510,0.132619,0.013473,0.881563,0.0230037,0.0213486,-0.0180724,1.26342,-0.0606932,-0.0791551,0.0595012
16517,0.132619,0.013473,0.881563,0.0230037,0.0188815,0.0385472,1.26512,-0.152256,-0.096213,0.055081
16526,0.132619,0.013473,0.881563,0.0230037,0.020764,-0.0468586,1.28101,0.0540057,-0.0629022,0.0702288
16534,0.132619,0.013473,0.881563,0.0230037,0.0199281,-0.295464,1.26223,0.00565181,-0.0232474,0.0183934
16542,0.132619,0.013473,0.881563,0.0230037,0.01719,-0.476251,1.24659,0.103386,0.0244892,-0.00686267
16550,0.132619,0.013473,0.881563,0.0230037,0.0124751,-0.390725,1.24362,-0.0123482,0.00363052,-0.0131339
16558,0.132619,0.013473,0.876923,0.0230037,0.00938343,-0.158248,1.23478,-0.0329192,-0.0323875,0.0186858
16566,0.132619,0.013473,0.876923,0.0230037,0.0085996,0.0765109,1.24788,-0.0771562,-0.0775214,0.054078
16574,0.132619,0.013473,0.872283,0.0230037,0.00920002,0.14327,1.25588,0.11522,-0.0687715,0.0909502
16582,0.132619,0.013473,0.872283,0.0230037,0.0093197,0.0726547,1.27677,0.0941305,-0.0630859,0.0800768
16589,0.132619,0.013473,0.872283,0.0230037,0.00878541,-0.0512505,1.28442,0.0205745,-0.0517282,0.0509743
16598,0.132619,0.013473,0.844444,0.0230037,0.00865215,-0.0949499,1.30106,0.0200607,-0.0515281,0.0505235
16606,0.132619,0.013473,0.844444,0.0230037,0.00762479,-0.254022,1.27497,-0.11162,-0.0350848,0.00249802
16614,0.132619,0.013473,0.842125,0.0230037,0.00674368,-0.351014,1.26807,0.124993,0.0108088,0.0121491
16622,0.132619,0.013473,0.842125,0.0230037,0.00393755,-0.279749,1.26248,-0.0180033,-0.0130968,0.0024744
16630,0.132619,0.013473,0.805006,0.0230037,0.00186927,-0.0928191,1.27768,0.130138,-0.032193,0.0570795
16638,0.132619,0.013473,0.805006,0.0230037,0.00169472,0.0265578,1.27735,0.0118303,-0.0656153,0.0629345
16646,0.132619,0.013473,0.802686,0.0230037,0.00227689,0.00897142,1.27898,0.0673835,-0.0575917,0.0679798
16654,0.132619,0.013473,0.802686,0.0230037,0.00230741,-0.0557746,1.28251,-0.0488648,-0.0611745,0.0439274
16661,0.132619,0.013473,0.802686,0.0230037,0.00141412,-0.272545,1.27515,-0.00565803,-0.0177646,0.0100463
16670,0.132619,0.013473,0.753968,0.0230037,-0.00188397,-0.32264,1.27,0.0149174,-0.00953346,0.00647616
16678,0.132619,0.013473,0.753968,0.0230037,-0.00484531,-0.354888,1.2533,-0.0216037,-0.00174432,-0.0100768
16686,0.132619,0.013473,0.675092,0.0230037,-0.00976926,-0.154788,1.25572,0.0457796,-0.0332879,0.0379139
16694,0.132619,0.013473,0.675092,0.0230037,-0.0119165,0.0029684,1.24748,-0.123451,-0.0750888,0.0402132
16702,0.132619,0.013473,0.633333,0.0230037,-0.0127169,0.166179,1.27412,0.127562,-0.0824626,0.107327
16710,0.132619,0.013473,0.633333,0.0230037,-0.011403,0.045739,1.28152,0.0128578,-0.0790213,0.0764661
16718,0.132619,0.013473,0.547497,0.0230037,-0.0108915,-0.133586,1.29889,0.0972173,-0.0566952,0.0735286
16726,0.132619,0.013473,0.547497,0.0230037,-0.0113034,-0.354348,1.29219,-0.00205539,-0.0301788,0.0229043
16733,0.132619,0.013473,0.547497,0.0230037,-0.0136356,-0.517156,1.27659,-0.0740689,-0.00598461,-0.0188174
16742,0.132619,0.013473,0.46862,0.0230037,-0.0171952,-0.470538,1.26959,0.0154319,-0.00985258,0.00627309
16750,0.132619,0.013473,0.46862,0.0230037,-0.0212751,-0.400069,1.26793,-0.0334333,-0.0214203,0.00645906
16758,0.132619,0.013473,0.317827,0.0230037,-0.0241754,-0.104817,1.29256,0.058635,-0.0837485,0.0913891
16766,0.132619,0.013473,0.317827,0.0230037,-0.0249597,-0.038321,1.30649,0.0133702,-0.101264,0.0984115
16774,0.132619,0.013473,0.215751,0.0230037,-0.0258015,-0.183016,1.3146,0.0740715,-0.0867303,0.0977672
16782,0.132619,0.013473,0.215751,0.0230037,-0.0278132,-0.481446,1.31549,-0.117275,-0.0572258,0.0221631
16790,0.132619,0.013473,0.0510379,0.0230037,-0.0312972,-0.652361,1.32499,0.21398,-0.0131543,0.055733
16798,0.132619,0.013473,0.0510379,0.0230037,-0.0362698,-0.756436,1.3158,-0.184145,-0.0345254,-0.0172615
16805,0.132619,0.013473,0.0510379,0.0230037,-0.0428298,-0.814695,1.3055,0.122422,0.0219034,-0.00160067
16814,0.132619,0.013473,0.00232002,0.0230037,-0.0494415,-0.653079,1.30805,-0.0457811,-0.0238729,0.00486878
16822,0.132619,0.013473,0.00232002,0.0230037,-0.0537944,-0.321584,1.33847,0.0781873,-0.0631059,0.0743063
16830,0.132619,0.013473,0.00232002,0.0230037,-0.0553257,-0.347026,1.32334,-0.00308543,-0.0639312,0.0558461
16838,0.132619,0.013473,0.00232002,0.0230037,-0.0578175,-0.442541,1.33767,0.0226287,-0.0439696,0.0416299
16846,0.132619,0.013473,0.00232002,0.0230037,-0.0611277,-0.588154,1.32629,-0.0889866,-0.0266282,-0.0025488
16854,0.132619,0.013473,0.00232002,0.0230037,-0.0657561,-0.827711,1.30203,0.163574,0.0530687,-0.0234255
16862,0.132619,0.013473,0.00232002,0.0230037,-0.0727974,-0.707296,1.2907,-0.153795,0.0072075,-0.0522194
16870,0.132619,0.013473,0.00232002,0.0230037,-0.0787465,-0.465738,1.27146,-0.0226317,-0.00609277,-0.00731727
16877,0.132619,0.013473,0.00232002,0.0230037,-0.0825247,-0.361304,1.24429,0.0457795,-0.00577579,0.00877135
16886,0.132619,0.013473,0.00232002,0.0230037,-0.0879899,-0.0513949,1.26556,-0.0514377,-0.0644953,0.0454024
16894,0.132619,0.013473,0.00232002,0.0230037,-0.0881446,0.0184299,1.27303,0.0504095,-0.0650511,0.0702088
16902,0.132619,0.013473,0.00232002,0.0153358,-0.0882114,-0.121729,1.2747,-0.0375501,-0.0514719,0.0372519
16910,0.132619,0.013473,0.00232002,0.0153358,-0.0889585,-0.326102,1.26184,0.0792127,-0.00076489,0.0134755
16918,0.132619,0.013473,0.00232002,0.0153358,-0.0914881,-0.387251,1.26038,-0.100303,-0.00808337,-0.0218027
16926,0.132619,0.013473,0.00232002,0.0153358,-0.092709,-0.379658,1.24727,0.0488653,0.0120217,-0.0066936
16934,0.132619,0.013473,-0.0023199,0.0153358,-0.0927208,-0.327042,1.24172,-0.0879579,-0.0126535,-0.0141562
16942,0.132619,0.013473,-0.0023199,0.0153358,-0.0954401,-0.266429,1.22795,0.088473,0.00404088,0.0109373
16949,0.132619,0.013473,-0.0023199,0.0153358,-0.0973885,-0.140115,1.22357,-0.00102846,-0.0240511,0.0182557
16958,0.132619,0.013473,-0.0023199,0.0153358,-0.0983205,-0.0198046,1.22641,-0.0365204,-0.0473412,0.0335186
16966,0.132619,0.013473,-0.0023199,0.0153358,-0.0990357,-0.158765,1.21507,0.164086,0.00212185,0.0309757
16974,0.132619,0.013473,-0.0023199,0.0153358,-0.100445,-0.206463,1.2082,-0.101331,-0.0182109,-0.0115083
16982,0.132619,0.013473,-0.0023199,0.0153358,-0.101606,-0.114399,1.20051,0.0360063,-0.0144487,0.0174082
16990,0.132619,0.013473,-0.0023199,0.0153358,-0.102115,-0.0840232,1.19581,-0.0601831,-0.0293602,0.00969841
16998,0.132619,0.013473,-0.0023199,0.0153358,-0.102622,-0.0741657,1.19362,0.0416636,-0.017944,0.0223449
17006,0.132619,0.013473,-0.0046398,0.0230037,-0.103215,-0.0465862,1.18632,0.0226359,-0.0240422,0.0222159
17014,0.132619,0.013473,-0.0046398,0.0230037,-0.103931,-0.0633721,1.18599,-0.0678984,-0.0308948,0.00763673
17021,0.132619,0.013473,-0.0046398,0.0230037,-0.104032,-0.0511174,1.1851,0.0843559,-0.0147031,0.0274197
17030,0.132619,0.013473,-0.0046398,0.0230037,-0.104261,-0.164099,1.16337,-0.10699,-0.0147223,-0.0180754
17038,0.132619,0.013473,-0.0046398,0.0230037,-0.105362,-0.125593,1.17009,0.0113164,-0.00673068,0.00195983
17046,0.132619,0.013473,-0.0046398,0.0230037,-0.106563,-0.160098,1.15367,-0.0483513,-0.00375451,-0.0152247
17054,0.132619,0.013473,-0.0046398,0.0230037,-0.109271,-0.0870906,1.13903,-0.0591528,-0.0110496,-0.0102999
17062,0.132619,0.013473,-0.0046398,0.0230037,-0.109944,0.0357466,1.14458,0.140937,-0.00779209,0.0340357
17070,0.132619,0.013473,-0.0046398,0.0230037,-0.109373,0.0618642,1.12952,-0.0822999,-0.0367802,0.0104152
17078,0.132619,0.013473,-0.0046398,0.0153358,-0.108512,0.056934,1.12859,0.0313775,-0.0226975,0.0249735
17086,0.132619,0.013473,-0.0046398,0.0153358,-0.107296,-0.0484485,1.11861,-0.0298326,-0.0125146,4.001e-05
17093,0.132619,0.013473,-0.0046398,0.0153358,-0.107776,-0.0385923,1.11426,-0.0884729,-0.0196985,-0.00659561
17102,0.132619,0.013473,-0.00695971,0.0230037,-0.10788,-0.0343293,1.10445,0.108019,0.00319391,0.0150938
17110,0.132619,0.013473,-0.00695971,0.0230037,-0.108261,0.0193646,1.0943,-0.0617238,-0.0235444,0.00192067
17118,0.132619,0.013473,-0.00695971,0.0153358,-0.108178,0.0970364,1.10341,0.0293195,-0.0263592,0.0282732
17126,0.132619,0.013473,-0.00695971,0.0153358,-0.107442,0.0991711,1.08901,0.00462908,-0.0283139,0.0244156
17134,0.132619,0.013473,-0.00695971,0.0230037,-0.106505,0.196827,1.11545,-0.0735548,-0.0601486,0.0362975
17142,0.132619,0.013473,-0.00695971,0.0230037,-0.104191,0.0637245,1.09878,0.0678987,-0.0219227,0.0310909
17150,0.132619,0.013473,-0.00695971,0.0230037,-0.103492,-0.0624407,1.08989,-0.0483498,-0.014248,-0.00439642
17158,0.132619,0.013473,-0.00695971,0.0230037,-0.10383,-0.071634,1.09567,0.0390927,-0.00288931,0.00485323
17165,0.132619,0.013473,-0.00695971,0.0230037,-0.102459,-0.0841584,1.08679,0.0627539,0.00152296,0.00600755
17174,0.132619,0.013473,-0.00695971,0.0230037,-0.10268,0.00697108,1.08695,-0.17283,-0.0410529,-0.00675291
17182,0.132619,0.013473,-0.00695971,0.0230037,-0.10487,0.0278902,1.06885,0.141969,-0.00150821,0.0280387
17190,0.132619,0.013473,-0.00695971,0.0153358,-0.104788,0.0761195,1.08519,-0.0210947,-0.0305518,0.0205506
17198,0.132619,0.013473,-0.00695971,0.0153358,-0.103624,0.171378,1.08577,-0.0581261,-0.0523844,0.0339477
17206,0.132619,0.013473,-0.00695971,0.0153358,-0.101314,0.0599956,1.08067,0.119335,-0.0153705,0.0385194
17214,0.132619,0.013473,-0.00695971,0.0153358,-0.0996578,-0.0721664,1.06577,-0.103904,-0.019655,-0.0102681
17222,0.132619,0.013473,-0.00695971,0.0230037,-0.0999771,-0.131858,1.07081,0.0133734,0.00277506,-0.00701003
17230,0.132619,0.013473,-0.00695971,0.0230037,-0.101223,-0.112803,1.05074,-0.0046289,0.00243773,-0.010885
17238,0.132619,0.013473,-0.00695971,0.0230037,-0.102262,-0.0294024,1.05097,-0.0406374,-0.0142315,-0.00247836
17246,0.132619,0.013473,-0.00695971,0.0230037,-0.102466,0.0946374,1.04003,0.154312,-0.00976709,0.0394457
17254,0.132619,0.013473,-0.00695971,0.0230037,-0.101801,0.163521,1.03977,-0.0828146,-0.0499898,0.0239137
17262,0.132619,0.013473,-0.00695971,0.0153358,-0.100626,0.164849,1.03835,-0.0303486,-0.0445068,0.0326463
17270,0.132619,0.013473,-0.00695971,0.0153358,-0.0993553,0.0285569,1.02834,0.132195,-0.00290868,0.0290212
17278,0.132619,0.013473,-0.00695971,0.0153358,-0.0990081,0.0373508,1.03233,-0.111104,-0.0341519,0.00286679
17286,0.132619,0.013473,-0.00695971,0.0153358,-0.098609,-0.00688503,1.02147,0.0838441,-0.00265212,0.0172547
17294,0.132619,0.013473,-0.00695971,0.0230037,-0.0984488,0.0457458,1.02997,0.0149208,-0.021983,0.018669
17302,0.132619,0.013473,-0.00695971,0.0230037,-0.0975967,0.0849121,1.01946,-0.0658399,-0.0374633,0.0152161
17309,0.132619,0.013473,-0.00695971,0.0230037,-0.0968088,0.0733203,1.0209,0.150198,-0.0113995,0.040124
17318,0.132619,0.013473,-0.00695971,0.0230037,-0.0963351,0.0170958,1.01518,-0.0956743,-0.0307855,0.00130887
17326,0.132619,0.013473,-0.00695971,0.0230037,-0.096264,0.0206963,1.01942,-0.120879,-0.0351332,-0.00028057
17334,0.132619,0.013473,-0.00695971,0.0230037,-0.0961402,-0.0479155,1.00407,0.188774,0.0150205,0.022451
17342,0.132619,0.013473,-0.00695971,0.0230037,-0.0963709,-0.0107471,1.00196,-0.0252038,-0.0156926,0.00276412
17350,0.132619,0.013473,-0.00695971,0.0230037,-0.0965012,0.0811805,1.00552,-0.0421773,-0.0333156,0.0166572
17358,0.132619,0.013473,-0.00695971,0.0230037,-0.094663,0.10663,0.997498,0.0555524,-0.0272449,0.0337587
17366,0.132619,0.013473,-0.00695971,0.0153358,-0.0938337,0.0718555,0.998014,-0.00720064,-0.0291957,0.0226139
17374,0.132619,0.013473,-0.00695971,0.0153358,-0.0928487,0.00563777,0.999223,0.072527,-0.0103782,0.0224302
17381,0.132619,0.013473,-0.00695971,0.0153358,-0.0928828,-0.0652388,0.979913,0.0756147,0.00488228,0.00768143
17390,0.132619,0.013473,-0.00695971,0.0153358,-0.0928481,-0.0726984,0.978043,-0.0874433,-0.0128416,-0.0131062
17398,0.132619,0.013473,-0.00695971,0.0153358,-0.0932672,0.047074,0.975781,0.0241753,-0.0185909,0.0193462
17406,0.132619,0.013473,-0.0046398,0.0153358,-0.0928156,0.0340206,0.960157,0.0694402,-0.00882512,0.0202304
17414,0.132619,0.013473,-0.0046398,0.0153358,-0.0926915,0.101965,0.968057,-0.0483514,-0.0354016,0.0192108
17422,0.132619,0.013473,-0.0046398,0.0153358,-0.0921001,0.127547,0.961813,-1.8e-07,-0.0337477,0.0290556
17430,0.132619,0.013473,-0.0046398,0.0153358,-0.091256,0.0693248,0.959237,0.11522,-0.0112699,0.0336112
17438,0.132619,0.013473,-0.0046398,0.0153358,-0.0904501,0.103963,0.967822,-0.0720142,-0.0415572,0.01982
17446,0.132619,0.013473,-0.0046398,0.0153358,-0.0894764,-0.00568336,0.94627,-0.00668586,-0.0135621,0.00692575
17453,0.132619,0.013473,-0.0046398,0.0153358,-0.0893603,-0.0319299,0.949112,0.0226333,-0.00637646,0.00658347
17462,0.132619,0.013473,-0.0046398,0.0153358,-0.0893822,0.0506695,0.955354,-0.0678974,-0.0317011,0.010789
17470,0.132619,0.013473,-0.0046398,0.0153358,-0.0889185,0.0589316,0.946968,0.04115,-0.0195067,0.0243657
17478,0.132619,0.013473,-0.0046398,0.0153358,-0.0884376,0.0552011,0.944673,0.0678979,-0.016027,0.0271954
17486,0.132619,0.013473,-0.0046398,0.0153358,-0.0870839,0.059065,0.947674,-0.103387,-0.0391894,0.00995861
17494,0.132619,0.013473,-0.0046398,0.0153358,-0.0863461,0.0196278,0.93678,-0.0205742,-0.0221566,0.0123638
17502,0.132619,0.013473,-0.0046398,0.0153358,-0.085886,-0.0765631,0.925061,0.128079,0.0125489,0.0124619
17510,0.132619,0.013473,-0.0046398,0.0230037,-0.086419,-0.0717665,0.924207,-0.104932,-0.0157361,-0.0160581
17518,0.132619,0.013473,-0.0046398,0.0230037,-0.0867454,-0.00382023,0.918567,-0.0180028,-0.0153928,0.00431824
17525,0.132619,0.013473,-0.0046398,0.0230037,-0.0869473,0.0496064,0.907825,0.130651,-0.00472055,0.0288928
17534,0.132619,0.013473,-0.00695971,0.0230037,-0.0865089,0.177107,0.918018,-0.0735554,-0.0525187,0.0288824
17542,0.132619,0.013473,-0.00695971,0.0230037,-0.0838625,0.0977003,0.908275,-0.0267469,-0.0359104,0.0231209
17550,0.132619,0.013473,-0.00695971,0.0230037,-0.0831109,-0.0159428,0.895797,0.0632673,-0.00550091,0.0136248
17558,0.132619,0.013473,-0.00695971,0.0230037,-0.0831066,-0.0559123,0.891444,-0.049379,-0.0114581,-0.00712918
17566,0.132619,0.013473,-0.00695971,0.0230037,-0.0836659,0.0270905,0.901005,-0.020575,-0.0225858,0.0110416
17574,0.132619,0.013473,-0.00695971,0.0230037,-0.0841575,0.0240247,0.886611,0.0123455,-0.0152069,0.0114153
17582,0.132619,0.013473,-0.00695971,0.0230037,-0.083951,0.128878,0.889024,-0.0298336,-0.0382176,0.0247904
17590,0.132619,0.013473,-0.00695971,0.0230037,-0.0827441,0.141002,0.890157,-0.00514392,-0.0391544,0.0316098
17597,0.132619,0.013473,-0.00695971,0.0230037,-0.0812155,0.0845129,0.892072,0.0169738,-0.0295958,0.027124
17606,0.132619,0.013473,-0.00927961,0.0230037,-0.0805537,0.0166973,0.890951,0.00463001,-0.0209174,0.0153365
17614,0.132619,0.013473,-0.00927961,0.0230037,-0.0808776,-0.0367282,0.877461,-0.0591515,-0.0169666,-0.00383765
17622,0.132619,0.013473,-0.00927961,0.0230037,-0.0812963,-0.0480524,0.87645,0.0401215,-0.00265637,0.00524463
17630,0.132619,0.013473,-0.00927961,0.0230037,-0.0811532,0.00217535,0.879206,0.0627537,-0.00894977,0.0170347
17638,0.132619,0.013473,-0.00927961,0.0230037,-0.0808485,0.106761,0.881537,-0.157913,-0.0530687,0.00938726
17646,0.132619,0.013473,-0.00927961,0.0230037,-0.0798466,0.162985,0.884032,-0.00822946,-0.0465209,0.038357
17654,0.132619,0.013473,-0.00927961,0.0230037,-0.0781087,-0.0820236,0.857285,0.203692,0.0209583,0.0201826
17662,0.132619,0.013473,-0.00927961,0.0230037,-0.0790417,-0.0266044,0.882434,-0.153286,-0.0330543,-0.00991177
17669,0.132619,0.013473,-0.00927961,0.0230037,-0.0792281,-0.0236712,0.871828,-0.0745845,-0.0223033,-0.00208056
17678,0.132619,0.013473,-0.00927961,0.0230037,-0.0796953,-0.0996119,0.853162,0.102361,0.0147718,0.00237297
17686,0.132619,0.013473,-0.00927961,0.0230037,-0.0805247,0.0421421,0.854645,-0.0195464,-0.0221752,0.0109611
17694,0.132619,0.013473,-0.00927961,0.0230037,-0.0801224,0.123149,0.849573,-0.018003,-0.035147,0.0245478
17702,0.132619,0.013473,-0.00927961,0.0230037,-0.078295,0.140472,0.855257,0.0375476,-0.0348927,0.037486
17710,0.132619,0.013473,-0.00927961,0.0230037,-0.0770016,0.138604,0.852718,0.0828141,-0.0306146,0.0439061
17718,0.132619,0.013473,-0.00927961,0.0230037,-0.0754931,0.067323,0.848183,0.0200607,-0.02754,0.0258249
17726,0.132619,0.013473,-0.00927961,0.0230037,-0.0747901,-0.0248701,0.840613,-0.0519516,-0.0204988,0.00151603
17734,0.132619,0.013473,-0.00927961,0.0230037,-0.073535,-0.0247371,0.836636,0.0411493,-0.010632,0.013644
17741,0.132619,0.013473,-0.00927961,0.0230037,-0.0734501,0.0237592,0.835534,0.022118,-0.0208467,0.0195143
17750,0.132619,0.013473,-0.00927961,0.0230037,-0.0733233,0.0253579,0.83255,-0.066868,-0.0312902,0.00895924
17758,0.132619,0.013473,-0.00927961,0.0230037,-0.0732463,0.0524052,0.831221,0.0977321,-0.0162674,0.0328727
17766,0.132619,0.013473,-0.00927961,0.0230037,-0.0728316,0.0777189,0.826666,-0.0293184,-0.0352663,0.021964
17774,0.132619,0.013473,-0.00927961,0.0230037,-0.0722696,0.123815,0.826212,-0.023147,-0.0428727,0.0311749
17782,0.132619,0.013473,-0.00927961,0.0230037,-0.0710594,0.00457449,0.814403,0.0406354,-0.0153636,0.0183772
17790,0.132619,0.013473,-0.00927961,0.0230037,-0.0709489,-0.0283329,0.817585,0.0138881,-0.013728,0.0103303
17798,0.132619,0.013473,-0.00927961,0.0230037,-0.0712229,-0.00541787,0.81969,-0.00720024,-0.0199718,0.0116618
17806,0.132619,0.013473,-0.00927961,0.0230037,-0.0711235,-0.00608678,0.808822,-0.0416648,-0.0223084,0.00586147
17813,0.132619,0.013473,-0.00927961,0.0230037,-0.071384,-0.00954863,0.808255,0.0329195,-0.012498,0.0136421
17822,0.132619,0.013473,-0.00927961,0.0230037,-0.071476,0.0150995,0.801817,0.00205824,-0.0190546,0.0129865
17830,0.132619,0.013473,-0.00927961,0.0230037,-0.0714479,0.0602619,0.800346,-0.0138876,-0.0282163,0.0185212
17838,0.132619,0.013473,-0.00927961,0.0230037,-0.0709851,0.0257586,0.788481,-0.00771318,-0.0204976,0.0121612
17846,0.132619,0.013473,-0.00927961,0.0230037,-0.0703615,0.0133674,0.785811,0.0138873,-0.0163252,0.0130589
17854,0.132619,0.013473,-0.00927961,0.0230037,-0.0701077,0.0658594,0.795184,-0.0128595,-0.0300295,0.0206133
17862,0.132619,0.013473,-0.00927961,0.0230037,-0.0700056,0.0501398,0.792463,-0.0380635,-0.0300972,0.0146853
17870,0.132619,0.013473,-0.00695971,0.0230037,-0.0696134,0.0525355,0.791308,0.0673834,-0.0180477,0.0275389
17878,0.132619,0.013473,-0.00695971,0.0230037,-0.0690162,0.025092,0.791849,0.112647,-0.00907444,0.0291758
17885,0.132619,0.013473,-0.00695971,0.0230037,-0.0685805,0.00537427,0.786876,-0.0972167,-0.0303334,0.00084335
17894,0.132619,0.013473,-0.00695971,0.0230037,-0.0680535,0.00417496,0.784575,-0.0113164,-0.0203654,0.0111557
17902,0.132619,0.013473,-0.00695971,0.0230037,-0.0680285,0.00870474,0.776742,0.126021,-0.00370639,0.0269279
17910,0.132619,0.013473,-0.00695971,0.0230037,-0.0679778,-0.00461921,0.769386,-0.00925885,-0.0163244,0.00757328
17918,0.132619,0.013473,-0.00695971,0.0230037,-0.0675601,-0.00248741,0.760746,-0.0745851,-0.0235565,-0.00060292
17926,0.132619,0.013473,-0.00695971,0.0230037,-0.0677798,0.0240287,0.756532,0.102874,-0.00605896,0.0238649
17934,0.132619,0.013473,-0.00695971,0.0230037,-0.0675896,0.0213612,0.751403,0.12345,-0.00262781,0.0252846
17942,0.132619,0.013473,-0.00927961,0.0230037,-0.0673661,0.0794497,0.755425,0.00977278,-0.0269724,0.0229759
17950,0.132619,0.013473,-0.00927961,0.0230037,-0.0653145,0.116089,0.758398,-0.0390923,-0.0420919,0.0267025
17957,0.132619,0.013473,-0.00927961,0.0230037,-0.0644963,0.583851,0.795853,-0.133735,-0.137881,0.101583
17966,0.132619,0.013473,-0.00927961,0.0230037,-0.0608775,0.0785993,0.750682,0.454194,0.0173989,0.0836019
17974,0.132619,0.013473,-0.00927961,0.0230037,-0.0629203,-0.377397,0.739386,0.172314,0.0643408,-0.0312887
17982,0.132619,0.013473,-0.00695971,0.0230037,-0.0649292,-0.243363,0.738728,0.0221186,0.0276757,-0.029701
17990,0.132619,0.013473,-0.00695971,0.0230037,-0.0645156,-0.139854,0.707701,0.0720128,0.020837,-0.0107689
17998,0.132619,0.013473,-0.00927961,0.0230037,-0.0656216,0.0117579,0.700345,-0.0226304,-0.0131014,0.00127132
18006,0.132619,0.013473,-0.00927961,0.0230037,-0.0651579,0.209616,0.703365,-0.151739,-0.0622116,0.0205118
18014,0.132619,0.013473,-0.00695971,0.0306715,-0.063434,0.378151,0.735766,0.130649,-0.0649669,0.0886528
18022,0.132619,0.013473,-0.00695971,0.0306715,-0.0610227,0.274363,0.729064,0.0293201,-0.0619422,0.0614305
18029,0.132619,0.013473,-0.00695971,0.0306715,-0.0586842,0.0630545,0.731523,-0.120365,-0.0481798,0.0117306
18038,0.132619,0.013473,-0.00695971,0.0306715,-0.0586248,-0.210062,0.713557,0.0570975,0.0207834,-0.0161707
18046,0.132619,0.013473,-0.00695971,0.0306715,-0.0603159,-0.253096,0.707273,0.152769,0.0425161,-0.0154763
18054,0.132619,0.013473,-0.00927961,0.383394,-0.0621907,-0.138519,0.694512,0.028804,-0.028379,-0.056784
18062,0.132619,0.013473,-0.00927961,0.383394,-0.0632824,0.0663889,0.689501,0.144025,-0.0464412,-0.0109209
18070,0.132619,0.013473,-0.00927961,0.950818,-0.0624789,0.17631,0.686399,0.128079,-0.13399,-0.06073
18078,0.132619,0.013473,-0.00927961,0.950818,-0.0609523,0.264508,0.706712,0.478884,-0.11263,0.00100727
18086,0.132619,0.013473,-0.00927961,1.34188,-0.0598952,0.113422,0.707463,0.760249,-0.102099,-0.0358589
18094,0.132619,0.013473,-0.00927961,1.34188,-0.059185,-0.0191434,0.700256,0.636797,-0.0944994,-0.0729901
18101,0.132619,0.013473,-0.00927961,1.34188,-0.0590817,-0.167826,0.68663,0.722698,-0.0576962,-0.0899666
18110,0.132619,0.013473,-0.00927961,1.77895,-0.0606852,-0.18035,0.676168,0.928962,-0.0789335,-0.123273
18118,0.132619,0.013473,-0.00927961,1.77895,-0.0615466,-0.0728346,0.67365,1.17946,-0.0656399,-0.0771239
18126,0.132619,0.013473,-0.00927961,1.89397,-0.0621241,0.0486712,0.660442,1.52307,-0.0559144,-0.0325349
18134,0.132619,0.013473,-0.00927961,1.89397,-0.0616106,0.202155,0.669862,1.62337,-0.0717412,0.00744111
18142,0.132619,0.013473,-0.00927961,2.19302,-0.059915,0.247856,0.675959,1.69744,-0.109128,-0.0081135
18150,0.132619,0.013473,-0.00927961,2.19302,-0.0578216,0.145531,0.672463,1.76431,-0.086607,-0.0151293
18158,0.132619,0.013473,-0.0139194,2.36938,-0.056751,-0.0250057,0.674208,1.90885,-0.0646038,-0.0451437
18166,0.132619,0.013473,-0.0139194,2.36938,-0.0569955,-0.129189,0.67121,2.10328,-0.0236178,-0.0405533
18173,0.132619,0.013473,-0.0139194,2.36938,-0.0577537,-0.178085,0.654884,2.10843,-0.0112435,-0.0518743
18182,0.132619,0.013473,-0.0139194,2.60708,-0.0590374,-0.0664407,0.641784,2.16141,-0.0476333,-0.0587706
18190,0.132619,0.013473,-0.0139194,2.60708,-0.0595135,0.0698555,0.644327,2.47723,-0.0327532,0.001305
18198,0.132619,0.013473,-0.0139194,2.75277,-0.0588077,0.158057,0.641167,2.40162,-0.0738993,-0.00950984
18206,0.132619,0.013473,-0.0139194,2.75277,-0.0576695,0.183904,0.640764,2.37796,-0.082465,-0.00643447
18214,0.132619,0.013473,-0.0139194,2.88313,-0.0571078,0.0746553,0.648028,2.61663,-0.0535453,-0.0101084
18222,0.132619,0.013473,-0.0139194,2.88313,-0.0570683,-0.00222172,0.644289,2.64903,-0.0364442,-0.0197922
18230,0.132619,0.013473,-0.0139194,3.02115,-0.0573323,-0.0589765,0.627014,2.74471,-0.0288891,-0.037521
18238,0.132619,0.013473,-0.0139194,3.02115,-0.0576863,-0.0393935,0.633622,2.81466,-0.0244687,-0.0253739
18245,0.132619,0.013473,-0.0139194,3.02115,-0.0575165,0.0269558,0.622425,2.78431,-0.0374653,-0.0193387
18254,0.132619,0.013473,-0.0139194,3.02882,-0.0572069,0.111292,0.616392,2.88205,-0.0402766,0.00499099
18262,0.132619,0.013473,-0.0139194,3.02882,-0.0563324,0.159654,0.626415,2.98235,-0.0392825,0.0278334
18270,0.132778,0.0134114,-0.0139194,3.03648,-0.0552369,0.1434,0.61271,2.93503,-0.0424246,0.0179618
18278,0.132778,0.013393,-0.0139194,3.03648,-0.0544441,0.0926381,0.612952,2.95457,-0.0328606,0.0128697
18286,0.132619,0.0134467,-0.0139194,3.15917,-0.0533286,0.0364157,0.613684,3.02144,-0.0317275,-0.00159309
18294,0.132619,0.0134617,-0.0139194,3.15917,-0.052649,0.00857065,0.598252,2.99984,-0.0280874,-0.0104089
18302,0.132778,0.0134066,-0.0139194,3.28186,-0.0521908,0.00270897,0.598018,2.96743,-0.0460212,-0.0290943
18310,0.132778,0.013391,-0.0139194,3.28186,-0.0523571,0.060396,0.599226,3.12329,-0.0372058,-0.00094807
18317,0.132778,0.0133842,-0.0139194,3.28186,-0.0517547,0.105563,0.592631,3.10271,-0.0468898,0.00402457
18326,0.132619,0.0134429,-0.00927961,3.40454,-0.0511364,0.162186,0.602557,3.1737,-0.0640063,0.00911717
18334,0.132619,0.0134601,-0.00927961,3.40454,-0.0502711,0.0705243,0.59724,3.24005,-0.0413114,0.00181957
18342,0.132619,0.0134675,-0.00927961,3.41221,-0.0500852,0.0119006,0.593876,3.22565,-0.0339043,-0.0109726
18350,0.132619,0.0134706,-0.00927961,3.41221,-0.0499728,-0.00062176,0.592651,3.28995,-0.0242064,-0.00552972
18358,0.132619,0.013472,-0.00927961,3.40454,-0.0496529,-0.0339297,0.583593,3.34498,-0.0102787,-0.00475286
18366,0.132619,0.0134726,-0.00927961,3.40454,-0.0496037,0.0153654,0.576475,3.28789,-0.0240925,-0.00426713
18374,0.132619,0.0134728,-0.00927961,3.30486,-0.0491383,0.091307,0.57635,3.3707,-0.0157864,0.0307414
18382,0.132619,0.0134729,-0.00927961,3.30486,-0.0479904,0.0931734,0.577434,3.39076,-0.0154806,0.0351935
18389,0.132619,0.013473,-0.00927961,3.30486,-0.0471244,0.0954368,0.572916,3.27657,-0.029771,0.0225486
18398,0.132619,0.013473,-0.00927961,3.18217,-0.0464514,0.0289572,0.562845,3.31515,0.00094144,0.0297096
18406,0.132619,0.013473,-0.00927961,3.18217,-0.0461609,-0.00794949,0.571115,3.30332,0.00393111,0.023821
18414,0.132619,0.013473,-0.00927961,3.18217,-0.0463613,-0.0451203,0.549566,3.22205,0.0042568,0.00419354
18422,0.132619,0.013473,-0.00927961,3.18217,-0.04742,0.0417458,0.552953,3.21999,-0.00946826,0.0176805
18430,0.132619,0.013473,-0.00927961,3.09783,-0.0470318,0.119951,0.551601,3.20199,-0.0149203,0.0390353
18438,0.132619,0.013473,-0.00927961,3.09783,-0.0453578,0.169381,0.542151,3.15775,-0.0290952,0.0429416
18446,0.132619,0.013473,-0.0139194,2.86012,-0.0434837,0.154861,0.547425,3.11249,-0.00818144,0.0674375
18454,0.132619,0.013473,-0.0139194,2.86012,-0.0429958,0.0525376,0.553293,3.05796,0.00072981,0.0453542
18461,0.132619,0.013473,-0.0139194,2.86012,-0.0433912,0.0160313,0.541916,2.96846,-0.00139467,0.0262345
18470,0.132778,0.0134114,-0.0139194,2.76811,-0.0436678,0.0410787,0.543478,2.97978,0.0067024,0.0426008
18478,0.132778,0.013393,-0.0139194,2.76811,-0.0426856,-0.0195413,0.53225,2.92423,0.0106389,0.0253815
18486,0.132778,0.0133851,-0.0139194,2.44606,-0.0426752,0.0449425,0.534395,2.76888,0.0192242,0.0563431
18494,0.132778,0.0133817,-0.0139194,2.44606,-0.0423621,0.077052,0.526726,2.64749,0.00039922,0.0466149
18502,0.132619,0.0134418,-0.0139194,2.17768,-0.0417014,0.108228,0.526899,2.60686,0.0211946,0.0796806
18510,0.132619,0.0134596,-0.0139194,2.17768,-0.0412716,0.0853125,0.518784,2.53587,0.0173679,0.0666876
18518,0.132619,0.0134673,-0.0139194,1.76361,-0.0403984,0.0737201,0.517311,2.29617,0.038884,0.086308
18526,0.132619,0.0134705,-0.0139194,1.76361,-0.0397808,0.0442772,0.514733,2.23085,0.0356364,0.0740554
18533,0.132619,0.013472,-0.0139194,1.76361,-0.0389829,0.046942,0.520241,1.99938,0.00594166,0.049133
18542,0.132778,0.013411,-0.0139194,1.4799,-0.0384946,0.0448101,0.50699,2.00504,0.0417954,0.0815836
18550,0.132778,0.0133928,-0.0139194,1.4799,-0.0379948,0.0342854,0.500912,1.88776,0.0299891,0.0656823
18558,0.132619,0.0134466,-0.0162393,1.01983,-0.0373704,0.0997001,0.513121,1.66658,0.044155,0.108115
18566,0.132619,0.0134617,-0.0162393,1.01983,-0.0367782,0.0494746,0.504292,1.3919,0.0207397,0.0665487
18574,0.132619,0.0134681,-0.0162393,0.567424,-0.0366386,0.0385478,0.49616,1.25713,0.0611039,0.10113
18582,0.132619,0.0134709,-0.0162393,0.567424,-0.0363117,0.025892,0.489612,1.16712,0.0532036,0.0877486
18590,0.132619,0.0134721,-0.0139194,0.276044,-0.0357583,0.0987677,0.493504,0.949023,0.0487564,0.109723
18598,0.132619,0.0134726,-0.0139194,0.276044,-0.035124,0.0398806,0.48354,0.750474,0.0358511,0.0755917
18605,0.132619,0.0134729,-0.0139194,0.276044,-0.0346907,0.0437439,0.485654,0.639883,0.0212456,0.0641109
18614,0.132619,0.013473,-0.0139194,0.069011,-0.034239,0.0468085,0.476703,0.497401,0.0291661,0.0714426
18622,0.132619,0.013473,-0.0139194,0.069011,-0.0337975,0.077851,0.480725,0.287537,-0.00195763,0.0531293
18630,0.132619,0.013473,-0.0139194,0.0613431,-0.0334051,0.0734542,0.474775,0.169744,-0.0137854,0.0389544
18638,0.132619,0.013473,-0.0139194,0.0613431,-0.0329179,0.0512049,0.471454,0.161,-0.0112637,0.034308
18646,0.132778,0.0134114,-0.0139194,0.0613431,-0.032532,0.0537378,0.468917,0.164599,-0.0114443,0.0353521
18654,0.132778,0.013393,-0.0139194,0.0613431,-0.0320905,0.0584002,0.469065,0.0972169,-0.0208114,0.0288348
18662,0.132619,0.0134467,-0.00927961,0.0536752,-0.0314121,0.0566666,0.469003,0.0606954,-0.0240433,0.0252595
18670,0.132619,0.0134617,-0.00927961,0.0536752,-0.030975,0.0281555,0.46953,0.0478366,-0.0214995,0.0196005
18678,0.132619,0.0134682,-0.00927961,0.0536752,-0.0309373,0.00524039,0.468564,0.0277763,-0.0199547,0.0132515
18686,0.132619,0.0134709,-0.00927961,0.0536752,-0.0310811,0.00297506,0.466312,0.081785,-0.0126519,0.0186881
18694,0.132619,0.0134721,-0.00927961,0.0536752,-0.0310243,0.0348169,0.462041,0.0725271,-0.0184059,0.0223535
18702,0.132619,0.0134726,-0.00927961,0.0383394,-0.0303388,0.0733211,0.46091,0.074584,-0.0234921,0.0316717
18710,0.132619,0.0134729,-0.00927961,0.0383394,-0.0294716,0.0521375,0.458046,0.0709834,-0.0211352,0.0284133
18718,0.132619,0.013473,-0.00927961,0.0383394,-0.0290327,-0.0148776,0.454009,0.0169748,-0.01635,0.0106828
18726,0.132619,0.013473,-0.00927961,0.0383394,-0.0290319,0.00204273,0.460108,0.00617284,-0.0214086,0.0132435
18734,0.132619,0.013473,-0.00927961,0.0383394,-0.0289852,0.0131008,0.455405,0.0848717,-0.0132742,0.0237193
18742,0.132619,0.013473,-0.00927961,0.0383394,-0.0289133,0.0240265,0.446644,0.0648115,-0.0161355,0.0218787
18749,0.132619,0.013473,-0.00927961,0.0383394,-0.0286834,0.0322866,0.439018,0.0483516,-0.0185308,0.0204162
18758,0.132619,0.013473,-0.00927961,0.0306715,-0.0282889,0.0570686,0.44227,-0.0149171,-0.030252,0.0190942
18766,0.132619,0.013473,-0.00927961,0.0306715,-0.0277824,0.0216286,0.438372,-0.00514362,-0.0232968,0.0143459
18774,0.132619,0.013473,-0.00927961,0.0306715,-0.0278426,0.0128348,0.440834,0.0642969,-0.013972,0.021385
18782,0.132619,0.013473,-0.00927961,0.0306715,-0.0277977,0.0152331,0.446006,0.0267478,-0.0196879,0.0182461
18790,0.132619,0.013473,-0.00927961,0.0306715,-0.0277791,0.00763772,0.439572,0.00874522,-0.0195405,0.0138258
18798,0.132619,0.013473,-0.00927961,0.0306715,-0.0278496,0.00230868,0.434314,0.0452656,-0.0134113,0.0162994
18806,0.132619,0.013473,-0.00927961,0.0230037,-0.0278375,0.00550662,0.430939,0.0190319,-0.0156018,0.0141171
18814,0.132619,0.013473,-0.00927961,0.0230037,-0.0276651,0.0150992,0.428661,0.01646,-0.0173636,0.015303
18821,0.132619,0.013473,-0.00927961,0.0230037,-0.0275314,0.00976991,0.429667,0.0195462,-0.0164623,0.0151162
18830,0.132619,0.013473,-0.00927961,0.0230037,-0.0278219,0.0254916,0.426314,0.00977353,-0.01928,0.01567
18838,0.132619,0.013473,-0.00927961,0.0230037,-0.0276165,0.0136342,0.421152,0.0468079,-0.0124026,0.0175011
18846,0.132619,0.013473,-0.00927961,0.0230037,-0.0274598,0.0346841,0.420717,0.0154314,-0.0197315,0.0174896
18854,0.132619,0.013473,-0.00927961,0.0230037,-0.0270751,0.0213613,0.414563,0.0102873,-0.0176675,0.0141761
18862,0.132619,0.013473,-0.00927961,0.0230037,-0.0272637,0.0220275,0.417902,0.0226323,-0.016602,0.0160241
18870,0.132619,0.013473,-0.00927961,0.0230037,-0.027169,0.016831,0.409933,0.00411511,-0.0167699,0.011806
18878,0.132619,0.013473,-0.00927961,0.0230037,-0.0269575,0.020162,0.409542,0.0113162,-0.0167003,0.0134493
18886,0.132619,0.013473,-0.00927961,0.0230037,-0.0267155,0.061863,0.415475,0.00617244,-0.0255014,0.0211667
18893,0.132619,0.013473,-0.00927961,0.0230037,-0.0262206,0.0313528,0.411998,0.0864143,-0.0111114,0.0256322
18902,0.132619,0.013473,-0.00927961,0.0230037,-0.026346,0.00577426,0.407739,0.0133741,-0.014623,0.0118231
18910,0.132619,0.013473,-0.00927961,0.0230037,-0.0263546,0.0621298,0.407902,0.0113161,-0.0242153,0.0211
18918,0.132619,0.013473,-0.00927961,0.0230037,-0.0258964,0.0382816,0.400542,0.0262333,-0.0179504,0.0182902
18926,0.132619,0.013473,-0.00927961,0.0230037,-0.0255169,0.0332191,0.398214,-0.0113161,-0.0216819,0.0131482
18934,0.132619,0.013473,-0.00927961,0.0230037,-0.0251894,0.0318863,0.399889,0.00720141,-0.019998,0.0158364
18942,0.132619,0.013473,-0.00927961,0.0230037,-0.02495,0.0242923,0.396681,-0.0185175,-0.0215824,0.0113301
18950,0.132619,0.013473,-0.00927961,0.0230037,-0.0247117,0.054003,0.396241,0.0149172,-0.0228204,0.0205537
18958,0.132619,0.013473,-0.00927961,0.0230037,-0.024085,0.0754522,0.396404,-0.00771473,-0.029926,0.0223913
18965,0.132619,0.013473,-0.00927961,0.0230037,-0.0235204,0.040413,0.392093,0.0282908,-0.0199594,0.0208255
18974,0.132619,0.013473,-0.00927961,0.0230037,-0.0234162,0.0153659,0.387809,-0.00102786,-0.0187182,0.012589
18982,0.132619,0.013473,-0.00927961,0.0230037,-0.0233005,0.0174973,0.381574,-0.0138879,-0.0197412,0.0105839
18990,0.132619,0.013473,-0.00927961,0.0230037,-0.0228616,0.0302879,0.383323,-0.00925852,-0.0221981,0.014179
18998,0.132619,0.013473,-0.00927961,0.0230037,-0.0226737,0.038814,0.38198,-0.00257164,-0.022864,0.0164517
19006,0.132619,0.013473,-0.00927961,0.0230037,-0.0225288,0.0536035,0.383622,0.0133739,-0.0238982,0.0212969
19014,0.132619,0.013473,-0.00927961,0.0230037,-0.022085,0.0538693,0.380225,-0.026747,-0.0287313,0.0166666
19022,0.132619,0.013473,-0.00927961,0.0230037,-0.0218963,0.0562676,0.379829,-0.00977303,-0.0273237,0.0192756
19030,0.132619,0.013473,-0.00927961,0.0230037,-0.0217256,0.0133667,0.37229,0.0324052,-0.0142676,0.0160474
19037,0.132619,0.013473,-0.00927961,0.0230037,-0.021824,0.0161658,0.367368,-0.0432068,-0.0227132,0.00665152
19046,0.132619,0.013473,-0.00927961,0.0230037,-0.0215841,0.0374825,0.365497,-0.0298338,-0.0246963,0.0118592
19054,0.132619,0.013473,-0.00927961,0.0230037,-0.0215185,0.0453426,0.36341,0.0360062,-0.0179942,0.020723
19062,0.132619,0.013473,-0.00927961,0.0230037,-0.0211799,0.0874445,0.366209,0.0185178,-0.0279442,0.0266776
19070,0.132619,0.013473,-0.00927961,0.0230037,-0.0205484,0.108228,0.367906,0.0375494,-0.0302838,0.0335819
19078,0.132619,0.013473,-0.00927961,0.0230037,-0.0198784,0.0677254,0.365096,0.0581241,-0.0216167,0.0296585
19086,0.132619,0.013473,-0.00927961,0.0230037,-0.0195575,0.0292227,0.363253,0.0967019,-0.0108366,0.0278726
19094,0.132619,0.013473,-0.00927961,0.0230037,-0.0192869,0.0429442,0.362983,0.0462937,-0.0193768,0.0245596
19102,0.132619,0.013473,-0.00927961,0.0230037,-0.0190434,-0.00261965,0.3593,0.00514372,-0.0164188,0.0117536
19109,0.132619,0.013473,-0.00927961,0.0230037,-0.019953,0.0065721,0.35288,-0.0133733,-0.017842,0.00881957
19118,0.132619,0.013473,-0.0579976,0.0230037,-0.0198664,0.075719,0.360804,0.0308623,-0.0333229,0.0349587
19126,0.132619,0.013473,-0.0579976,0.0230037,-0.0193239,0.0925074,0.357339,0.0267479,-0.0367748,0.0374979
19134,0.132619,0.013473,-0.129915,0.0230037,-0.018579,0.073055,0.363205,0.0560668,-0.0436438,0.051248
19142,0.132619,0.013473,-0.129915,0.0230037,-0.0179157,-0.00355394,0.365939,-6.6e-07,-0.03891,0.0330579
19150,0.132619,0.013473,-0.315507,0.0230037,-0.0179471,-0.0786943,0.373841,0.0252042,-0.0546055,0.0544956
19158,0.132619,0.013473,-0.315507,0.0230037,-0.0183981,-0.140114,0.382547,0.0468079,-0.0426691,0.0474671
19166,0.132619,0.013473,-0.447741,0.0230037,-0.0195277,-0.271481,0.379034,0.0380646,-0.0411153,0.043449
19174,0.132619,0.013473,-0.447741,0.0230037,-0.0217009,-0.319045,0.401462,0.011831,-0.036958,0.0329255
19181,0.132619,0.013473,-0.447741,0.0230037,-0.0244104,-0.366746,0.404837,0.0087448,-0.0262472,0.0213022
19190,0.132619,0.013473,-0.621734,0.0306715,-0.0273457,-0.389124,0.414729,0.0200609,-0.0476927,0.0435173
19198,0.132619,0.013473,-0.621734,0.0306715,-0.0305545,-0.403778,0.419867,0.0447506,-0.0387822,0.0403435
19206,0.132619,0.013473,-0.70061,0.0306715,-0.034091,-0.519289,0.41048,0.064297,-0.023683,0.0294637
19214,0.132619,0.013473,-0.70061,0.0306715,-0.0382979,-0.589099,0.419085,0.0200605,-0.012947,0.00801319
19222,0.132619,0.013473,-0.735409,0.0306715,-0.0430092,-0.609088,0.418015,0.0231469,-0.0082411,0.00390926
19230,0.132619,0.013473,-0.735409,0.0306715,-0.0475072,-0.613753,0.413818,0.0637826,0.00416487,0.00101414
19238,0.132619,0.013473,-0.695971,0.0306715,-0.0524123,-0.597769,0.417824,0.0468081,0.0119498,-0.0108056
19246,0.132619,0.013473,-0.695971,0.0306715,-0.0574246,-0.498376,0.410668,0.0308624,0.0016336,-0.00402729
19253,0.132619,0.013473,-0.695971,0.0306715,-0.0613438,-0.433887,0.400222,0.0457794,-0.00023402,0.00149754
19262,0.132619,0.013473,-0.633333,0.0230037,-0.0647589,-0.404042,0.386189,0.0488656,0.0131184,-0.00928473
19270,0.132619,0.013473,-0.633333,0.0230037,-0.0679569,-0.386724,0.371564,0.00823046,0.0122029,-0.0179575
19278,0.132619,0.013473,-0.491819,0.0230037,-0.0707627,-0.358746,0.36347,-0.00205748,0.0342935,-0.0424493
19286,0.132619,0.013473,-0.491819,0.0230037,-0.0733417,-0.30732,0.343599,0.00360073,0.0331784,-0.0398832
19294,0.132619,0.013473,-0.454701,0.0230037,-0.0751093,-0.16396,0.332924,0.0277763,0.0223994,-0.022995
19302,0.132619,0.013473,-0.454701,0.0230037,-0.0763858,-0.064441,0.308316,0.0509227,0.0143546,-0.00920683
19310,0.132619,0.013473,-0.426862,0.0230037,-0.0768035,0.0270896,0.295971,0.0293191,0.00369015,-0.00337531
19318,0.132619,0.013473,-0.426862,0.0230037,-0.0765719,0.0839788,0.285924,-0.00771551,-0.00879709,0.00054457
19325,0.132619,0.013473,-0.426862,0.0230037,-0.0759077,0.107428,0.28117,0.0396061,-0.0072512,0.0102491
19334,0.132619,0.013473,-0.461661,0.0230037,-0.075581,0.0845128,0.270335,0.0277762,-0.00915583,0.00929936
19342,0.132619,0.013473,-0.461661,0.0230037,-0.0749827,0.0821138,0.266871,-0.0288056,-0.0156883,0.00247702
19350,0.132619,0.013473,-0.459341,0.0153358,-0.0743647,0.0761191,0.267069,0.0133738,-0.00932779,0.00787362
19358,0.132619,0.013473,-0.459341,0.0153358,-0.0738087,0.0701233,0.26151,0.0540094,-0.00341392,0.0115411
19366,0.132619,0.013473,-0.426862,0.0153358,-0.0733182,0.0810495,0.258126,-0.00359985,-0.00691036,0.0014756
19374,0.132619,0.013473,-0.426862,0.0153358,-0.0726143,0.101167,0.258383,0.0123451,-0.00937071,0.00777102
19382,0.132619,0.013473,-0.426862,0.0153358,-0.0717538,0.0799839,0.248496,-0.00514314,-0.00751061,0.00173044
19390,0.132619,0.013473,-0.426862,0.0153358,-0.0711634,0.115555,0.250315,0.00514373,-0.0132937,0.0100583
19397,0.132619,0.013473,-0.426862,0.0153358,-0.0702251,0.109427,0.239368,0.0329201,-0.00852989,0.0118452
19406,0.132619,0.013473,-0.426862,0.0153358,-0.0692021,0.108094,0.238766,-0.0277762,-0.016767,0.00576613
19414,0.132619,0.013473,-0.426862,0.0153358,-0.068262,0.110892,0.233148,0.00720132,-0.0134941,0.0107714
19422,0.132619,0.013473,-0.431502,0.0153358,-0.0673706,0.0773185,0.224387,0.00720128,-0.0084917,0.00568007
19430,0.132619,0.013473,-0.431502,0.0153358,-0.0666811,0.0851787,0.227424,0.0169744,-0.0100768,0.00960641
19438,0.132619,0.013473,-0.46398,0.0153358,-0.0661242,0.0807822,0.221348,-0.0164596,-0.0183031,0.00993844
19446,0.132619,0.013473,-0.46398,0.0153358,-0.0655298,0.1001,0.226861,0.0252043,-0.0182968,0.0198347
19454,0.132619,0.013473,-0.496459,-0.00766826,-0.064694,0.0846464,0.221438,0.0138882,-0.0198626,0.0241278
19462,0.132619,0.013473,-0.496459,-0.00766826,-0.0639923,0.0749194,0.22725,0.00617257,-0.0210585,0.023484
19469,0.132619,0.013473,-0.496459,-0.00766826,-0.0633851,0.0193631,0.22202,-0.0262329,-0.0156648,0.0102813
19478,0.132619,0.013473,-0.528938,-0.00766826,-0.0631322,-0.0191408,0.225176,-0.00257196,-0.0125832,0.0126759
19486,0.132619,0.013473,-0.528938,-0.00766826,-0.0632769,-0.0451202,0.220698,0.0226321,-0.00439054,0.0103513
19494,0.132619,0.013473,-0.554457,-0.00766826,-0.0636494,-0.0369938,0.219516,-0.0226326,-0.0144778,0.00977561
19502,0.132619,0.013473,-0.554457,-0.00766826,-0.0640294,-0.0407245,0.214943,-0.00617251,-0.0106628,0.00982864
19510,0.132619,0.013473,-0.561416,-0.00766826,-0.064382,-0.0132791,0.215921,-0.023661,-0.0180642,0.0131806
19518,0.132619,0.013473,-0.561416,-0.00766826,-0.064293,-0.0267358,0.212035,0.0380636,-0.00805853,0.017705
19526,0.132619,0.013473,-0.563736,-0.00766826,-0.0644712,-0.056845,0.207258,-0.014917,-0.00867366,0.0057202
19534,0.132619,0.013473,-0.563736,-0.00766826,-0.0648534,-0.0726997,0.208196,-0.0267473,-0.00706816,0.00126866
19541,0.132619,0.013473,-0.563736,-0.00766826,-0.0654426,-0.0730997,0.199183,-0.028805,-0.00498497,-0.00131113
19550,0.132619,0.013473,-0.640293,-0.00766826,-0.065926,-0.0597761,0.198124,0.0257186,-0.0122607,0.018876
19558,0.132619,0.013473,-0.640293,-0.00766826,-0.0664417,-0.0433885,0.19482,-0.0437214,-0.0219182,0.012184
19566,0.132619,0.013473,-0.70293,-0.00766826,-0.0667904,-0.0512499,0.195326,-0.0195462,-0.0274561,0.0234061
19574,0.132619,0.013473,-0.70293,-0.00766826,-0.067234,-0.0901529,0.196808,-0.0648113,-0.0259756,0.0111168
19582,0.132619,0.013473,-0.751648,-0.00766826,-0.0681507,-0.123328,0.200856,0.0164601,-0.0181429,0.0223597
19590,0.132619,0.013473,-0.751648,-0.00766826,-0.0691724,-0.183281,0.198281,-0.0236614,-0.0111231,0.0056725
19598,0.132619,0.013473,-0.756288,-0.00766826,-0.0707391,-0.173423,0.200704,-0.00874419,-0.00998692,0.00806484
19606,0.132619,0.013473,-0.756288,-0.00766826,-0.0718805,-0.221651,0.189299,0.00720144,0.00328276,-0.00160497
19613,0.132619,0.013473,-0.756288,-0.00766826,-0.0735594,-0.183416,0.188718,-0.00257178,-0.00180608,0.00126776
19622,0.132619,0.013473,-0.751648,-0.00766826,-0.0746117,-0.187278,0.177745,-0.0442365,-0.00211848,-0.00828359
19630,0.132619,0.013473,-0.751648,-0.00766826,-0.0760798,-0.119199,0.176164,-0.0282907,-0.00924876,0.00279482
19638,0.132619,0.013473,-0.70757,-0.00766826,-0.0769156,-0.112003,0.169031,-0.0545239,-0.00413957,-0.00850266
19646,0.132619,0.013473,-0.70757,-0.00766826,-0.0778602,-0.0896205,0.161922,0.00822954,0.00198722,0.00023632
19654,0.132619,0.013473,-0.575336,-0.00766826,-0.0783214,-0.0956149,0.154971,-0.0591531,0.018084,-0.0318057
19662,0.132619,0.013473,-0.575336,-0.00766826,-0.0790056,-0.0593758,0.142731,-0.103904,0.00971733,-0.0339042
19670,0.132619,0.013473,-0.461661,-0.00766826,-0.0793959,-0.00168795,0.130969,-0.0246902,0.0302277,-0.0355608
19678,0.132619,0.013473,-0.461661,-0.00766826,-0.0793182,0.0432117,0.110246,-0.0488656,0.0231716,-0.0340765
19685,0.132619,0.013473,-0.461661,-0.00766826,-0.0788127,0.159521,0.0964079,-0.0478369,0.00556109,-0.0158651
19694,0.132619,0.013473,-0.324786,-0.00766826,-0.0775487,0.304479,0.0888227,-0.0447507,0.00343913,-0.0125727
19702,0.132619,0.013473,-0.324786,-0.00766826,-0.0751832,0.315669,0.0735638,-0.0457792,0.00067681,-0.00998591
19710,0.132619,0.013473,-0.180952,-0.00766826,-0.0729707,0.363498,0.0684902,0.00205739,0.0193324,-0.0171882
19718,0.132619,0.013473,-0.180952,-0.00766826,-0.0700481,0.361096,0.0542073,-0.0457796,0.0123847,-0.0214978
19726,0.132619,0.013473,-0.0649573,-0.00766826,-0.0670679,0.405198,0.0470287,-0.0498942,0.0203397,-0.0302597
19734,0.132619,0.013473,-0.0649573,-0.00766826,-0.0637264,0.406799,0.0317706,-0.0133738,0.0222515,-0.0234983
19742,0.132619,0.013473,-0.0162393,-0.00766826,-0.060121,0.494465,0.0345201,-0.0108017,0.0104892,-0.0108151
19750,0.132619,0.013473,-0.0162393,-0.00766826,-0.0562203,0.501131,0.0336747,-2e-08,0.00544383,-0.00314232
19757,0.132619,0.013473,-0.0162393,-0.00766826,-0.0522948,0.459427,0.0344473,-0.00925843,0.00575268,-0.00570469
19766,0.132619,0.013473,-0.0162393,-0.00766826,-0.0486634,0.430511,0.0332366,0.00720132,0.00769633,-0.00379699
19774,0.132619,0.013473,-0.0162393,-0.00766826,-0.0452998,0.416388,0.0301881,6e-08,0.00506466,-0.0028585
19782,0.132619,0.013473,-0.0162393,-0.00766826,-0.0420249,0.38375,0.0281382,-0.0025719,0.00600641,-0.00445791
19790,0.132619,0.013473,-0.0162393,-0.00766826,-0.0389735,0.353507,0.0256292,-2.2e-07,0.00753797,-0.00542912
19798,0.132619,0.013473,-0.0139194,0.0153358,-0.0361448,0.379887,0.0278581,0.00257178,-0.0031046,0.00051219
19806,0.132619,0.013473,-0.0139194,0.0153358,-0.0331217,0.398408,0.0295173,0.00514369,-0.010283,0.00839864
19814,0.132619,0.013473,-0.0139194,0.0153358,-0.0299647,0.388413,0.0311336,0.00977312,-0.0126721,0.0118971
19822,0.132619,0.013473,-0.0139194,0.0153358,-0.0270498,0.359899,0.0305215,0.0267474,-0.00984821,0.0130367
19829,0.132619,0.013473,-0.0139194,0.0153358,-0.0242167,0.316599,0.0280149,0.00720137,-0.00846092,0.00694617
19838,0.132619,0.013473,-0.0139194,0.0153358,-0.0217329,0.288222,0.0257677,-0.0108017,-0.00892643,0.00311271
19846,0.132619,0.013473,-0.0139194,0.0153358,-0.0194822,0.296218,0.0259046,0.00308629,-0.0117236,0.00924561
19854,0.132619,0.013473,-0.0139194,0.0230037,-0.0171196,0.31567,0.0271884,0.0154313,-0.0178419,0.0165619
19862,0.132619,0.013473,-0.0139194,0.0230037,-0.0147222,0.330458,0.0295258,0.020575,-0.02335,0.0233646
19870,0.132619,0.013473,-0.0139194,0.0230037,-0.0121842,0.315934,0.0308138,0.0108019,-0.025784,0.0234854
19878,0.132619,0.013473,-0.0139194,0.0230037,-0.00981055,0.269303,0.0319883,0.00462944,-0.0222317,0.0183702
19886,0.132619,0.013473,-0.00927961,0.0230037,-0.00798151,0.228535,0.0318164,0.00360065,-0.0173335,0.0131323
19894,0.132619,0.013473,-0.00927961,0.0230037,-0.00629626,0.215878,0.0312151,0.00205749,-0.0176334,0.0130545
19901,0.132619,0.013473,-0.00927961,0.0230037,-0.00468952,0.219476,0.0274901,0.0046294,-0.0195303,0.0155927
19910,0.132619,0.013473,-0.00927961,0.0230037,-0.00295212,0.257846,0.0247676,0.0113162,-0.027043,0.0248254
19918,0.132619,0.013473,-0.00927961,0.0230037,-0.00100254,0.305545,0.0244296,0.0185176,-0.0367153,0.0363707
19926,0.132619,0.013473,-0.00927961,0.0230037,0.00143271,0.319533,0.0260132,0.023147,-0.0420821,0.0429087
19934,0.132619,0.013473,-0.00927961,0.0230037,0.00381688,0.292618,0.0272253,0.0231469,-0.0410889,0.0418694
19942,0.132619,0.013473,-0.00927961,0.0306715,0.0058723,0.259177,0.0270152,0.005144,-0.0413594,0.0360096
19950,0.132619,0.013473,-0.00927961,0.0306715,0.00803431,0.226403,0.0277392,0.00668693,-0.0388306,0.0337778
19958,0.132619,0.013473,-0.00927961,0.0306715,0.00979523,0.200424,0.0315499,0.0149169,-0.0365863,0.0334241
19966,0.132619,0.013473,-0.00927961,0.0306715,0.0114236,0.188034,0.0352069,0.0282907,-0.0357803,0.0357618
19973,0.132619,0.013473,-0.00927961,0.0306715,0.0128942,0.190964,0.0357357,0.0349775,-0.03758,0.0391706
19982,0.132619,0.013473,-0.00927961,0.0306715,0.0144563,0.205753,0.0403509,0.0843573,-0.0370968,0.0504117
19990,0.132619,0.013473,-0.00927961,0.0306715,0.0158668,0.161654,0.0431643,0.0622393,-0.0347858,0.0427676
19998,0.132619,0.013473,-0.00927961,0.0306715,0.0170074,0.132476,0.0569291,0.070984,-0.0327027,0.0426786
20006,0.132619,0.013473,-0.00927961,0.0306715,0.0178669,0.0330847,0.0595931,0.0493802,-0.020392,0.0249806
20014,0.132619,0.013473,-0.00927961,0.0306715,0.0176171,-0.0207402,0.060942,0.0488657,-0.0114112,0.0157118
20022,0.132619,0.013473,-0.00927961,0.0306715,0.0175055,-0.03353,0.062419,0.0581245,-0.00828635,0.0147323
20030,0.132619,0.013473,-0.00927961,0.0383394,0.0172351,0.00150997,0.0593917,0.0653257,-0.0132874,0.0197249
20038,0.132619,0.013473,-0.00927961,0.0383394,0.0172173,0.0520043,0.059826,0.069955,-0.0211517,0.0288346
20045,0.132619,0.013473,-0.00927961,0.0383394,0.0175298,0.081582,0.0629193,0.0684117,-0.0271598,0.0345729
20054,0.132619,0.013473,-0.00927961,0.161026,0.017971,0.0679921,0.0612381,0.0689262,-0.0396385,0.0181786
20062,0.132619,0.013473,-0.00927961,0.161026,0.0182065,0.046142,0.0643991,0.104418,-0.0326691,0.0195246
20070,0.132619,0.013473,-0.00927961,0.299048,0.0183712,0.00111027,0.0618935,0.0972169,-0.0421438,-0.00541439
20078,0.132619,0.013473,-0.00927961,0.299048,0.0182118,-0.00368608,0.0602804,0.126022,-0.0374768,-0.00329903
20086,0.132619,0.013473,-0.00927961,0.636435,0.0181801,0.00044348,0.0676025,0.20575,-0.0696563,-0.0319263
20094,0.132619,0.013473,-0.00927961,0.636435,0.0181873,-0.0132789,0.0732508,0.338973,-0.0526049,-0.0175718
20102,0.132619,0.013473,-0.00927961,1.0505,0.0178639,-0.0287338,0.0771918,0.42436,-0.0889639,-0.0588474
20110,0.132619,0.013473,-0.00927961,1.0505,0.0176598,-0.00248713,0.0800437,0.573015,-0.0759749,-0.0366702
20117,0.132619,0.013473,-0.00927961,1.0505,0.0172417,-0.034196,0.0800858,0.717554,-0.0531247,-0.0255046
20126,0.132619,0.013473,-0.00695971,1.85563,0.0165239,-0.0828256,0.0788378,0.650685,-0.146258,-0.138362
20134,0.132619,0.013473,-0.00695971,1.85563,0.0159701,-0.0524484,0.0885691,1.0627,-0.103549,-0.083731
20142,0.132619,0.013473,-0.00695971,2.39238,0.0153051,-0.162231,0.0915553,1.29674,-0.120601,-0.138475
20150,0.132619,0.013473,-0.00695971,2.39238,0.0135761,-0.12413,0.109249,1.46031,-0.108116,-0.112257
20158,0.132619,0.013473,-0.0046398,3.08249,0.0130101,-0.197669,0.107903,1.69847,-0.147822,-0.179466
20166,0.132619,0.013473,-0.0046398,3.08249,0.0113626,-0.195805,0.108291,2.03178,-0.106659,-0.141969
20174,0.132619,0.013473,-0.0046398,3.51189,0.00968925,-0.225913,0.100667,2.34967,-0.111289,-0.163779
20182,0.132619,0.013473,-0.0046398,3.51189,0.0078613,-0.182617,0.104629,2.54153,-0.0939845,-0.135691
20189,0.132619,0.013473,-0.0046398,3.51189,0.00648482,-0.196736,0.0905087,2.76117,-0.0616042,-0.116291
20198,0.132619,0.013473,-0.0046398,4.07932,0.00450816,-0.126526,0.092309,2.91651,-0.119369,-0.155613
20206,0.132619,0.013473,-0.0046398,4.07932,0.00343898,-0.0599096,0.0972654,3.27863,-0.0870669,-0.102252
20214,0.132619,0.013473,-0.0046398,4.77709,0.00241998,-0.0532494,0.0923071,3.5317,-0.138374,-0.155912
20222,0.132619,0.013473,-0.0046398,4.77709,0.00166871,0.0240233,0.104869,3.75906,-0.125377,-0.115018
20230,0.132619,0.013473,-0.0046398,5.38286,0.00153102,-0.0848234,0.102735,4.04865,-0.144069,-0.171289
20238,0.132619,0.013473,-0.0046398,5.38286,0.00040809,-0.0497841,0.109008,4.26829,-0.123463,-0.13996
20246,0.132619,0.013473,-0.00695971,6.0883,0.0001047,-0.14331,0.0975454,4.64275,-0.145081,-0.196757
20254,0.132619,0.013473,-0.00695971,6.0883,-0.00087092,-0.106411,0.102435,4.96732,-0.112399,-0.152728
20261,0.132619,0.013473,-0.00695971,6.0883,-0.00149604,-0.13452,0.0940705,5.26875,-0.0700214,-0.12405
20270,0.132619,0.013473,-0.00695971,6.24933,-0.00274855,-0.116805,0.0787147,5.35259,-0.0778599,-0.134397
20278,0.132619,0.013473,-0.00695971,6.24933,-0.00349223,0.0581341,0.0948144,5.52131,-0.0885308,-0.0833806
20286,0.132619,0.013473,-0.00695971,6.24933,-0.00319006,0.0877081,0.0872155,5.78158,-0.0619528,-0.048429
20294,0.132619,0.013473,-0.00695971,6.24933,-0.0033299,0.102629,0.0916513,5.87057,-0.0544613,-0.0348714
20302,0.132619,0.013473,-0.00695971,6.24933,-0.00215511,0.049337,0.080954,5.72963,-0.0621292,-0.0606168
20310,0.132619,0.013473,-0.00695971,6.24933,-0.00201728,0.0783828,0.0996979,5.93281,-0.0462075,-0.0284874
20318,0.132619,0.013473,-0.00927961,6.24933,-0.00212214,-0.0455191,0.0836943,6.04648,-0.00994155,-0.0382982
20326,0.132619,0.013473,-0.00927961,6.24933,-0.00273336,0.0550669,0.0957311,6.03774,-0.0287335,-0.0212734
20333,0.132619,0.013473,-0.00927961,6.24933,-0.00190753,0.039614,0.0783505,5.99916,-0.0290536,-0.030096
20342,0.132619,0.013473,-0.00927961,6.24933,-0.00176447,0.00110839,0.0811894,5.95339,-0.0287221,-0.0413465
20350,0.132619,0.013473,-0.00927961,6.24933,-0.00148241,0.066793,0.082852,6.01973,-0.0324394,-0.0217647
20358,0.132619,0.013473,-0.00927961,6.24933,-0.00111012,0.0930388,0.0704572,6.02488,-0.0346955,-0.0182103
20366,0.132619,0.013473,-0.00927961,6.24933,-0.00053478,0.0823789,0.0780351,6.01048,-0.0366356,-0.0196919
20374,0.132619,0.013473,-0.00927961,6.24933,-0.00011896,0.0225613,0.0805944,6.03877,-0.0243763,-0.025449
20382,0.132619,0.013473,-0.00927961,6.24933,-0.00039185,0.00577128,0.0753281,6.00173,-0.0247365,-0.0338858
20390,0.132619,0.013473,-0.00927961,6.24933,8.39e-05,0.00537552,0.0719453,6.00019,-0.0249604,-0.0340203
20398,0.132619,0.013473,-0.00927961,6.24933,-0.00034891,-0.0401939,0.0703504,6.02539,-0.0135924,-0.039585
20405,0.132619,0.013473,-0.00927961,6.24933,-0.00142788,-0.0445908,0.0670582,5.9899,-0.0150357,-0.0465483
20414,0.132619,0.013473,-0.00927961,6.24933,-0.00249418,0.0120304,0.0604086,5.86645,-0.0364279,-0.0541413
20422,0.132619,0.013473,-0.00927961,6.24933,-0.00307664,0.123545,0.0681759,6.07683,-0.0305628,-0.0100168
20430,0.132619,0.013473,-0.00927961,6.24933,-0.0028259,0.131144,0.0639178,6.02436,-0.0376625,-0.0152766
20438,0.132619,0.013473,-0.00927961,6.24933,-0.00154199,0.167911,0.075316,5.91121,-0.0606824,-0.0188354
20446,0.132619,0.013473,-0.00927961,6.24933,-0.000254,-0.0405888,0.0569723,5.95184,-0.0201699,-0.0503708
20454,0.132619,0.013473,-0.00927961,6.24933,-0.00048302,-0.0593745,0.0697193,6.06552,-0.00540168,-0.0383645
20462,0.132619,0.013473,-0.00927961,6.24933,-0.00081453,0.00910386,0.0651933,6.00585,-0.0225923,-0.0350564
20470,0.132619,0.013473,-0.00927961,6.24933,-0.00060902,0.0446734,0.0526522,5.94361,-0.0340804,-0.03815
20477,0.132619,0.013473,-0.00927961,6.24933,-0.00056899,0.0737186,0.0595022,5.94309,-0.0401107,-0.0321529
20486,0.132619,0.013473,-0.00927961,6.24933,-0.00038463,0.0865107,0.0670096,5.99145,-0.0379938,-0.0228137
20494,0.132619,0.013473,-0.00927961,6.24933,-0.00031396,0.0482736,0.0513298,6.0151,-0.0264443,-0.0288949
20502,0.132619,0.013473,-0.00927961,6.24933,-0.00034966,-0.0327297,0.0421685,5.89371,-0.0258056,-0.0584342
20510,0.132619,0.013473,-0.00927961,6.24933,-0.00066896,0.0137643,0.053131,5.93692,-0.0297434,-0.0441604
20518,0.132619,0.013473,-0.00927961,6.24933,-0.00053022,0.0285546,0.0494573,5.98887,-0.0256705,-0.0359234
20526,0.132619,0.013473,-0.00927961,6.24933,-0.00057099,0.128608,0.0496884,6.01203,-0.0394974,-0.016329
20534,0.132619,0.013473,-0.00927961,6.24933,0.00073755,0.0805145,0.0409511,5.97447,-0.0363437,-0.0284744
20542,0.132619,0.013473,-0.00927961,6.24933,0.00106849,0.0651939,0.0543921,5.94464,-0.0399392,-0.031961
20549,0.132619,0.013473,-0.00927961,6.24933,0.00117074,0.0663947,0.0545424,5.94824,-0.0398785,-0.031167
20558,0.132619,0.013473,-0.00927961,6.24933,0.00154942,0.0388157,0.0459631,5.9719,-0.0316599,-0.0338789
20566,0.132619,0.013473,-0.00927961,6.24933,0.00177144,-0.058179,0.0351332,5.98425,-0.012699,-0.0502174
20574,0.132619,0.013473,-0.00927961,6.24933,0.00116783,-0.051518,0.0372627,6.00277,-0.0111351,-0.0473981
20582,0.132619,0.013473,-0.00927961,6.24933,0.00091523,0.0274882,0.0377402,5.92303,-0.033348,-0.0437709
20590,0.132619,0.013473,-0.00927961,6.24933,0.00119648,0.108493,0.0337434,5.95698,-0.0425079,-0.0263478
20598,0.132619,0.013473,-0.00927961,6.24933,0.00177879,0.102631,0.0376198,6.06706,-0.0299899,-0.0128922
20606,0.132619,0.013473,-0.00927961,6.24933,0.00206362,0.0670572,0.0400393,6.00688,-0.0319684,-0.0252222
20614,0.132619,0.013473,-0.00927961,6.24933,0.00181254,0.050939,0.0441214,5.92303,-0.039491,-0.0375434
20621,0.132619,0.013473,-0.00927961,6.24933,0.00167761,-0.00062125,0.0360178,6.02231,-0.0177622,-0.0359967
20630,0.132619,0.013473,-0.00927961,6.24933,0.00139518,-0.0750986,0.023722,6.10615,0.00682148,-0.04102
20638,0.132619,0.013473,-0.00927961,6.24933,0.00079516,-0.00262326,0.0323299,6.00276,-0.0179297,-0.0404628
20646,0.132619,0.013473,-0.00927961,6.24933,0.00056027,0.0485365,0.0240808,5.87983,-0.039239,-0.0480208
20654,0.132619,0.013473,-0.00927961,6.24933,0.00093955,0.12528,0.0271144,6.01562,-0.0369594,-0.0180081
20662,0.132619,0.013473,-0.00927961,6.24933,0.00161393,0.120085,0.0283826,6.05471,-0.0326228,-0.0131247
20670,0.132619,0.013473,-0.00927961,6.24933,0.00233756,0.0725207,0.0260096,5.9719,-0.035112,-0.0303167
20678,0.132619,0.013473,-0.00927961,6.24933,0.00262745,-0.0497849,0.0182188,5.89217,-0.0233895,-0.0612251
20686,0.132619,0.013473,-0.00927961,6.24933,0.00178322,-0.05671,0.0179051,5.96058,-0.0129727,-0.0555265
20693,0.132619,0.013473,-0.00927961,6.24933,0.00061475,-0.0319304,0.0130588,6.06192,-0.00275406,-0.0417679
20702,0.132619,0.013473,-0.00927961,6.24933,6.192e-05,0.0188233,0.0028198,5.94259,-0.0228155,-0.0497303
20710,0.132619,0.013473,-0.00927961,6.24933,0.00022057,0.146862,0.00735672,5.91429,-0.0483073,-0.0305274
20718,0.132619,0.013473,-0.00927961,6.24933,0.00123664,0.164317,0.008117,5.99968,-0.042653,-0.0159571
20726,0.132619,0.013473,-0.00927961,6.24933,0.0021901,0.131276,0.0108462,6.0866,-0.0286849,-0.00949323
20734,0.132619,0.013473,-0.00927961,6.24933,0.00282509,0.0176292,0.00222721,5.92817,-0.0280104,-0.0479003
20742,0.132619,0.013473,-0.00927961,6.24933,0.00282727,0.00071009,0.00296108,5.89268,-0.0295107,-0.0548284
20750,0.132619,0.013473,-0.00927961,6.24933,0.00264223,-0.0128781,-0.00479288,6.0043,-0.0126054,-0.0454309
20758,0.132619,0.013473,-0.00927961,6.24933,0.00249078,0.0456086,-0.00371691,6.02797,-0.019471,-0.0328048
20765,0.132619,0.013473,-0.00927961,6.24933,0.00295919,0.0731858,-0.00766305,5.91583,-0.0372593,-0.0413961
20774,0.132619,0.013473,-0.00927961,6.24933,0.00376485,0.114489,-0.00536453,5.93075,-0.043818,-0.0311779
20782,0.132619,0.013473,-0.00927961,6.24933,0.00444272,0.0630627,-0.0101063,6.02334,-0.024556,-0.0287312
20790,0.132619,0.013473,-0.00927961,6.24933,0.00437418,0.0123006,-0.0144823,5.98887,-0.01941,-0.0421683
20798,0.132619,0.013473,-0.00927961,6.24933,0.00455528,-0.00781584,-0.0208124,5.8608,-0.0303975,-0.0614705
20806,0.132619,0.013473,-0.00927961,6.24933,0.00421268,-0.00888199,-0.0279751,5.88549,-0.0256886,-0.0603607
20814,0.132619,0.013473,-0.00927961,6.24933,0.00403253,0.00790115,-0.0347315,5.94309,-0.0203463,-0.0520584
20822,0.132619,0.013473,-0.00927961,6.24933,0.00402009,0.091568,-0.0317019,6.10461,-0.015645,-0.018381
20830,0.132619,0.013473,-0.00927961,6.24933,0.00469632,0.19003,-0.0208305,5.86028,-0.063422,-0.0279674
20837,0.132619,0.013473,-0.00927961,6.24933,0.00537962,0.181769,-0.0283886,5.79444,-0.0695319,-0.0374146
20846,0.132619,0.013473,-0.00927961,6.24933,0.00590168,0.0533364,-0.0266286,6.09329,-0.0140434,-0.022742
20854,0.132619,0.013473,-0.00927961,6.24933,0.0051905,-0.123863,-0.0480809,6.00894,0.00980015,-0.0670454
20862,0.132619,0.013473,-0.00927961,6.24933,0.00414744,-0.0729642,-0.0481226,5.81707,-0.0198019,-0.082595
20870,0.132619,0.013473,-0.00927961,6.24933,0.00363592,-0.00168979,-0.0707298,5.96367,-0.00999265,-0.0575935
20878,0.132619,0.013473,-0.00927961,6.24933,0.00346534,0.145265,-0.0676679,5.94309,-0.0370191,-0.0349814
20886,0.132619,0.013473,-0.00927961,6.24933,0.00469307,0.233861,-0.0618772,5.96161,-0.0521299,-0.0152137
20894,0.132619,0.013473,-0.00927961,6.24933,0.00594091,0.238392,-0.0598404,5.85205,-0.067829,-0.0253428
20902,0.132619,0.013473,-0.00927961,6.24933,0.00675381,0.15046,-0.0611541,5.88086,-0.0507721,-0.0358541
20909,0.132619,0.013473,-0.00927961,6.24933,0.00723474,0.0234941,-0.061311,6.03157,-0.012616,-0.0388115
20918,0.132619,0.013473,-0.00927961,6.24933,0.00676783,-0.0864226,-0.0660538,5.92818,-0.00518737,-0.0709864
20926,0.132619,0.013473,-0.00927961,6.24933,0.00551477,-0.0312662,-0.0779359,5.91943,-0.0117223,-0.066368
20934,0.132619,0.013473,-0.0139194,6.24933,0.00512671,0.0434726,-0.0914342,5.92715,-0.0212353,-0.0548149
20942,0.132619,0.013473,-0.0139194,6.24933,0.00531774,0.191761,-0.085111,5.92098,-0.0478062,-0.0292478
20950,0.132619,0.013473,-0.0139194,6.24933,0.00671082,0.227468,-0.0839153,6.06603,-0.0387328,-0.00395342
20958,0.132619,0.013473,-0.0139194,6.24933,0.00778997,0.223737,-0.0778579,5.96521,-0.05245,-0.0140296
20966,0.132619,0.013473,-0.0139194,6.24933,0.0077893,0.100099,-0.084228,5.88343,-0.0405791,-0.0455795
20974,0.132619,0.013473,-0.0139194,6.24933,0.0074105,-0.0651026,-0.103672,5.98116,0.00195241,-0.0655495
20981,0.132619,0.013473,-0.0139194,6.24933,0.00614463,-0.0869527,-0.111394,5.97241,0.00752054,-0.0732683
20990,0.132619,0.013473,-0.0139194,6.24933,0.00517026,0.0480041,-0.119196,5.9899,-0.0101816,-0.0510449
20998,0.132619,0.013473,-0.0139194,6.24933,0.00621211,0.209347,-0.110411,5.98373,-0.0404783,-0.0216997
21006,0.132619,0.013473,-0.0139194,6.24933,0.0076745,0.295018,-0.115017,5.94515,-0.0604793,-0.0105245
21014,0.132619,0.013473,-0.0139194,6.24933,0.00883453,0.306071,-0.101436,6.02951,-0.056148,0.00510935
21022,0.132619,0.013473,-0.0139194,6.24933,0.0105521,0.139802,-0.112794,6.02179,-0.0300422,-0.0232981
21030,0.132619,0.013473,-0.0139194,6.24933,0.0109441,-0.00515117,-0.107803,5.87828,-0.0242817,-0.0633656
21038,0.132619,0.013473,-0.0139194,6.24933,0.010611,-0.0415213,-0.119233,5.9683,-0.00535257,-0.0611617
21046,0.132619,0.013473,-0.0139194,6.24933,0.00981656,-0.0452535,-0.131147,6.02076,0.00445496,-0.0586104
21053,0.132619,0.013473,-0.0139194,6.24933,0.0094421,0.0507955,-0.130257,6.04031,-0.00878184,-0.0404741
21062,0.132619,0.013473,-0.0139194,6.24933,0.0096754,0.233326,-0.1224,5.9359,-0.052906,-0.0204397
21070,0.132619,0.013473,-0.0139194,6.24933,0.0105165,0.252252,-0.125014,5.94978,-0.0551379,-0.0148615
21078,0.132619,0.013473,-0.0139194,6.24933,0.0119875,0.16152,-0.1209,6.01099,-0.035576,-0.0202272
21086,0.132619,0.013473,-0.0139194,6.24933,0.0122929,0.0958342,-0.127433,5.95132,-0.0310928,-0.0389901
21094,0.132619,0.013473,-0.0139194,6.24933,0.0122947,-0.00248751,-0.137978,5.94515,-0.0138375,-0.0580006
21102,0.132619,0.013473,-0.0139194,6.24933,0.0117168,-0.0341961,-0.144009,5.89422,-0.0128224,-0.0711425
21110,0.132619,0.013473,-0.0139194,6.24933,0.0110476,0.0501373,-0.150043,5.92715,-0.0210229,-0.054925
21118,0.132619,0.013473,-0.0139194,6.24933,0.0116119,0.208678,-0.155315,6.01717,-0.0366036,-0.0176089
21125,0.132619,0.013473,-0.0139194,6.24933,0.0131704,0.310735,-0.146397,5.8968,-0.0712654,-0.0110259
21134,0.132619,0.013473,-0.0139194,6.24933,0.0149155,0.281296,-0.136574,5.82119,-0.0792734,-0.0209281
21142,0.132619,0.013473,-0.0139194,6.24933,0.0162509,0.151391,-0.133213,6.11027,-0.0260656,-0.00627338
21150,0.132619,0.013473,-0.0139194,6.24933,0.0160811,-0.0271319,-0.143246,6.00431,-0.0071301,-0.0507638
21158,0.132619,0.013473,-0.0139194,6.24933,0.0155968,-0.0982791,-0.1584,5.79855,-0.0164843,-0.0902013
21166,0.132619,0.013473,-0.0139194,6.24933,0.0145315,-0.0224727,-0.17296,5.90194,-0.0130538,-0.0690148
21174,0.132619,0.013473,-0.0139194,6.24933,0.0143675,0.150991,-0.165255,5.98888,-0.0325599,-0.0284646
21182,0.132619,0.013473,-0.0139194,6.24933,0.0155631,0.305006,-0.152317,5.98064,-0.062766,0.00028248
21190,0.132619,0.013473,-0.0139194,6.24933,0.0177535,0.32233,-0.14872,6.04082,-0.062128,0.0139353
21197,0.132619,0.013473,-0.0139194,6.24933,0.0190382,0.241853,-0.13431,5.93795,-0.0650007,-0.00769749
21206,0.132619,0.013473,-0.0139194,6.24933,0.0193212,0.0178975,-0.141373,5.88189,-0.0337597,-0.0528468
21214,0.132619,0.013473,-0.0139194,6.24933,0.0186307,-0.163694,-0.159915,5.97807,0.0115873,-0.0760509
21222,0.132619,0.013473,-0.0162393,6.24933,0.0170038,-0.126527,-0.159561,5.93229,0.00183686,-0.0770185
21230,0.132619,0.013473,-0.0162393,6.24933,0.0157269,0.0847673,-0.154302,5.904,-0.0355928,-0.0456458
21238,0.132619,0.013473,-0.0139194,6.24933,0.016766,0.178573,-0.163255,5.92303,-0.0484992,-0.0279487
21246,0.132619,0.013473,-0.0139194,6.24933,0.0178703,0.291416,-0.151151,5.98476,-0.0633818,0.00186345
21254,0.132619,0.013473,-0.0139194,6.24933,0.0192781,0.184568,-0.14555,6.00791,-0.0457881,-0.0105688
21262,0.132619,0.013473,-0.0139194,6.24933,0.0194108,0.0581311,-0.139277,5.94515,-0.0334301,-0.0381195
21269,0.132619,0.013473,-0.0139194,6.24933,0.0186523,-0.0561761,-0.144907,5.92457,-0.0149731,-0.0617919
21278,0.132619,0.013473,-0.0139194,6.24933,0.0175595,-0.112265,-0.15916,5.93229,-0.00097883,-0.0741516
21286,0.132619,0.013473,-0.0139194,6.24933,0.0167275,-0.0496557,-0.166009,6.02385,0.00168245,-0.0550239
21294,0.132619,0.013473,-0.0139194,6.24933,0.0164009,0.147255,-0.165208,5.96469,-0.0375875,-0.0291271
21302,0.132619,0.013473,-0.0139194,6.24933,0.0180406,0.281159,-0.149871,5.89114,-0.0731532,-0.0104912
21310,0.132619,0.013473,-0.0139194,6.24933,0.0193522,0.250651,-0.134683,6.05935,-0.0525245,0.00851272
21318,0.132619,0.013473,-0.0139194,6.24933,0.0204315,0.0886469,-0.145038,6.16737,-0.0127737,-0.00621569
21326,0.132619,0.013473,-0.0139194,6.24933,0.0198703,-0.0565779,-0.145886,5.94875,-0.0135709,-0.0574705
21334,0.132619,0.013473,-0.0139194,6.24933,0.0191005,-0.143312,-0.155528,5.78981,-0.0153227,-0.0935106
21341,0.132619,0.013473,-0.0139194,6.24933,0.0181827,-0.0824235,-0.15687,5.9436,-0.00581262,-0.0665478
21350,0.132619,0.013473,-0.0162393,6.24933,0.0169447,0.0405387,-0.169973,6.02797,-0.0128062,-0.0392875
21358,0.132619,0.013473,-0.0162393,6.24933,0.0175075,0.129003,-0.172165,6.04957,-0.0253342,-0.0213851
21366,0.132619,0.013473,-0.0162393,6.24933,0.0181887,0.326853,-0.143457,5.90297,-0.0809382,0.00022696
21374,0.132619,0.013473,-0.0162393,6.24933,0.0197005,0.284895,-0.138781,5.9328,-0.073299,-0.00047441
21382,0.132619,0.013473,-0.0162393,6.24933,0.0209159,0.012168,-0.150455,6.24966,0.00942515,-0.00921547
21390,0.132619,0.013473,-0.0162393,6.24933,0.0199345,-0.114929,-0.144802,5.83662,-0.0177533,-0.0799309
21398,0.132619,0.013473,-0.0162393,6.24933,0.0186687,-0.0818904,-0.158603,5.82221,-0.0209653,-0.0800399
21406,0.132619,0.013473,-0.0162393,6.24933,0.0178454,-0.0793624,-0.168416,5.98167,0.00011369,-0.0634858
21413,0.132619,0.013473,-0.0162393,6.24933,0.016837,0.126603,-0.157786,6.03208,-0.0283924,-0.0224698
21422,0.132619,0.013473,-0.0162393,6.24933,0.0177696,0.23293,-0.15691,6.07221,-0.042698,0.00164202
21430,0.132619,0.013473,-0.0162393,6.24933,0.0190394,0.289817,-0.138994,5.8788,-0.0795367,-0.00697953
21438,0.132619,0.013473,-0.0162393,6.24933,0.0202529,0.154458,-0.135648,5.92817,-0.0535005,-0.0217532
21446,0.132619,0.013473,-0.0162393,6.24933,0.0203938,-0.0780274,-0.154779,6.07117,0.00474745,-0.0469499
21454,0.132619,0.013473,-0.0162393,6.24933,0.0189294,-0.156235,-0.156337,5.93075,0.00341664,-0.0790223
21462,0.132619,0.013473,-0.0162393,6.24933,0.0178083,-0.0511206,-0.155803,5.904,-0.015696,-0.0659229
21470,0.132619,0.013473,-0.0162393,6.24933,0.0174843,0.0502662,-0.177175,5.97705,-0.0199983,-0.0440789
21478,0.132619,0.013473,-0.0162393,6.24933,0.0176176,0.160718,-0.175811,6.04134,-0.0311213,-0.017443
21485,0.132619,0.013473,-0.0162393,6.24933,0.0188258,0.300078,-0.154066,5.99196,-0.0651831,0.00540445
21494,0.132619,0.013473,-0.0162393,6.24933,0.0204325,0.211349,-0.155058,5.94464,-0.0581052,-0.0130889
21502,0.132619,0.013473,-0.0162393,6.24933,0.0211466,0.11702,-0.152217,5.97396,-0.0404617,-0.024086
21510,0.132619,0.013473,-0.0162393,6.24933,0.0211658,-0.0757613,-0.167333,5.99144,-0.00405982,-0.0569454
21518,0.132619,0.013473,-0.0162393,6.24933,0.0201513,-0.152635,-0.182016,5.9863,0.0118243,-0.0742916
21526,0.132619,0.013473,-0.0162393,6.24933,0.0194227,-0.0725706,-0.186273,6.06191,0.00915576,-0.0535441
21534,0.132619,0.013473,-0.0162393,6.24933,0.0191072,0.145128,-0.17865,5.9647,-0.0391555,-0.0275257
21542,0.132619,0.013473,-0.0162393,6.24933,0.0201659,0.23453,-0.177926,5.94773,-0.0575333,-0.0128677
21550,0.132619,0.013473,-0.0162393,6.24933,0.0214166,0.267171,-0.169929,6.02848,-0.0564277,0.00520771
21557,0.132619,0.013473,-0.0162393,6.24933,0.0218691,0.180702,-0.167972,5.99453,-0.0470407,-0.012449
21566,0.132619,0.013473,-0.0162393,6.24933,0.0227924,-0.0134142,-0.173696,6.00585,-0.0138967,-0.0434961
21574,0.132619,0.013473,-0.0162393,6.24933,0.0221862,-0.0631064,-0.171856,5.87417,-0.0206453,-0.0679882
21582,0.132619,0.013473,-0.0162393,6.24933,0.0208206,-0.135051,-0.188081,5.97396,0.007516,-0.072834
21590,0.132619,0.013473,-0.0162393,6.24933,0.0201903,-0.0199465,-0.187518,6.02797,-0.00441374,-0.0478174
21598,0.132619,0.013473,-0.0162393,6.24933,0.0198479,0.16791,-0.18497,5.92252,-0.0478976,-0.0286607
21606,0.132619,0.013473,-0.0162393,6.24933,0.0204763,0.201621,-0.184109,5.95081,-0.0511486,-0.0186197
21614,0.132619,0.013473,-0.0162393,6.24933,0.0214917,0.179239,-0.174531,6.01716,-0.0425577,-0.0116
21622,0.132619,0.013473,-0.0162393,6.24933,0.0215119,0.0570684,-0.180732,6.05831,-0.0165007,-0.0283138
21629,0.132619,0.013473,-0.0162393,6.24933,0.0211472,-0.0900195,-0.190827,5.94155,-0.00376809,-0.0690591
21638,0.132619,0.013473,-0.0162393,6.24933,0.0199732,-0.0762935,-0.199575,5.81707,-0.0176905,-0.0844969
21646,0.132619,0.013473,-0.0162393,6.24933,0.0189476,0.0182955,-0.217202,5.91531,-0.0175385,-0.0611901
21654,0.132619,0.013473,-0.0162393,6.24933,0.0189579,0.141531,-0.2151,5.9863,-0.0299399,-0.0316579
21662,0.132619,0.013473,-0.0162393,6.24933,0.0198996,0.271031,-0.203498,5.97241,-0.056188,-0.00828158
21670,0.132619,0.013473,-0.0162393,6.24933,0.0214154,0.337916,-0.195611,5.96007,-0.0720708,0.00491343
21678,0.132619,0.013473,-0.0162393,6.24933,0.02329,0.220942,-0.190932,5.95596,-0.0565036,-0.0119511
21686,0.132619,0.013473,-0.0162393,6.24933,0.0238176,0.0108346,-0.195663,5.9683,-0.0202068,-0.0459627
21694,0.132619,0.013473,-0.0162393,6.24933,0.0231785,-0.0888203,-0.210225,5.99093,0.00218879,-0.0633292
21701,0.132619,0.013473,-0.0162393,6.24933,0.0223837,-0.12506,-0.215448,5.87623,-0.00339202,-0.0849449
21710,0.132619,0.013473,-0.0162393,6.24933,0.0213175,0.0330787,-0.212524,5.94361,-0.020657,-0.0513122
21718,0.132619,0.013473,-0.0162393,6.24933,0.0217168,0.128078,-0.22196,6.06809,-0.0207545,-0.0215393
21726,0.132619,0.013473,-0.0162393,6.24933,0.0219609,0.256911,-0.20509,5.90297,-0.064602,-0.0162712
21734,0.132619,0.013473,-0.0162393,6.24933,0.0232762,0.173514,-0.211642,5.93075,-0.048264,-0.0262871
21742,0.132619,0.013473,-0.0162393,6.24933,0.0229416,0.124481,-0.205265,6.05369,-0.0262231,-0.01946
21750,0.132619,0.013473,-0.0162393,6.24933,0.0229396,-0.0305923,-0.210307,5.89217,-0.0187525,-0.0655269
21758,0.132619,0.013473,-0.0139194,6.24933,0.0217004,-0.0549812,-0.219478,5.89063,-0.0113447,-0.0733926
21766,0.132619,0.013473,-0.0139194,6.24933,0.021542,0.00284246,-0.235469,5.93229,-0.0132216,-0.0615095
21773,0.132619,0.013473,-0.0139194,6.24933,0.0216742,0.141396,-0.227003,5.95132,-0.0354752,-0.0343421
21782,0.132619,0.013473,-0.0139194,6.24933,0.0227253,0.261173,-0.215978,5.99196,-0.0537443,-0.00610067
21790,0.132619,0.013473,-0.0139194,6.24933,0.0245468,0.252384,-0.215225,5.97139,-0.0573324,-0.00736912
21798,0.132619,0.013473,-0.0139194,6.24933,0.0260938,0.195494,-0.200242,5.91069,-0.0595948,-0.0195815
21806,0.132619,0.013473,-0.0139194,6.24933,0.0266987,-0.0174098,-0.21049,5.9971,-0.0133248,-0.0460903
21814,0.132619,0.013473,-0.0139194,6.24933,0.0259653,-0.133719,-0.231259,6.00791,0.0115645,-0.0687948
21822,0.132619,0.013473,-0.0139194,6.24933,0.0254461,-0.0697699,-0.227953,5.86337,-0.01588,-0.0752823
21830,0.132619,0.013473,-0.0139194,6.24933,0.0245757,0.0782465,-0.235252,5.88548,-0.035424,-0.0500841
21838,0.132619,0.013473,-0.0139194,6.24933,0.0252712,0.156726,-0.235384,5.97395,-0.0389318,-0.0254443
21845,0.132619,0.013473,-0.0139194,6.24933,0.0257418,0.213741,-0.226505,6.04649,-0.0419048,-0.00516962
21854,0.132619,0.013473,-0.0139194,6.24933,0.0281007,0.258247,-0.209865,6.03825,-0.0561618,0.00731534
21862,0.132619,0.013473,-0.0139194,6.24933,0.0301321,0.160319,-0.205577,5.886,-0.0613573,-0.0236945
21870,0.132619,0.013473,-0.0139194,6.24933,0.030482,-0.108941,-0.232943,5.9611,-0.00397876,-0.064158
21878,0.132619,0.013473,-0.0139194,6.24933,0.0286825,-0.188336,-0.227501,5.97601,0.0125218,-0.0774051
21886,0.132619,0.013473,-0.0139194,6.24933,0.027882,-0.0487166,-0.228829,5.92715,-0.0150518,-0.0609553
21894,0.132619,0.013473,-0.0139194,6.24933,0.0272292,0.110487,-0.230575,5.91583,-0.0415807,-0.0366253
21902,0.132619,0.013473,-0.0162393,6.24933,0.0274912,0.140601,-0.238956,5.92972,-0.0443162,-0.0305176
21910,0.132619,0.013473,-0.0162393,6.24933,0.0284946,0.180038,-0.231922,5.97087,-0.0485092,-0.0164765
21917,0.132619,0.013473,-0.0162393,6.24933,0.0288797,0.155656,-0.22306,5.97395,-0.0460617,-0.0182627
21926,0.132619,0.013473,-0.0139194,6.24933,0.0290802,0.0577323,-0.225098,5.93178,-0.0343839,-0.0401906
21934,0.132619,0.013473,-0.0139194,6.24933,0.0289177,-0.0299289,-0.234491,5.96264,-0.0144905,-0.0530665
21942,0.132619,0.013473,-0.0139194,6.24933,0.0278565,-0.0543154,-0.240245,5.87777,-0.0180697,-0.0696118
21950,0.132619,0.013473,-0.0139194,6.24933,0.0272359,0.0165586,-0.250544,5.89217,-0.0256037,-0.0584742
21958,0.132619,0.013473,-0.0162393,6.24933,0.027238,0.20082,-0.242879,5.91789,-0.0547063,-0.0227417
21966,0.132619,0.013473,-0.0162393,6.24933,0.0284267,0.205885,-0.243335,5.92869,-0.0558295,-0.0190358
21974,0.132619,0.013473,-0.0162393,6.24933,0.0299234,0.194959,-0.236091,5.94464,-0.0553598,-0.0157516
21982,0.132619,0.013473,-0.0162393,6.24933,0.0308828,0.0903727,-0.237157,6.03465,-0.0285733,-0.0215935
21989,0.132619,0.013473,-0.0162393,6.24933,0.0305707,-0.0347277,-0.243063,5.98733,-0.0120473,-0.0496733
21998,0.132619,0.013473,-0.0162393,6.24933,0.0298411,-0.0778952,-0.256696,5.94515,-0.00667098,-0.0651491
22006,0.132619,0.013473,-0.0162393,6.24933,0.0289792,-0.0104819,-0.266043,5.95081,-0.0144833,-0.0558095
22014,0.132619,0.013473,-0.0162393,6.24933,0.0284214,0.0815768,-0.26171,5.94412,-0.0304538,-0.0411475
22022,0.132619,0.013473,-0.0162393,6.24933,0.028627,0.154189,-0.267898,6.04546,-0.0298274,-0.017632
22030,0.132619,0.013473,-0.0162393,6.24933,0.0291253,0.223071,-0.252654,5.99093,-0.0508004,-0.00931198
22038,0.132619,0.013473,-0.0162393,6.24933,0.0292956,0.110491,-0.252402,5.9575,-0.0363646,-0.0319769
22046,0.132619,0.013473,-0.0162393,6.24933,0.0291256,0.048142,-0.259959,6.00585,-0.0188896,-0.0382311
22054,0.132619,0.013473,-0.0162393,6.24933,0.0285871,-0.0248677,-0.267846,5.86336,-0.0215764,-0.0694079
22061,0.132619,0.013473,-0.0162393,6.24933,0.0282673,-0.0668412,-0.271332,5.87726,-0.0119868,-0.0758507
22070,0.132619,0.013473,-0.0162393,6.24933,0.0274241,0.0759816,-0.275339,5.99505,-0.0199645,-0.0396497
22078,0.132619,0.013473,-0.0162393,6.24933,0.0274726,0.14713,-0.269549,5.99607,-0.0326276,-0.0265269
22086,0.132619,0.013473,-0.0162393,6.24933,0.0281585,0.227599,-0.262448,5.97138,-0.050951,-0.0137779
22094,0.132619,0.013473,-0.0162393,6.24933,0.0290919,0.175908,-0.262336,5.96264,-0.0447167,-0.0222184
22102,0.132778,0.0134114,-0.0162393,6.24933,0.0295008,0.0306858,-0.269765,5.97036,-0.0192114,-0.0463344
22110,0.132778,0.013393,-0.0162393,6.24933,0.0290124,-0.0568438,-0.274593,5.93229,-0.00776756,-0.0670366
22118,0.132619,0.0134467,-0.0162393,6.24933,0.0281268,-0.0178096,-0.280557,5.98322,-0.0059815,-0.0566986
22126,0.132619,0.0134617,-0.0162393,6.24933,0.0279234,0.0232217,-0.286122,6.01973,-0.00727978,-0.0466602
22133,0.132619,0.0134682,-0.0162393,6.24933,0.0276711,0.148994,-0.282004,5.9791,-0.0332104,-0.0299446
22142,0.132619,0.0134709,-0.0162393,6.24933,0.0284658,0.204022,-0.288896,5.98322,-0.0418164,-0.020188
22150,0.132619,0.0134721,-0.0162393,6.24933,0.0289071,0.164315,-0.276147,5.93024,-0.0441382,-0.0304846
22158,0.132619,0.0134726,-0.0162393,6.24933,0.0295179,0.145533,-0.28605,6.0758,-0.0231179,-0.0171941
22166,0.132619,0.0134729,-0.0162393,6.24933,0.0300352,-0.00954749,-0.285209,6.00225,-0.00693984,-0.0511948
22174,0.132778,0.0134114,-0.0162393,6.24933,0.0292078,-0.0688384,-0.29514,5.92972,-0.00301675,-0.0724296
22182,0.132778,0.013393,-0.0162393,6.24933,0.0280483,0.00071062,-0.298891,6.03722,0.00029298,-0.0501704
22190,0.132778,0.0133851,-0.0162393,6.24933,0.0274358,0.152725,-0.294513,5.95647,-0.0342924,-0.0341949
22198,0.132778,0.0133817,-0.0162393,6.24933,0.0280635,0.220006,-0.299252,5.93795,-0.0477289,-0.0249182
22205,0.132778,0.0133802,-0.0162393,6.24933,0.0292849,0.232532,-0.289612,6.00688,-0.0449133,-0.0114063
22214,0.132778,0.0133796,-0.0162393,6.24933,0.0302779,0.149662,-0.285561,6.00945,-0.0328907,-0.0230568
22222,0.132778,0.0133793,-0.0162393,6.24933,0.0301531,0.0210944,-0.290325,5.99607,-0.0122206,-0.0472769
22230,0.132619,0.0134408,-0.0162393,6.24933,0.0294763,-0.0497852,-0.30059,5.92664,-0.00598493,-0.0701297
22238,0.132619,0.0134592,-0.0162393,6.24933,0.0284112,-0.0127458,-0.294615,5.83302,-0.0226275,-0.0754884
22246,0.132619,0.0134671,-0.0162393,6.24933,0.0277094,0.0847758,-0.316016,6.05523,-0.0081793,-0.0372016
22254,0.132619,0.0134705,-0.0162393,6.24933,0.0284944,0.216142,-0.300038,5.96161,-0.0446157,-0.0224524
22262,0.132619,0.0134719,-0.0162393,6.24933,0.0294929,0.227066,-0.302789,5.96367,-0.0471073,-0.0194278
22270,0.132619,0.0134726,-0.0162393,6.24933,0.0304479,0.184705,-0.294407,6.05574,-0.0319001,-0.0130148
22277,0.132619,0.0134728,-0.0162393,6.24933,0.0307748,0.107029,-0.290866,6.00894,-0.0255664,-0.0306267
22286,0.132619,0.0134729,-0.0162393,6.24933,0.0307653,0.0044409,-0.301467,5.96161,-0.0124287,-0.0552467
22294,0.132619,0.013473,-0.0162393,6.24933,0.0301617,0.0293569,-0.299534,5.85359,-0.0287675,-0.0643396
22302,0.132778,0.0134114,-0.0162393,6.24933,0.0303854,-0.00329536,-0.318605,5.99556,-0.00396005,-0.0557327
22310,0.132778,0.013393,-0.0162393,6.24933,0.0300106,0.205749,-0.300601,5.95492,-0.0458045,-0.0228497
22318,0.132778,0.0133851,-0.0162393,6.24933,0.030782,0.278366,-0.298249,5.94052,-0.0609851,-0.0108374
22326,0.132778,0.0133817,-0.0162393,6.24933,0.0322815,0.223735,-0.287149,6.06089,-0.0415971,-0.00195496
22334,0.132778,0.0133802,-0.0162393,6.24166,0.0330503,0.152722,-0.27319,6.04752,-0.0338042,-0.0112963
22342,0.132778,0.0133796,-0.0162393,6.24166,0.0332819,0.0120388,-0.282569,5.9791,-0.017358,-0.0443166
22349,0.132778,0.0133793,-0.0162393,6.24166,0.0321754,-0.100945,-0.290888,5.93383,-0.00110844,-0.0716107
22358,0.132778,0.0133792,-0.0185592,6.24166,0.0308692,-0.0190089,-0.29159,5.92818,-0.0138226,-0.0600014
22366,0.132778,0.0133792,-0.0185592,6.24166,0.0305701,0.0915679,-0.299959,5.91223,-0.0322711,-0.0449883
22374,0.132778,0.0133792,-0.0185592,6.23399,0.0314329,0.214409,-0.28675,5.84433,-0.0630381,-0.0280516
22382,0.132778,0.0133792,-0.0185592,6.23399,0.0327322,0.191628,-0.292009,6.00945,-0.0407427,-0.0114221
22390,0.132778,0.0133791,-0.0185592,6.23399,0.0337701,0.150327,-0.272352,6.03105,-0.0359422,-0.0112326
22398,0.132778,0.0133791,-0.0185592,6.23399,0.033613,0.0396146,-0.276899,5.97807,-0.0228871,-0.0371303
22406,0.132778,0.0133791,-0.0185592,6.23399,0.0329663,-0.0517815,-0.292953,5.9467,-0.00796364,-0.0597474
22414,0.132778,0.0133791,-0.0185592,6.23399,0.0320266,-0.0770972,-0.295421,5.87262,-0.0108095,-0.0744782
22421,0.132778,0.0133791,-0.0185592,6.23399,0.0307545,0.00737163,-0.310555,5.96727,-0.00947485,-0.0532363
22430,0.132778,0.0133791,-0.0185592,6.23399,0.0307641,0.138732,-0.307359,5.9755,-0.0308041,-0.0295653
22438,0.132778,0.0133791,-0.0185592,6.23399,0.0317077,0.25944,-0.296139,5.98734,-0.0525168,-0.00467791
22446,0.132619,0.0134407,-0.0185592,6.23399,0.0328507,0.228934,-0.289935,6.02282,-0.0457316,-0.00316402
22454,0.132619,0.0134591,-0.0185592,6.23399,0.0336,0.110092,-0.292921,6.07682,-0.0202043,-0.0162936
22462,0.132619,0.0134671,-0.0185592,6.24166,0.0337732,0.0077733,-0.291925,5.98167,-0.0157574,-0.0453176
22470,0.132619,0.0134705,-0.0185592,6.24166,0.0337696,-0.0457868,-0.304286,5.85102,-0.0202796,-0.0717983
22478,0.132619,0.0134719,-0.0185592,6.24166,0.0325998,-0.047922,-0.307351,5.88291,-0.0140686,-0.0705064
22486,0.132619,0.0134726,-0.0185592,6.24166,0.0325734,0.0286908,-0.310148,6.02282,-0.00978601,-0.0415318
22493,0.132619,0.0134728,-0.0185592,6.24166,0.0324665,0.13207,-0.308158,6.01202,-0.0283573,-0.0251992
22502,0.132619,0.0134729,-0.0185592,6.24166,0.0334144,0.171643,-0.3001,5.8896,-0.0519348,-0.0303842
22510,0.132619,0.013473,-0.0185592,6.24166,0.0338562,0.160187,-0.301247,6.06191,-0.0301549,-0.0115186
22518,0.132619,0.013473,-0.0185592,6.24166,0.0338782,0.0300244,-0.304358,5.98373,-0.0173351,-0.0431873
22526,0.132619,0.013473,-0.0185592,6.24166,0.033258,-0.0293984,-0.310753,5.87108,-0.0188848,-0.0684179
22534,0.132619,0.013473,-0.0185592,6.24166,0.0322459,-0.0463181,-0.31932,5.88137,-0.0121016,-0.0728383
22542,0.132619,0.013473,-0.0185592,6.24166,0.0316034,0.00497261,-0.327495,5.97499,-0.00736949,-0.0553276
22550,0.132619,0.013473,-0.0185592,6.24166,0.0318936,0.151655,-0.318443,5.99916,-0.0306748,-0.0258674
22558,0.132619,0.013473,-0.0185592,6.24166,0.033078,0.262505,-0.313316,6.04545,-0.0460321,0.00077087
22565,0.132619,0.013473,-0.0185592,6.24166,0.0343271,0.213079,-0.304499,5.90966,-0.0569783,-0.0204671
22574,0.132619,0.013473,-0.0185592,6.24166,0.0348803,0.111026,-0.310886,6.02797,-0.0258627,-0.0239564
22582,0.132619,0.013473,-0.0185592,6.24166,0.034456,-0.0100772,-0.315743,5.99092,-0.00880361,-0.0501339
22590,0.132619,0.013473,-0.0185592,6.24166,0.0341666,-0.0464531,-0.317241,5.99505,-0.00165393,-0.056425
22598,0.132619,0.013473,-0.0185592,6.24166,0.0339451,0.00590543,-0.322112,5.90709,-0.0196031,-0.0590834
22606,0.132619,0.013473,-0.0185592,6.24166,0.0340893,0.0634586,-0.328127,5.92509,-0.0262448,-0.0480164
22614,0.132619,0.013473,-0.0185592,6.24166,0.0343693,0.151393,-0.320359,5.98785,-0.035051,-0.0241252
22622,0.132619,0.013473,-0.0185592,6.23399,0.0350323,0.184833,-0.322743,6.01356,-0.0371826,-0.0140038
22630,0.132619,0.013473,-0.0185592,6.23399,0.0349593,0.206151,-0.30285,5.85719,-0.0622418,-0.0257895
22637,0.132619,0.013473,-0.0185592,6.23399,0.0354273,0.0697259,-0.320396,5.94926,-0.0266112,-0.0400949
22646,0.132619,0.013473,-0.0185592,6.23399,0.0345686,-0.0356609,-0.322152,5.93435,-0.00945132,-0.061108
22654,0.132619,0.013473,-0.0185592,6.23399,0.0334209,-0.0499174,-0.328944,5.85873,-0.0133312,-0.0751367
22662,0.132619,0.013473,-0.0185592,6.23399,0.0330749,0.0581297,-0.335726,5.95184,-0.0186919,-0.0474774
22670,0.132619,0.013473,-0.0185592,6.23399,0.0334077,0.217607,-0.326378,5.90606,-0.0524653,-0.0240222
22678,0.132619,0.013473,-0.0185592,6.23399,0.0345605,0.176043,-0.337679,5.96213,-0.0387353,-0.0246273
22686,0.132619,0.013473,-0.0185592,6.23399,0.0354367,0.240925,-0.315387,5.96213,-0.054274,-0.00887695
22694,0.132619,0.013473,-0.0185592,6.23399,0.036049,0.102233,-0.32076,5.91481,-0.0368494,-0.037881
22702,0.132619,0.013473,-0.0185592,6.23399,0.0360527,-0.0308653,-0.331675,6.00224,-0.00274761,-0.0517495
22709,0.132619,0.013473,-0.0185592,6.23399,0.0348944,-0.0595081,-0.337294,5.85617,-0.0127212,-0.07636
22718,0.132619,0.013473,-0.0185592,6.23399,0.0343563,0.0330863,-0.333175,5.85668,-0.0279244,-0.0607637
22726,0.132619,0.013473,-0.0185592,6.23399,0.0347938,0.177903,-0.335583,5.98116,-0.0374579,-0.0214023
22734,0.132619,0.013473,-0.0185592,6.23399,0.0353183,0.18896,-0.33668,6.0254,-0.0346199,-0.0137575
22742,0.132619,0.013473,-0.0185592,6.23399,0.0367671,0.234135,-0.319486,5.99145,-0.0508591,-0.00537212
22750,0.132619,0.013473,-0.0185592,6.22633,0.0376032,0.203619,-0.312523,5.91172,-0.056563,-0.0167573
22758,0.132619,0.013473,-0.0185592,6.22633,0.0389557,0.0252226,-0.317739,5.9899,-0.0188146,-0.036571
22766,0.132619,0.013473,-0.0185592,6.22633,0.0385803,-0.0985446,-0.328926,5.93692,-0.00223891,-0.0660335
22774,0.132619,0.013473,-0.0185592,6.22633,0.0375182,-0.0437871,-0.322742,5.82118,-0.024486,-0.0709556
22781,0.132619,0.013473,-0.0185592,6.22633,0.0372002,0.0316203,-0.324551,5.83611,-0.0344914,-0.0572045
22790,0.132619,0.013473,-0.0185592,6.22633,0.0371927,0.14073,-0.333533,6.00842,-0.0308052,-0.0198877
22798,0.132619,0.013473,-0.0185592,6.22633,0.038037,0.193361,-0.320735,5.93435,-0.0514698,-0.0165336
22806,0.132619,0.013473,-0.0185592,6.22633,0.0391765,0.131007,-0.322913,5.94001,-0.0416866,-0.0251537
22814,0.132619,0.013473,-0.0185592,6.22633,0.0392481,0.10263,-0.30985,5.95595,-0.0373091,-0.025852
22822,0.132619,0.013473,-0.0185592,6.22633,0.0394072,-0.038588,-0.31705,5.94464,-0.0143082,-0.0519486
22830,0.132619,0.013473,-0.0185592,6.22633,0.0385279,-0.102147,-0.332287,5.91481,-0.00363539,-0.06987
22838,0.132619,0.013473,-0.0185592,6.22633,0.0375152,-0.0339332,-0.335061,5.94567,-0.00946306,-0.0565667
22846,0.132619,0.013473,-0.0185592,6.22633,0.0371672,0.0938335,-0.327507,5.89577,-0.0372455,-0.0401793
22853,0.132619,0.013473,-0.0185592,6.22633,0.0375395,0.13021,-0.346949,5.98373,-0.0302869,-0.0262612
22862,0.132619,0.013473,-0.0185592,6.22633,0.0377507,0.205617,-0.332816,5.97189,-0.0467388,-0.012372
22870,0.132619,0.013473,-0.0185592,6.22633,0.0388098,0.17644,-0.329489,6.00584,-0.0398935,-0.0112754
22878,0.132619,0.013473,-0.0185592,6.22633,0.0391207,0.0717218,-0.333476,5.93744,-0.0303917,-0.037237
22886,0.132619,0.013473,-0.0185592,6.22633,0.0389637,-0.0365934,-0.336457,5.93075,-0.0125421,-0.0569957
22894,0.132619,0.013473,-0.0185592,6.22633,0.0379896,-0.0973491,-0.351553,6.00019,0.00947107,-0.0628173
22902,0.132619,0.013473,-0.0185592,6.22633,0.0368799,0.00043923,-0.351929,5.98475,-0.00696366,-0.0497466
22910,0.132619,0.013473,-0.0185592,6.22633,0.0362494,0.0862383,-0.357475,5.89937,-0.029479,-0.0471357
22918,0.132619,0.013473,-0.0185592,6.22633,0.0366413,0.202289,-0.35305,5.93487,-0.0457702,-0.0221081
22925,0.132619,0.013473,-0.0185592,6.22633,0.036959,0.194824,-0.354096,5.98939,-0.0383768,-0.0166503
22934,0.132619,0.013473,-0.0185592,6.22633,0.03788,0.191233,-0.330503,5.9004,-0.0533292,-0.0226975
22942,0.132619,0.013473,-0.0185592,6.22633,0.0382641,-0.0409916,-0.365689,5.97654,-0.00075153,-0.0580043
22950,0.132619,0.013473,-0.0162393,6.22633,0.0375618,-0.0347277,-0.344103,5.87983,-0.0153236,-0.06625
22958,0.132619,0.013473,-0.0162393,6.22633,0.0373913,-0.0014222,-0.36788,5.94567,-0.00902053,-0.0569165
22966,0.132619,0.013473,-0.0185592,6.22633,0.0372085,0.0975649,-0.364817,5.95956,-0.0243966,-0.0379633
22974,0.132619,0.013473,-0.0185592,6.22633,0.0378752,0.195225,-0.358875,5.87417,-0.0525064,-0.0297029
22982,0.132619,0.013473,-0.0162393,6.22633,0.0390207,0.231999,-0.355831,5.96984,-0.0490129,-0.0104855
22990,0.132619,0.013473,-0.0162393,6.22633,0.0398811,0.163117,-0.348424,6.02436,-0.0335508,-0.0132725
22997,0.132619,0.013473,-0.0162393,6.22633,0.0396431,0.0675931,-0.347124,5.98115,-0.0227018,-0.0346137
23006,0.132619,0.013473,-0.0185592,6.22633,0.0392633,-0.00594661,-0.361124,5.97035,-0.00939127,-0.0507036
23014,0.132619,0.013473,-0.0185592,6.22633,0.0383641,-0.0684378,-0.365464,5.78878,-0.0185019,-0.0846548
23022,0.132619,0.013473,-0.0185592,6.22633,0.0375671,0.0674519,-0.375478,5.91429,-0.0235183,-0.0496153
23030,0.132619,0.013473,-0.0185592,6.22633,0.0385951,0.205216,-0.368716,5.8932,-0.0513222,-0.0263559
23038,0.132619,0.013473,-0.0185592,6.22633,0.0398468,0.296479,-0.353748,5.8644,-0.0739607,-0.0102201
23046,0.132619,0.013473,-0.0185592,6.22633,0.0416318,0.204153,-0.353736,6.03516,-0.0409955,-0.0031292
23054,0.132619,0.013473,-0.0185592,6.22633,0.0418941,0.0805148,-0.334104,5.98065,-0.0304584,-0.026901
23062,0.132619,0.013473,-0.0185592,6.22633,0.0415596,-0.0845537,-0.358535,5.96571,-0.0004829,-0.0609103
23069,0.132619,0.013473,-0.0185592,6.22633,0.0402298,-0.116397,-0.355021,5.82479,-0.0105553,-0.0842186
23078,0.132619,0.013473,-0.0162393,6.22633,0.0389428,-0.0794961,-0.371075,5.86902,-0.00673196,-0.0775097
23086,0.132619,0.013473,-0.0162393,6.22633,0.0382365,0.0625238,-0.375835,5.91944,-0.0225823,-0.049341
23094,0.132619,0.013473,-0.0162393,6.22633,0.0380087,0.226,-0.369172,5.8145,-0.0627871,-0.0334142
23102,0.132619,0.013473,-0.0162393,6.22633,0.0392381,0.234132,-0.366367,6.00534,-0.0437851,-0.00732542
23110,0.132778,0.0134114,-0.0185592,6.21866,0.0399551,0.215209,-0.35344,6.02282,-0.0412443,-0.0039746
23118,0.132778,0.013393,-0.0185592,6.21866,0.0403993,0.0935737,-0.352959,5.90709,-0.0354327,-0.0374642
23126,0.132619,0.0134467,-0.0162393,6.21866,0.0400374,-0.0732335,-0.371569,5.93435,-0.00062655,-0.0663501
23134,0.132619,0.0134617,-0.0162393,6.21866,0.0386158,-0.0704339,-0.366811,5.87056,-0.0074019,-0.0746435
23141,0.132619,0.0134682,-0.0162393,6.21866,0.037454,0.0333465,-0.374851,5.92612,-0.0151494,-0.0534848
23150,0.132619,0.0134709,-0.0185592,6.20332,0.0370753,0.20855,-0.369361,5.93024,-0.0426145,-0.0209038
23158,0.132619,0.0134721,-0.0185592,6.20332,0.0382251,0.187896,-0.374717,5.9431,-0.0383908,-0.0221376
23166,0.132778,0.0134111,-0.0185592,6.10364,0.0389307,0.25651,-0.356836,5.93177,-0.0433131,0.00386217
23174,0.132778,0.0133929,-0.0185592,6.10364,0.0395144,0.129681,-0.363375,5.85771,-0.0307915,-0.0265159
23182,0.132778,0.0133851,-0.0185592,6.11131,0.0396651,0.00191028,-0.364667,5.904,-0.00507372,-0.0435021
23190,0.132778,0.0133817,-0.0185592,6.11131,0.0390565,0.0125673,-0.366804,5.81244,-0.0164535,-0.053711
23198,0.132778,0.0133802,-0.0185592,6.11131,0.0388688,-0.0223386,-0.379014,5.78518,-0.0116591,-0.0650506
23206,0.132778,0.0133796,-0.0185592,6.11131,0.0384538,0.0895711,-0.374886,5.86491,-0.0209083,-0.036648
23213,0.132778,0.0133793,-0.0185592,6.11131,0.0391604,0.175907,-0.3747,5.85154,-0.0377934,-0.0226481
23222,0.132619,0.0134408,-0.0185592,6.11131,0.0398538,0.204817,-0.365077,5.82324,-0.0483028,-0.0187198
23230,0.132619,0.0134592,-0.0185592,6.11131,0.0409306,0.166715,-0.364612,5.84742,-0.0406688,-0.0207462
23238,0.132619,0.0134671,-0.0185592,6.11131,0.0415413,0.0855798,-0.360561,5.85719,-0.0275566,-0.0317881
23246,0.132619,0.0134705,-0.0185592,6.11131,0.0414751,-0.0319321,-0.371485,5.81604,-0.0110852,-0.0583309
23254,0.132619,0.0134719,-0.0185592,6.11131,0.0403524,-0.0423239,-0.379323,5.82325,-0.00571068,-0.0620533
23262,0.132619,0.0134726,-0.0185592,6.11131,0.0397785,0.0389462,-0.377799,5.7713,-0.0247523,-0.0550375
23270,0.132619,0.0134728,-0.0185592,6.11131,0.0400715,0.153123,-0.384387,5.93127,-0.024157,-0.017523
23278,0.132619,0.0134729,-0.0185592,6.11131,0.0412746,0.245853,-0.371338,5.87263,-0.0501785,-0.00504389
23285,0.132619,0.013473,-0.0185592,6.11131,0.0428512,0.202155,-0.368369,5.89577,-0.0428527,-0.00701446
23294,0.132619,0.013473,-0.0185592,6.12664,0.0434015,0.0975679,-0.369877,5.89783,-0.0276042,-0.0257052
23302,0.132619,0.013473,-0.0185592,6.12664,0.043208,-0.0152763,-0.369772,5.79239,-0.0210878,-0.057456
23310,0.132619,0.013473,-0.0185592,6.12664,0.0422766,-0.0962818,-0.391145,5.92765,0.0129877,-0.0598643
23318,0.132619,0.013473,-0.0185592,6.12664,0.0409475,-0.0195388,-0.382165,5.82582,-0.0113464,-0.0593534
23326,0.132619,0.013473,-0.0185592,6.12664,0.040085,0.0697152,-0.395497,5.87674,-0.016802,-0.0416228
23334,0.132619,0.013473,-0.0185592,6.12664,0.0408088,0.200688,-0.380307,5.86028,-0.0438752,-0.0180254
23342,0.132619,0.013473,-0.0185592,6.12664,0.041749,0.198824,-0.37772,5.85771,-0.0455755,-0.0169236
23350,0.132619,0.013473,-0.0185592,6.12664,0.0423377,0.137005,-0.372016,5.95595,-0.025486,-0.0140027
23357,0.132619,0.013473,-0.0185592,6.12664,0.0423726,0.0444099,-0.377465,5.91788,-0.013803,-0.0349505
23366,0.132619,0.013473,-0.0185592,6.12664,0.0417064,-0.00927985,-0.375537,5.73374,-0.0260037,-0.0663885
23374,0.132619,0.013473,-0.0185592,6.12664,0.0411395,-0.0376604,-0.391514,5.80782,-0.00922388,-0.0657785
23382,0.132778,0.0134114,-0.0185592,6.14198,0.0410102,0.0196267,-0.389827,5.8752,-0.0127762,-0.0497681
23390,0.132778,0.013393,-0.0185592,6.14198,0.0408951,0.152987,-0.381488,5.84279,-0.0399077,-0.0298826
23398,0.132619,0.0134467,-0.0185592,6.14198,0.0416719,0.223871,-0.381725,5.88137,-0.0480293,-0.0124306
23406,0.132619,0.0134617,-0.0185592,6.14198,0.0420835,0.19789,-0.362542,5.8932,-0.0459643,-0.0117737
23414,0.132778,0.0134066,-0.0185592,6.14198,0.0424706,0.10783,-0.372109,6.00843,-0.0165602,-0.0142456
23422,0.132778,0.013391,-0.0185592,6.14198,0.0422312,-0.0126116,-0.37002,5.89372,-0.0101436,-0.0481065
23429,0.132778,0.0133842,-0.0185592,6.14198,0.0417464,-0.0740343,-0.380674,5.78055,-0.0109269,-0.0742309
23438,0.132778,0.0133813,-0.0185592,6.14198,0.0410342,0.0522685,-0.376895,5.82428,-0.0263423,-0.04812
23446,0.132778,0.0133801,-0.0185592,6.14198,0.0414118,0.111287,-0.378121,5.83714,-0.0349318,-0.0363118
23454,0.132778,0.0133796,-0.0185592,6.14198,0.0419595,0.191094,-0.3736,5.90914,-0.0411554,-0.0128424
23462,0.132778,0.0133793,-0.0185592,6.14198,0.0432776,0.175774,-0.359211,5.86337,-0.0481351,-0.0166921
23470,0.132778,0.0133792,-0.0185592,6.14965,0.0433406,0.103161,-0.355111,5.9611,-0.0262348,-0.0175516
23478,0.132778,0.0133792,-0.0185592,6.14965,0.0436055,-0.0292627,-0.35946,5.94412,-0.0059505,-0.0422404
23486,0.132778,0.0133792,-0.0185592,6.14965,0.0425621,-0.0841607,-0.368248,5.81347,-0.00939999,-0.0698139
23494,0.132778,0.0133791,-0.0185592,6.14965,0.0419496,-0.0401942,-0.368098,5.78673,-0.0190215,-0.0663805
23501,0.132778,0.0133791,-0.0185592,6.14965,0.0410641,0.040674,-0.379381,5.85513,-0.0213324,-0.0476916
23510,0.132778,0.0133791,-0.0185592,6.14965,0.040737,0.136474,-0.366172,5.77746,-0.0480401,-0.0390309
23518,0.132778,0.0133791,-0.0185592,6.14965,0.041087,0.18843,-0.371769,5.9791,-0.0324714,-0.00684209
23526,0.132619,0.0134407,-0.0185592,6.14965,0.0421775,0.223603,-0.345808,5.85874,-0.0580398,-0.00956156
23534,0.132619,0.0134591,-0.0185592,6.14965,0.0432783,0.0738515,-0.357489,5.86748,-0.0318071,-0.0341686
23542,0.132619,0.0134671,-0.0185592,6.14965,0.0431987,-0.0704356,-0.364154,5.92819,0.00043987,-0.0525254
23550,0.132619,0.0134705,-0.0185592,6.14965,0.0424614,-0.0941487,-0.362582,5.83456,-0.00590107,-0.0683669
23558,0.132619,0.0134719,-0.0185592,6.14965,0.0416653,0.0101658,-0.369382,5.86799,-0.0170531,-0.0490211
23566,0.132619,0.0134726,-0.0185592,6.14965,0.0411486,0.137401,-0.368191,5.82634,-0.0425195,-0.0330092
23573,0.132619,0.0134728,-0.0185592,6.14965,0.0416393,0.117418,-0.37407,5.92201,-0.0276624,-0.0253369
23582,0.132619,0.0134729,-0.0185592,6.16498,0.0423992,0.181102,-0.355471,5.85668,-0.0517528,-0.0200804
23590,0.132619,0.013473,-0.0185592,6.16498,0.0425926,0.0561327,-0.362253,5.88857,-0.0264676,-0.0382147
23598,0.132619,0.013473,-0.0185592,6.16498,0.0419646,-0.0250011,-0.359214,5.94874,-0.00556585,-0.0451681
23606,0.132619,0.013473,-0.0185592,6.16498,0.0409609,-0.00807856,-0.364631,5.85771,-0.0168464,-0.055339
23614,0.132619,0.013473,-0.0185592,6.16498,0.0402793,-0.0235384,-0.368156,5.79805,-0.0198131,-0.0665129
23622,0.132619,0.013473,-0.0185592,6.16498,0.0395836,0.0627946,-0.381193,5.9148,-0.0173037,-0.0412136
23630,0.132619,0.013473,-0.0185592,6.16498,0.0399492,0.15539,-0.370747,5.85874,-0.0414311,-0.0300324
23638,0.132619,0.013473,-0.0185592,6.16498,0.0407406,0.206949,-0.36682,5.89938,-0.0469014,-0.0148016
23645,0.132619,0.013473,-0.0185592,6.16498,0.0414406,0.144332,-0.363199,5.92663,-0.034861,-0.020588
23654,0.132619,0.013473,-0.0185592,6.16498,0.0417331,0.0165651,-0.363224,5.84228,-0.0240326,-0.0517094
23662,0.132619,0.013473,-0.0185592,6.16498,0.0411408,-0.0361947,-0.373376,5.87931,-0.0084826,-0.0586878
23670,0.132619,0.013473,-0.0185592,6.16498,0.0400462,-0.0428568,-0.379552,5.86593,-0.00645919,-0.0639053
23678,0.132619,0.013473,-0.0185592,6.16498,0.0392324,0.0178928,-0.38736,5.96624,-0.0023296,-0.0441863
23686,0.132619,0.013473,-0.0185592,6.16498,0.0389082,0.107291,-0.393911,5.93538,-0.0192754,-0.0342605
23694,0.132619,0.013473,-0.0185592,6.16498,0.0390099,0.232133,-0.383468,5.90348,-0.0455345,-0.0151498
23702,0.132778,0.0134114,-0.0185592,6.16498,0.0403645,0.238659,-0.3823,5.9791,-0.0398719,-0.00292134
23710,0.132778,0.013393,-0.0185592,6.16498,0.0410359,0.111558,-0.383922,5.91531,-0.0270078,-0.0312176
23717,0.132778,0.0133851,-0.0185592,6.16498,0.0409572,0.0107047,-0.379275,5.80164,-0.024338,-0.0610264
23726,0.132778,0.0133817,-0.0185592,6.16498,0.0400862,-0.0818938,-0.407437,5.95647,0.0149779,-0.0640911
23734,0.132778,0.0133802,-0.0185592,6.16498,0.0392144,0.0384211,-0.390045,5.86336,-0.01754,-0.0531977
23742,0.132778,0.0133796,-0.0185592,6.16498,0.0393117,0.080774,-0.41045,5.95647,-0.0104377,-0.038195
23750,0.132778,0.0133793,-0.0185592,6.16498,0.0401504,0.266502,-0.390151,5.90297,-0.0519427,-0.00873953
23758,0.132778,0.0133792,-0.0185592,6.16498,0.0414788,0.205752,-0.385256,5.80266,-0.0563047,-0.0282192
23766,0.132778,0.0133792,-0.0185592,6.16498,0.0419623,0.130611,-0.389183,5.95801,-0.0255776,-0.0224982
23774,0.132619,0.0134407,-0.0185592,6.16498,0.0417542,0.00737422,-0.392109,5.91634,-0.00920535,-0.049084
23782,0.132619,0.0134591,-0.0185592,6.16498,0.0405264,-0.0202062,-0.390057,5.82891,-0.0135606,-0.0654698
23789,0.132619,0.0134671,-0.0185592,6.16498,0.0399774,0.00137578,-0.406462,5.92354,-0.00257948,-0.0540569
23798,0.132778,0.0134089,-0.0185592,6.16498,0.0398982,0.104362,-0.390201,5.779,-0.0392827,-0.0511577
23806,0.132778,0.0133919,-0.0185592,6.16498,0.0400919,0.135537,-0.410337,5.89424,-0.0279185,-0.0352261
23814,0.132778,0.0133846,-0.0185592,6.16498,0.0408419,0.184166,-0.399916,5.96058,-0.0308776,-0.0164462
23822,0.132778,0.0133815,-0.0185592,6.16498,0.0409234,0.21148,-0.380852,5.91738,-0.0436814,-0.0137556
23830,0.132778,0.0133802,-0.0185592,6.16498,0.041441,0.134745,-0.392679,5.9899,-0.0212251,-0.0193177
23838,0.132778,0.0133796,-0.0185592,6.16498,0.0407877,-0.0375264,-0.393906,5.84073,-0.00915704,-0.0671294
23846,0.132778,0.0133793,-0.0185592,6.16498,0.0394927,-0.0649734,-0.415575,5.86182,0.00314286,-0.0745553
23854,0.132778,0.0133792,-0.0185592,6.16498,0.0389762,0.0827751,-0.405875,5.84639,-0.0240162,-0.0505975
23861,0.132778,0.0133792,-0.0185592,6.16498,0.039703,0.243452,-0.396883,5.76203,-0.0630318,-0.0309961
23870,0.132778,0.0133792,-0.0185592,6.16498,0.0417867,0.255979,-0.399897,5.9503,-0.0452989,-0.00422169
23878,0.132778,0.0133792,-0.0185592,6.16498,0.0429804,0.222004,-0.375977,5.93744,-0.0466718,-0.00596555
23886,0.132619,0.0134407,-0.0185592,6.16498,0.0440359,0.0693267,-0.384326,6.00482,-0.0134253,-0.0237574
23894,0.132619,0.0134591,-0.0185592,6.16498,0.043134,-0.015943,-0.379563,5.86027,-0.0158373,-0.0557368
23902,0.132619,0.0134671,-0.0185592,6.16498,0.0426025,-0.0713652,-0.391744,5.76203,-0.0155309,-0.0794089
23910,0.132619,0.0134705,-0.0185592,6.16498,0.0417799,-0.0211437,-0.402717,5.84691,-0.0109491,-0.0638171
23918,0.132619,0.0134719,-0.0185592,6.16498,0.0411787,0.0974342,-0.394183,5.73632,-0.0441702,-0.0563504
23926,0.132619,0.0134726,-0.0185592,6.16498,0.0414982,0.129673,-0.411522,5.95595,-0.0212766,-0.0272995
23933,0.132619,0.0134728,-0.0185592,6.16498,0.0418093,0.27183,-0.385145,5.8788,-0.0585885,-0.00776045
23942,0.132619,0.0134729,-0.0185592,6.16498,0.0425346,0.209484,-0.388654,5.86644,-0.0501467,-0.0192981
23950,0.132619,0.013473,-0.0185592,6.16498,0.0428176,0.0762504,-0.393568,5.93794,-0.0192491,-0.0337186
23958,0.132619,0.013473,-0.0185592,6.16498,0.042379,0.022959,-0.389713,5.78981,-0.0278949,-0.060206
23966,0.132619,0.013473,-0.0185592,6.16498,0.042176,0.0101706,-0.407026,5.84588,-0.0161038,-0.0588059
23974,0.132619,0.013473,-0.0185592,6.16498,0.0416893,0.0793126,-0.402773,5.83353,-0.0290292,-0.0485922
23982,0.132619,0.013473,-0.0185592,6.16498,0.0426838,0.126212,-0.407155,5.91944,-0.0273342,-0.0298533
23990,0.132778,0.0134114,-0.0185592,6.16498,0.0437396,0.26943,-0.390951,5.82273,-0.0666353,-0.0129268
23998,0.132778,0.013393,-0.0185592,6.16498,0.0446255,0.206554,-0.389436,5.79598,-0.0608508,-0.0252024
24005,0.132778,0.0133851,-0.0185592,6.16498,0.0446291,0.108096,-0.382466,5.95699,-0.026699,-0.0216459
24014,0.132619,0.0134433,-0.0185592,6.16498,0.0445158,0.0260258,-0.381581,5.89938,-0.0197731,-0.0424218
24022,0.132619,0.0134602,-0.0185592,6.16498,0.0437457,-0.0508509,-0.391205,5.8253,-0.0131388,-0.0667889
24030,0.132619,0.0134675,-0.0185592,6.16498,0.0429115,-0.0579155,-0.398549,5.89217,-0.00175166,-0.0624243
24038,0.132619,0.0134707,-0.0185592,6.16498,0.0423629,0.0653222,-0.399168,5.85359,-0.0258553,-0.0470627
24046,0.132619,0.013472,-0.0185592,6.16498,0.0423708,0.15059,-0.398934,5.83405,-0.0423295,-0.0349435
24054,0.132619,0.0134726,-0.0185592,6.16498,0.0430227,0.21188,-0.392782,5.87469,-0.0495777,-0.0179072
24062,0.132619,0.0134728,-0.0185592,6.16498,0.0436304,0.154858,-0.391726,5.91994,-0.0358035,-0.021164
24070,0.132619,0.0134729,-0.0185592,6.16498,0.0444057,0.103032,-0.388716,5.94824,-0.0254319,-0.0250003
24077,0.132619,0.013473,-0.0185592,6.16498,0.0439778,-0.02234,-0.404511,5.81656,-0.0170496,-0.0648526
24086,0.132619,0.013473,-0.0185592,6.16498,0.0433771,-0.0202091,-0.407963,5.87263,-0.00941605,-0.0592535
24094,0.132619,0.013473,-0.0185592,6.16498,0.0431707,0.0755842,-0.414621,5.90503,-0.0201105,-0.0406236
24102,0.132619,0.013473,-0.0185592,6.16498,0.0433151,0.156322,-0.413196,5.85976,-0.0392464,-0.031927
24110,0.132619,0.013473,-0.0185592,6.16498,0.0432397,0.20322,-0.417388,5.93074,-0.0378732,-0.0164059
24118,0.132619,0.013473,-0.0185592,6.16498,0.0448808,0.297817,-0.39408,5.87622,-0.0659709,-0.00086366
24126,0.132619,0.013473,-0.0185592,6.16498,0.046233,0.195221,-0.395192,5.94721,-0.0422872,-0.00808188
24134,0.132619,0.013473,-0.0185592,6.16498,0.0466472,-0.00515223,-0.401368,5.93898,-0.00963892,-0.0432738
24142,0.132619,0.013473,-0.0185592,6.16498,0.0451833,-0.117599,-0.408571,5.79032,-0.00536105,-0.0830047
24149,0.132619,0.013473,-0.0185592,6.16498,0.043968,-0.043121,-0.410952,5.83302,-0.010617,-0.0674632
24158,0.132619,0.013473,-0.0185592,6.16498,0.0436053,0.105555,-0.410486,5.87365,-0.0300349,-0.0380095
24166,0.132619,0.013473,-0.0185592,6.16498,0.0442922,0.166712,-0.409976,5.92509,-0.0351289,-0.0205785
24174,0.132619,0.013473,-0.0185592,6.16498,0.0454207,0.224537,-0.401861,5.96521,-0.0428344,-0.00321005
24182,0.132619,0.013473,-0.0185592,6.16498,0.0464383,0.175908,-0.388811,5.86953,-0.0495505,-0.0192102
24190,0.132619,0.013473,-0.0185592,6.16498,0.046811,0.0496058,-0.394992,5.93795,-0.0200819,-0.0329046
24198,0.132619,0.013473,-0.0185592,6.16498,0.046728,-0.0921495,-0.410396,5.87675,-0.0012181,-0.0666478
24206,0.132619,0.013473,-0.0185592,6.16498,0.0452705,-0.0691041,-0.40999,5.75535,-0.0174066,-0.0790674
24214,0.132619,0.013473,-0.0185592,6.16498,0.044028,0.014166,-0.426349,5.85411,-0.0152246,-0.0577047
24221,0.132619,0.013473,-0.0185592,6.16498,0.0438729,0.133003,-0.415646,5.8865,-0.0326039,-0.0323209
24230,0.132619,0.013473,-0.0185592,6.16498,0.044459,0.247716,-0.411315,5.94464,-0.0462567,-0.00458821
24238,0.132619,0.013473,-0.0185592,6.16498,0.0451026,0.25145,-0.397822,5.89988,-0.0552041,-0.00618305
24246,0.132619,0.013473,-0.0185592,6.16498,0.0459646,0.161657,-0.392056,5.93794,-0.0379569,-0.0147066
24254,0.132619,0.013473,-0.0185592,6.16498,0.0459255,0.0160335,-0.398377,5.98683,-0.00700244,-0.0345629
24262,0.132619,0.013473,-0.0185592,6.16498,0.0454931,-0.0545811,-0.397357,5.78364,-0.0188182,-0.0709296
24270,0.132619,0.013473,-0.0185592,6.16498,0.0455311,-0.019545,-0.409054,5.88703,-0.0106078,-0.0546288
24278,0.132619,0.013473,-0.0185592,6.16498,0.0456953,0.075184,-0.399339,5.80627,-0.0376047,-0.0464042
24286,0.132619,0.013473,-0.0185592,6.16498,0.0454953,0.0550654,-0.40839,5.87417,-0.0245404,-0.043507
24293,0.132619,0.013473,-0.0185592,6.16498,0.0455559,0.153929,-0.394706,5.95595,-0.0335666,-0.014874
24302,0.132619,0.013473,-0.0185592,6.16498,0.045704,0.11089,-0.3865,5.91325,-0.0329928,-0.0256538
24310,0.132619,0.013473,-0.0185592,6.16498,0.0454608,0.0326863,-0.399574,5.94978,-0.0132958,-0.0369703
24318,0.132619,0.013473,-0.0185592,6.16498,0.0447926,-0.00328174,-0.398067,5.76306,-0.0286646,-0.0657939
24326,0.132619,0.013473,-0.0185592,6.16498,0.0437548,-0.0310014,-0.413744,5.84023,-0.0110333,-0.0653123
24334,0.132619,0.013473,-0.0185592,6.16498,0.0431972,0.0702486,-0.416842,5.95698,-0.0127846,-0.0357039
24342,0.132619,0.013473,-0.0185592,6.16498,0.0432032,0.242921,-0.394833,5.78004,-0.0657889,-0.0239416
24350,0.132619,0.013473,-0.0185592,6.16498,0.0444136,0.236397,-0.412516,5.97344,-0.0407325,-0.00334959
24358,0.132619,0.013473,-0.0185592,6.16498,0.0453112,0.193759,-0.389918,5.93641,-0.0429028,-0.0100338
24365,0.132619,0.013473,-0.0185592,6.16498,0.0456959,0.115422,-0.390981,5.92973,-0.0310701,-0.0236751
24374,0.132619,0.013473,-0.0185592,6.16498,0.0458076,0.0425466,-0.390886,5.84691,-0.0289253,-0.0455878
24382,0.132619,0.013473,-0.0185592,6.16498,0.0453642,-0.0937563,-0.406147,5.77541,-0.0117053,-0.0801043
24390,0.132619,0.013473,-0.0185592,6.16498,0.0440064,-0.0107529,-0.411706,5.84896,-0.0140317,-0.0601871
24398,0.132619,0.013473,-0.0185592,6.16498,0.0429583,0.1418,-0.403367,5.83508,-0.0408427,-0.0362054
24406,0.132619,0.013473,-0.0185592,6.18032,0.0432307,0.220674,-0.404356,5.91531,-0.0464756,-0.0150112
24414,0.132619,0.013473,-0.0185592,6.18032,0.0439464,0.312464,-0.391248,5.9112,-0.0652574,0.00308962
24422,0.132619,0.013473,-0.0185592,6.18032,0.0452483,0.192828,-0.381193,5.84949,-0.0561161,-0.0209606
24430,0.132619,0.013473,-0.0185592,6.18032,0.0456179,0.0305547,-0.395932,5.94258,-0.0164001,-0.0391892
24437,0.132619,0.013473,-0.0185592,6.18032,0.0451615,-0.0347281,-0.386934,5.80935,-0.0221075,-0.0651344
24446,0.132619,0.013473,-0.0185592,6.18032,0.0445061,-0.0280719,-0.392905,5.85565,-0.0158941,-0.0604087
24454,0.132619,0.013473,-0.0185592,6.18032,0.0444471,0.0721165,-0.398106,5.87571,-0.0292082,-0.0420575
24462,0.132619,0.013473,-0.0185592,6.18032,0.0446712,0.152858,-0.393392,5.8716,-0.044134,-0.0278545
24470,0.132619,0.013473,-0.0185592,6.18032,0.04536,0.206683,-0.398978,5.9899,-0.0391556,-0.0047351
24478,0.132619,0.013473,-0.0185592,6.18032,0.0462755,0.248518,-0.373865,5.89165,-0.0629619,-0.00397816
24486,0.132619,0.013473,-0.0185592,6.18032,0.0475412,0.134872,-0.378689,5.93692,-0.0397615,-0.0168182
24494,0.132619,0.013473,-0.0185592,6.18032,0.0472993,-0.0419243,-0.390809,5.92716,-0.0093419,-0.0500813
24502,0.132619,0.013473,-0.0185592,6.18032,0.0456907,-0.0766946,-0.39428,5.87109,-0.00742437,-0.0653646
24509,0.132619,0.013473,-0.0185592,6.18032,0.0448289,-0.0368622,-0.410816,5.90039,-0.00672485,-0.0590402
24518,0.132619,0.013473,-0.0185592,6.18032,0.0440613,0.15765,-0.39918,5.91943,-0.0375228,-0.0231694
24526,0.132619,0.013473,-0.0185592,6.18032,0.0451388,0.284492,-0.386759,5.94361,-0.0591634,0.00457852
24534,0.132619,0.013473,-0.0185592,6.18032,0.04667,0.228534,-0.387147,5.99917,-0.0453855,0.00376826
24542,0.132619,0.013473,-0.0185592,6.18032,0.0471428,0.127944,-0.375079,5.90863,-0.0419817,-0.0213013
24550,0.132619,0.013473,-0.0185592,6.18032,0.0472713,-0.0437879,-0.394424,5.92561,-0.00859553,-0.0512004
24558,0.132619,0.013473,-0.0185592,6.18032,0.0462531,-0.0258041,-0.389578,5.79392,-0.0264749,-0.0643656
24566,0.132619,0.013473,-0.0185592,6.18032,0.0455534,-0.034064,-0.395681,5.83558,-0.0182556,-0.0627871
24574,0.132619,0.013473,-0.0185592,6.18032,0.0448155,0.0594615,-0.39972,5.95235,-0.0183265,-0.034881
24581,0.132619,0.013473,-0.0185592,6.18032,0.0448532,0.160318,-0.390319,5.91994,-0.0404179,-0.0201335
24590,0.132619,0.013473,-0.0185592,6.18032,0.0451583,0.237858,-0.377801,5.90297,-0.0576964,-0.00662141
24598,0.132619,0.013473,-0.0185592,6.18032,0.0460664,0.190964,-0.373862,5.96367,-0.0446559,-0.00546162
24606,0.132619,0.013473,-0.0185592,6.18032,0.0466284,0.117021,-0.360748,5.87623,-0.0455928,-0.0253793
24614,0.132619,0.013473,-0.0185592,6.18032,0.0471526,-0.0252677,-0.377202,5.87262,-0.0205169,-0.0517297
24622,0.132619,0.013473,-0.0185592,6.18032,0.0468476,-0.0567136,-0.373409,5.9292,-0.00883374,-0.0501575
24630,0.132619,0.013473,-0.0185592,6.18032,0.0462585,-0.0087516,-0.375498,5.90349,-0.0186643,-0.0462606
24638,0.132619,0.013473,-0.0185592,6.18032,0.046441,0.0465388,-0.380474,5.93332,-0.0237572,-0.0339566
24646,0.132619,0.013473,-0.0185592,6.18032,0.0464485,0.149523,-0.363454,5.79392,-0.0599922,-0.0303119
24653,0.132619,0.013473,-0.0185592,6.18032,0.0472561,0.148063,-0.370772,6.02025,-0.0330115,-0.00386207
24662,0.132778,0.0134114,-0.0185592,6.18032,0.0472069,0.103431,-0.354521,5.98013,-0.0330069,-0.0134692
24670,0.132778,0.013393,-0.0185592,6.18032,0.0464613,-0.0186065,-0.361725,5.90708,-0.0192301,-0.04487
24678,0.132778,0.0133851,-0.0185592,6.18032,0.0454274,-0.0676358,-0.364964,5.90863,-0.00899271,-0.0549071
24686,0.132778,0.0133817,-0.0185592,6.18032,0.0441777,-0.0431216,-0.366033,5.84433,-0.0187491,-0.0602713
24694,0.132778,0.0133802,-0.0185592,6.18032,0.0434121,-0.0163503,-0.378644,5.94001,-0.00883341,-0.0475342
24702,0.132778,0.0133796,-0.0185592,6.18032,0.043033,0.176434,-0.357011,5.88188,-0.050599,-0.0189099
24710,0.132778,0.0133793,-0.0185592,6.18032,0.0430692,0.160987,-0.361422,5.9395,-0.0405893,-0.015365
24718,0.132778,0.0133792,-0.0185592,6.18032,0.0432843,0.178573,-0.345848,6.0218,-0.0366097,0.00013987
24725,0.132778,0.0133792,-0.0185592,6.18032,0.0436027,0.0890417,-0.344935,5.90915,-0.0356278,-0.0276983
24734,0.132778,0.0133792,-0.0185592,6.18032,0.0431969,-0.0824296,-0.361289,5.89166,-0.00607969,-0.0619029
24742,0.132778,0.0133792,-0.0185592,6.18032,0.0420455,-0.0724338,-0.364172,5.8788,-0.00720734,-0.0637975
24750,0.132778,0.0133791,-0.0185592,6.18032,0.0411805,0.0373444,-0.360261,5.82426,-0.0312705,-0.0522869
24758,0.132778,0.0133791,-0.0185592,6.18032,0.0413565,0.142464,-0.367193,6.11438,-0.0136339,-0.00112219
24766,0.132778,0.0133791,-0.0185592,6.18032,0.0420469,0.21441,-0.346032,5.96727,-0.0472462,-0.00200327
24774,0.132778,0.0133791,-0.0185592,6.18032,0.0429956,0.184702,-0.33933,5.89834,-0.0528255,-0.0127703
24782,0.132778,0.0133791,-0.0185592,6.18032,0.0432212,0.0770514,-0.339417,5.95081,-0.0290975,-0.0244374
24790,0.132778,0.0133791,-0.0185592,6.18032,0.0428454,-0.112936,-0.353316,5.95904,0.00611468,-0.0582884
24797,0.132778,0.0133791,-0.0185592,6.18032,0.0411787,-0.138246,-0.360021,5.87521,0.00379809,-0.0758624
24806,0.132778,0.0133791,-0.0185592,6.18032,0.0397809,0.0611972,-0.355306,5.84433,-0.0317368,-0.0470319
24814,0.132778,0.0133791,-0.0185592,6.18032,0.040258,0.0914346,-0.365072,5.92714,-0.0260724,-0.0330505
24822,0.132778,0.0133791,-0.0185592,6.18032,0.0404405,0.187761,-0.355115,6.00996,-0.0341333,-0.00514594
24830,0.132778,0.0133791,-0.0185592,6.18032,0.0413254,0.217212,-0.344249,5.95031,-0.0490071,-0.00424975
24838,0.132778,0.0133791,-0.0185592,6.18032,0.0415945,0.131676,-0.335518,5.93898,-0.0379399,-0.0182444
24846,0.132778,0.0133791,-0.0185592,6.18032,0.0413125,-0.0292662,-0.347252,5.91068,-0.0123237,-0.0510333
24854,0.132619,0.0134407,-0.0185592,6.18032,0.0403813,-0.105738,-0.34767,5.89269,-0.00033519,-0.0675162
24862,0.132619,0.0134591,-0.0185592,6.18032,0.0385567,-0.0199386,-0.356253,5.91943,-0.00748657,-0.0538202
24869,0.132619,0.0134671,-0.0185592,6.18032,0.0382858,0.0662566,-0.365252,5.94052,-0.0174486,-0.0386242
24878,0.132619,0.0134705,-0.0185592,6.18032,0.0386482,0.186692,-0.358924,5.93332,-0.0397582,-0.0176439
24886,0.132619,0.0134719,-0.0185592,6.18032,0.0397704,0.239459,-0.347444,5.90503,-0.0552188,-0.00868472
24894,0.132619,0.0134726,-0.0208791,6.18032,0.0408741,0.212814,-0.339759,5.91223,-0.05308,-0.00918628
24902,0.132619,0.0134728,-0.0208791,6.18032,0.0415177,0.0763857,-0.344018,5.97755,-0.0229803,-0.0242703
24910,0.132778,0.0134114,-0.0208791,6.18032,0.0411745,-0.0206051,-0.35029,5.95286,-0.00843984,-0.0449371
24918,0.132778,0.013393,-0.0208791,6.18032,0.0406644,-0.0375254,-0.349937,5.82788,-0.0197446,-0.0631932
24926,0.132619,0.0134467,-0.0185592,6.18032,0.0400701,0.0178988,-0.365658,5.99864,-0.00499931,-0.0374735
24934,0.132619,0.0134617,-0.0185592,6.18032,0.0402058,0.111022,-0.358338,5.95698,-0.026678,-0.0253441
24941,0.132619,0.0134682,-0.0185592,6.18032,0.0409362,0.238658,-0.344844,5.93075,-0.0540774,-0.00373828
24950,0.132619,0.0134709,-0.0185592,6.18032,0.0426444,0.217742,-0.33959,5.94772,-0.0517977,-0.00204904
24958,0.132619,0.0134721,-0.0185592,6.18032,0.0432411,0.117017,-0.327912,5.92201,-0.0408403,-0.0193718
24966,0.132619,0.0134726,-0.0208791,6.18032,0.0439885,-0.0675019,-0.341354,5.9863,-0.0019323,-0.0436513
24974,0.132619,0.0134729,-0.0208791,6.18032,0.0426815,-0.0724369,-0.342091,5.90709,-0.00853697,-0.0557792
24982,0.132619,0.013473,-0.0208791,6.18032,0.0422216,-0.112003,-0.349515,5.78981,-0.0139759,-0.0781515
24990,0.132619,0.013473,-0.0208791,6.18032,0.0407344,-0.0122182,-0.364171,5.91224,-0.0116795,-0.0512705
24998,0.132619,0.013473,-0.0208791,6.18032,0.0403162,0.0737214,-0.364836,5.86954,-0.0302662,-0.0425094
25006,0.132619,0.013473,-0.0208791,6.18032,0.0402312,0.185498,-0.353254,5.88239,-0.0490153,-0.0203873
25013,0.132619,0.013473,-0.0208791,6.18032,0.0403758,0.19163,-0.354645,5.92509,-0.0449744,-0.0143287
25022,0.132619,0.013473,-0.0208791,6.18032,0.0410437,0.142736,-0.338449,5.8644,-0.0475505,-0.0262157
25030,0.132619,0.013473,-0.0208791,6.18032,0.0413624,-0.0128799,-0.362953,5.89989,-0.0140825,-0.0517751
25038,0.132619,0.013473,-0.0208791,6.18799,0.0404361,-0.0519119,-0.356927,5.90503,-0.00761417,-0.0589703
25046,0.132619,0.013473,-0.0208791,6.18799,0.0397198,-0.0212779,-0.365335,5.94618,-0.00550428,-0.0512869
25054,0.132619,0.013473,-0.0208791,6.18799,0.039543,0.123147,-0.361254,5.91686,-0.0332973,-0.0299794
25062,0.132619,0.013473,-0.0208791,6.18799,0.0398444,0.187632,-0.359932,5.90091,-0.0464842,-0.0203565
25070,0.132619,0.013473,-0.0208791,6.18799,0.0407546,0.21015,-0.348872,5.92303,-0.050638,-0.0109002
25078,0.132619,0.013473,-0.0208791,6.18799,0.0417089,0.152726,-0.352276,5.9827,-0.0348548,-0.012757
25085,0.132619,0.013473,-0.0208791,6.18799,0.0415841,0.029752,-0.342337,5.84074,-0.0326414,-0.0488542
25094,0.132619,0.013473,-0.0208791,6.18799,0.0409944,-0.0429878,-0.365264,5.95338,-0.00281882,-0.0523187
25102,0.132619,0.013473,-0.0208791,6.18799,0.0405771,-0.0147427,-0.354927,5.8613,-0.0194391,-0.0573525
25110,0.132619,0.013473,-0.0208791,6.19565,0.0397459,0.0039003,-0.369203,5.92252,-0.0127787,-0.0513296
25118,0.132619,0.013473,-0.0208791,6.19565,0.0396734,0.109957,-0.363096,5.93435,-0.0298373,-0.0311591
25126,0.132619,0.013473,-0.0208791,6.20332,0.0392584,0.186166,-0.349598,5.8788,-0.0515139,-0.0241778
25134,0.132619,0.013473,-0.0208791,6.20332,0.0401895,0.16059,-0.358918,5.95081,-0.0385696,-0.0201909
25142,0.132619,0.013473,-0.0185592,6.21866,0.0404631,0.104761,-0.351515,5.96676,-0.0304425,-0.0283367
25150,0.132619,0.013473,-0.0185592,6.21866,0.0399582,-0.0192731,-0.357345,5.85874,-0.0209936,-0.0636675
25157,0.132619,0.013473,-0.0185592,6.21866,0.0392476,-0.053914,-0.369852,5.89885,-0.00753973,-0.0677681
25166,0.132619,0.013473,-0.0185592,6.23399,0.0392936,0.0922387,-0.360648,5.83302,-0.0428598,-0.0511652
25174,0.132619,0.013473,-0.0185592,6.23399,0.0399243,0.139396,-0.367162,5.98476,-0.0326076,-0.0254479
25182,0.132619,0.013473,-0.0185592,6.24166,0.040787,0.178972,-0.359546,6.03774,-0.0362338,-0.0109924
25190,0.132619,0.013473,-0.0185592,6.24166,0.0414602,0.172045,-0.342399,5.92715,-0.0518016,-0.0215386
25198,0.132619,0.013473,-0.0185592,6.24933,0.0421382,0.108496,-0.349851,6.02334,-0.0305732,-0.022053
25206,0.132619,0.013473,-0.0185592,6.24933,0.0415445,-0.0413919,-0.3518,6.02178,-0.00480042,-0.0486571
25214,0.132619,0.013473,-0.0208791,6.24933,0.0411345,-0.110133,-0.368234,5.95236,0.00124085,-0.0713018
25222,0.132619,0.013473,-0.0208791,6.24933,0.040136,0.0830432,-0.35638,5.83096,-0.0456016,-0.0525427
25230,0.132619,0.013473,-0.0208791,6.24933,0.040147,0.0925027,-0.369169,5.88085,-0.0392457,-0.0470948
25238,0.132619,0.013473,-0.0208791,6.24933,0.040197,0.16778,-0.364598,6.02488,-0.0355487,-0.0165645
25246,0.132619,0.013473,-0.0208791,6.24933,0.0402916,0.198825,-0.352982,5.94361,-0.0522686,-0.0189335
25254,0.132619,0.013473,-0.0208791,6.24933,0.0404302,0.168577,-0.347586,5.94877,-0.0477082,-0.0223637
25262,0.132619,0.013473,-0.0208791,6.24933,0.0405751,0.0929061,-0.34358,5.96933,-0.0335948,-0.0318507
25270,0.132619,0.013473,-0.0208791,6.24933,0.0405441,-0.0130103,-0.351575,5.96574,-0.0151433,-0.0514718
25278,0.132619,0.013473,-0.0208791,6.24933,0.0402683,-0.0260728,-0.356065,5.90092,-0.0195159,-0.0624438
25286,0.132619,0.013473,-0.0208791,6.24933,0.0400333,0.0665193,-0.357325,5.95338,-0.0281467,-0.0411528
25294,0.132619,0.013473,-0.0208791,6.24933,0.0411305,0.118085,-0.350801,5.85976,-0.0502749,-0.0409499
25301,0.132619,0.013473,-0.0208791,6.24933,0.0417932,0.202419,-0.349054,5.94669,-0.055192,-0.0152477
25310,0.132619,0.013473,-0.0208791,6.24933,0.0419013,0.12608,-0.343896,5.97807,-0.0398278,-0.0234335
25318,0.132619,0.013473,-0.0208791,6.24933,0.0412647,0.0325515,-0.350741,6.02488,-0.0168448,-0.0356622
25326,0.132619,0.013473,-0.0208791,6.24933,0.0402564,-0.00581717,-0.353331,5.92972,-0.019901,-0.0551981
25334,0.132619,0.013473,-0.0208791,6.24933,0.039646,0.0392132,-0.355001,5.95029,-0.0238306,-0.0462864
25342,0.132619,0.013473,-0.0208791,6.24933,0.0397561,0.0386756,-0.367885,6.10409,-0.00369534,-0.030118
25350,0.132619,0.013473,-0.0208791,6.24933,0.0395971,0.140997,-0.358505,5.97396,-0.0372712,-0.0269525
25358,0.132619,0.013473,-0.0208791,6.24933,0.0400825,0.180573,-0.353547,5.95904,-0.047049,-0.0205691
25366,0.132619,0.013473,-0.0208791,6.24933,0.0404984,0.154191,-0.355017,6.04289,-0.0331321,-0.0147662
25373,0.132619,0.013473,-0.0208791,6.24933,0.0407013,0.12555,-0.344756,5.99814,-0.0355916,-0.0229538
25382,0.132619,0.013473,-0.0208791,6.24933,0.0411147,-0.0750984,-0.367655,5.99505,0.00040146,-0.0602796
25390,0.132619,0.013473,-0.0208791,6.24933,0.0403556,0.00363696,-0.354544,5.89268,-0.0257724,-0.0580403
25398,0.132619,0.013473,-0.0208791,6.24933,0.0400548,0.0297527,-0.358534,5.88702,-0.0297101,-0.0553638
25406,0.132619,0.013473,-0.0208791,6.24933,0.0401217,0.136072,-0.365378,6.13495,-0.0170979,-0.00913085
25414,0.132619,0.013473,-0.0208791,6.24933,0.0405052,0.159785,-0.356637,5.98733,-0.0403539,-0.0206425
25422,0.132619,0.013473,-0.0208791,6.24933,0.0407144,0.137404,-0.358322,5.90965,-0.045815,-0.0335822
25430,0.132619,0.013473,-0.0208791,6.24933,0.0404246,0.0919722,-0.362502,5.96831,-0.030307,-0.0353861
25438,0.132619,0.013473,-0.0208791,6.24933,0.0399441,0.0250945,-0.358684,5.93075,-0.02361,-0.0511578
25445,0.132619,0.013473,-0.0208791,6.24933,0.0397775,0.0340154,-0.372334,5.98527,-0.0162374,-0.0456383
25454,0.132619,0.013473,-0.0208791,6.24933,0.0395781,0.0991662,-0.36274,5.91274,-0.036847,-0.0419537
25462,0.132619,0.013473,-0.0208791,6.24933,0.0400096,0.128208,-0.366834,6.00636,-0.0305592,-0.0260492
25470,0.132619,0.013473,-0.0208791,6.24933,0.0407283,0.143667,-0.361475,6.1046,-0.0233928,-0.00996797
25478,0.132619,0.013473,-0.0208791,6.24933,0.0411061,0.157791,-0.356971,5.94566,-0.0457042,-0.0251262
25486,0.132619,0.013473,-0.0208791,6.24933,0.0419856,0.130876,-0.353481,5.95081,-0.042407,-0.0272752
25494,0.132619,0.013473,-0.0208791,6.24933,0.0417957,0.0145656,-0.364381,6.01305,-0.0137915,-0.0415562
25502,0.132619,0.013473,-0.0208791,6.24933,0.0407848,-0.0511145,-0.370915,5.94,-0.00907972,-0.0637238
25510,0.132619,0.013473,-0.0208791,6.24933,0.0396347,0.0627931,-0.367781,5.98167,-0.0219665,-0.0406747
25517,0.132619,0.013473,-0.0208791,6.24933,0.0400312,0.17111,-0.36056,5.9611,-0.0440393,-0.0231228
25526,0.132619,0.013473,-0.0208791,6.24933,0.0404985,0.163649,-0.360658,5.99762,-0.0391252,-0.0194319
25534,0.132619,0.013473,-0.0208791,6.24933,0.0415922,0.168049,-0.354899,5.99659,-0.042402,-0.0163665
25542,0.132619,0.013473,-0.0208791,6.24933,0.041939,0.108493,-0.341248,5.93486,-0.0424839,-0.0310294
25550,0.132619,0.013473,-0.0208791,6.24933,0.042142,0.0357521,-0.352406,6.01356,-0.0196432,-0.035512
25558,0.132619,0.013473,-0.0208791,6.24933,0.0417939,-0.0220705,-0.349385,5.87057,-0.0269231,-0.0621655
25566,0.132619,0.013473,-0.0208791,6.24933,0.0413507,-0.0511173,-0.361235,5.97653,-0.00711042,-0.0570624
25574,0.132619,0.013473,-0.0208791,6.24933,0.0409863,0.0529305,-0.35559,6.07631,-0.0129971,-0.0273113
25582,0.132619,0.013473,-0.0208791,6.24933,0.0412693,0.164982,-0.34854,5.89063,-0.054961,-0.0288338
25589,0.132619,0.013473,-0.0208791,6.24933,0.0423185,0.171512,-0.354331,5.94361,-0.0503065,-0.0209478
25598,0.132619,0.013473,-0.0208791,6.24933,0.0426956,0.147662,-0.346887,6.05215,-0.0352824,-0.0104169
25606,0.132619,0.013473,-0.0208791,6.24933,0.0430174,0.125017,-0.33442,5.96932,-0.0437395,-0.0215737
25614,0.132619,0.013473,-0.0208791,6.24933,0.0430266,0.0286874,-0.35197,5.94927,-0.0273315,-0.0430069
25622,0.132619,0.013473,-0.0208791,6.24933,0.0419412,-0.0314007,-0.351073,5.90864,-0.0208218,-0.0593065
25630,0.132619,0.013473,-0.0208791,6.24933,0.041785,0.0578665,-0.347323,5.95132,-0.0309691,-0.0388157
25638,0.132619,0.013473,-0.0208791,6.24933,0.0426338,0.224669,-0.336811,5.89423,-0.068184,-0.0145594
25646,0.132619,0.013473,-0.0208791,6.24933,0.0444989,0.206282,-0.331817,5.91275,-0.066318,-0.0120807
25654,0.132619,0.013473,-0.0208791,6.24933,0.0458714,0.160454,-0.318565,6.04751,-0.0468636,0.00015862
25661,0.132619,0.013473,-0.0208791,6.24933,0.0463601,0.0845144,-0.310529,5.99813,-0.0420678,-0.0165167
25670,0.132619,0.013473,-0.0208791,6.24933,0.0461051,-0.0683015,-0.319206,5.9076,-0.0256733,-0.0547457
25678,0.132619,0.013473,-0.0208791,6.24933,0.0450231,-0.128926,-0.324486,5.91377,-0.0125705,-0.0665937
25686,0.132619,0.013473,-0.0208791,6.24933,0.0441304,-0.049386,-0.324541,5.88497,-0.0279061,-0.0578279
25694,0.132619,0.013473,-0.0208791,6.24933,0.0435904,0.0101643,-0.32636,5.91738,-0.0329187,-0.0449942
25702,0.132778,0.0134114,-0.0208791,6.24933,0.0429296,0.0833074,-0.325296,5.93127,-0.0427703,-0.0316492
25710,0.132778,0.013393,-0.0208791,6.24933,0.0427727,0.121283,-0.320644,5.9755,-0.0444124,-0.0194547
25718,0.132778,0.0133851,-0.0208791,6.24933,0.0421175,0.109156,-0.321714,6.06345,-0.0309787,-0.0121742
25726,0.132778,0.0133817,-0.0208791,6.24933,0.0413683,0.0831806,-0.318534,5.94617,-0.0399805,-0.0309435
25733,0.132778,0.0133802,-0.0208791,6.24933,0.0417509,0.0492073,-0.309104,5.85976,-0.0465771,-0.0448403
25742,0.132778,0.0133796,-0.0208791,6.24933,0.0413239,0.00031158,-0.329604,6.06964,-0.00985789,-0.0321763
25750,0.132778,0.0133793,-0.0208791,6.24933,0.0407195,-0.0407246,-0.327074,5.99196,-0.0117872,-0.0487143
25758,0.132619,0.0134408,-0.0208791,6.24933,0.0406039,0.0771789,-0.320551,6.02899,-0.0277514,-0.0236557
25766,0.132619,0.0134592,-0.0208791,6.24933,0.041101,0.167516,-0.318116,6.01511,-0.0454,-0.00900286
25774,0.132619,0.0134671,-0.0208791,6.24933,0.0415215,0.0878418,-0.320981,5.96058,-0.0387313,-0.0287771
25782,0.132619,0.0134705,-0.0208791,6.24933,0.041356,0.0180294,-0.327054,6.03465,-0.0172305,-0.0330102
25790,0.132619,0.0134719,-0.0208791,6.24933,0.0404548,-0.037393,-0.331135,5.97242,-0.0134868,-0.0516238
25798,0.132619,0.0134726,-0.0208791,6.24933,0.0389125,-0.0367285,-0.33229,5.85051,-0.0256595,-0.0682488
25805,0.132619,0.0134728,-0.0208791,6.24933,0.0383194,0.0016415,-0.344123,6.10718,0.00094736,-0.0341628
25814,0.132619,0.0134729,-0.0208791,6.24933,0.0375094,0.18523,-0.326701,5.98116,-0.0460076,-0.0164101
25822,0.132619,0.013473,-0.0208791,6.24933,0.0386594,0.14833,-0.334625,5.91995,-0.0474089,-0.0295531
25830,0.132778,0.0134114,-0.0208791,6.24933,0.0390806,0.175505,-0.325255,6.01305,-0.0431408,-0.0117535
25838,0.132778,0.013393,-0.0208791,6.24933,0.04016,0.111561,-0.316225,5.93281,-0.0449574,-0.0290535
25846,0.132619,0.0134467,-0.0185592,6.24933,0.0403868,0.00270652,-0.322535,6.02179,-0.0152645,-0.0380709
25854,0.132619,0.0134617,-0.0185592,6.24933,0.0393793,-0.088954,-0.33013,5.99351,-0.00078807,-0.0595163
25862,0.132619,0.0134682,-0.0208791,6.24933,0.0383831,-0.0499169,-0.323628,5.8896,-0.019543,-0.0651838
25870,0.132619,0.0134709,-0.0208791,6.24933,0.0381438,0.0531998,-0.33368,6.09895,-0.0100069,-0.0249978
25877,0.132619,0.0134721,-0.0208791,6.24933,0.0381724,0.163114,-0.326596,6.00122,-0.0409078,-0.0168318
25886,0.132619,0.0134726,-0.0208791,6.24933,0.0391513,0.200823,-0.322534,5.98631,-0.050907,-0.0102231
25894,0.132619,0.0134729,-0.0208791,6.24933,0.0402803,0.165649,-0.31629,6.04854,-0.0403012,-0.00622819
25902,0.132619,0.013473,-0.0208791,6.24933,0.0407896,0.0130991,-0.312038,5.99505,-0.0227175,-0.0368924
25910,0.132619,0.013473,-0.0208791,6.24933,0.040107,-0.137582,-0.32872,6.04803,0.0121075,-0.0596797
25918,0.132619,0.013473,-0.0208791,6.24933,0.0379005,-0.123193,-0.335965,5.99916,0.00815875,-0.0672564
25926,0.132619,0.013473,-0.0208791,6.24933,0.0367154,0.0382777,-0.327422,5.89217,-0.0309451,-0.0529341
25934,0.132619,0.013473,-0.0208791,6.24933,0.036784,0.139266,-0.343446,6.05831,-0.0256114,-0.018746
25942,0.132619,0.013473,-0.0208791,6.24933,0.0377184,0.254782,-0.317989,5.98013,-0.0593396,-0.00310674
25949,0.132619,0.013473,-0.0208791,6.24933,0.0383655,0.149528,-0.329161,6.02334,-0.0359014,-0.0166555
25958,0.132619,0.013473,-0.0208791,6.24933,0.0385374,0.0633278,-0.317382,6.01046,-0.0252724,-0.0305818
25966,0.132619,0.013473,-0.0208791,6.24933,0.0376331,-0.0481849,-0.321352,5.88447,-0.0197658,-0.0661782
25974,0.132619,0.013473,-0.0208791,6.24933,0.036602,-0.1136,-0.338876,5.9935,0.00815335,-0.0685756
25982,0.132619,0.013473,-0.0208791,6.24933,0.0350898,0.0285516,-0.329961,5.98836,-0.0153615,-0.0458665
25990,0.132619,0.013473,-0.0208791,6.24933,0.0347553,0.103028,-0.335317,5.93795,-0.032317,-0.0405898
25998,0.132619,0.013473,-0.0208791,6.24933,0.0356132,0.220006,-0.335125,6.06089,-0.0384165,-0.00510516
26006,0.132619,0.013473,-0.0208791,6.24933,0.0373608,0.259842,-0.315913,5.97035,-0.0611732,-0.00357014
26014,0.132619,0.013473,-0.0208791,6.24933,0.0389085,0.131675,-0.316665,6.03157,-0.034731,-0.0159276
26021,0.132619,0.013473,-0.0208791,6.24933,0.0395621,-0.0289985,-0.323442,6.01768,-0.00955761,-0.044857
26030,0.132619,0.013473,-0.0208791,6.24933,0.0383914,-0.140381,-0.327975,5.9045,-0.00210701,-0.0793772
26038,0.132619,0.013473,-0.0208791,6.24933,0.0366426,-0.060842,-0.334292,5.98322,-0.00259173,-0.0600978
26046,0.132619,0.013473,-0.0208791,6.24933,0.035148,0.0528031,-0.34364,5.97705,-0.018589,-0.0452362
26054,0.132619,0.013473,-0.0208791,6.24933,0.0354681,0.160582,-0.347341,6.00791,-0.0326493,-0.0235609
26062,0.132619,0.013473,-0.0208791,6.24933,0.0363571,0.327254,-0.325198,5.92098,-0.0752857,-0.00092358
26070,0.132619,0.013473,-0.0208791,6.24933,0.0374671,0.242656,-0.322601,5.97036,-0.0573945,-0.00739843
26078,0.132619,0.013473,-0.0208791,6.24933,0.0383621,0.079589,-0.316517,6.04287,-0.0240456,-0.0241106
26086,0.132619,0.013473,-0.0208791,6.24933,0.0384238,0.0262896,-0.314687,5.98836,-0.0220192,-0.039165
26093,0.132619,0.013473,-0.0208791,6.24933,0.0381317,-0.102144,-0.324885,5.89474,-0.00973211,-0.0739433
26102,0.132619,0.013473,-0.0208791,6.24933,0.0368141,-0.0680363,-0.334053,5.94309,-0.00640177,-0.0657787
26110,0.132619,0.013473,-0.0208791,6.24933,0.0362083,0.0613267,-0.33271,5.98064,-0.022792,-0.0401428
26118,0.132619,0.013473,-0.0208791,6.24933,0.0359366,0.175772,-0.326311,5.93023,-0.0483465,-0.0261431
26126,0.132619,0.013473,-0.0208791,6.24933,0.0371123,0.220409,-0.326427,6.00379,-0.0486673,-0.00830708
26134,0.132619,0.013473,-0.0208791,6.24933,0.0376662,0.217607,-0.308726,5.99916,-0.0523588,-0.00570742
26142,0.132619,0.013473,-0.0208791,6.24933,0.037936,0.0837144,-0.31388,6.04546,-0.0242644,-0.0232749
26150,0.132619,0.013473,-0.0208791,6.24933,0.0374933,-0.0483184,-0.324462,6.00327,-0.00505273,-0.052851
26158,0.132619,0.013473,-0.0208791,6.24933,0.0363316,-0.0287346,-0.325764,5.85668,-0.0237674,-0.0686985
26165,0.132619,0.013473,-0.0208791,6.24933,0.0364297,0.0643925,-0.330146,5.95853,-0.0266217,-0.0415198
26174,0.132619,0.013473,-0.0208791,6.24933,0.0369648,0.1402,-0.335342,6.04546,-0.0288335,-0.0185518
26182,0.132619,0.013473,-0.0208791,6.24933,0.0381968,0.24692,-0.316345,6.01665,-0.0546547,0.00081269
26190,0.132619,0.013473,-0.0208791,6.24933,0.0397146,0.205883,-0.316157,6.03517,-0.0477869,-0.00178532
26198,0.132619,0.013473,-0.0208791,6.24933,0.0405994,0.10636,-0.305972,6.00894,-0.0372453,-0.0188059
26206,0.132619,0.013473,-0.0208791,6.24933,0.0402141,-0.12306,-0.32425,6.04288,0.00822871,-0.0569703
26214,0.132619,0.013473,-0.0208791,6.24933,0.0380561,-0.144105,-0.331596,5.95339,0.00531274,-0.075275
26222,0.132619,0.013473,-0.0208791,6.24933,0.0363708,-0.0408605,-0.334678,5.93435,-0.0112247,-0.062943
26230,0.132619,0.013473,-0.0208791,6.24933,0.0361259,0.0621202,-0.345876,5.96778,-0.0222053,-0.0437645
26237,0.132619,0.013473,-0.0208791,6.24933,0.0359035,0.219071,-0.334623,5.94515,-0.0523781,-0.0184618
26246,0.132619,0.013473,-0.0208791,6.24933,0.0372203,0.177244,-0.326774,5.97293,-0.0452457,-0.0191426
26254,0.132619,0.013473,-0.0208791,6.24933,0.037563,0.115022,-0.324959,6.10563,-0.0200649,-0.0131828
26262,0.132619,0.013473,-0.0208791,6.24933,0.0375464,0.0460113,-0.318637,5.98374,-0.0239913,-0.0382375
26270,0.132619,0.013473,-0.0208791,6.24933,0.03681,-0.0680319,-0.333609,5.84794,-0.0176808,-0.076961
26278,0.132619,0.013473,-0.0208791,6.24933,0.0349815,-0.100278,-0.351447,5.96573,0.00691999,-0.0738844
26286,0.132619,0.013473,-0.0208791,6.24933,0.0338281,0.0113671,-0.345442,5.92509,-0.0157469,-0.060488
26294,0.132619,0.013473,-0.0208791,6.24933,0.0337717,0.178831,-0.349941,5.98528,-0.0355936,-0.0259288
26302,0.132619,0.013473,-0.0208791,6.24933,0.0350332,0.304473,-0.336847,5.97241,-0.0617609,-0.00239881
26309,0.132619,0.013473,-0.0208791,6.24933,0.0366876,0.227732,-0.330577,6.02642,-0.0459633,-0.00565417
26318,0.132619,0.013473,-0.0208791,6.24933,0.0375408,0.145533,-0.322556,6.05369,-0.0315961,-0.0138206
26326,0.132619,0.013473,-0.0208791,6.24933,0.0377374,-0.0307331,-0.334068,6.03208,-0.00335915,-0.0476887
26334,0.132619,0.013473,-0.0208791,6.24933,0.0367319,-0.107741,-0.336237,5.93023,-0.00087569,-0.0744616
26342,0.132619,0.013473,-0.0208791,6.24933,0.0353342,-0.0405908,-0.351423,5.91737,-0.00915202,-0.06904
26350,0.132619,0.013473,-0.0208791,6.24933,0.0350889,0.0859726,-0.3425,5.9328,-0.0293991,-0.04477
26358,0.132619,0.013473,-0.0208791,6.24933,0.035428,0.204148,-0.349497,6.06243,-0.0330397,-0.0101701
26366,0.132619,0.013473,-0.0208791,6.24933,0.036527,0.280894,-0.32122,5.92098,-0.0684799,-0.00786688
26374,0.132619,0.013473,-0.0208791,6.24933,0.0374629,0.158457,-0.329907,6.0079,-0.0378415,-0.0183459
26381,0.132619,0.013473,-0.0208791,6.24933,0.038214,0.0329534,-0.32749,6.06551,-0.0116828,-0.0312738
26390,0.132619,0.013473,-0.0208791,6.24933,0.0376834,-0.0645739,-0.335573,5.91841,-0.0108314,-0.0671523
26398,0.132619,0.013473,-0.0208791,6.24933,0.037441,-0.0717683,-0.342422,5.87931,-0.0128108,-0.074427
26406,0.132778,0.0134114,-0.0208791,6.24933,0.0361335,0.0270845,-0.350755,5.87366,-0.026816,-0.0614766
26414,0.132778,0.013393,-0.0208791,6.24933,0.0356751,0.137403,-0.340924,5.90091,-0.0428677,-0.0386623
26422,0.132619,0.0134467,-0.0208791,6.24933,0.0362883,0.213744,-0.348233,6.11335,-0.0300487,-0.00109867
26430,0.132619,0.0134617,-0.0208791,6.24933,0.0374508,0.249448,-0.329068,5.93126,-0.0620781,-0.0119235
26438,0.132619,0.0134682,-0.0208791,6.24933,0.0382304,0.11209,-0.337699,5.94825,-0.0369943,-0.0334032
26446,0.132619,0.0134709,-0.0208791,6.24933,0.0377491,-0.0512456,-0.351942,5.98527,-0.00261824,-0.0595434
26453,0.132619,0.0134721,-0.0208791,6.24933,0.0360146,-0.0724349,-0.356327,5.87879,-0.00856824,-0.0788182
26462,0.132619,0.0134726,-0.0208791,6.24933,0.0353751,0.092369,-0.353362,5.92098,-0.0304966,-0.0464421
26470,0.132619,0.0134729,-0.0208791,6.24933,0.0352794,0.235325,-0.354955,5.9112,-0.0549409,-0.0238739
26478,0.132619,0.013473,-0.0208791,6.24933,0.0371078,0.166852,-0.361122,6.10821,-0.0218998,-0.0105931
26486,0.132619,0.013473,-0.0208791,6.24933,0.0377525,0.244251,-0.333748,6.03723,-0.0483759,-0.00062433
26494,0.132778,0.0134114,-0.0208791,6.24933,0.0385187,0.1502,-0.33329,5.90709,-0.0493668,-0.0306242
26502,0.132778,0.013393,-0.0208791,6.24933,0.0382931,0.0388163,-0.333077,6.05471,-0.0132624,-0.0322245
26510,0.132619,0.0134467,-0.0208791,6.24933,0.0377174,-0.062839,-0.347976,5.8896,-0.0125995,-0.0721805
26518,0.132619,0.0134617,-0.0208791,6.24933,0.0367459,-0.0210072,-0.347599,5.83405,-0.0247819,-0.0729984
26525,0.132619,0.0134682,-0.0208791,6.24933,0.0364456,0.0344152,-0.363258,5.99813,-0.0116867,-0.0472009
26534,0.132619,0.0134709,-0.0208791,6.24933,0.0364867,0.177634,-0.348193,5.98064,-0.0399495,-0.02263
26542,0.132619,0.0134721,-0.0208791,6.24933,0.0369934,0.215078,-0.347629,6.00739,-0.0437845,-0.0123604
26550,0.132619,0.0134726,-0.0208791,6.24933,0.0374185,0.21761,-0.340423,5.95955,-0.0515842,-0.0158396
26558,0.132619,0.0134729,-0.0208791,6.24933,0.0377613,0.151928,-0.336264,5.98065,-0.0393569,-0.023279
26566,0.132619,0.013473,-0.0208791,6.24933,0.0379605,0.0430786,-0.348965,5.96726,-0.0211313,-0.0449918
26574,0.132619,0.013473,-0.0208791,6.24933,0.0380894,0.0210932,-0.35467,5.92972,-0.0211712,-0.0538791
26582,0.132619,0.013473,-0.0208791,6.24933,0.0381696,0.0763833,-0.346234,5.87417,-0.0383438,-0.0496495
26590,0.132619,0.013473,-0.0208791,6.24933,0.0387373,0.141931,-0.353185,6.09587,-0.0227387,-0.012718
26597,0.132619,0.013473,-0.0208791,6.24933,0.0399521,0.215877,-0.336121,6.06963,-0.0424925,0.00108732
26606,0.132619,0.013473,-0.0208791,6.24933,0.0414788,0.205351,-0.329734,6.02488,-0.0491449,-0.00283358
26614,0.132619,0.013473,-0.0208791,6.24933,0.0418947,0.117951,-0.328668,5.99761,-0.0386216,-0.0200503
26622,0.132619,0.013473,-0.0208791,6.24933,0.042085,-0.0425863,-0.328098,5.98372,-0.0140186,-0.048416
26630,0.132619,0.013473,-0.0208791,6.24933,0.0411511,-0.108406,-0.349255,6.05831,0.0103611,-0.0554038
26638,0.132619,0.013473,-0.0208791,6.24933,0.0403767,-0.0492542,-0.35047,5.97344,-0.00817987,-0.0567287
26646,0.132619,0.013473,-0.0208791,6.24933,0.039556,0.0718445,-0.354724,5.97241,-0.0265513,-0.0382479
26654,0.132619,0.013473,-0.0208791,6.24933,0.0404765,0.155395,-0.347781,5.922,-0.0487108,-0.027719
26662,0.132619,0.013473,-0.0208791,6.24933,0.0409367,0.212545,-0.33921,5.9899,-0.0521886,-0.008033
26669,0.132619,0.013473,-0.0208791,6.24933,0.0421721,0.10956,-0.334527,6.05265,-0.0301835,-0.0155184
26678,0.132619,0.013473,-0.0208791,6.24933,0.0417349,0.052136,-0.330338,6.06088,-0.0197761,-0.0241628
26686,0.132619,0.013473,-0.0208791,6.24933,0.0412172,-0.0756259,-0.334919,5.84691,-0.0223778,-0.0724647
26694,0.132619,0.013473,-0.0208791,6.24933,0.0398611,-0.042322,-0.346426,5.96728,-0.00999827,-0.0563511
26702,0.132619,0.013473,-0.0208791,6.24933,0.0392574,-0.012215,-0.354366,5.9611,-0.0136068,-0.0541191
26710,0.132619,0.013473,-0.0208791,6.24933,0.039441,0.139395,-0.341792,5.97396,-0.0394829,-0.024746
26718,0.132619,0.013473,-0.0208791,6.24933,0.0399371,0.212144,-0.336328,5.98374,-0.0519414,-0.00975136
26726,0.132619,0.013473,-0.0208791,6.24933,0.0404636,0.169648,-0.331248,6.02128,-0.0420188,-0.010933
26734,0.132619,0.013473,-0.0208791,6.24933,0.0403181,0.0957065,-0.326042,6.04135,-0.0280434,-0.0203945
26741,0.132619,0.013473,-0.0208791,6.24933,0.0398519,0.0234933,-0.339944,6.0254,-0.0150838,-0.0373477
26750,0.132619,0.013473,-0.0208791,6.24933,0.0396289,0.0250915,-0.327554,5.8361,-0.0393421,-0.0577688
26758,0.132619,0.013473,-0.0208791,6.24933,0.0398105,0.0510665,-0.344525,5.98939,-0.0230992,-0.0377487
26766,0.132619,0.013473,-0.0208791,6.24933,0.0394029,0.0954329,-0.330111,5.93435,-0.0386955,-0.0350142
26774,0.132619,0.013473,-0.0208791,6.24933,0.0394186,0.137537,-0.328513,5.99557,-0.0387358,-0.0203961
26782,0.132619,0.013473,-0.0208791,6.24933,0.0388823,0.183233,-0.316088,6.03567,-0.0428451,-0.00668912
26790,0.132619,0.013473,-0.0208791,6.24933,0.0391287,0.164985,-0.300394,5.90658,-0.0578981,-0.0221579
26798,0.132619,0.013473,-0.0208791,6.24933,0.0392103,-0.0451228,-0.330116,6.02335,-0.00466169,-0.0484698
26806,0.132619,0.013473,-0.0208791,6.24933,0.0387274,0.00084805,-0.314571,5.91377,-0.0270286,-0.0518343
26813,0.132619,0.013473,-0.0208791,6.24933,0.0383038,-0.0106167,-0.324955,5.81964,-0.0339672,-0.0671557
26822,0.132619,0.013473,-0.0208791,6.24933,0.0387299,0.111155,-0.320936,6.05831,-0.027248,-0.0171626
26830,0.132619,0.013473,-0.0208791,6.24933,0.0395811,0.189362,-0.304068,5.9539,-0.056389,-0.0124163
26838,0.132619,0.013473,-0.0208791,6.24933,0.0404621,0.0981022,-0.310556,6.01356,-0.0344061,-0.0205812
26846,0.132619,0.013473,-0.0208791,6.24933,0.0408142,0.066926,-0.299911,5.9899,-0.0342263,-0.0264333
26854,0.132619,0.013473,-0.0208791,6.24933,0.0403938,-0.0285994,-0.310633,5.89114,-0.0277368,-0.0565318
26862,0.132619,0.013473,-0.0208791,6.24933,0.0396104,-0.104276,-0.320421,6.00739,0.00114685,-0.0582177
26870,0.132619,0.013473,-0.0208791,6.24933,0.0382375,-0.0544487,-0.330473,5.94464,-0.0109987,-0.0607532
26878,0.132619,0.013473,-0.0208791,6.24933,0.0380184,0.12128,-0.312863,5.93692,-0.0435528,-0.0294912
26885,0.132619,0.013473,-0.0208791,6.24933,0.0384327,0.147259,-0.321229,6.12724,-0.0246521,-0.00338376
26894,0.132619,0.013473,-0.0208791,6.24933,0.0384801,0.233998,-0.295769,5.94464,-0.0647003,-0.00617135
26902,0.132619,0.013473,-0.0208791,6.24933,0.0397761,0.0338876,-0.317427,6.04597,-0.0179032,-0.0296393
26910,0.132619,0.013473,-0.0208791,6.24933,0.0387073,0.008835,-0.304627,5.9364,-0.0272586,-0.0462375
26918,0.132619,0.013473,-0.0208791,6.24933,0.0371508,-0.084821,-0.321035,5.88188,-0.0133916,-0.0732814
26926,0.132619,0.013473,-0.0185592,6.24933,0.0359679,-0.0352612,-0.325793,6.03928,-0.00029247,-0.0490948
26934,0.132619,0.013473,-0.0185592,6.24933,0.035781,0.117682,-0.323246,5.88137,-0.0443881,-0.0418138
26942,0.132619,0.013473,-0.0185592,6.24933,0.0363777,0.173907,-0.31955,5.99247,-0.0420241,-0.0177729
26950,0.132619,0.013473,-0.0185592,6.24933,0.0379205,0.230268,-0.305847,6.10152,-0.0428334,0.00897199
26957,0.132619,0.013473,-0.0185592,6.24933,0.038976,0.202953,-0.300678,5.9755,-0.0554377,-0.00823728
26966,0.132619,0.013473,-0.0185592,6.24933,0.0397475,0.0261558,-0.300652,5.89886,-0.0362447,-0.0460453
26974,0.132619,0.013473,-0.0185592,6.24933,0.0392385,-0.118665,-0.316214,6.03466,0.00694971,-0.0576324
26982,0.132619,0.013473,-0.0185592,6.24933,0.0372096,-0.154501,-0.320265,5.95286,0.00668339,-0.0768117
26990,0.132619,0.013473,-0.0185592,6.24933,0.0354708,-0.044596,-0.326913,6.01717,-0.00049009,-0.0541531
26998,0.132619,0.013473,-0.0162393,6.24933,0.0351227,0.142462,-0.322083,5.99453,-0.0340699,-0.0253552
27006,0.132619,0.013473,-0.0162393,6.24933,0.0350838,0.238126,-0.318881,5.9683,-0.0534696,-0.011858
27014,0.132619,0.013473,-0.0185592,6.24933,0.0370646,0.297285,-0.305797,6.09534,-0.0534969,0.0183674
27022,0.132619,0.013473,-0.0185592,6.24933,0.0377705,0.102762,-0.314521,6.03003,-0.0285334,-0.0225922
27029,0.132619,0.013473,-0.0185592,6.24933,0.0370553,0.0361525,-0.30518,5.94669,-0.0278435,-0.0431669
27038,0.132619,0.013473,-0.0162393,6.24933,0.0362717,-0.111335,-0.332764,6.0686,0.0168426,-0.0595367
27046,0.132619,0.013473,-0.0162393,6.24933,0.0346558,-0.1096,-0.332828,5.97139,0.00732755,-0.0729864
27054,0.132619,0.013473,-0.0162393,6.24933,0.0339299,0.0839714,-0.329234,6.11387,-0.00753217,-0.0239196
27062,0.132619,0.013473,-0.0162393,6.24933,0.0339618,0.218939,-0.328306,5.99453,-0.044144,-0.0150677
27070,0.132619,0.013473,-0.0162393,6.24933,0.0345609,0.313404,-0.313294,5.95596,-0.0675762,-0.00044449
27078,0.132619,0.013473,-0.0162393,6.24933,0.0365125,0.233066,-0.314058,6.0722,-0.0431246,0.00232909
27086,0.132619,0.013473,-0.0185592,6.24933,0.0369496,0.132469,-0.307684,6.04545,-0.031613,-0.0157951
27094,0.132619,0.013473,-0.0185592,6.24933,0.0373211,-0.0640391,-0.308077,5.93692,-0.0122952,-0.0613191
27101,0.132619,0.013473,-0.0185592,6.24933,0.0361464,-0.0952161,-0.320019,5.9683,9.996e-05,-0.0664215
27110,0.132619,0.013473,-0.0185592,6.24933,0.035008,-0.0376611,-0.320462,5.95338,-0.00955873,-0.0601265
27118,0.132619,0.013473,-0.0185592,6.24933,0.0346737,0.0921026,-0.322887,6.00534,-0.0240833,-0.0329508
27126,0.132619,0.013473,-0.0185592,6.24933,0.03539,0.208815,-0.317399,5.97395,-0.0489804,-0.0150966
27134,0.132619,0.013473,-0.0185592,6.24933,0.0362871,0.249317,-0.301745,6.00328,-0.0559854,-0.00103284
27142,0.132619,0.013473,-0.0185592,6.24933,0.0377012,0.164984,-0.295965,6.02694,-0.0420979,-0.00956893
27150,0.132619,0.013473,-0.0185592,6.24933,0.0375733,-0.036061,-0.313452,6.08352,0.00086337,-0.0397861
27158,0.132619,0.013473,-0.0185592,6.24933,0.0360218,-0.122527,-0.308204,5.93229,-0.00135005,-0.0735541
27166,0.132619,0.013473,-0.0185592,6.24933,0.0343203,-0.0532496,-0.325706,5.94978,-0.00561381,-0.0649803
27173,0.132619,0.013473,-0.0185592,6.24933,0.0337068,0.0917003,-0.324497,5.99967,-0.0230984,-0.0352879
27182,0.132619,0.013473,-0.0185592,6.24933,0.0339338,0.262903,-0.313604,5.97498,-0.0564325,-0.00725893
27190,0.132619,0.013473,-0.0185592,6.24933,0.0358436,0.281428,-0.309413,6.05163,-0.0537641,0.00824928
27198,0.132619,0.013473,-0.0185592,6.24933,0.036874,0.2268,-0.291927,6.01408,-0.0533683,-0.0011582
27206,0.132619,0.013473,-0.0185592,6.24933,0.0372999,0.101299,-0.285334,5.99247,-0.0367712,-0.0232289
27214,0.132619,0.013473,-0.0185592,6.24933,0.0371737,-0.107472,-0.306796,6.06552,0.0100473,-0.0534415
27222,0.132619,0.013473,-0.0185592,6.24933,0.0355869,-0.0941482,-0.29438,5.86028,-0.0161655,-0.0756557
27230,0.132619,0.013473,-0.0185592,6.24933,0.0345408,-0.0869609,-0.314612,5.9827,0.00176158,-0.0646809
27238,0.132619,0.013473,-0.0185592,6.24933,0.0336372,0.110085,-0.311523,6.02025,-0.0257124,-0.0277604
27245,0.132619,0.013473,-0.0185592,6.24933,0.034102,0.19829,-0.302029,5.91583,-0.0547939,-0.0230523
27254,0.132619,0.013473,-0.0185592,6.24933,0.0348607,0.250249,-0.297883,6.07529,-0.0463195,0.00628271
27262,0.132619,0.013473,-0.0185592,6.24933,0.0357481,0.158856,-0.290463,6.00842,-0.0414713,-0.0146123
27270,0.132619,0.013473,-0.0185592,6.24933,0.0355561,0.00630923,-0.296016,5.96882,-0.0197116,-0.0461865
27278,0.132619,0.013473,-0.0185592,6.24933,0.0348837,-0.0809591,-0.307786,5.9503,-0.00462021,-0.0659239
27286,0.132619,0.013473,-0.0185592,6.24933,0.034188,-0.017541,-0.307491,5.86696,-0.024038,-0.0659955
27294,0.132619,0.013473,-0.0185592,6.24933,0.0342896,0.0887697,-0.313006,6.01151,-0.0238683,-0.031724
27302,0.132619,0.013473,-0.0185592,6.24933,0.0352577,0.223466,-0.308808,6.05368,-0.0432147,-0.00199945
27310,0.132619,0.013473,-0.0185592,6.24933,0.0367,0.245187,-0.287303,5.88651,-0.0719518,-0.0126341
27317,0.132619,0.013473,-0.0185592,6.24933,0.0382496,0.167116,-0.294355,6.02745,-0.0434026,-0.00812941
27326,0.132619,0.013473,-0.0185592,6.24933,0.037825,0.00257356,-0.287683,6.04185,-0.0149404,-0.0336943
27334,0.132619,0.013473,-0.0185592,6.24933,0.0374331,-0.136913,-0.304188,5.97139,0.00305732,-0.0687551
27342,0.132619,0.013473,-0.0185592,6.24933,0.0371396,-0.0665727,-0.304908,5.87777,-0.0191073,-0.0684807
27350,0.132619,0.013473,-0.0185592,6.24933,0.0359319,0.0206899,-0.305226,5.93281,-0.0253692,-0.0489805
27358,0.132619,0.013473,-0.0208791,6.24933,0.0363436,0.103165,-0.308609,6.11593,-0.0178477,-0.0130218
27366,0.132619,0.013473,-0.0208791,6.24933,0.0367582,0.194292,-0.293208,5.97756,-0.0522946,-0.0109515
27374,0.132619,0.013473,-0.0208791,6.24933,0.0372059,0.125814,-0.291338,5.94875,-0.0452614,-0.0249863
27382,0.132619,0.013473,-0.0208791,6.24933,0.0366687,0.0248266,-0.28879,6.01356,-0.0205699,-0.0346932
27389,0.132619,0.013473,-0.0208791,6.24933,0.0358643,-0.0640363,-0.301181,5.96315,-0.00869088,-0.0587526
27398,0.132619,0.013473,-0.0208791,6.24933,0.0348581,-0.0303337,-0.297598,5.87571,-0.0237737,-0.0642226
27406,0.132619,0.013473,-0.0208791,6.24933,0.0345692,-0.00835346,-0.319921,5.97961,-0.0111816,-0.0522293
27414,0.132619,0.013473,-0.0208791,6.24933,0.0344769,0.103158,-0.308167,5.97755,-0.0316619,-0.0318977
27422,0.132619,0.013473,-0.0208791,6.24933,0.0352895,0.153791,-0.311265,5.99145,-0.0390278,-0.0210872
27430,0.132619,0.013473,-0.0208791,6.24933,0.0361633,0.21681,-0.293031,5.98527,-0.0543288,-0.0070379
27438,0.132619,0.013473,-0.0208791,6.24933,0.0374926,0.157124,-0.287044,5.99813,-0.045714,-0.0127781
27446,0.132619,0.013473,-0.0208791,6.24933,0.0380379,-0.00168717,-0.298686,5.96213,-0.0225227,-0.0449417
27454,0.132619,0.013473,-0.0208791,6.24933,0.0371129,-0.10827,-0.30945,5.99401,0.00189162,-0.0621667
27461,0.132619,0.013473,-0.0208791,6.24933,0.0361571,-0.12026,-0.320377,5.98321,0.00567546,-0.068552
27470,0.132619,0.013473,-0.0208791,6.24933,0.0353397,0.0706502,-0.313307,6.05163,-0.0179048,-0.0282564
27478,0.132619,0.013473,-0.0208791,6.24933,0.035862,0.1803,-0.31529,6.03877,-0.0379804,-0.0108764
27486,0.132619,0.013473,-0.0208791,6.24933,0.0369001,0.214411,-0.301177,5.91429,-0.0619943,-0.0161253
27494,0.132619,0.013473,-0.0208791,6.24933,0.0376317,0.129144,-0.30799,6.09637,-0.0263214,-0.00906551
27502,0.132619,0.013473,-0.0208791,6.24933,0.0371945,0.050539,-0.298062,6.03619,-0.0213907,-0.0284456
27510,0.132619,0.013473,-0.0208791,6.24933,0.0363528,-0.101344,-0.323181,5.9863,0.00308901,-0.0651766
27518,0.132619,0.013473,-0.0208791,6.24933,0.0347814,-0.0194101,-0.312498,5.88394,-0.0221095,-0.0639144
27526,0.132619,0.013473,-0.0208791,6.24933,0.033355,0.0385448,-0.328478,5.9184,-0.0231195,-0.0546169
27533,0.132619,0.013473,-0.0208791,6.24933,0.0333416,0.128877,-0.32079,5.97705,-0.0323923,-0.0312273
27542,0.132619,0.013473,-0.0208791,6.24933,0.0339867,0.226267,-0.319929,6.00174,-0.0466392,-0.0108482
27550,0.132619,0.013473,-0.0208791,6.24933,0.0347882,0.217475,-0.306458,5.96418,-0.0528766,-0.0134896
27558,0.132619,0.013473,-0.0208791,6.24933,0.0359429,0.138205,-0.313534,5.98116,-0.0381893,-0.0243923
27566,0.132619,0.013473,-0.0208791,6.24933,0.0364346,-0.00248591,-0.323163,5.91687,-0.0215835,-0.0565937
27574,0.132619,0.013473,-0.0208791,6.24933,0.0352883,-0.00462042,-0.316614,5.92921,-0.019258,-0.0560289
27582,0.132619,0.013473,-0.0208791,6.24933,0.0352729,0.0172308,-0.330718,5.92304,-0.0213125,-0.0553664
27590,0.132619,0.013473,-0.0208791,6.24933,0.0352555,0.143928,-0.320268,5.98065,-0.0371704,-0.0255255
27598,0.132619,0.013473,-0.0208791,6.24933,0.036058,0.210014,-0.314086,5.98887,-0.0492445,-0.0112974
27605,0.132619,0.013473,-0.0208791,6.24933,0.0370259,0.201752,-0.314052,6.07426,-0.0391471,-0.00124875
27614,0.132619,0.013473,-0.0208791,6.24933,0.0377541,0.126744,-0.299432,5.91018,-0.0494093,-0.0299336
27622,0.132619,0.013473,-0.0208791,6.24933,0.0377417,-0.0186072,-0.319461,6.01201,-0.0100905,-0.0456561
27630,0.132619,0.013473,-0.0208791,6.24933,0.0368379,-0.0468507,-0.316511,5.9827,-0.00810139,-0.0546633
27638,0.132619,0.013473,-0.0208791,6.24933,0.0362182,0.00990111,-0.320938,5.91944,-0.023394,-0.054142
27646,0.132619,0.013473,-0.0208791,6.24933,0.0364575,0.0951667,-0.32374,5.98424,-0.0297588,-0.0322178
27654,0.132619,0.013473,-0.0208791,6.24933,0.0373032,0.180438,-0.313318,5.94258,-0.0516313,-0.0199085
27662,0.132619,0.013473,-0.0208791,6.24933,0.0378956,0.166314,-0.313773,6.00585,-0.042576,-0.0140638
27670,0.132619,0.013473,-0.0208791,6.24933,0.0384391,0.110226,-0.309996,6.01408,-0.033669,-0.0211892
27677,0.132619,0.013473,-0.0208791,6.24933,0.0377701,0.0445429,-0.305836,5.88085,-0.0382393,-0.0482759
27686,0.132619,0.013473,-0.0208791,6.24933,0.0374842,-0.0264653,-0.314084,5.98321,-0.0126951,-0.0498772
27694,0.132619,0.013473,-0.0208791,6.24933,0.0362801,-0.0484527,-0.324915,5.92972,-0.0119609,-0.0633246
27702,0.132619,0.013473,-0.0208791,6.24933,0.0356473,0.036145,-0.317137,5.92766,-0.0266012,-0.0489221
27710,0.132619,0.013473,-0.0208791,6.24933,0.036056,0.1803,-0.318453,6.0758,-0.0333735,-0.00673955
27718,0.132619,0.013473,-0.0208791,6.24933,0.0373194,0.273563,-0.296064,5.94258,-0.0698575,-0.00139806
27726,0.132619,0.013473,-0.0208791,6.24933,0.0389304,0.166447,-0.30516,5.97498,-0.0490412,-0.0148676
27734,0.132619,0.013473,-0.0208791,6.24933,0.0394926,0.0472056,-0.301973,6.02281,-0.024937,-0.0280333
27742,0.132619,0.013473,-0.0208791,6.24933,0.0387939,-0.105604,-0.307484,5.91892,-0.0100199,-0.067947
27749,0.132619,0.013473,-0.0208791,6.24933,0.0377332,-0.126257,-0.31765,5.95441,0.0006743,-0.070344
27758,0.132619,0.013473,-0.0208791,6.24933,0.0360474,0.00284562,-0.315313,5.922,-0.0225942,-0.0543591
27766,0.132619,0.013473,-0.0208791,6.24933,0.0357362,0.0573226,-0.328825,6.00328,-0.019439,-0.0381705
27774,0.132619,0.013473,-0.0208791,6.24933,0.0357334,0.212278,-0.318286,6.02334,-0.0444371,-0.007968
27782,0.132619,0.013473,-0.0208791,6.24933,0.0362112,0.27237,-0.300517,5.90606,-0.0717269,-0.00817089
27790,0.132619,0.013473,-0.0208791,6.24933,0.0379838,0.184971,-0.300336,6.05163,-0.0425565,-0.00321715
27798,0.132619,0.013473,-0.0208791,6.24933,0.0384167,-0.00822169,-0.295552,6.02539,-0.01501,-0.0375349
27806,0.132619,0.013473,-0.0208791,6.24933,0.0372187,-0.158629,-0.3131,5.89217,-0.00132386,-0.0831421
27814,0.132619,0.013473,-0.0208791,6.24933,0.0351041,-0.10108,-0.30956,5.95801,-0.00076904,-0.0680133
27821,0.132619,0.013473,-0.0208791,6.24933,0.0338742,-0.0007599,-0.319686,5.99453,-0.00976589,-0.0501104
27830,0.132619,0.013473,-0.0208791,6.24933,0.0330879,0.215208,-0.307698,5.92046,-0.0551201,-0.0215966
27838,0.132619,0.013473,-0.0208791,6.24933,0.0346484,0.281028,-0.310328,6.01459,-0.0566496,0.00237232
27846,0.132619,0.013473,-0.0208791,6.24933,0.036129,0.264769,-0.292273,5.9755,-0.0634999,-2.953e-05
27854,0.132619,0.013473,-0.0208791,6.24933,0.0375394,0.0987688,-0.289947,6.05831,-0.0285527,-0.0159094
27862,0.132619,0.013473,-0.0208791,6.24933,0.0363199,-0.0513845,-0.294695,6.02796,-0.00481976,-0.0472809
27870,0.132619,0.013473,-0.0208791,6.24933,0.0347554,-0.0497834,-0.29515,5.92149,-0.0154115,-0.0618397
27878,0.132619,0.013473,-0.0208791,6.24933,0.033459,-0.00182708,-0.307933,6.02179,-0.00769985,-0.0457494
27886,0.132619,0.013473,-0.0208791,6.24933,0.0327806,0.142465,-0.308099,5.93126,-0.0413117,-0.0330805
27893,0.132619,0.013473,-0.0208791,6.24933,0.0337817,0.283823,-0.302281,5.96727,-0.0627947,-0.00265509
27902,0.132619,0.013473,-0.0208791,6.24933,0.0360863,0.334184,-0.283317,6.08249,-0.0637755,0.0257107
27910,0.132619,0.013473,-0.0208791,6.24933,0.0378943,0.18763,-0.275279,6.06551,-0.0452735,0.00278524
27918,0.132619,0.013473,-0.0208791,6.24933,0.0381952,-0.0143424,-0.275814,5.95904,-0.0246883,-0.0435377
27926,0.132619,0.013473,-0.0208791,6.24933,0.0373434,-0.109736,-0.292284,5.9863,-0.00185452,-0.0602405
27934,0.132619,0.013473,-0.0208791,6.24933,0.0360383,-0.165158,-0.306172,5.83714,-0.00622375,-0.0912696
27942,0.132619,0.013473,-0.0208791,6.24933,0.0347478,0.0152217,-0.305177,6.00225,-0.0150387,-0.042954
27950,0.132619,0.013473,-0.0208791,6.24933,0.035591,0.188162,-0.301624,5.99196,-0.0466266,-0.0132577
27958,0.132619,0.013473,-0.0208791,6.24933,0.0366678,0.304871,-0.286265,5.9575,-0.0739703,0.00632145
27965,0.132619,0.013473,-0.0208791,6.24933,0.0390173,0.227604,-0.278518,6.01665,-0.0586702,0.00478729
27974,0.132619,0.013473,-0.0208791,6.24933,0.0390422,0.0990311,-0.265885,6.05419,-0.0350174,-0.0103921
27982,0.132619,0.013473,-0.0208791,6.24933,0.0385611,-0.0925476,-0.275155,5.94567,-0.013917,-0.0576962
27990,0.132619,0.013473,-0.0208791,6.24933,0.0373025,-0.139178,-0.282902,5.85874,-0.0134625,-0.0788319
27998,0.132619,0.013473,-0.0208791,6.24933,0.0358168,-0.157703,-0.309868,5.94463,0.00610654,-0.0782071
28006,0.132619,0.013473,-0.0208791,6.24933,0.034682,0.0212178,-0.300568,6.0043,-0.0164414,-0.0410477
28014,0.132619,0.013473,-0.0208791,6.24933,0.0350059,0.225866,-0.29813,5.96418,-0.0559056,-0.01043
28022,0.132619,0.013473,-0.0208791,6.24933,0.0364137,0.336319,-0.280632,5.97241,-0.0779804,0.0139451
28030,0.132619,0.013473,-0.0208791,6.24933,0.0384386,0.251983,-0.26435,6.02797,-0.0628631,0.0117174
28037,0.132619,0.013473,-0.0208791,6.24933,0.038851,0.0525371,-0.280328,6.0331,-0.0272132,-0.0233198
28046,0.132619,0.013473,-0.0208791,6.24933,0.0378611,-0.148506,-0.282758,5.94978,-0.00197934,-0.0688446
28054,0.132619,0.013473,-0.0208791,6.24933,0.0359,-0.186482,-0.299682,5.9364,0.00815017,-0.0822774
28062,0.132619,0.013473,-0.0208791,6.24933,0.0346579,-0.0154126,-0.291266,5.99144,-0.0133539,-0.0472817
28070,0.132619,0.013473,-0.0208791,6.24933,0.0347106,0.16724,-0.288463,6.1041,-0.0308596,-0.00263056
28078,0.132619,0.013473,-0.0208791,6.24933,0.0359914,0.272631,-0.274495,5.96727,-0.068446,0.00299725
28086,0.132619,0.013473,-0.0208791,6.24933,0.0373148,0.251315,-0.264398,5.9755,-0.0673861,0.00383633
28094,0.132619,0.013473,-0.0208791,6.24933,0.0381444,0.101966,-0.255298,5.97602,-0.0451878,-0.018677
28102,0.132619,0.013473,-0.0208791,6.24933,0.0380717,-0.124924,-0.269342,6.03774,0.00202912,-0.0520158
28109,0.132619,0.013473,-0.0208791,6.24933,0.0361503,-0.171686,-0.270455,5.99041,0.00701365,-0.068341
28118,0.132619,0.013473,-0.0208791,6.24933,0.0345253,-0.166364,-0.274942,5.91377,5.276e-05,-0.0794793
28126,0.132619,0.013473,-0.0208791,6.24933,0.0332125,0.0262828,-0.284193,6.08815,-0.00802155,-0.0296801
28134,0.132619,0.013473,-0.0208791,6.24933,0.0329408,0.177505,-0.274748,5.98322,-0.0465841,-0.0154326
28142,0.132619,0.013473,-0.0208791,6.24933,0.0337588,0.22094,-0.269005,5.96213,-0.0583106,-0.00853992
28150,0.132619,0.013473,-0.0208791,6.24933,0.0346902,0.188031,-0.267024,6.02951,-0.0465164,-0.0045149
28158,0.132619,0.013473,-0.0208791,6.24933,0.0350553,0.113159,-0.249931,5.99454,-0.0414876,-0.0180184
28166,0.132619,0.013473,-0.0208791,6.24933,0.034763,-0.138647,-0.272363,6.06345,0.0123573,-0.056364
28174,0.132619,0.013473,-0.0208791,6.24933,0.0324669,-0.127986,-0.268236,5.94257,-0.00116749,-0.0713741
28181,0.132619,0.013473,-0.0208791,6.24933,0.0314158,-0.0485901,-0.274436,5.92664,-0.0137572,-0.0623223
28190,0.132619,0.013473,-0.0208791,6.24933,0.0310912,0.0809039,-0.279727,6.02128,-0.0227588,-0.0305938
28198,0.132619,0.013473,-0.0208791,6.24933,0.0316044,0.254517,-0.261952,5.89783,-0.0696299,-0.0123279
28206,0.132619,0.013473,-0.0255189,6.24933,0.0329664,0.165384,-0.276766,6.11901,-0.0290332,-0.00096625
28214,0.132619,0.013473,-0.0255189,6.24933,0.0334803,0.182439,-0.244021,6.01202,-0.0504416,-0.0047488
28222,0.132619,0.013473,-0.0255189,6.24933,0.0340263,0.0826482,-0.251003,5.95956,-0.0397183,-0.0281516
28230,0.132619,0.013473,-0.0255189,6.24933,0.034294,-0.132259,-0.264623,6.0362,0.00673742,-0.0571642
28238,0.132619,0.013473,-0.0255189,6.24933,0.0323561,-0.0974779,-0.255774,5.88189,-0.015973,-0.0708001
28246,0.132619,0.013473,-0.0255189,6.24933,0.0314149,-0.0231409,-0.273162,6.03208,-0.00649918,-0.0446124
28253,0.132619,0.013473,-0.0255189,6.24933,0.0309947,0.101958,-0.255551,6.0295,-0.0297847,-0.0215608
28262,0.132619,0.013473,-0.0255189,6.24933,0.0311839,0.166045,-0.261786,5.95852,-0.0480201,-0.0198849
28270,0.132619,0.013473,-0.0255189,6.24933,0.0318899,0.0841119,-0.264943,6.00482,-0.0294528,-0.0277619
28278,0.132619,0.013473,-0.0255189,6.24933,0.0314186,0.0897075,-0.247266,5.95904,-0.0379732,-0.0300345
28286,0.132619,0.013473,-0.0255189,6.24933,0.0313362,-0.00301874,-0.268982,6.00894,-0.0131244,-0.0433898
28294,0.132619,0.013473,-0.0255189,6.24933,0.0311044,-0.023938,-0.269297,5.94875,-0.0163824,-0.0544056
28302,0.132619,0.013473,-0.0255189,6.24933,0.0306924,-0.00142373,-0.275763,5.91789,-0.0221422,-0.0558693
28310,0.132619,0.013473,-0.0255189,6.24933,0.0307888,0.0902387,-0.276393,6.01613,-0.0257805,-0.0287619
28318,0.132619,0.013473,-0.0255189,6.24933,0.032075,0.169246,-0.270665,6.06243,-0.0360995,-0.00725655
28325,0.132619,0.013473,-0.0255189,6.24933,0.032358,0.182569,-0.25926,5.93846,-0.0551378,-0.0174342
28334,0.132619,0.013473,-0.0255189,6.24933,0.0325192,0.0637288,-0.273063,5.99608,-0.0266621,-0.0326692
28342,0.132619,0.013473,-0.0255189,6.24933,0.031801,-0.0387219,-0.278973,6.03208,-0.00351213,-0.0476416
28350,0.132619,0.013473,-0.0255189,6.24933,0.0305117,-0.0722988,-0.294313,6.04237,0.00750062,-0.056348
28358,0.132619,0.013473,-0.0255189,6.24933,0.029761,0.0286872,-0.296863,6.03722,-0.00839389,-0.0413741
28366,0.132619,0.013473,-0.0255189,6.24933,0.0293831,0.153789,-0.286907,5.91995,-0.0440199,-0.0330559
28374,0.132619,0.013473,-0.0255189,6.24933,0.0300019,0.260513,-0.289608,6.00688,-0.0518697,-0.00435482
28382,0.132619,0.013473,-0.0255189,6.24933,0.0318795,0.246521,-0.28012,6.02642,-0.0513523,-0.00027277
28390,0.132619,0.013473,-0.0255189,6.24933,0.0326563,0.10942,-0.279557,5.96058,-0.0375555,-0.0300145
28397,0.132619,0.013473,-0.0255189,6.24933,0.0322427,0.0226964,-0.279076,5.90554,-0.0291855,-0.0516453
28406,0.132619,0.013473,-0.0255189,6.24933,0.0318844,-0.0761623,-0.289723,6.00687,0.00133626,-0.0585532
28414,0.132619,0.013473,-0.0255189,6.24933,0.0310973,0.00457007,-0.284629,5.99761,-0.0128688,-0.046301
28422,0.132619,0.013473,-0.0255189,6.24933,0.0316314,0.0586628,-0.291526,5.94978,-0.0270871,-0.0432019
28430,0.132619,0.013473,-0.0255189,6.24933,0.0321672,0.150191,-0.286219,6.01202,-0.0365046,-0.0188079
28438,0.132619,0.013473,-0.0255189,6.24933,0.0331108,0.19403,-0.275005,5.96007,-0.0529877,-0.0144398
28446,0.132619,0.013473,-0.0255189,6.24933,0.0342485,0.122483,-0.285255,6.03517,-0.0321975,-0.0177045
28454,0.132619,0.013473,-0.0255189,6.24933,0.0348102,0.00897143,-0.278173,5.94567,-0.0258506,-0.0455115
28462,0.132619,0.013473,-0.0255189,6.24933,0.0339887,-0.0844206,-0.292346,5.89166,-0.0133356,-0.0710722
28469,0.132619,0.013473,-0.0255189,6.24933,0.0328375,-0.107604,-0.305035,5.95749,0.0018842,-0.0708398
28478,0.132619,0.013473,-0.0255189,6.24933,0.0318017,0.0341465,-0.293557,5.96933,-0.0206297,-0.045118
28486,0.132619,0.013473,-0.0255189,6.24933,0.0314393,0.142194,-0.310207,6.04391,-0.0265612,-0.0212609
28494,0.132619,0.013473,-0.0255189,6.24933,0.0322161,0.193894,-0.299627,5.95853,-0.0479556,-0.0198527
28502,0.132619,0.013473,-0.0255189,6.24933,0.0328624,0.211615,-0.289357,5.96779,-0.0523401,-0.0132183
28510,0.132619,0.013473,-0.0255189,6.24933,0.0335176,0.155791,-0.282207,6.08558,-0.0312635,-0.00664907
28518,0.132619,0.013473,-0.0255189,6.24933,0.0335234,0.00044489,-0.287205,6.00379,-0.0143704,-0.0433182
28526,0.132619,0.013473,-0.0255189,6.24933,0.0333078,-0.0940169,-0.301962,5.82119,-0.0175675,-0.0835151
28534,0.132619,0.013473,-0.0255189,6.24933,0.0325481,-0.0110168,-0.298665,5.97086,-0.0131686,-0.0523423
28541,0.132619,0.013473,-0.0255189,6.24933,0.0322153,0.0823783,-0.29354,5.92355,-0.0345833,-0.041818
28550,0.132619,0.013473,-0.0255189,6.24933,0.0324423,0.1414,-0.305963,6.01613,-0.0317623,-0.0226044
28558,0.132619,0.013473,-0.0255189,6.24933,0.0328578,0.258377,-0.281539,5.96881,-0.0612176,-0.0039559
28566,0.132619,0.013473,-0.0255189,6.24933,0.0341978,0.132875,-0.284059,5.92149,-0.0474365,-0.0292677
28574,0.132619,0.013473,-0.0255189,6.24933,0.0346435,0.0548023,-0.285795,6.03979,-0.0208961,-0.0281133
28582,0.132619,0.013473,-0.0255189,6.24933,0.0343338,-0.0537805,-0.291199,5.90143,-0.017918,-0.0640857
28590,0.132619,0.013473,-0.0255189,6.24933,0.0333231,-0.0620454,-0.301036,5.87468,-0.0167304,-0.0716277
28598,0.132619,0.013473,-0.0255189,6.24933,0.0327923,0.0759804,-0.300013,5.94978,-0.0301817,-0.0400392
28606,0.132619,0.013473,-0.0255189,6.24933,0.0330803,0.189629,-0.295634,5.92972,-0.0524712,-0.022136
28613,0.132619,0.013473,-0.0255189,6.24933,0.0340641,0.228266,-0.288025,5.98322,-0.0551425,-0.00670465
28622,0.132619,0.013473,-0.0255189,6.24933,0.035451,0.193759,-0.277999,6.08095,-0.0414273,0.00256629
28630,0.132619,0.013473,-0.0255189,6.24933,0.0359995,0.0886416,-0.26297,5.97499,-0.0396722,-0.0245089
28638,0.132619,0.013473,-0.0255189,6.24933,0.0362898,-0.0897513,-0.284381,5.99556,-0.00464853,-0.0552149
28646,0.132619,0.013473,-0.0255189,6.24933,0.0347595,-0.131451,-0.288227,5.95801,0.0005533,-0.0694285
28654,0.132619,0.013473,-0.0255189,6.24933,0.033901,-0.129864,-0.30551,5.94001,0.00212887,-0.0752643
28662,0.132619,0.013473,-0.0255189,6.24933,0.0328371,0.0851694,-0.303902,5.90657,-0.0362309,-0.044162
28670,0.132619,0.013473,-0.0255189,6.24933,0.0332901,0.234134,-0.293039,5.8536,-0.0695192,-0.0229193
28678,0.132619,0.013473,-0.0255189,6.24933,0.0345433,0.222939,-0.290055,6.15913,-0.0338624,0.0135302
28685,0.132619,0.013473,-0.0255189,6.24933,0.0351562,0.181767,-0.273112,6.03928,-0.0447329,-0.00400329
28694,0.132619,0.013473,-0.0255189,6.24933,0.0349156,-0.011811,-0.290877,5.89782,-0.0261449,-0.0565744
28702,0.132619,0.013473,-0.0255189,6.24933,0.0334441,-0.0852235,-0.29057,5.94463,-0.00649929,-0.0654136
28710,0.132619,0.013473,-0.0255189,6.24933,0.0324355,-0.0917528,-0.304519,5.89783,-0.0073038,-0.0756941
28718,0.132619,0.013473,-0.0255189,6.24933,0.0315724,0.0722449,-0.297754,5.98682,-0.0238894,-0.0376181
28726,0.132619,0.013473,-0.0255189,6.24933,0.0320723,0.181767,-0.288042,5.9683,-0.0464636,-0.0190759
28734,0.132619,0.013473,-0.0255189,6.24933,0.0330355,0.19869,-0.291054,6.04597,-0.0409508,-0.00618938
28742,0.132619,0.013473,-0.0255189,6.24933,0.0339502,0.140868,-0.279113,6.02282,-0.037277,-0.0154865
28750,0.132619,0.013473,-0.0255189,6.24933,0.0333615,0.0546681,-0.290929,5.99402,-0.0236819,-0.0361511
28757,0.132619,0.013473,-0.0255189,6.24933,0.0335491,0.0123038,-0.293052,5.92766,-0.0243992,-0.0512239
28766,0.132619,0.013473,-0.0255189,6.24933,0.0330785,-0.0664377,-0.311224,5.95287,-0.00481414,-0.0651066
28774,0.132619,0.013473,-0.0255189,6.24933,0.0327987,-0.0104791,-0.313114,5.98476,-0.00963755,-0.0525897
28782,0.132619,0.013473,-0.0278388,6.24933,0.0329059,0.132734,-0.309375,6.09226,-0.0218166,-0.0146
28790,0.132619,0.013473,-0.0278388,6.24933,0.034096,0.244519,-0.29874,6.01716,-0.0525274,-0.00125887
28798,0.132619,0.013473,-0.0278388,6.24933,0.0357143,0.27037,-0.290793,5.94001,-0.0693997,-0.0024956
28806,0.132619,0.013473,-0.0278388,6.24933,0.0369848,0.118216,-0.290751,6.0074,-0.0380044,-0.0184257
28814,0.132619,0.013473,-0.0278388,6.24933,0.0365759,-0.0773584,-0.299869,6.03517,-0.0003066,-0.0501673
28822,0.132619,0.013473,-0.0278388,6.24933,0.0349226,-0.18421,-0.310083,6.00482,0.0177299,-0.0757158
28829,0.132619,0.013473,-0.0278388,6.24933,0.0327132,-0.0942887,-0.303689,5.91737,-0.0054684,-0.0729187
28838,0.132619,0.013473,-0.0278388,6.24933,0.0321982,0.0879713,-0.319959,6.02642,-0.0194848,-0.0326202
28846,0.132619,0.013473,-0.0278388,6.24933,0.0326939,0.229196,-0.313454,5.9539,-0.0531511,-0.0156371
28854,0.132619,0.013473,-0.0278388,6.24933,0.0343997,0.26797,-0.305834,5.97755,-0.0603531,-0.00270756
28862,0.132619,0.013473,-0.0278388,6.24933,0.0354021,0.214679,-0.291286,6.07375,-0.0439087,0.00340869
28870,0.132619,0.013473,-0.0255189,6.24933,0.0356815,0.0509406,-0.291073,6.05575,-0.0189503,-0.0262899
28878,0.132619,0.013473,-0.0255189,6.24933,0.0347851,-0.0766933,-0.300706,5.88806,-0.0147861,-0.0704373
28886,0.132619,0.013473,-0.0278388,6.24933,0.0331447,-0.0868224,-0.313524,5.92252,-0.00510703,-0.0720373
28894,0.132619,0.013473,-0.0278388,6.24933,0.0325368,0.0244199,-0.312673,5.86799,-0.0292625,-0.060425
28901,0.132619,0.013473,-0.0278388,6.24933,0.0325561,0.206811,-0.311406,5.96933,-0.0477661,-0.01745
28910,0.132619,0.013473,-0.0278388,6.24933,0.0337653,0.328592,-0.297262,5.95801,-0.0732078,0.00570917
28918,0.132619,0.013473,-0.0278388,6.24933,0.0353497,0.238924,-0.293262,5.99505,-0.0568077,-0.0021961
28926,0.132619,0.013473,-0.0278388,6.24933,0.0360081,0.148997,-0.279536,6.02591,-0.0413881,-0.010592
28934,0.132619,0.013473,-0.0278388,6.24933,0.035601,-0.0465833,-0.296499,6.01458,-0.0070353,-0.0482182
28942,0.132619,0.013473,-0.0278388,6.24933,0.0345807,-0.0864241,-0.292492,5.90606,-0.0124686,-0.0685365
28950,0.132619,0.013473,-0.0278388,6.24933,0.0344787,0.0337496,-0.293395,5.87417,-0.0358478,-0.052323
28958,0.132619,0.013473,-0.0278388,6.24933,0.0347048,0.124209,-0.297592,5.92355,-0.0446485,-0.0315904
28966,0.132619,0.013473,-0.0278388,6.24933,0.0362095,0.204019,-0.285669,5.99916,-0.0529432,-0.00518264
28973,0.132619,0.013473,-0.0278388,6.24933,0.0373176,0.244649,-0.275575,6.03363,-0.0587574,0.00890806
28982,0.132619,0.013473,-0.0278388,6.24933,0.0386114,0.137669,-0.256378,5.93898,-0.0570541,-0.0154389
28990,0.132619,0.013473,-0.0278388,6.24933,0.0385263,-0.0600425,-0.265143,6.05008,-0.00968393,-0.0371841
28998,0.132619,0.013473,-0.0278388,6.24933,0.0372458,-0.191003,-0.27622,5.92818,0.00118547,-0.0772452
29006,0.132619,0.013473,-0.0278388,6.24933,0.0355023,-0.181283,-0.281527,5.8752,-0.00342103,-0.0851408
29014,0.132619,0.013473,-0.0278388,6.24933,0.0344266,-0.0254079,-0.297811,5.98219,-0.0125381,-0.0503156
29022,0.132619,0.013473,-0.0278388,6.24933,0.034006,0.110351,-0.295813,5.93898,-0.0398626,-0.0327855
29030,0.132619,0.013473,-0.0278388,6.24933,0.0347053,0.212413,-0.28797,6.00636,-0.0510513,-0.00537125
29038,0.132619,0.013473,-0.0278388,6.24933,0.0355479,0.256648,-0.273122,6.01151,-0.0613186,0.00625917
29045,0.132619,0.013473,-0.0278388,6.24933,0.0367963,0.148596,-0.268556,5.93641,-0.0547163,-0.0183785
29054,0.132619,0.013473,-0.0278388,6.24933,0.0366072,-0.0595109,-0.27757,6.02282,-0.00835104,-0.0449801
29062,0.132619,0.013473,-0.0278388,6.24933,0.0355737,-0.180345,-0.293163,5.92201,0.00371422,-0.081225
29070,0.132619,0.013473,-0.0278388,6.24933,0.0347423,-0.10348,-0.292526,5.94567,-0.00519278,-0.0665128
29078,0.132619,0.013473,-0.0278388,6.24933,0.034073,0.0256144,-0.29639,6.03877,-0.0140667,-0.0352817
29086,0.132619,0.013473,-0.0278388,6.24933,0.0340466,0.223205,-0.283202,5.96572,-0.0574915,-0.00849983
29094,0.132619,0.013473,-0.0278388,6.24933,0.0356655,0.175242,-0.282187,6.03826,-0.0433839,-0.00560784
29102,0.132619,0.013473,-0.0278388,6.24933,0.0350934,0.179772,-0.264144,6.03517,-0.0466187,-0.00309466
29110,0.132619,0.013473,-0.0278388,6.24933,0.0350367,0.0633348,-0.267839,5.88446,-0.0444162,-0.0412252
29117,0.132619,0.013473,-0.0278388,6.24933,0.0350783,-0.103478,-0.276077,6.0259,0.00115175,-0.0539109
29126,0.132619,0.013473,-0.0278388,6.24933,0.0333859,-0.150372,-0.282766,6.00636,0.0100156,-0.067555
29134,0.132619,0.013473,-0.0278388,6.24933,0.0315033,-0.098284,-0.289935,5.96984,0.00081992,-0.0668518
29142,0.132619,0.013473,-0.0278388,6.24933,0.0307878,0.115016,-0.280038,6.09021,-0.0209419,-0.0160406
29150,0.132619,0.013473,-0.0278388,6.24933,0.0312028,0.270365,-0.27061,5.94978,-0.0653099,-0.004344
29158,0.132619,0.013473,-0.0278388,6.24933,0.0336295,0.233464,-0.271704,6.00173,-0.0562275,-0.00123843
29166,0.132619,0.013473,-0.0278388,6.24933,0.0348085,0.0862397,-0.26422,6.05163,-0.0287828,-0.0173327
29174,0.132619,0.013473,-0.0278388,6.24933,0.0345051,-0.0842877,-0.271267,6.00122,-0.00492413,-0.0536117
29182,0.132619,0.013473,-0.0278388,6.24933,0.0334015,-0.170752,-0.28051,5.9791,0.00979425,-0.0738305
29189,0.132619,0.013473,-0.0278388,6.24933,0.0311392,-0.152777,-0.288128,5.96625,0.00963193,-0.0766815
29198,0.132619,0.013473,-0.0278388,6.24933,0.029796,0.0681165,-0.29394,6.00893,-0.019151,-0.0371744
29206,0.132619,0.013473,-0.0278388,6.24933,0.0303224,0.163245,-0.287675,6.00173,-0.0374886,-0.0202411
29214,0.132619,0.013473,-0.0278388,6.24933,0.0308216,0.287555,-0.280878,6.03311,-0.0561616,0.00622433
29222,0.132619,0.013473,-0.0278388,6.24933,0.0323487,0.209085,-0.281506,6.04751,-0.04346,-0.00329386
29230,0.132619,0.013473,-0.0278388,6.24933,0.0327469,0.0573339,-0.280676,6.07992,-0.015183,-0.0243727
29238,0.132619,0.013473,-0.0278388,6.24933,0.0322539,-0.0647025,-0.291613,6.02796,0.00134652,-0.0535458
29246,0.132619,0.013473,-0.0278388,6.24933,0.0313262,-0.126922,-0.302704,5.94464,0.00489333,-0.0769642
29254,0.132619,0.013473,-0.0278388,6.24933,0.0301417,0.0182903,-0.302424,5.99299,-0.0118843,-0.0483518
29261,0.132619,0.013473,-0.0278388,6.24933,0.0304726,0.149261,-0.303684,6.02899,-0.0295878,-0.021748
29270,0.132619,0.013473,-0.0278388,6.24933,0.0309489,0.295682,-0.286046,5.98939,-0.0620022,0.00177024
29278,0.132619,0.013473,-0.0278388,6.24933,0.0333287,0.207217,-0.288538,6.08815,-0.0385743,0.0014209
29286,0.132619,0.013473,-0.0278388,6.24933,0.0335885,0.205215,-0.270461,5.9791,-0.0543582,-0.00853501
29294,0.132619,0.013473,-0.0278388,6.24933,0.0346994,-0.102408,-0.281123,5.91017,-0.0113297,-0.0687499
29302,0.132619,0.013473,-0.0278388,6.24933,0.0328661,-0.129458,-0.292638,6.01459,0.00982297,-0.0653656
29310,0.132619,0.013473,-0.0278388,6.24933,0.0318039,-0.156635,-0.307704,5.95235,0.0108742,-0.0812075
29318,0.132619,0.013473,-0.0278388,6.24933,0.0304916,0.0521302,-0.301996,5.90966,-0.0278569,-0.0519402
29326,0.132619,0.013473,-0.0278388,6.24933,0.0309792,0.155788,-0.314347,5.96213,-0.0375258,-0.0295675
29333,0.132619,0.013473,-0.0278388,6.24933,0.0311652,0.225867,-0.303698,6.00842,-0.0456497,-0.0103006
29342,0.132619,0.013473,-0.0278388,6.24933,0.031857,0.226007,-0.291033,5.96315,-0.0539948,-0.0126284
29350,0.132619,0.013473,-0.0278388,6.24933,0.0322001,0.13674,-0.293458,5.98271,-0.0369837,-0.0252889
29358,0.132619,0.013473,-0.0278388,6.24933,0.0318279,-0.0315326,-0.302115,5.96212,-0.00963059,-0.0580169
29366,0.132619,0.013473,-0.0278388,6.24933,0.0309185,-0.0796277,-0.314649,5.98116,0.00384501,-0.0671591
29374,0.132619,0.013473,-0.0278388,6.24933,0.0302198,0.0477401,-0.315599,6.02694,-0.0107478,-0.041385
29382,0.132619,0.013473,-0.0278388,6.24933,0.0304649,0.182832,-0.307008,5.88343,-0.0517549,-0.03384
29390,0.132619,0.013473,-0.0278388,6.24933,0.0316315,0.256113,-0.309729,6.01665,-0.0493586,-0.00455133
29398,0.132619,0.013473,-0.0278388,6.24933,0.0330819,0.241858,-0.291341,6.0295,-0.0504327,-0.00046262
29405,0.132619,0.013473,-0.0278388,6.24933,0.0337963,0.13927,-0.28606,5.99402,-0.0394504,-0.0201206
29414,0.132619,0.013473,-0.0278388,6.24933,0.0334803,-0.050181,-0.299606,6.0295,-0.00127219,-0.0505017
29422,0.132619,0.013473,-0.0278388,6.24933,0.0323491,-0.103871,-0.302297,5.88703,-0.0071816,-0.078403
29430,0.132619,0.013473,-0.0278388,6.24933,0.0313022,-0.0781641,-0.317832,5.8896,-0.00719944,-0.0777171
29438,0.132619,0.013473,-0.0278388,6.24933,0.030758,0.0681185,-0.321145,6.01614,-0.0152415,-0.039372
29446,0.132619,0.013473,-0.0278388,6.24933,0.031009,0.186428,-0.308772,5.94515,-0.0455404,-0.0254664
29454,0.132619,0.013473,-0.0278388,6.24933,0.031506,0.239994,-0.307229,6.04134,-0.0440094,-0.00412231
29462,0.132619,0.013473,-0.0278388,6.24933,0.0317708,0.201223,-0.297766,6.01048,-0.0431102,-0.0124187
29470,0.132619,0.013473,-0.0278388,6.24933,0.0317933,0.0586678,-0.298548,5.99042,-0.0217645,-0.0389302
29477,0.132619,0.013473,-0.0278388,6.24933,0.0316716,-0.0607097,-0.321629,6.02436,0.00589251,-0.0589418
29486,0.132778,0.0134114,-0.0278388,6.24933,0.0309567,0.0469434,-0.307686,5.77489,-0.0426971,-0.0689198
29494,0.132778,0.013393,-0.0278388,6.24933,0.0315684,0.0710526,-0.321439,5.89063,-0.0317057,-0.0525109
29502,0.132619,0.0134467,-0.0278388,6.24933,0.0322014,0.141531,-0.315443,6.09535,-0.0210022,-0.0146686
29510,0.132619,0.0134617,-0.0278388,6.24933,0.0328866,0.167647,-0.301655,6.02848,-0.0363472,-0.015018
29518,0.132619,0.0134682,-0.0278388,6.24933,0.0329634,0.147396,-0.304643,5.95236,-0.0415775,-0.0278169
29526,0.132619,0.0134709,-0.0278388,6.24933,0.0323955,0.069592,-0.305982,5.96881,-0.0257518,-0.0400018
29534,0.132619,0.0134721,-0.0278388,6.24933,0.0323436,-0.0960117,-0.319253,6.03774,0.012011,-0.0619994
29542,0.132619,0.0134726,-0.0278388,6.24933,0.0307985,0.00669956,-0.323131,5.9539,-0.0121376,-0.0573533
29549,0.132619,0.0134729,-0.0278388,6.24933,0.0305094,0.0341487,-0.328733,5.82942,-0.0300527,-0.0687422
29558,0.132619,0.013473,-0.0278388,6.24933,0.030539,0.167646,-0.324306,5.99247,-0.0337072,-0.0261943
29566,0.132619,0.013473,-0.0278388,6.24933,0.0314687,0.241855,-0.313737,6.01716,-0.0460675,-0.0077666
29574,0.132778,0.0134114,-0.0278388,6.24933,0.032803,0.192163,-0.312785,5.99659,-0.0423559,-0.016464
29582,0.132778,0.013393,-0.0278388,6.24933,0.0333839,0.123282,-0.309049,5.96778,-0.035758,-0.0300618
29590,0.132778,0.0133851,-0.0278388,6.24933,0.0337402,0.0530707,-0.310532,5.95698,-0.0256542,-0.0429209
29598,0.132778,0.0133817,-0.0278388,6.24933,0.0337469,-0.0175401,-0.313247,5.86028,-0.024922,-0.0666929
29606,0.132778,0.0133802,-0.0278388,6.24933,0.0330515,0.00390415,-0.325801,5.96984,-0.0125938,-0.0531079
29614,0.132778,0.0133796,-0.0278388,6.24933,0.033352,0.0823761,-0.319796,5.93743,-0.0307979,-0.0423096
29621,0.132778,0.0133793,-0.0278388,6.24933,0.0341402,0.139,-0.324169,5.96007,-0.0378933,-0.0296887
29630,0.132619,0.0134408,-0.0278388,6.24933,0.0346708,0.203886,-0.312821,5.98013,-0.0487255,-0.0139179
29638,0.132619,0.0134592,-0.0278388,6.24933,0.0352235,0.144068,-0.315196,6.01768,-0.0347418,-0.0192102
29646,0.132619,0.0134671,-0.0278388,6.24933,0.0354684,0.0638641,-0.318544,5.98939,-0.0245762,-0.0362942
29654,0.132619,0.0134705,-0.0278388,6.24933,0.0352529,0.0205611,-0.32877,5.94619,-0.0205465,-0.0506565
29662,0.132619,0.0134719,-0.0278388,6.24933,0.0351139,0.0100371,-0.32738,5.89577,-0.024775,-0.0583626
29670,0.132619,0.0134726,-0.0278388,6.24933,0.0345964,0.0410765,-0.341201,6.05728,-0.00794998,-0.0369789
29678,0.132619,0.0134728,-0.0278388,6.24933,0.0348885,0.17444,-0.322106,6.01973,-0.0379406,-0.0154415
29686,0.132619,0.0134729,-0.0278388,6.24933,0.035463,0.24905,-0.314165,5.99916,-0.0547904,-0.00321306
29693,0.132619,0.013473,-0.0278388,6.24933,0.037282,0.181103,-0.321622,6.0506,-0.0387679,-0.00727271
29702,0.132619,0.013473,-0.0278388,6.24933,0.0379054,0.0958368,-0.305343,5.97395,-0.0371509,-0.0272286
29710,0.132619,0.013473,-0.0278388,6.24933,0.0385532,-0.0707021,-0.323113,5.98836,-0.00589377,-0.0555817
29718,0.132619,0.013473,-0.0278388,6.24933,0.0378076,-0.053517,-0.315539,5.97293,-0.0107556,-0.0543205
29726,0.132619,0.013473,-0.0278388,6.24933,0.0369608,-0.058846,-0.321303,5.89731,-0.0166931,-0.0662614
29734,0.132619,0.013473,-0.0278388,6.24933,0.0361676,0.0161598,-0.340351,6.00482,-0.0122955,-0.0450692
29742,0.132619,0.013473,-0.0278388,6.24933,0.0358517,0.147395,-0.32799,5.98887,-0.0374704,-0.0232644
29750,0.132778,0.0134114,-0.0278388,6.24933,0.0360884,0.179639,-0.327107,5.96058,-0.0467248,-0.0205857
29758,0.132778,0.013393,-0.0278388,6.24933,0.0364064,0.151127,-0.327591,5.96727,-0.0415947,-0.0242181
29765,0.132778,0.0133851,-0.0278388,6.24933,0.0366379,0.0897074,-0.331222,5.96161,-0.0318253,-0.0355053
29774,0.132619,0.0134433,-0.0278388,6.24933,0.0363281,0.026025,-0.328814,5.89526,-0.0289572,-0.0542342
29782,0.132619,0.0134602,-0.0278388,6.24933,0.035954,0.00270738,-0.340186,6.00893,-0.00933341,-0.0471038
29790,0.132778,0.0134059,-0.0278388,6.24933,0.0358175,0.0725143,-0.328166,5.96675,-0.0277079,-0.0384736
29798,0.132778,0.0133907,-0.0278388,6.24933,0.0361477,0.196555,-0.325058,6.04648,-0.0398462,-0.00713425
29806,0.132619,0.0134457,-0.0278388,6.24933,0.0374329,0.219741,-0.319264,6.00585,-0.0510656,-0.00541866
29814,0.132619,0.0134613,-0.0278388,6.24933,0.0385249,0.115953,-0.314831,5.94566,-0.043155,-0.0278336
29822,0.132619,0.013468,-0.0278388,6.24933,0.0385285,-0.00528617,-0.323935,5.98526,-0.0169353,-0.0450733
29830,0.132619,0.0134708,-0.0278388,6.24933,0.0375719,-0.0447183,-0.326226,5.97653,-0.00974755,-0.0544562
29838,0.132619,0.0134721,-0.0278388,6.24933,0.0367411,-0.0132797,-0.328503,5.92921,-0.0190237,-0.0562682
29846,0.132619,0.0134726,-0.0278388,6.24933,0.0363613,0.0445381,-0.333484,5.99454,-0.0195794,-0.0401223
29854,0.132619,0.0134729,-0.0278388,6.24933,0.0360713,0.147661,-0.313861,5.93795,-0.0460917,-0.0266588
29862,0.132619,0.013473,-0.0278388,6.24933,0.0365415,0.134875,-0.330161,6.06191,-0.0273865,-0.0161351
29870,0.132619,0.013473,-0.0278388,6.24933,0.0370145,0.134605,-0.3143,5.97499,-0.0407872,-0.0232458
29878,0.132619,0.013473,-0.0278388,6.24933,0.0369049,0.00137594,-0.328199,5.92921,-0.0217234,-0.053521
29886,0.132619,0.013473,-0.0278388,6.24933,0.0362615,-0.0360574,-0.324649,5.93281,-0.0147881,-0.05973
29894,0.132619,0.013473,-0.0278388,6.24933,0.0352703,-0.0524479,-0.338681,5.93743,-0.00790893,-0.065583
29902,0.132619,0.013473,-0.0278388,6.24933,0.0343887,-0.00715297,-0.345394,6.01562,-0.00390905,-0.0510031
29909,0.132619,0.013473,-0.0278388,6.24933,0.034001,0.116616,-0.343759,6.03516,-0.0218398,-0.0280901
29918,0.132778,0.0134114,-0.0278388,6.24933,0.0345158,0.291818,-0.327513,5.87468,-0.0732157,-0.0140547
29926,0.132778,0.013393,-0.0278388,6.24933,0.0359664,0.228536,-0.34077,6.06037,-0.0407284,-0.00288134
29934,0.132619,0.0134467,-0.0278388,6.24933,0.0364636,0.150194,-0.327153,5.96933,-0.0412471,-0.0240834
29942,0.132619,0.0134617,-0.0278388,6.24933,0.0366359,0.0364179,-0.337679,5.92097,-0.0266185,-0.0504686
29950,0.132778,0.0134066,-0.0278388,6.24933,0.0366872,0.018431,-0.333163,5.90452,-0.0264651,-0.0545583
29958,0.132778,0.013391,-0.0278388,6.24933,0.0364187,0.0157588,-0.340695,6.00739,-0.0123408,-0.0444121
29966,0.132619,0.0134458,-0.0278388,6.24933,0.0361637,0.143801,-0.330969,5.94721,-0.0417697,-0.0288055
29974,0.132619,0.0134613,-0.0278388,6.24933,0.0369255,0.298214,-0.317181,5.91172,-0.0747736,-0.00369928
29981,0.132619,0.013468,-0.0278388,6.24933,0.0389944,0.201882,-0.317081,5.95287,-0.0568123,-0.0122082
29990,0.132619,0.0134709,-0.0278388,6.24933,0.0400245,0.133004,-0.30499,6.03105,-0.039546,-0.0112115
29998,0.132619,0.0134721,-0.0278388,6.24933,0.0401505,-0.0528424,-0.311188,5.99453,-0.0122369,-0.0477024
30006,0.132619,0.0134726,-0.0278388,6.24933,0.038822,-0.113469,-0.317101,5.9719,-0.00208618,-0.0633993
30014,0.132619,0.0134729,-0.0278388,6.24933,0.0377156,-0.0563146,-0.3153,5.90966,-0.0176602,-0.0623611
30022,0.132619,0.013473,-0.0278388,6.24933,0.0375335,0.0685205,-0.319219,5.87108,-0.0420032,-0.0467488
30030,0.132619,0.013473,-0.0278388,6.24933,0.0381588,0.15632,-0.316902,5.87931,-0.0568082,-0.0297264
30038,0.132619,0.013473,-0.0278388,6.24933,0.0388323,0.168712,-0.311511,6.01459,-0.0447123,-0.00984111
30046,0.132619,0.013473,-0.0278388,6.24933,0.0386987,0.0702534,-0.307008,6.03208,-0.0268841,-0.0238409
30053,0.132619,0.013473,-0.0278388,6.24933,0.0381474,0.0222952,-0.311119,6.02179,-0.0187346,-0.0345738
30062,0.132619,0.013473,-0.0278388,6.24933,0.0369417,0.0416161,-0.305352,5.91634,-0.0336345,-0.0445226
30070,0.132619,0.013473,-0.0278388,6.24933,0.0372239,-0.00102112,-0.315592,5.94978,-0.0213702,-0.0490205
30078,0.132619,0.013473,-0.0278388,6.24933,0.0372028,-0.0139527,-0.330322,6.10101,0.00099221,-0.0357259
30086,0.132619,0.013473,-0.0278388,6.24933,0.0368628,0.0966353,-0.317939,5.95132,-0.0364916,-0.0332442
30094,0.132619,0.013473,-0.0255189,6.24933,0.0369454,0.113422,-0.323048,6.00687,-0.031644,-0.0249279
30102,0.132619,0.013473,-0.0255189,6.24933,0.0373773,0.155125,-0.32167,6.07169,-0.031729,-0.00941088
30110,0.132619,0.013473,-0.0255189,6.24933,0.0373719,0.109826,-0.313188,5.94515,-0.0404933,-0.0306509
30118,0.132619,0.013473,-0.0255189,6.24933,0.0374184,0.0108363,-0.327639,6.02282,-0.0126812,-0.0404304
30125,0.132619,0.013473,-0.0255189,6.24933,0.0367625,-0.0665711,-0.337996,5.94927,-0.00595772,-0.0647602
30134,0.132619,0.013473,-0.0255189,6.24933,0.0352575,-0.0212753,-0.333321,5.95338,-0.011665,-0.0579667
30142,0.132619,0.013473,-0.0255189,6.24933,0.0349805,0.129946,-0.336466,6.08867,-0.0198881,-0.0173578
30150,0.132619,0.013473,-0.0208791,6.00396,0.0350096,0.239189,-0.328546,5.97242,-0.0233373,0.0169029
30158,0.132619,0.013473,-0.0208791,6.00396,0.0364556,0.224137,-0.326726,5.83764,-0.0390011,0.00072882
30166,0.132619,0.013473,-0.0185592,5.26784,0.0371125,0.139935,-0.322455,5.87777,0.0651962,0.0795157
30174,0.132619,0.013473,-0.0185592,5.26784,0.0377166,0.0310891,-0.324779,5.56194,0.0455582,0.0242831
30182,0.132619,0.013473,-0.0185592,4.64674,0.0374707,0.0154974,-0.325719,5.42975,0.106238,0.0789584
30190,0.132619,0.013473,-0.0185592,4.64674,0.037239,-0.0563105,-0.354905,5.22451,0.0989668,0.0375598
30197,0.132619,0.013473,-0.0185592,4.64674,0.036348,-0.0084862,-0.367255,4.68956,0.031222,-0.0208388
30206,0.132778,0.0134114,-0.0185592,3.7496,0.0365367,0.0372158,-0.389501,4.64533,0.127372,0.0844762
30214,0.132778,0.013393,-0.0185592,3.7496,0.0367735,0.155124,-0.392784,4.2652,0.0632189,0.0592635
30222,0.132619,0.0134467,-0.0185592,3.21285,0.0375161,0.284893,-0.384008,3.87839,0.0570587,0.10122
30230,0.132619,0.0134617,-0.0185592,3.21285,0.0393116,0.186966,-0.394398,3.73128,0.0551772,0.0681058
30238,0.132619,0.0134682,-0.0162393,2.46906,0.0403701,0.0890425,-0.399536,3.48592,0.129886,0.110768
30246,0.132619,0.0134709,-0.0162393,2.46906,0.040882,0.122348,-0.400602,3.21073,0.0914165,0.084388
30254,0.132619,0.0134721,-0.0162393,2.11634,0.0413036,0.133542,-0.395614,2.82804,0.0846507,0.0841192
30262,0.132619,0.0134726,-0.0162393,2.11634,0.0422841,0.0967712,-0.392649,2.68761,0.072374,0.0631525
30269,0.132619,0.0134729,-0.0162393,2.11634,0.0426162,0.0518696,-0.379455,2.54976,0.0609891,0.0418682
30278,0.132619,0.013473,-0.0162393,1.52591,0.042627,0.0853114,-0.352292,2.42888,0.106388,0.107409
30286,0.132619,0.013473,-0.0162393,1.52591,0.0428944,0.0622625,-0.349471,2.15369,0.0769596,0.0718141
30294,0.132778,0.0134114,-0.0162393,0.728449,0.0429814,0.0480062,-0.349682,1.85895,0.138366,0.129032
30302,0.132778,0.013393,-0.0162393,0.728449,0.0429712,-0.0371273,-0.348199,1.64754,0.127316,0.0899226
30310,0.132778,0.0133851,-0.0162393,0.29138,0.0419054,-0.0961495,-0.358173,1.21032,0.140138,0.0768694
30318,0.132778,0.0133817,-0.0162393,0.29138,0.0409315,-0.124661,-0.369034,0.889869,0.110185,0.0310786
30326,0.132778,0.0133802,-0.0139194,0.0920147,0.0396325,-0.123862,-0.383401,0.511291,0.0934031,0.00553918
30334,0.132778,0.0133796,-0.0139194,0.0920147,0.0385759,-0.0609751,-0.383081,0.44082,0.0760742,0.00640873
30341,0.132778,0.0133793,-0.0139194,0.0920147,0.038077,0.0433439,-0.376656,0.485056,0.0636466,0.0295872
30350,0.132778,0.0133792,-0.0139194,0.0920147,0.0386708,0.190565,-0.349596,0.474254,0.0328015,0.0583402
30358,0.132778,0.0133792,-0.0139194,0.0920147,0.0395788,0.0713258,-0.360329,0.305024,0.033106,0.0177408
30366,0.132778,0.0133792,-0.0139194,0.0766789,0.0396272,0.0546693,-0.341354,0.141968,0.0153389,0.00059126
30374,0.132778,0.0133792,-0.0139194,0.0766789,0.0399933,-0.0349967,-0.335454,0.122421,0.0264447,-0.0153939
30382,0.132619,0.0134407,-0.00927961,0.069011,0.039421,-0.123726,-0.337838,0.110077,0.0426031,-0.032935
30390,0.132619,0.0134591,-0.00927961,0.069011,0.0377968,-0.184479,-0.337371,0.0961883,0.0532081,-0.0470264
30398,0.132619,0.0134671,-0.00927961,0.0613431,0.0358589,-0.133722,-0.349571,-0.0185174,0.0368211,-0.0557818
30406,0.132619,0.0134705,-0.00927961,0.0613431,0.0348601,-0.0463208,-0.348676,-0.00514357,0.0251494,-0.0407035
30413,0.132619,0.0134719,-0.00927961,0.0613431,0.0343986,-0.00701585,-0.350508,0.103904,0.0324178,-0.0221195
30422,0.132778,0.013411,-0.00927961,0.0536752,0.0343452,0.015099,-0.345109,0.0689263,0.0246443,-0.0207247
30430,0.132778,0.0133928,-0.00927961,0.0536752,0.0341005,0.0077711,-0.338554,0.0349776,0.0211141,-0.0252329
30438,0.132778,0.013385,-0.00695971,0.0383394,0.0336088,-0.0552457,-0.34616,0.0432076,0.0365974,-0.0353526
30446,0.132778,0.0133817,-0.00695971,0.0383394,0.0325118,-0.0547143,-0.348525,-0.0185175,0.0311178,-0.0444579
30454,0.132778,0.0133802,-0.00695971,0.0306715,0.0320718,-0.0457867,-0.350978,0.0560671,0.0403267,-0.034231
30462,0.132778,0.0133796,-0.00695971,0.0306715,0.0312364,-0.0429896,-0.357988,-0.00051444,0.0354703,-0.0427351
30470,0.132619,0.0134409,-0.00695971,0.0306715,0.0306245,0.00097644,-0.356762,0.042179,0.0339492,-0.0310131
30478,0.132619,0.0134592,-0.00695971,0.0306715,0.0306506,0.0209616,-0.356958,0.121393,0.0399932,-0.0182984
30485,0.132619,0.0134671,-0.00695971,0.0306715,0.0298776,0.0124347,-0.355425,0.0761276,0.0368963,-0.0259234
30494,0.132619,0.0134705,-0.00695971,0.0306715,0.0294417,0.0362831,-0.355974,0.0123454,0.0261212,-0.0301383
30502,0.132619,0.0134719,-0.00695971,0.0306715,0.0288923,0.0242918,-0.357159,0.00771581,0.0285086,-0.033663
30510,0.132619,0.0134726,-0.00695971,0.0230037,0.0288051,-0.00248694,-0.364289,-0.00565831,0.0335404,-0.0401249
30518,0.132619,0.0134728,-0.00695971,0.0230037,0.0287021,0.0180302,-0.36394,0.0354917,0.035076,-0.0318865
30526,0.132619,0.0134729,-0.0046398,0.0230037,0.0289894,0.0314861,-0.36385,0.0262332,0.0317212,-0.0306725
30534,0.132619,0.013473,-0.0046398,0.0230037,0.0290558,0.0348173,-0.364178,0.0637824,0.0355557,-0.0256325
30542,0.132778,0.0134114,-0.0046398,0.0230037,0.0289281,0.031087,-0.366157,0.0468081,0.0345722,-0.0286681
30550,0.132778,0.013393,-0.0046398,0.0230037,0.0290917,0.0553351,-0.361109,0.107504,0.0366426,-0.0163347
30557,0.132778,0.0133851,-0.0046398,0.0230037,0.028846,0.0177639,-0.364529,0.047323,0.0366554,-0.0306708
30566,0.132778,0.0133817,-0.00695971,0.0230037,0.0286806,-0.00062194,-0.369658,0.0154313,0.0366195,-0.0382212
30574,0.132778,0.0133802,-0.00695971,0.0230037,0.0285097,0.0294884,-0.370891,0.02469,0.0331511,-0.0324787
30582,0.132619,0.0134412,-0.00695971,0.0230037,0.0284326,0.0432115,-0.371984,0.0488656,0.0341021,-0.027684
30590,0.132619,0.0134593,-0.00695971,0.0230037,0.028289,0.0703908,-0.37033,-0.00514401,0.0231914,-0.029442
30598,0.132619,0.0134672,-0.00695971,0.0230037,0.0285798,0.072522,-0.363785,-0.0241755,0.0191539,-0.0298855
30606,0.132619,0.0134705,-0.00695971,0.0230037,0.0288749,0.016299,-0.365141,0.0781855,0.0403465,-0.0270821
30614,0.132778,0.0134103,-0.00695971,0.0230037,0.0285099,-0.0191407,-0.370431,0.0982459,0.0498447,-0.0319575
30622,0.132778,0.0133926,-0.00695971,0.0230037,0.0283387,0.0329519,-0.368679,0.0200606,0.0319269,-0.0323393
30629,0.132778,0.0133849,-0.00695971,0.0230037,0.0285032,0.0962369,-0.36523,0.0138881,0.0199191,-0.0215939
30638,0.132778,0.0133816,-0.00695971,0.0230037,0.0287203,0.0489405,-0.375365,0.0406354,0.0322392,-0.0277414
30646,0.132778,0.0133802,-0.00695971,0.0230037,0.0288466,0.0782512,-0.374632,0.0231466,0.0250273,-0.024567
30654,0.132778,0.0133796,-0.00695971,0.0230037,0.0292379,0.10463,-0.368607,0.0411499,0.0212687,-0.0164724
30662,0.132778,0.0133793,-0.00695971,0.0230037,0.0294412,0.0234923,-0.374553,0.0200606,0.0329095,-0.0333347
30670,0.132778,0.0133792,-0.00695971,0.0230037,0.0294901,-0.00688391,-0.378337,0.0195463,0.0384256,-0.0390638
30678,0.132778,0.0133792,-0.00695971,0.0230037,0.0291726,-0.0139451,-0.381506,-0.0020574,0.0379961,-0.0437603
30686,0.132619,0.0134407,-0.00695971,0.0230037,0.0290968,0.0967692,-0.375567,-0.046808,0.0136223,-0.029616
30694,0.132619,0.0134591,-0.00695971,0.0230037,0.0296217,0.158456,-0.368058,-0.0282907,0.00368197,-0.0151098
30701,0.132619,0.0134671,-0.00695971,0.0230037,0.0303292,0.135673,-0.370026,0.0514372,0.0162076,-0.00887474
30710,0.132619,0.0134705,-0.00927961,0.0230037,0.0310355,0.0496047,-0.368737,0.046808,0.0283743,-0.0223838
30718,0.132619,0.0134719,-0.00927961,0.0230037,0.0313421,-0.0228717,-0.36545,0.0154311,0.0357352,-0.0373656
30726,0.132778,0.013411,-0.00927961,0.0230037,0.0304229,-0.0640393,-0.369384,-0.00051423,0.0424832,-0.0480152
30734,0.132778,0.0133928,-0.00927961,0.0230037,0.0291055,-0.0583115,-0.373587,0.0360064,0.0482967,-0.0452105
30742,0.132619,0.0134466,-0.00927961,0.0230037,0.0286605,0.0322854,-0.374168,0.0447505,0.0351001,-0.029683
30750,0.132619,0.0134617,-0.00927961,0.0230037,0.0287555,0.106629,-0.371246,-0.0102879,0.0157198,-0.0230679
30758,0.132619,0.0134681,-0.00927961,0.0230037,0.0292226,0.137406,-0.373506,0.0180031,0.0136872,-0.0142576
30766,0.132619,0.0134709,-0.00927961,0.0230037,0.0298337,0.112625,-0.37195,0.0442364,0.0197983,-0.0142423
30773,0.132619,0.0134721,-0.00927961,0.0230037,0.0304265,0.0416106,-0.372986,0.0252042,0.0286746,-0.0278173
30782,0.132619,0.0134726,-0.00927961,0.0230037,0.0301292,-0.0348623,-0.37834,-0.0596672,0.0326126,-0.0520253
30790,0.132619,0.0134729,-0.00927961,0.0230037,0.029784,-0.0339299,-0.381183,-0.0113163,0.0390867,-0.047089
30798,0.132619,0.013473,-0.00927961,0.0230037,0.0297469,0.0322857,-0.374485,0.0823001,0.0381214,-0.0238253
30806,0.132619,0.013473,-0.00927961,0.0230037,0.0300146,0.122484,-0.370792,0.0457793,0.0179155,-0.0119626
30814,0.132619,0.013473,-0.00927961,0.0230037,0.0309788,0.156324,-0.363024,-0.00874469,0.0033119,-0.0101117
30822,0.132619,0.013473,-0.00927961,0.0230037,0.0320381,0.118219,-0.361485,0.00565807,0.00962035,-0.01312
30830,0.132619,0.013473,-0.00927961,0.0230037,0.0325458,-0.0108833,-0.359583,0.0550378,0.035822,-0.0280487
30838,0.132619,0.013473,-0.00927961,0.0230037,0.0328333,-0.112003,-0.372229,0.0385781,0.0522746,-0.0486897
30845,0.132619,0.013473,-0.00927961,0.0230037,0.0313092,-0.112534,-0.374545,0.0108015,0.0515532,-0.0545493
30854,0.132619,0.013473,-0.00927961,0.0230037,0.0303542,-0.0298005,-0.382592,0.0169742,0.0411812,-0.0424848
30862,0.132619,0.013473,-0.00927961,0.0230037,0.0299728,0.0833132,-0.383565,0.0596676,0.0281544,-0.0190437
30870,0.132619,0.013473,-0.00927961,0.0230037,0.0306497,0.189499,-0.375108,0.0370347,0.00560777,-0.00150725
30878,0.132619,0.013473,-0.00927961,0.0230037,0.0320459,0.20309,-0.371085,0.00617233,-0.00284271,-0.00027955
30886,0.132619,0.013473,-0.00927961,0.0153358,0.0331714,0.12448,-0.362992,-0.00925879,0.00641735,-0.0115925
30894,0.132619,0.013473,-0.00927961,0.0153358,0.0337641,-0.0031553,-0.371044,0.0262333,0.0322255,-0.0294013
30902,0.132619,0.013473,-0.00927961,0.0153358,0.0331415,-0.0724343,-0.368158,0.108019,0.0537276,-0.0318167
30910,0.132619,0.013473,-0.00927961,0.0153358,0.032562,-0.131855,-0.384234,0.0370348,0.0585898,-0.0536246
30917,0.132619,0.013473,-0.00927961,0.0153358,0.0315208,-0.0255384,-0.375387,0.0133734,0.0381942,-0.0385069
30926,0.132619,0.013473,-0.00927961,0.0153358,0.0313434,0.0806475,-0.380532,0.0488658,0.0258585,-0.017475
30934,0.132619,0.013473,-0.00927961,0.0153358,0.0315224,0.177109,-0.370248,0.0303484,0.00579633,-0.00148821
30942,0.132619,0.013473,-0.00927961,0.0153358,0.0321231,0.191896,-0.364305,0.0370352,0.00235401,0.00358678
30950,0.132619,0.013473,-0.00927961,0.0153358,0.0331297,0.101698,-0.367997,0.0159459,0.0140241,-0.0133199
30958,0.132619,0.013473,-0.00927961,0.0153358,0.0337346,-0.0271358,-0.370441,0.0216036,0.035596,-0.0339375
30966,0.132619,0.013473,-0.00927961,0.0153358,0.03317,-0.0964148,-0.376097,0.0802426,0.0556663,-0.0403849
30974,0.132619,0.013473,-0.00927961,-0.00766826,0.032369,-0.0964154,-0.38603,0.0745842,0.0604083,-0.0410454
30982,0.132619,0.013473,-0.00927961,-0.00766826,0.0318703,0.0258899,-0.380895,0.0308633,0.0348541,-0.0254481
30989,0.132619,0.013473,-0.00927961,-0.00766826,0.0321671,0.135674,-0.377934,0.0540094,0.018512,-0.00330544
30998,0.132619,0.013473,-0.00927961,-0.00766826,0.0331712,0.205488,-0.370595,0.0632683,0.00547942,0.0121396
31006,0.132619,0.013473,-0.00927961,-0.00766826,0.0344394,0.203753,-0.36547,0.0133737,-0.00267688,0.0085325
31014,0.132619,0.013473,-0.00695971,-0.130354,0.035274,0.00803463,-0.376496,0.00925911,0.0447191,-0.0114564
31022,0.132619,0.013473,-0.00695971,-0.130354,0.0353527,-0.055113,-0.374115,-0.0370345,0.0492334,-0.0270879
31030,0.132619,0.013473,-0.00695971,-0.237705,0.0348812,-0.10534,-0.388512,-0.0925882,0.0666214,-0.0324099
31038,0.132619,0.013473,-0.00695971,-0.237705,0.0339106,-0.0395273,-0.389434,-0.101846,0.0561086,-0.0238977
31046,0.132619,0.013473,-0.00695971,-0.720781,0.0339103,0.110491,-0.388365,-0.11162,0.0868555,0.0575313
31054,0.132619,0.013473,-0.00695971,-0.720781,0.0347909,0.218544,-0.377368,-0.337945,0.0393104,0.0519943
31061,0.132619,0.013473,-0.00695971,-0.720781,0.0360868,0.281829,-0.375247,-0.479396,0.0100411,0.0480853
31070,0.132619,0.013473,-0.00695971,-1.18085,0.0378356,0.0867745,-0.37762,-0.483513,0.0940606,0.0711282
31078,0.132619,0.013473,-0.00695971,-1.18085,0.03783,-0.0119475,-0.376742,-0.649657,0.0907034,0.0349687
31086,0.132619,0.013473,-0.00695971,-2.05499,0.0377196,-0.0822919,-0.382791,-0.892956,0.177813,0.0965518
31094,0.132619,0.013473,-0.00695971,-2.05499,0.0368484,-0.0850908,-0.399064,-1.28388,0.136029,0.0460357
31102,0.132778,0.0134114,-0.00695971,-2.56107,0.0360938,0.0366822,-0.40251,-1.5277,0.14825,0.0960791
31110,0.132778,0.013393,-0.00695971,-2.56107,0.0361795,0.165117,-0.407687,-1.74939,0.101532,0.0908573
31118,0.132619,0.0134467,-0.00695971,-3.26652,0.0371993,0.174315,-0.402654,-2.0719,0.143021,0.139801
31126,0.132619,0.0134617,-0.00695971,-3.26652,0.0381035,0.288624,-0.375387,-2.38361,0.0817468,0.127859
31133,0.132619,0.0134682,-0.00695971,-3.26652,0.0401558,0.172172,-0.373833,-2.79512,0.0494932,0.0626561
31142,0.132619,0.0134709,-0.00695971,-3.76493,0.040645,-0.0427256,-0.378468,-2.86559,0.135595,0.0769262
31150,0.132619,0.0134721,-0.00695971,-3.76493,0.039081,-0.145308,-0.388816,-3.0343,0.13652,0.0358407
31158,0.132619,0.0134726,-0.00695971,-4.46271,0.0383083,-0.0187395,-0.394823,-3.34293,0.163436,0.101154
31166,0.132619,0.0134729,-0.00695971,-4.46271,0.0383954,0.107826,-0.415763,-3.73385,0.0996606,0.0730357
31174,0.132619,0.013473,-0.0046398,-4.81543,0.0392262,0.297017,-0.41141,-3.90051,0.0887787,0.128423
31182,0.132619,0.013473,-0.0046398,-4.81543,0.0416417,0.384284,-0.389962,-3.96069,0.0604654,0.142832
31190,0.132619,0.013473,-0.0046398,-4.99946,0.0443805,0.322199,-0.377571,-4.29864,0.0468623,0.119958
31198,0.132619,0.013473,-0.0046398,-4.99946,0.046152,0.226135,-0.371122,-4.49924,0.0356696,0.0835343
31205,0.132619,0.013473,-0.0046398,-4.99946,0.0472916,0.0478733,-0.371456,-4.49976,0.0636288,0.0549314
31214,0.132619,0.013473,-0.0046398,-5.12215,0.0468049,-0.0741654,-0.380241,-4.46221,0.104807,0.0511988
31222,0.132619,0.013473,-0.0046398,-5.12215,0.0460045,-0.0265975,-0.382676,-4.70653,0.0696281,0.0288365
31230,0.132619,0.013473,-0.00695971,-5.12215,0.0456168,0.102634,-0.378559,-4.81816,0.0345641,0.037939
31238,0.132619,0.013473,-0.00695971,-5.12215,0.0461489,0.0915706,-0.389104,-4.82022,0.0371221,0.0348681
31246,0.132619,0.013473,-0.00695971,-5.21416,0.046774,0.248919,-0.3708,-4.81044,0.0192467,0.0772576
31254,0.132619,0.013473,-0.00695971,-5.21416,0.0483468,0.260643,-0.354955,-4.7338,0.0216267,0.0930294
31262,0.132619,0.013473,-0.00695971,-5.33685,0.0491833,0.162188,-0.348175,-4.95498,0.0240916,0.0670311
31270,0.132619,0.013473,-0.00695971,-5.33685,0.0496135,0.0830447,-0.347964,-5.10929,0.0183943,0.0360689
31277,0.132619,0.013473,-0.00695971,-5.33685,0.0502469,0.016697,-0.338033,-4.90097,0.0514637,0.0519833
31286,0.132619,0.013473,-0.00927961,-5.45954,0.049632,-0.079364,-0.344302,-4.9591,0.0764618,0.0419229
31294,0.132619,0.013473,-0.00927961,-5.45954,0.0478674,-0.067369,-0.343938,-5.18851,0.0498058,0.0144386
31302,0.132619,0.013473,-0.00927961,-5.67424,0.0470773,0.0473343,-0.337267,-5.07123,0.0699318,0.0730114
31310,0.132619,0.013473,-0.00927961,-5.67424,0.0472266,0.123545,-0.340916,-5.24457,0.0372653,0.0649933
31318,0.132619,0.013473,-0.00927961,-5.79692,0.0477711,0.240258,-0.323027,-5.28006,0.0245791,0.0986251
31326,0.132619,0.013473,-0.00927961,-5.79692,0.0488546,0.144999,-0.305575,-5.23532,0.0413349,0.0921612
31334,0.132619,0.013473,-0.00927961,-5.93495,0.0494888,0.0250917,-0.317875,-5.53622,0.0431152,0.0515772
31342,0.132619,0.013473,-0.00927961,-5.93495,0.0491297,-0.0909516,-0.318633,-5.40403,0.0785283,0.0470108
31349,0.132619,0.013473,-0.00927961,-5.93495,0.0482309,-0.134248,-0.31728,-5.33151,0.0952613,0.0472537
31358,0.132619,0.013473,-0.00927961,-6.07297,0.0472638,-0.0509847,-0.331108,-5.67613,0.060678,0.0333057
31366,0.132619,0.013473,-0.00927961,-6.07297,0.0471641,0.0639924,-0.324671,-5.65247,0.0435198,0.0563949
31374,0.132619,0.013473,-0.00927961,-6.21099,0.0476369,0.120883,-0.31207,-5.69362,0.0428332,0.0801294
31382,0.132619,0.013473,-0.00927961,-6.21099,0.0474519,0.148864,-0.30713,-5.74094,0.0320806,0.0797941
31390,0.132619,0.013473,-0.00927961,-6.21866,0.0479762,0.122485,-0.298539,-5.76461,0.0324628,0.0755642
31398,0.132619,0.013473,-0.00927961,-6.21866,0.0480071,-0.0175424,-0.306603,-5.82478,0.0498242,0.0435752
31406,0.132619,0.013473,-0.00927961,-6.28,0.0473302,-0.0356568,-0.305956,-5.94464,0.0467543,0.0327684
31414,0.132619,0.013473,-0.00927961,-6.28,0.0473279,-0.0668373,-0.315556,-5.89114,0.0597714,0.0322826
31421,0.132619,0.013473,-0.00927961,-6.28,0.0464123,0.0100335,-0.304795,-5.90966,0.0443792,0.0435249
31430,0.132619,0.013473,-0.00695971,-6.28,0.0464055,0.162316,-0.298752,-6.02643,0.0048044,0.0559972
31438,0.132619,0.013473,-0.00695971,-6.28,0.0469417,0.213611,-0.2758,-5.88651,0.00836295,0.0856313
31446,0.132619,0.013473,-0.00695971,-6.28,0.0474569,0.173777,-0.272678,-6.06088,-0.00679383,0.0595162
31454,0.132619,0.013473,-0.00695971,-6.28,0.047532,0.0977029,-0.258454,-5.98476,0.0123843,0.0580795
31462,0.132619,0.013473,-0.0046398,-6.28,0.0477314,-0.0425884,-0.25964,-5.96316,0.0384593,0.0366808
31470,0.132619,0.013473,-0.0046398,-6.28,0.0468644,-0.117597,-0.268684,-6.09021,0.0385599,0.0063502
31479,0.132619,0.013473,-0.0046398,-6.28,0.0462395,-0.0587135,-0.25404,-5.9935,0.0386996,0.0292075
31486,0.132619,0.013473,-0.0046398,-6.28,0.0460282,0.00923212,-0.251201,-5.99608,0.0269733,0.0405278
31493,0.132619,0.013473,-0.0046398,-6.28,0.0463419,0.147392,-0.237705,-6.10152,-0.0109402,0.0539769
31502,0.132619,0.013473,-0.0046398,-6.28,0.047192,0.208417,-0.219108,-6.00687,-0.0140567,0.0796345
31510,0.132619,0.013473,-0.0046398,-6.28,0.0477035,0.0100351,-0.225139,-5.98423,0.0217422,0.0485858
31518,0.132619,0.013473,-0.0046398,-6.28,0.047317,-0.0714947,-0.212764,-6.01768,0.0298441,0.0323375
31526,0.132619,0.013473,-0.0046398,-6.28,0.0464175,-0.191669,-0.221352,-6.00019,0.054428,0.0115039
31534,0.132619,0.013473,-0.0046398,-6.28,0.0450982,-0.183949,-0.220602,-6.07478,0.0460496,0.00228091
31542,0.132619,0.013473,-0.0046398,-6.28,0.0438449,-0.0861665,-0.230469,-6.11489,0.0284331,0.0107049
31550,0.132619,0.013473,-0.0046398,-6.28,0.0428266,0.113417,-0.215495,-5.97087,0.0113281,0.0623966
31558,0.132619,0.013473,-0.0046398,-6.28,0.0438726,0.22294,-0.203188,-5.99504,-0.0130792,0.0814454
31565,0.132619,0.013473,-0.0046398,-6.28,0.0457192,0.169247,-0.19683,-6.04648,-0.0138022,0.0698925
31574,0.132619,0.013473,-0.0046398,-6.28,0.0465511,-0.0100814,-0.19237,-5.99196,0.0204688,0.047962
31582,0.132619,0.013473,-0.0046398,-6.28,0.0457497,-0.148633,-0.194127,-6.05009,0.0379524,0.0163256
31590,0.132619,0.013473,-0.0046398,-6.28,0.0444835,-0.214852,-0.205129,-6.08198,0.0486714,-0.00214285
31598,0.132619,0.013473,-0.0046398,-6.28,0.0426396,-0.115732,-0.203003,-6.05009,0.0381974,0.0161331
31606,0.132619,0.013473,-0.0046398,-6.28,0.0413642,0.00869855,-0.198094,-5.96727,0.0283026,0.0459349
31614,0.132619,0.013473,-0.0046398,-6.28,0.041777,0.156717,-0.185024,-5.96469,0.00141601,0.0738845
31622,0.132619,0.013473,-0.0046398,-6.28,0.0429391,0.226803,-0.159632,-6.06604,-0.0278172,0.0794282
31630,0.132619,0.013473,-0.0046398,-6.28,0.0437398,0.145798,-0.150574,-6.03824,-0.0136805,0.0716196
31637,0.132619,0.013473,-0.0046398,-6.28,0.0441288,-0.00728177,-0.146487,-6.02694,0.0118174,0.0483329
31646,0.132619,0.013473,-0.0046398,-6.28,0.043068,-0.180343,-0.145623,-6.0002,0.0449519,0.020972
31654,0.132619,0.013473,-0.0046398,-6.28,0.0415755,-0.234042,-0.146288,-5.97499,0.0589718,0.0127179
31662,0.132619,0.013473,-0.0046398,-6.28,0.0397343,-0.118671,-0.153171,-6.11643,0.0268275,0.0117952
31670,0.132619,0.013473,-0.0046398,-6.28,0.0392553,0.0433353,-0.139213,-6.02642,0.00900721,0.0513481
31678,0.132619,0.013473,-0.0046398,-6.28,0.0386259,0.110084,-0.124756,-5.89577,0.0118797,0.0795079
31686,0.132619,0.013473,-0.0046398,-6.28,0.0386268,0.138339,-0.10765,-6.09432,-0.0189505,0.0635604
31694,0.132619,0.013473,-0.0046398,-6.28,0.0386591,0.0953033,-0.100267,-6.0717,-0.0103896,0.0602098
31702,0.132619,0.013473,-0.0046398,-6.28,0.0382463,-0.0264671,-0.097516,-5.95389,0.0237858,0.0534674
31709,0.132619,0.013473,-0.0046398,-6.28,0.0373006,-0.177016,-0.106028,-5.97962,0.0483606,0.0223497
31718,0.132619,0.013473,-0.0046398,-6.28,0.0356702,-0.188744,-0.109345,-6.08403,0.0407704,0.00523301
31726,0.132619,0.013473,-0.0046398,-6.28,0.0347006,-0.0235449,-0.0919909,-6.05986,0.0147892,0.0374079
31734,0.132619,0.013473,-0.0046398,-6.28,0.0342676,0.0637192,-0.0899664,-5.922,0.0168459,0.0681505
31742,0.132619,0.013473,-0.0046398,-6.28,0.0344298,0.187766,-0.0756586,-5.93846,-0.00816865,0.0896578
31750,0.132619,0.013473,-0.0046398,-6.28,0.0355665,0.119819,-0.0668554,-6.03774,-0.0115871,0.0694554
31758,0.132619,0.013473,-0.0046398,-6.28,0.0357059,-0.0379253,-0.0608303,-6.04391,0.0126549,0.0432824
31766,0.132619,0.013473,-0.0046398,-6.28,0.0348911,-0.118125,-0.0520916,-5.93384,0.0386193,0.0430448
31774,0.132619,0.013473,-0.0046398,-6.28,0.0334494,-0.193403,-0.0645724,-5.95802,0.0522275,0.0234797
31781,0.132619,0.013473,-0.0046398,-6.28,0.0318421,-0.120131,-0.0644498,-6.00328,0.0369412,0.0282792
31790,0.132619,0.013473,-0.0046398,-6.28,0.0319699,0.0721214,-0.0543699,-6.03671,-0.00064253,0.0585565
31798,0.132619,0.013473,-0.0046398,-6.28,0.032635,0.139667,-0.0408042,-5.9539,-0.00516981,0.0828479
31806,0.132619,0.013473,-0.0046398,-6.28,0.0333636,0.13807,-0.0290894,-5.90194,-0.00166933,0.0916179
31814,0.132619,0.013473,-0.0046398,-6.28,0.0335945,0.0197654,-0.0193197,-5.93384,0.01228,0.0697866
31822,0.132619,0.013473,-0.0046398,-6.28,0.0333077,-0.0653692,-0.0023347,-6.02025,0.013859,0.04755
31830,0.132619,0.013473,-0.0046398,-6.28,0.0326974,-0.17355,-0.0136579,-5.99196,0.037773,0.0299766
31838,0.132619,0.013473,-0.0046398,-6.28,0.0309348,-0.188745,-0.019252,-5.91017,0.053245,0.0337371
31846,0.132619,0.013473,-0.0046398,-6.28,0.0294286,-0.0864302,-0.00670843,-5.98168,0.0279176,0.042475
31853,0.132619,0.013473,-0.0046398,-6.28,0.0298854,0.090237,0.0157159,-6.01768,-0.00982669,0.0722647
31862,0.132619,0.013473,-0.0046398,-6.28,0.0307202,0.103294,0.0214712,-5.97139,-0.00860655,0.0820243
31870,0.132619,0.013473,-0.0046398,-6.28,0.0307413,0.0522716,0.0344125,-5.92046,0.00373315,0.0815527
31878,0.132619,0.013473,-0.0046398,-6.28,0.0303335,-0.0893502,0.0447692,-5.97396,0.0197811,0.0524439
31886,0.132619,0.013473,-0.0046398,-6.28,0.0288912,-0.193668,0.0435324,-6.00379,0.0357233,0.0291222
31894,0.132619,0.013473,-0.00695971,-6.28,0.0274063,-0.178751,0.0417037,-6.02128,0.0331492,0.0275916
31902,0.132619,0.013473,-0.00695971,-6.28,0.0258558,-0.157575,0.0311545,-5.91171,0.0463765,0.0402666
31910,0.132619,0.013473,-0.00695971,-6.28,0.0248583,-0.0428639,0.0517458,-5.98167,0.0171845,0.0532804
31918,0.132619,0.013473,-0.00695971,-6.28,0.0250854,0.0915699,0.0738298,-6.05214,-0.0172555,0.0714981
31925,0.132619,0.013473,-0.00695971,-6.28,0.025511,0.057997,0.0709518,-5.98682,-0.00411743,0.0736839
31934,0.132619,0.013473,-0.00695971,-6.28,0.0253475,-0.0062183,0.0829991,-5.94772,0.00941132,0.0691889
31942,0.132619,0.013473,-0.00695971,-6.28,0.0243997,-0.159427,0.0803707,-6.03105,0.0266944,0.0317576
31950,0.132619,0.013473,-0.00695971,-6.28,0.0228162,-0.20073,0.0795279,-5.97653,0.0422683,0.0289053
31958,0.132619,0.013473,-0.00695971,-6.28,0.0216096,-0.154907,0.0735494,-5.9863,0.0361435,0.0328431
31966,0.132619,0.013473,-0.00695971,-6.28,0.0206595,-0.00662488,0.0853113,-6.02745,0.00614128,0.0535679
31974,0.132619,0.013473,-0.00695971,-6.28,0.0206995,0.0850423,0.0999282,-6.02745,-0.0114515,0.0714406
31982,0.132619,0.013473,-0.00695971,-6.28,0.0212646,0.0883762,0.113268,-5.97755,-0.00904721,0.0808346
31990,0.132619,0.013473,-0.00695971,-6.28,0.0215151,-0.0192737,0.11818,-5.97498,0.00795331,0.0641189
31997,0.132619,0.013473,-0.00695971,-6.28,0.0206037,-0.0921453,0.122829,-5.99916,0.0176769,0.0484544
32006,0.132619,0.013473,-0.00695971,-6.28,0.0196795,-0.196865,0.116123,-6.03312,0.0333702,0.0244152
32014,0.132619,0.013473,-0.00695971,-6.28,0.0178132,-0.188611,0.113432,-5.97858,0.0414212,0.0292332
32022,0.132619,0.013473,-0.00695971,-6.28,0.0175998,-0.0509881,0.134607,-5.9791,0.0154463,0.0555016
32030,0.132619,0.013473,-0.00695971,-6.28,0.0176055,0.0761175,0.146037,-6.03311,-0.0138206,0.072406
32038,0.132619,0.013473,-0.00695971,-6.28,0.0179059,0.059463,0.145209,-5.89937,0.00441824,0.0856901
32046,0.132619,0.013473,-0.00695971,-6.28,0.0182347,0.0320204,0.172576,-5.97447,-0.00474278,0.0770481
32054,0.132619,0.013473,-0.00695971,-6.28,0.0178751,-0.120126,0.174389,-6.0758,0.00872148,0.0391991
32062,0.132619,0.013473,-0.00695971,-6.28,0.0167248,-0.192469,0.169207,-5.91377,0.0422095,0.043722
32069,0.132619,0.013473,-0.00695971,-6.28,0.0150695,-0.238168,0.165323,-5.96984,0.0460687,0.0264649
32078,0.132619,0.013473,-0.0046398,-6.28,0.0134525,-0.169829,0.164458,-6.05626,0.0272967,0.0250214
32086,0.132619,0.013473,-0.0046398,-6.28,0.0126685,0.00562972,0.170094,-5.96264,0.00943042,0.0655047
32094,0.132619,0.013473,-0.0046398,-6.28,0.0127475,0.0706517,0.18531,-5.89371,0.0042232,0.0871821
32102,0.132619,0.013473,-0.0046398,-6.28,0.0136154,0.10223,0.211133,-5.98527,-0.0171442,0.0870492
32110,0.132619,0.013473,-0.00695971,-6.28,0.0139496,-0.00781376,0.209421,-5.95698,0.00386164,0.0723927
32118,0.132619,0.013473,-0.00695971,-6.28,0.0134438,-0.16316,0.207079,-6.0398,0.0209068,0.0353203
32126,0.132619,0.013473,-0.00695971,-6.28,0.0118776,-0.297721,0.208333,-6.06037,0.0427189,0.00822189
32134,0.132619,0.013473,-0.00695971,-6.28,0.00929733,-0.244039,0.206151,-5.93795,0.0521421,0.0278204
32141,0.132619,0.013473,-0.00695971,-6.28,0.00774883,-0.0897621,0.214488,-5.96624,0.0240339,0.0496952
32150,0.132619,0.013473,-0.0046398,-6.28,0.00745506,0.0374725,0.22308,-6.03619,-0.00589187,0.0634903
32158,0.132619,0.013473,-0.0046398,-6.28,0.00784834,0.145263,0.238741,-5.91378,-0.0123844,0.0992118
32166,0.132619,0.013473,-0.0046398,-6.28,0.00831382,0.102764,0.24711,-5.99968,-0.0174518,0.0838826
32174,0.132619,0.013473,-0.0046398,-6.28,0.00892918,-0.0649714,0.255067,-6.11798,-0.00573161,0.0437392
32182,0.132619,0.013473,-0.00695971,-6.28,0.00813841,-0.180742,0.246296,-5.92046,0.0388429,0.0454257
32190,0.132619,0.013473,-0.00695971,-6.28,0.00598894,-0.267616,0.245691,-6.01407,0.045249,0.0166288
32198,0.132619,0.013473,-0.00695971,-6.28,0.0048894,-0.101481,0.25837,-6.01408,0.0171947,0.0451694
32206,0.132619,0.013473,-0.00695971,-6.28,0.00533257,0.0297526,0.256559,-5.97961,-0.0007991,0.0717024
32213,0.132619,0.013473,-0.00695971,-6.28,0.00462558,0.0412091,0.268967,-6.06552,-0.0138478,0.064498
32222,0.132619,0.013473,-0.00695971,-6.28,0.00524127,0.0651905,0.291774,-5.96316,-0.0102754,0.0851728
32230,0.132619,0.013473,-0.00695971,-6.28,0.00523396,0.00897474,0.293012,-6.00122,-0.0056373,0.0713805
32238,0.132619,0.013473,-0.00695971,-6.28,0.00515721,-0.151832,0.29521,-6.03671,0.0165698,0.0403084
32246,0.132619,0.013473,-0.00695971,-6.28,0.00373,-0.220179,0.291711,-5.9827,0.0367758,0.0326217
32254,0.132619,0.013473,-0.00695971,-6.28,0.00287142,-0.201665,0.292672,-5.98888,0.0340042,0.0339794
32262,0.132619,0.013473,-0.00695971,-6.28,0.00150495,-0.0493926,0.301244,-6.05625,0.00133548,0.0511857
32270,0.132619,0.013473,-0.00695971,-6.28,0.00133542,0.0390761,0.305634,-5.95339,-0.00167283,0.0787412
32278,0.132619,0.013473,-0.00695971,-6.28,0.00203855,0.0695884,0.321134,-5.95338,-0.0101869,0.0873602
32285,0.132619,0.013473,-0.00695971,-6.28,0.0030026,0.0838465,0.345893,-6.01048,-0.0245849,0.0883416
32294,0.132619,0.013473,-0.00695971,-6.28,0.00372106,-0.0857523,0.334861,-5.89628,0.0177554,0.0724527
32302,0.132619,0.013473,-0.00695971,-6.28,0.00277556,-0.236299,0.340207,-6.02642,0.0277949,0.0312248
32310,0.132619,0.013473,-0.00695971,-6.28,0.00102968,-0.199531,0.33876,-6.04751,0.0218476,0.0322806
32318,0.132619,0.013473,-0.00695971,-6.28,-8.098e-05,-0.1677,0.334742,-5.94258,0.0311088,0.0478668
32326,0.132619,0.013473,-0.0046398,-6.28,-0.00108069,-0.00928983,0.357488,-5.96418,0.0004048,0.0739378
32334,0.132619,0.013473,-0.0046398,-6.28,-0.00090849,0.0646546,0.357281,-5.93435,-0.00853201,0.0901423
32342,0.132619,0.013473,-0.0046398,-6.28,-0.00046619,0.0694545,0.387302,-5.95853,-0.0176159,0.0935444
32350,0.132619,0.013473,-0.0046398,-6.28,-0.00023797,-0.0415239,0.390834,-5.92098,0.00431044,0.0801497
32357,0.132619,0.013473,-0.0046398,-6.28,-0.00114283,-0.172753,0.395239,-5.96933,0.0208825,0.0517534
32366,0.132619,0.013473,-0.0046398,-6.28,-0.00272466,-0.277202,0.392664,-6.05626,0.0305261,0.0212514
32374,0.132619,0.013473,-0.0046398,-6.28,-0.00487373,-0.23791,0.38558,-5.95904,0.0395612,0.0352515
32382,0.132619,0.013473,-0.0046398,-6.28,-0.00655546,-0.1252,0.394637,-5.98887,0.0182236,0.0498633
32390,0.132619,0.013473,-0.0046398,-6.28,-0.0071041,0.0301499,0.405521,-5.99504,-0.00923707,0.076331
32398,0.132619,0.013473,-0.00695971,-6.28,-0.006207,0.0895717,0.422167,-5.98322,-0.0219709,0.0920514
32406,0.132619,0.013473,-0.00695971,-6.28,-0.00585838,0.0408111,0.436978,-5.91326,-0.00851414,0.094966
32414,0.132619,0.013473,-0.00695971,-6.28,-0.00554716,-0.0982823,0.437713,-5.86131,0.0201032,0.0781963
32422,0.132619,0.013473,-0.00695971,-6.28,-0.00661704,-0.220847,0.44496,-6.05831,0.0174938,0.0339179
32429,0.132619,0.013473,-0.00695971,-6.28,-0.00781234,-0.235633,0.442877,-6.04391,0.0236146,0.0311336
32438,0.132619,0.013473,-0.00695971,-6.28,-0.00921996,-0.189277,0.437253,-5.99864,0.0241058,0.0414463
32446,0.132619,0.013473,-0.00695971,-6.28,-0.00958967,-0.126527,0.447497,-5.99042,0.0135383,0.0541415
32454,0.132619,0.013473,-0.00695971,-6.28,-0.010311,0.0158965,0.451875,-5.92973,-0.00261828,0.0850449
32462,0.132619,0.013473,-0.00695971,-6.28,-0.00925725,-0.00568762,0.465495,-5.90915,-0.00025643,0.0874924
32470,0.132619,0.013473,-0.00695971,-6.28,-0.00982885,-0.0112777,0.478692,-5.84794,0.0065412,0.0951195
32478,0.132619,0.013473,-0.00695971,-6.28,-0.00975031,-0.124132,0.484302,-5.95081,0.0121023,0.0649347
32486,0.132619,0.013473,-0.00695971,-6.28,-0.0113325,-0.240167,0.470891,-5.99247,0.0307438,0.0360831
32494,0.132619,0.013473,-0.00695971,-6.28,-0.0127592,-0.248428,0.477632,-5.97602,0.0349228,0.0357431
32501,0.132619,0.013473,-0.00695971,-6.28,-0.0145947,-0.250428,0.469578,-5.96727,0.0400994,0.0325977
32510,0.132619,0.013473,-0.0046398,-6.28,-0.0162386,-0.0874907,0.467472,-5.92715,0.0208034,0.061832
32518,0.132619,0.013473,-0.0046398,-6.28,-0.0164408,-0.0437946,0.473361,-5.94104,0.011258,0.068229
32526,0.132619,0.013473,-0.0046398,-6.28,-0.0168381,0.0232227,0.483724,-5.9076,0.00297288,0.084605
32534,0.132619,0.013473,-0.0046398,-6.28,-0.0169009,0.0146967,0.495759,-5.90555,0.00277542,0.0852618
32542,0.132619,0.013473,-0.0046398,-6.28,-0.0167421,-0.042458,0.50003,-5.88343,0.0139438,0.0791442
32550,0.132619,0.013473,-0.0046398,-6.28,-0.0170956,-0.124128,0.505181,-5.93023,0.0216131,0.0601754
32558,0.132619,0.013473,-0.0046398,-6.28,-0.0177534,-0.130922,0.517279,-6.08815,0.00308496,0.0413977
32566,0.132619,0.013473,-0.0046398,-6.28,-0.0182622,-0.133052,0.50542,-5.95492,0.0217434,0.0541724
32573,0.132619,0.013473,-0.0046398,-6.28,-0.0186486,-0.0822896,0.520427,-5.99042,0.00726597,0.0604211
32582,0.132619,0.013473,-0.0046398,-6.28,-0.0188834,-0.0998752,0.512,-5.91583,0.020646,0.0645886
32590,0.132619,0.013473,-0.0046398,-6.28,-0.0203833,-0.0543151,0.532324,-6.00379,0.0015202,0.0630708
32598,0.132619,0.013473,-0.0046398,-6.28,-0.0199562,0.0104286,0.538093,-5.94567,-0.00387057,0.0823843
32606,0.132619,0.013473,-0.0046398,-6.28,-0.0187673,0.0470804,0.548342,-5.91172,-0.00922274,0.0958794
32614,0.132619,0.013473,-0.0046398,-6.28,-0.0159831,-0.0746951,0.557987,-5.9148,0.00521415,0.0803881
32622,0.132619,0.013473,-0.0046398,-6.28,-0.016334,-0.187668,0.56106,-5.99402,0.0145802,0.0519758
32630,0.132619,0.013473,-0.0023199,-6.28,-0.017248,-0.165167,0.57743,-6.07375,0.00045004,0.0473433
32638,0.132619,0.013473,-0.0023199,-6.28,-0.0173714,-0.231907,0.563798,-5.92406,0.0315072,0.0514136
32645,0.132619,0.013473,-0.0023199,-6.28,-0.0192523,-0.157828,0.579862,-6.01202,0.00886529,0.0534918
32654,0.132619,0.013473,-0.0023199,-6.28,-0.0200482,-0.223248,0.552279,-5.89423,0.0391141,0.0508338
32662,0.132619,0.013473,-0.0023199,-6.28,-0.021355,-0.0828255,0.577202,-6.03877,-0.00339829,0.0596369
32670,0.132619,0.013473,-0.0023199,-6.28,-0.0211282,-0.12119,0.556387,-5.94875,0.0166038,0.0607679
32678,0.132619,0.013473,-0.0023199,-6.28,-0.0220535,-0.0676377,0.573178,-5.92818,0.00872271,0.0736553
32686,0.132619,0.013473,-0.0023199,-6.28,-0.02272,-0.059247,0.574672,-5.88703,0.0128549,0.0792519
32694,0.132619,0.013473,-0.0023199,-6.28,-0.0235289,-0.0348642,0.593141,-5.9899,-0.00517041,0.0730574
32702,0.132619,0.013473,-0.0023199,-6.28,-0.024027,-0.0908204,0.590857,-5.97036,0.00745312,0.0648712
32710,0.132619,0.013473,-0.0023199,-6.28,-0.0250869,-0.0930848,0.596134,-5.95904,0.00976581,0.0652082
32717,0.132619,0.013473,-0.0023199,-6.28,-0.0251467,-0.0861566,0.604292,-5.91738,0.0122957,0.0725335
32726,0.132619,0.013473,-0.0046398,-6.28,-0.0257574,-0.106003,0.611267,-5.99093,0.00625724,0.0611414
32734,0.132619,0.013473,-0.0046398,-6.28,-0.0255348,-0.129588,0.60943,-6.02283,0.00639589,0.0534049
32742,0.132619,0.013473,-0.0046398,-6.28,-0.026195,-0.128125,0.618205,-5.9719,0.0116474,0.0601711
32750,0.132619,0.013473,-0.0046398,-6.28,-0.0268982,-0.0585818,0.641342,-5.99556,-0.00542127,0.071857
32758,0.132619,0.013473,-0.0046398,-6.28,-0.0258568,-0.176084,0.619726,-5.92817,0.0240351,0.0579646
32766,0.132619,0.013473,-0.0046398,-6.28,-0.028031,-0.141441,0.637928,-5.9971,0.0102259,0.055578
32774,0.132619,0.013473,-0.0046398,-6.28,-0.0272917,-0.123339,0.636647,-6.02643,0.00296454,0.0559833
32782,0.132619,0.013473,-0.0046398,-6.28,-0.0288529,-0.151959,0.639443,-5.95595,0.0177006,0.0577735
32789,0.132619,0.013473,-0.0046398,-6.28,-0.0297306,-0.230584,0.612928,-5.87417,0.0458342,0.0486903
32798,0.132619,0.013473,-0.0046398,-6.28,-0.0331967,-0.163034,0.624089,-6.02899,0.0193586,0.0387743
32806,0.132619,0.013473,-0.0046398,-6.28,-0.0339844,0.0113687,0.624966,-5.99711,-0.00483459,0.0710109
32814,0.132619,0.013473,-0.0046398,-6.28,-0.0324251,-0.0333926,0.624757,-5.93434,0.00787026,0.0730082
32822,0.132619,0.013473,-0.0046398,-6.28,-0.033112,-0.0732307,0.620476,-5.81502,0.030161,0.0787531
32830,0.132619,0.013473,-0.0046398,-6.28,-0.0338468,0.0246816,0.642886,-6.00327,-0.0108407,0.0756056
32838,0.132619,0.013473,-0.0046398,-6.28,-0.0339991,-0.00208434,0.635441,-5.91017,0.0059705,0.0806856
32846,0.132619,0.013473,-0.0046398,-6.28,-0.033353,-0.0204724,0.658593,-5.93332,0.00167471,0.0794734
32854,0.132619,0.013473,-0.0046398,-6.28,-0.0325135,-0.0652433,0.664838,-5.9076,0.00996523,0.077133
32861,0.132619,0.013473,-0.0046398,-6.28,-0.032183,-0.161962,0.670542,-5.98939,0.0149772,0.0525267
32870,0.132619,0.013473,-0.0046398,-6.28,-0.0322979,-0.1288,0.660418,-5.9719,0.0133324,0.0583975
32878,0.132619,0.013473,-0.0046398,-6.28,-0.0333727,-0.0717704,0.677269,-6.02591,-0.0037173,0.0628574
32886,0.132619,0.013473,-0.0046398,-6.27233,-0.0314066,-0.00422928,0.681283,-6.02386,-0.01891,0.0769588
32894,0.132619,0.013473,-0.0046398,-6.27233,-0.0310259,-0.24562,0.674347,-5.98836,0.0258531,0.0398483
32902,0.132619,0.013473,-0.0046398,-6.16498,-0.0336389,-0.326506,0.668735,-5.94721,0.0359397,0.0138525
32910,0.132619,0.013473,-0.0046398,-6.16498,-0.0363356,-0.306786,0.661497,-6.03002,0.0277792,0.00248402
32918,0.132619,0.013473,-0.0046398,-6.05763,-0.0387802,-0.163272,0.658807,-5.9719,0.00199109,0.0170487
32926,0.132619,0.013473,-0.0046398,-6.05763,-0.0392033,-0.197135,0.632244,-5.88395,0.0228211,0.0168677
32933,0.132619,0.013473,-0.0046398,-6.05763,-0.0391362,0.00124809,0.63638,-5.75227,0.00471739,0.0666568
32942,0.132619,0.013473,-0.0046398,-5.98095,-0.037254,0.0185646,0.640986,-5.75483,-0.010811,0.0635617
32950,0.132619,0.013473,-0.0046398,-5.98095,-0.0338832,0.0140266,0.649453,-5.67923,-0.00713848,0.0777701
32958,0.132619,0.013473,-0.0046398,-5.89661,-0.0341439,-0.0965394,0.661303,-5.61338,0.00744734,0.0584822
32966,0.132619,0.013473,-0.0046398,-5.89661,-0.0345178,0.0798278,0.685034,-5.60463,-0.0240455,0.0925702
32974,0.132619,0.013473,-0.0046398,-5.52855,-0.0323963,-0.121443,0.682843,-5.60978,-0.0372368,0.0170893
32982,0.132619,0.013473,-0.0046398,-5.52855,-0.0353992,-0.174769,0.692455,-5.57018,-0.0211669,0.0101616
32990,0.132619,0.013473,-0.0046398,-5.30618,-0.0352568,-0.293593,0.660556,-5.59281,-0.0254103,-0.0437857
32998,0.132619,0.013473,-0.0046398,-5.30618,-0.038481,-0.28492,0.65568,-5.37316,0.00424072,-0.0216129
33005,0.132619,0.013473,-0.0046398,-5.30618,-0.0384775,-0.306258,0.627181,-5.35671,0.0142979,-0.0278541
33014,0.132619,0.013473,-0.0023199,-5.19883,-0.0423506,-0.103995,0.62995,-5.12112,0.00114353,0.0161257
33022,0.132619,0.013473,-0.0023199,-5.19883,-0.0409127,0.177365,0.625993,-5.08666,-0.0427381,0.069014
33030,0.132619,0.013473,-0.0023199,-5.19883,-0.0409624,0.0808024,0.632022,-4.92,-0.00800736,0.073331
33038,0.132619,0.013473,-0.0023199,-5.19883,-0.039277,0.261026,0.651102,-4.9668,-0.0487597,0.103608
33046,0.132619,0.013473,-0.0023199,-5.21416,-0.0365438,0.0935924,0.657498,-5.0774,-0.0370277,0.0689246
33054,0.132619,0.013473,-0.0023199,-5.21416,-0.0371195,0.0513197,0.662851,-4.96784,-0.0171877,0.0748108
33062,0.132619,0.013473,-0.0023199,-5.29851,-0.034782,0.0108497,0.663648,-5.05991,-0.0147293,0.0704395
33070,0.132619,0.013473,-0.0023199,-5.29851,-0.0372064,-0.202345,0.652302,-5.08203,0.0231326,0.0266753
33077,0.132619,0.013473,-0.0023199,-5.29851,-0.0374876,-0.0804334,0.643995,-5.3922,-0.0318864,0.00884286
33086,0.132619,0.013473,-0.0046398,-5.40586,-0.0382961,-0.287991,0.626164,-5.25126,0.035358,-0.00043469
33094,0.132619,0.013473,-0.0046398,-5.40586,-0.0394611,-0.0411477,0.625523,-5.20548,0.00156438,0.0448956
33102,0.132619,0.013473,-0.0046398,-5.40586,-0.0399265,-0.134358,0.609401,-5.11701,0.0306626,0.0363887
33110,0.132619,0.013473,-0.0046398,-5.40586,-0.0409368,0.0618486,0.617234,-5.07637,0.00307405,0.0741493
33118,0.132619,0.013473,-0.0046398,-5.41353,-0.0396242,0.0227077,0.622182,-5.1777,-0.00407562,0.0590916
33126,0.132619,0.013473,-0.0046398,-5.41353,-0.0393406,-0.0242101,0.619537,-5.05528,0.0181581,0.0656174
33134,0.132619,0.013473,-0.0046398,-5.50554,-0.039236,-0.0576396,0.610409,-5.06454,0.0347731,0.0684357
33142,0.132619,0.013473,-0.0046398,-5.50554,-0.0390419,-0.0264706,0.618362,-5.1345,0.0198203,0.0669739
33149,0.132619,0.013473,-0.0046398,-5.50554,-0.038973,-0.0753614,0.612413,-5.20342,0.0206608,0.0497159
33158,0.132619,0.013473,-0.0046398,-5.52855,-0.0376066,0.0697152,0.639317,-5.26258,-0.0138364,0.0761426
33166,0.132619,0.013473,-0.0046398,-5.52855,-0.0364653,-0.104666,0.627499,-5.10775,0.0336306,0.0647097
33174,0.132619,0.013473,-0.0046398,-5.52855,-0.0399872,-0.0969527,0.634194,-5.21114,0.0239227,0.0499846
33182,0.132619,0.013473,-0.0046398,-5.52855,-0.0382636,0.0304131,0.629127,-5.28007,-0.00684609,0.064892
33190,0.132619,0.013473,-0.0046398,-5.52855,-0.038663,-0.264264,0.619975,-5.31349,0.0400506,0.00920805
33198,0.132619,0.013473,-0.0046398,-5.52855,-0.0405234,-0.0386093,0.62229,-5.37523,-0.00242432,0.0377662
33206,0.132619,0.013473,-0.0046398,-5.52855,-0.0399586,-0.234949,0.604132,-5.18285,0.0549169,0.0252488
33214,0.132619,0.013473,-0.0046398,-5.52855,-0.0431619,-0.0099636,0.612598,-5.17256,0.0218904,0.0613371
33221,0.132619,0.013473,-0.0046398,-5.52855,-0.0419448,-0.0555023,0.597593,-5.23789,0.0224829,0.045203
33230,0.132619,0.013473,-0.0046398,-5.52855,-0.0437267,-0.0381885,0.614919,-5.27595,0.0147847,0.0439453
33238,0.132619,0.013473,-0.0046398,-5.52855,-0.0427474,0.0679744,0.59857,-5.27286,-0.00114812,0.0609408
33246,0.132619,0.013473,-0.0046398,-5.52855,-0.0426089,-0.00207145,0.603807,-5.2281,0.0146954,0.0554527
33254,0.132619,0.013473,-0.0046398,-5.52855,-0.0430921,-0.0252816,0.590863,-5.20548,0.0239527,0.0514566
33262,0.132619,0.013473,-0.0046398,-5.50554,-0.0436602,0.0458874,0.608804,-5.28263,-0.00174736,0.0537238
33270,0.132619,0.013473,-0.0046398,-5.50554,-0.0418724,0.00724012,0.601763,-5.2564,0.00642746,0.0516508
33278,0.132619,0.013473,-0.0046398,-5.49788,-0.0418308,-0.014474,0.607527,-5.08152,0.0287419,0.0687419
33286,0.132619,0.013473,-0.0046398,-5.49788,-0.0398486,0.0260217,0.620839,-5.14736,0.00941354,0.0726817
33293,0.132619,0.013473,-0.0046398,-5.49788,-0.0391,-0.0754901,0.608735,-5.11084,0.0314546,0.0589642
33302,0.132619,0.013473,-0.0046398,-5.49021,-0.0403068,-0.120004,0.615883,-5.22194,0.0253377,0.0368938
33310,0.132619,0.013473,-0.0046398,-5.49021,-0.0429544,0.016028,0.620305,-5.14993,0.0142086,0.0653941
33318,0.132619,0.013473,-0.0023199,-5.40586,-0.0421731,0.00643352,0.622835,-5.31504,-0.0147015,0.0354021
33326,0.132619,0.013473,-0.0023199,-5.40586,-0.0431432,-0.04765,0.612777,-5.18902,0.0120568,0.0382122
33334,0.132778,0.0134114,-0.0023199,-5.40586,-0.0404005,0.0522623,0.633625,-5.33664,-0.0290662,0.0448363
33342,0.132778,0.013393,-0.0023199,-5.40586,-0.041056,-0.183657,0.613611,-5.10723,0.0411628,0.028032
33350,0.132619,0.0134467,-0.0023199,-5.40586,-0.0414345,0.0911574,0.625375,-5.16845,-0.0129205,0.0684931
33358,0.132619,0.0134617,-0.0023199,-5.40586,-0.0403746,-0.0753361,0.604187,-5.17152,0.0162758,0.0380813
33365,0.132619,0.0134682,-0.0023199,-5.40586,-0.0427805,0.13179,0.619144,-5.10106,-0.00883262,0.0804129
33374,0.132619,0.0134709,-0.0023199,-5.40586,-0.0393275,0.130347,0.629543,-5.21628,-0.0285768,0.073007
33382,0.132619,0.0134721,-0.0023199,-5.40586,-0.0388115,-0.0789578,0.613988,-5.03933,0.0287429,0.0568284
33390,0.132619,0.0134726,0.00232002,-5.40586,-0.0381512,0.0446681,0.627821,-5.16536,-0.00897012,0.065179
33398,0.132619,0.0134729,0.00232002,-5.40586,-0.0374123,-0.0443075,0.619979,-5.13861,0.00916969,0.0530931
33406,0.132778,0.0134114,0.00232002,-5.40586,-0.0384192,-0.0940272,0.619031,-5.16124,0.0162244,0.0405307
33414,0.132778,0.013393,0.00232002,-5.40586,-0.0396165,0.0354925,0.622222,-5.15507,-0.00341059,0.0619982
33422,0.132778,0.0133851,-0.0023199,-5.50554,-0.0389257,-0.0147448,0.615985,-5.15867,0.0155349,0.0655894
33430,0.132778,0.0133817,-0.0023199,-5.50554,-0.0390175,0.0618636,0.636788,-5.20136,-0.00542042,0.0767013
33437,0.132778,0.0133802,-0.0023199,-5.50554,-0.0374843,-0.0134102,0.626775,-5.12935,0.0150467,0.0730254
33446,0.132778,0.0133796,0.00232002,-5.50554,-0.0370705,-0.0620398,0.629449,-5.16536,0.0186121,0.0608202
33454,0.132778,0.0133793,0.00232002,-5.50554,-0.0368088,-0.0151473,0.631711,-5.16742,0.0098738,0.0692183
33462,0.132778,0.0133792,0.00232002,-5.49788,-0.0366005,-0.105599,0.633502,-5.25177,0.0134482,0.0436523
33470,0.132778,0.0133792,0.00232002,-5.49788,-0.0386879,0.0148181,0.641854,-5.21988,-0.00123327,0.0661949
33478,0.132778,0.0133792,0.00232002,-5.50554,-0.0374553,0.0352222,0.652507,-5.2708,-0.0131182,0.0679513
33486,0.132778,0.0133792,0.00232002,-5.50554,-0.037816,-0.0004959,0.649539,-5.21731,7.797e-05,0.0672689
33494,0.132619,0.0134407,0.00232002,-5.50554,-0.0361347,0.0184286,0.652302,-5.3531,-0.0217514,0.0571266
33502,0.132619,0.0134591,0.00232002,-5.50554,-0.037316,-0.102539,0.650555,-5.26926,0.0100925,0.0446891
33509,0.132619,0.0134671,0.00232002,-5.50554,-0.037956,0.0605224,0.653773,-5.33202,-0.0239427,0.0643948
33518,0.132619,0.0134705,0.00232002,-5.50554,-0.0358645,-0.00034583,0.663089,-5.30784,-0.0153748,0.0613819
33526,0.132619,0.0134719,0.00232002,-5.50554,-0.0345156,-0.076035,0.646974,-5.3099,-0.00233331,0.0476428
33534,0.132778,0.013411,0.00232002,-5.52855,-0.0344624,-0.0135348,0.654414,-5.30681,-0.0109395,0.0625996
33542,0.132778,0.0133928,0.00232002,-5.52855,-0.0317539,0.024559,0.645788,-5.23583,-0.011242,0.0798116
33550,0.132619,0.0134466,0.00232002,-5.52855,-0.0317256,-0.109596,0.638781,-5.25281,0.0101219,0.054034
33558,0.132619,0.0134617,0.00232002,-5.52855,-0.0325189,-0.0609797,0.637435,-5.26875,0.00151595,0.0590124
33566,0.132619,0.0134681,0.00232002,-5.52855,-0.0330284,-0.0766934,0.643065,-5.28367,0.00216208,0.0547901
33574,0.132619,0.0134709,0.00232002,-5.52855,-0.0331974,0.0502648,0.655497,-5.29961,-0.0225131,0.076085
33581,0.132619,0.0134721,0.00232002,-5.52855,-0.0310636,-9.004e-05,0.659501,-5.3207,-0.0202266,0.0686997
33590,0.132619,0.0134726,0.00232002,-5.54388,-0.0317441,-0.0685733,0.659471,-5.33716,-0.00807619,0.0560665
33598,0.132619,0.0134729,0.00232002,-5.54388,-0.03141,0.0677129,0.671061,-5.41585,-0.0422483,0.0720818
33606,0.132619,0.013473,-0.0023199,-5.55155,-0.0313918,-0.0292625,0.677316,-5.43026,-0.0287576,0.0567084
33614,0.132619,0.013473,-0.0023199,-5.55155,-0.0319438,-0.007292,0.672645,-5.46781,-0.0353121,0.0544573
33622,0.132619,0.013473,-0.0023199,-5.55155,-0.0322013,-0.140899,0.667893,-5.51308,-0.0173962,0.0254467
33630,0.132619,0.013473,-0.0023199,-5.55155,-0.0326389,-0.0782985,0.666863,-5.42563,-0.0166951,0.0455717
33638,0.132619,0.013473,-0.0023199,-5.57455,-0.0330783,-0.208456,0.654264,-5.42152,0.0106913,0.0241834
33646,0.132619,0.013473,-0.0023199,-5.57455,-0.0357361,-0.00728434,0.651956,-5.37368,-0.0129791,0.0597148
33653,0.132619,0.013473,-0.0023199,-5.57455,-0.0365466,0.013367,0.650227,-5.30424,-0.0068275,0.0700051
33662,0.132619,0.013473,-0.0023199,-5.57455,-0.0360009,0.169504,0.669581,-5.29961,-0.0360104,0.100764
33670,0.132619,0.013473,-0.0023199,-5.57455,-0.0343584,0.00697844,0.678109,-5.47707,-0.0336246,0.0560217
33678,0.132619,0.013473,-0.0023199,-5.58222,-0.0343471,0.102218,0.682672,-5.41173,-0.0415491,0.0814676
33686,0.132619,0.013473,-0.0023199,-5.58222,-0.0313359,0.0160402,0.696164,-5.45291,-0.0384276,0.0684129
33694,0.132619,0.013473,-0.0023199,-5.58222,-0.0333101,-0.171294,0.677647,-5.41792,0.00241613,0.0352299
33702,0.132619,0.013473,-0.0023199,-5.58222,-0.0335166,-0.0348718,0.681655,-5.54909,-0.0359998,0.0430942
33710,0.132619,0.013473,-0.0023199,-5.58222,-0.0343968,-0.207781,0.659944,-5.41586,0.0130429,0.0249592
33718,0.132619,0.013473,-0.0023199,-5.58222,-0.0346827,0.0603752,0.674261,-5.51925,-0.0454721,0.0598789
33725,0.132619,0.013473,-0.0023199,-5.58222,-0.0339047,-0.0602866,0.664628,-5.40609,-0.0116664,0.0524309
33734,0.132619,0.013473,-0.0023199,-5.58989,-0.0351403,-0.0290186,0.6655,-5.38447,-0.0118413,0.0595943
33742,0.132619,0.013473,-0.0023199,-5.58989,-0.0354342,0.0245771,0.663377,-5.40249,-0.0220971,0.0657555
33750,0.132619,0.013473,-0.0023199,-5.58222,-0.0355772,0.0294803,0.67569,-5.43283,-0.0291752,0.0638739
33758,0.132619,0.013473,-0.0023199,-5.58222,-0.0358566,-0.0858841,0.66587,-5.45392,-0.0105858,0.0399521
33766,0.132619,0.013473,-0.0023199,-5.57455,-0.0368105,0.0072298,0.66522,-5.35156,-0.0134393,0.0654251
33774,0.132619,0.013473,-0.0023199,-5.57455,-0.0348708,0.0217627,0.663046,-5.42512,-0.0268239,0.06152
33782,0.132619,0.013473,-0.0023199,-5.56689,-0.0349389,-0.0351293,0.66139,-5.33819,-0.00770014,0.0609326
33790,0.132619,0.013473,-0.0023199,-5.56689,-0.034922,0.0316119,0.673187,-5.52337,-0.0424986,0.0522229
33797,0.132619,0.013473,-0.0023199,-5.56689,-0.0356109,-0.0539086,0.664963,-5.36082,-0.00690971,0.0547336
33806,0.132619,0.013473,-0.0046398,-5.56689,-0.0360187,0.081429,0.678255,-5.49405,-0.046981,0.0637619
33814,0.132619,0.013473,-0.0046398,-5.56689,-0.0342224,-0.0793408,0.669445,-5.43181,-0.0140619,0.045072
33822,0.132619,0.013473,-0.0046398,-5.55155,-0.0365265,0.0185437,0.685655,-5.52852,-0.0429281,0.0477551
33830,0.132619,0.013473,-0.0046398,-5.55155,-0.0324616,0.00285923,0.671545,-5.55474,-0.0467236,0.045371
33838,0.132619,0.013473,-0.0046398,-5.55155,-0.0345159,-0.196198,0.669071,-5.34642,0.0140132,0.0331759
33846,0.132619,0.013473,-0.0046398,-5.55155,-0.0339012,0.0372005,0.663913,-5.43232,-0.0347835,0.0624106
33854,0.132619,0.013473,-0.0046398,-5.45954,-0.0346626,-0.148085,0.645231,-5.37729,-0.00439665,0.0227195
33862,0.132619,0.013473,-0.0046398,-5.45954,-0.0348783,0.154963,0.670868,-5.32483,-0.0522469,0.0838699
33869,0.132619,0.013473,-0.0046398,-5.45954,-0.0325146,-0.0469618,0.650154,-5.30732,-0.016642,0.0518194
33878,0.132619,0.013473,-0.0046398,-5.45954,-0.0341158,-0.0668471,0.65795,-5.3423,-0.0165288,0.0433662
33886,0.132619,0.013473,-0.0046398,-5.45954,-0.0334321,0.0245596,0.647116,-5.32173,-0.0284394,0.0604185
33894,0.132619,0.013473,-0.0046398,-5.45954,-0.033945,-0.0885444,0.649987,-5.2739,-0.00382652,0.046747
33902,0.132619,0.013473,-0.0046398,-5.45954,-0.035319,0.0601197,0.644632,-5.24355,-0.0221297,0.0726431
33910,0.132619,0.013473,-0.0046398,-5.45954,-0.0322249,-0.068023,0.640026,-5.24355,-0.00440572,0.0545752
33918,0.132619,0.013473,-0.0046398,-5.45954,-0.0337139,-0.0791034,0.633779,-5.1921,0.00653984,0.0557175
33926,0.132619,0.013473,-0.0046398,-5.45954,-0.0319676,0.0502709,0.658597,-5.38551,-0.0440712,0.0610954
33934,0.132619,0.013473,-0.0046398,-5.45954,-0.033298,-0.127591,0.644943,-5.27749,0.00214268,0.0398201
33941,0.132619,0.013473,-0.0046398,-5.45954,-0.0322273,0.121408,0.656922,-5.33098,-0.0488035,0.0789111
33950,0.132619,0.013473,-0.0046398,-5.45187,-0.0311407,-0.215768,0.638989,-5.22657,0.0198451,0.0320909
33958,0.132619,0.013473,-0.0046398,-5.45187,-0.0353063,0.0233372,0.657148,-5.42562,-0.0404269,0.046042
33966,0.132619,0.013473,-0.0046398,-5.43653,-0.032047,-0.199644,0.638772,-5.52181,-0.0181424,-0.00319572
33974,0.132619,0.013473,-0.0046398,-5.43653,-0.0361047,-0.0982755,0.651245,-5.25897,-0.00040719,0.0413586
33982,0.132619,0.013473,-0.0046398,-5.42886,-0.0329668,-0.14412,0.62957,-5.36802,-0.00737913,0.0206867
33990,0.132619,0.013473,-0.0046398,-5.42886,-0.036064,-0.196317,0.61902,-5.10723,0.0379425,0.0367176
33998,0.132619,0.013473,-0.0046398,-5.42886,-0.0372319,-0.0476734,0.616383,-5.21422,0.00273941,0.0470979
34006,0.132619,0.013473,-0.0046398,-5.42886,-0.037151,0.0303112,0.609381,-5.15558,-0.00225185,0.0661691
34013,0.132619,0.013473,-0.0046398,-5.42886,-0.0357088,-0.0684506,0.608549,-5.25744,0.00026137,0.0393339
34022,0.132619,0.013473,-0.0046398,-5.33685,-0.0359481,-0.00314382,0.614865,-5.05939,0.00124823,0.0635701
34030,0.132619,0.013473,-0.0046398,-5.33685,-0.034942,-0.0200804,0.620724,-5.06557,0.00100316,0.0623225
34038,0.132619,0.013473,-0.0046398,-5.32918,-0.0346273,-0.0104721,0.623318,-5.05734,-0.00137153,0.0648637
34046,0.132619,0.013473,-0.0046398,-5.32918,-0.0337076,0.00790156,0.628257,-5.10312,-0.0118659,0.0646221
34054,0.132619,0.013473,-0.00695971,-5.19883,-0.0327121,-0.0276663,0.638901,-5.19828,-0.0359995,0.0354316
34062,0.132619,0.013473,-0.00695971,-5.19883,-0.0327794,-0.0457925,0.618353,-4.99047,-0.0051102,0.0535366
34070,0.132619,0.013473,-0.00695971,-5.09915,-0.0319835,-0.0302009,0.623659,-5.06763,-0.030476,0.037219
34078,0.132619,0.013473,-0.00695971,-5.09915,-0.0344916,-0.171554,0.605312,-5.03779,0.00284863,0.0104698
34085,0.132619,0.013473,-0.00695971,-5.09915,-0.0345474,0.0289438,0.623266,-5.15507,-0.0469968,0.0332405
34094,0.132619,0.013473,-0.00927961,-5.09148,-0.0346659,-0.217501,0.593567,-4.9303,0.0239791,0.0127614
34102,0.132619,0.013473,-0.00927961,-5.09148,-0.0372005,-0.0932277,0.603399,-4.94315,0.0037717,0.0302735
34110,0.132619,0.013473,-0.00927961,-4.99946,-0.0376965,-0.051502,0.601299,-4.96938,-0.0160541,0.0223073
34118,0.132619,0.013473,-0.00927961,-4.99946,-0.0386152,0.0138993,0.596994,-4.78266,-0.0029337,0.053445
34126,0.132619,0.013473,-0.00927961,-4.91512,-0.0381247,0.0212302,0.587972,-4.73483,-0.00767006,0.0495916
34134,0.132619,0.013473,-0.00927961,-4.91512,-0.0371647,0.0309534,0.583109,-4.70808,-0.00666256,0.0549412
34142,0.132619,0.013473,-0.00927961,-4.89211,-0.0360117,0.105295,0.599191,-4.81147,-0.0380414,0.0567283
34150,0.132619,0.013473,-0.00927961,-4.89211,-0.0333599,-0.00728075,0.595079,-4.79706,-0.0206705,0.0424567
34157,0.132619,0.013473,-0.00927961,-4.89211,-0.0351774,0.0545281,0.599939,-4.71065,-0.0190168,0.0613612
34166,0.132619,0.013473,-0.00927961,-4.88444,-0.0338429,0.166047,0.607329,-4.83976,-0.0566265,0.0670429
34174,0.132619,0.013473,-0.00927961,-4.88444,-0.0320909,-0.0587048,0.593755,-4.76518,-0.0108259,0.0381918
34182,0.132619,0.013473,-0.00927961,-4.80777,-0.0331054,-0.0346002,0.603094,-4.9236,-0.0426333,0.0145625
34190,0.132619,0.013473,-0.00927961,-4.80777,-0.0319023,-0.13517,0.579734,-4.77238,-0.00604437,0.0133796
34198,0.132619,0.013473,-0.046398,-4.80777,-0.0339345,-0.122535,0.56983,-4.74203,-0.00615575,0.0206667
34206,0.132619,0.013473,-0.046398,-4.80777,-0.0346368,-0.0451179,0.578986,-4.75849,-0.0214307,0.0322803
34214,0.132619,0.013473,-0.046398,-4.80777,-0.0356435,0.0883778,0.570886,-4.53267,-0.0142511,0.0787925
34222,0.132619,0.013473,-0.046398,-4.80777,-0.0339377,0.15166,0.583383,-4.66796,-0.045026,0.0778525
34229,0.132619,0.013473,-0.046398,-4.80777,-0.0333222,0.0914462,0.582813,-4.62372,-0.0305915,0.073687
34238,0.132619,0.013473,-0.046398,-4.80777,-0.0323147,0.103027,0.586563,-4.64224,-0.036678,0.0754514
34246,0.132619,0.013473,-0.046398,-4.80777,-0.0310738,0.0432167,0.59931,-4.68956,-0.0361007,0.063543
34254,0.132778,0.0134114,-0.048718,-4.71575,-0.030397,-0.00342134,0.584856,-4.62012,-0.0300703,0.0520526
34262,0.132778,0.013393,-0.048718,-4.71575,-0.0302813,-0.0134086,0.594888,-4.66127,-0.0350627,0.0473047
34270,0.132619,0.0134467,-0.0835165,-4.70042,-0.0294906,0.0097695,0.595113,-4.70191,-0.0521719,0.0512873
34278,0.132619,0.0134617,-0.0835165,-4.70042,-0.0292256,-0.00061956,0.599421,-4.61549,-0.0413053,0.0607912
34286,0.132619,0.0134682,-0.0858364,-4.69275,-0.0293434,0.0831748,0.622832,-4.61858,-0.0604258,0.0776275
34294,0.132619,0.0134709,-0.0858364,-4.69275,-0.0273354,0.064662,0.625918,-4.62372,-0.0612123,0.077174
34301,0.132619,0.0134721,-0.0858364,-4.69275,-0.0269479,-0.0989451,0.636643,-4.57177,-0.0302464,0.0579827
34310,0.132619,0.0134726,-0.120635,-4.61607,-0.027951,-0.16756,0.634705,-4.55325,-0.0296479,0.0434364
34318,0.132619,0.0134729,-0.120635,-4.61607,-0.0285722,-0.204195,0.641287,-4.72608,-0.0441513,0.0170247
34326,0.132619,0.013473,-0.120635,-4.60073,-0.0295525,-0.193674,0.633888,-4.58463,-0.0284979,0.0311572
34334,0.132619,0.013473,-0.120635,-4.60073,-0.0308959,-0.123729,0.640034,-4.46684,-0.0253516,0.0560079
34342,0.132619,0.013473,-0.120635,-4.60073,-0.0307269,-0.0735008,0.659114,-4.54605,-0.0463097,0.0584241
34350,0.132619,0.013473,-0.120635,-4.60073,-0.0307593,-0.10081,0.655236,-4.5049,-0.0362681,0.0580126
34358,0.132619,0.013473,-0.153114,-4.50872,-0.0327418,-0.178486,0.655172,-4.5872,-0.0464409,0.0267781
34366,0.132619,0.013473,-0.153114,-4.50872,-0.0348348,-0.0412594,0.672586,-4.45964,-0.0540747,0.0649092
34373,0.132619,0.013473,-0.153114,-4.50872,-0.0338091,-0.0609703,0.676978,-4.41746,-0.0479537,0.0687004
34382,0.132619,0.013473,-0.183272,-4.50105,-0.0326452,-0.231642,0.671057,-4.41746,-0.0260844,0.0445247
34390,0.132619,0.013473,-0.183272,-4.50105,-0.0339235,-0.240171,0.685055,-4.51364,-0.036506,0.032198
34398,0.132619,0.013473,-0.183272,-4.38603,-0.0354021,-0.201139,0.693958,-4.48381,-0.0524145,0.0280962
34406,0.132619,0.013473,-0.183272,-4.38603,-0.0370439,-0.199934,0.691831,-4.30944,-0.0294732,0.0462944
34414,0.132619,0.013473,-0.225031,-4.38603,-0.0382909,-0.139048,0.710227,-4.33876,-0.0509894,0.0610618
34422,0.132619,0.013473,-0.225031,-4.38603,-0.0388507,-0.19953,0.690152,-4.26469,-0.0282427,0.0556056
34430,0.132619,0.013473,-0.22735,-4.50872,-0.0398,-0.276275,0.702619,-4.40306,-0.0184567,0.0418731
34438,0.132619,0.013473,-0.22735,-4.50872,-0.0415551,-0.278542,0.696002,-4.38762,-0.0127898,0.0398157
34446,0.132619,0.013473,-0.22735,-4.50872,-0.0434913,-0.193007,0.706569,-4.37271,-0.0242469,0.055025
34454,0.132619,0.013473,-0.22735,-4.50872,-0.0438077,-0.144511,0.706162,-4.31098,-0.0245078,0.069998
34462,0.132619,0.013473,-0.22735,-4.50872,-0.0446354,-0.156102,0.706334,-4.32435,-0.0230559,0.0653421
34470,0.132619,0.013473,-0.225031,-4.50872,-0.0456013,-0.157304,0.721494,-4.38145,-0.0303269,0.0591196
34478,0.132619,0.013473,-0.225031,-4.50872,-0.0468277,-0.159831,0.719666,-4.38556,-0.0284166,0.056212
34486,0.132619,0.013473,-0.187912,-4.50105,-0.0479735,-0.217653,0.723066,-4.401,-0.0145596,0.036707
34494,0.132619,0.013473,-0.187912,-4.50105,-0.0498923,-0.231643,0.703071,-4.37528,-0.00336061,0.0315058
34502,0.132619,0.013473,-0.160073,-4.48571,-0.0513086,-0.218856,0.710641,-4.46118,-0.0122014,0.0164656
34510,0.132619,0.013473,-0.160073,-4.48571,-0.0528029,-0.138252,0.702503,-4.42466,-0.0178904,0.0309957
34517,0.132619,0.013473,-0.160073,-4.48571,-0.0532815,-0.0396625,0.711991,-4.42517,-0.0351531,0.0484304
34526,0.132619,0.013473,-0.157753,-4.47805,-0.053415,-0.00395237,0.709836,-4.36808,-0.0343408,0.0593906
34534,0.132619,0.013473,-0.157753,-4.47805,-0.0532902,-0.0353967,0.713503,-4.39791,-0.0334092,0.0513237
34542,0.132619,0.013473,-0.129915,-4.47805,-0.054364,-0.10161,0.717686,-4.41129,-0.0187353,0.0332737
34550,0.132619,0.013473,-0.129915,-4.47805,-0.0549549,-0.117597,0.707227,-4.39637,-0.011835,0.0298362
34558,0.132619,0.013473,-0.127595,-4.47805,-0.0554446,-0.0619078,0.709746,-4.44266,-0.0258751,0.0331101
34566,0.132619,0.013473,-0.127595,-4.47805,-0.0556017,-0.0140801,0.695435,-4.37425,-0.0232173,0.0467409
34574,0.132619,0.013473,-0.127595,-4.46271,-0.0554986,0.063726,0.716261,-4.37014,-0.0409222,0.0620372
34582,0.132619,0.013473,-0.127595,-4.46271,-0.0538623,0.124613,0.727698,-4.33361,-0.0507904,0.0807365
34589,0.132619,0.013473,-0.127595,-4.46271,-0.0539901,0.024027,0.720658,-4.30172,-0.0290618,0.0662286
34598,0.132619,0.013473,-0.125275,-4.46271,-0.0539697,0.0241575,0.73794,-4.38454,-0.0412786,0.0588994
34606,0.132619,0.013473,-0.125275,-4.46271,-0.0528952,-0.0679013,0.729178,-4.46735,-0.0358498,0.0336594
34614,0.132619,0.013473,-0.0927961,-4.44737,-0.0526824,-0.168758,0.730408,-4.36294,-0.00390755,0.0224378
34622,0.132619,0.013473,-0.0927961,-4.44737,-0.0534108,-0.105207,0.725018,-4.36602,-0.0129309,0.0309146
34630,0.132619,0.013473,-0.0927961,-4.43971,-0.053816,-0.0401926,0.720115,-4.34236,-0.020471,0.0424197
34638,0.132619,0.013473,-0.0927961,-4.43971,-0.0530131,0.0585317,0.715757,-4.28989,-0.0310423,0.0656854
34646,0.132619,0.013473,-0.0603175,-4.43204,-0.0524159,0.00897345,0.720643,-4.32898,-0.0247187,0.0481807
34654,0.132619,0.013473,-0.0603175,-4.43204,-0.0526074,0.0269543,0.723338,-4.31561,-0.0262926,0.0529633
34661,0.132619,0.013473,-0.0603175,-4.43204,-0.0521129,0.0782491,0.732182,-4.35625,-0.0416798,0.0589222
34670,0.132619,0.013473,-0.0603175,-4.43204,-0.0512369,-0.0172752,0.720385,-4.37734,-0.0276434,0.03963
34678,0.132619,0.013473,-0.0603175,-4.43204,-0.0512201,-0.0102167,0.728172,-4.3583,-0.0278471,0.0443486
34686,0.132619,0.013473,-0.0603175,-4.42437,-0.0508998,0.0250897,0.743512,-4.42311,-0.045145,0.0446515
34694,0.132619,0.013473,-0.0603175,-4.42437,-0.0504572,0.0433439,0.73775,-4.25749,-0.028332,0.0669956
34702,0.132619,0.013473,-0.0579976,-4.43204,-0.0499206,0.116487,0.760451,-4.36602,-0.0563507,0.0714366
34710,0.132619,0.013473,-0.0579976,-4.43204,-0.0483631,-0.00888224,0.742947,-4.30172,-0.0273252,0.0572301
34718,0.132619,0.013473,-0.0278388,-4.43204,-0.0482515,-0.0496479,0.758909,-4.37631,-0.0272277,0.0394041
34726,0.132619,0.013473,-0.0278388,-4.43204,-0.0471594,-0.0693672,0.756847,-4.33207,-0.0199152,0.0424888
34733,0.132619,0.013473,-0.0278388,-4.43204,-0.0465515,-0.0515104,0.755103,-4.3763,-0.0286379,0.0408339
34742,0.132619,0.013473,-0.0255189,-4.43204,-0.0459698,-0.137853,0.743087,-4.27292,-0.00064261,0.0369885
34750,0.132619,0.013473,-0.0255189,-4.43204,-0.0475658,-0.00688677,0.757643,-4.37373,-0.0343713,0.0472939
34758,0.132619,0.013473,-0.0255189,-4.54706,-0.0468039,0.0743833,0.76613,-4.41848,-0.0419652,0.0717328
34766,0.132619,0.013473,-0.0255189,-4.54706,-0.0463582,0.0185662,0.759679,-4.34956,-0.0241705,0.0700442
34774,0.132619,0.013473,-0.0208791,-4.54706,-0.0466139,-0.0208747,0.772763,-4.50593,-0.037071,0.0459121
34782,0.132619,0.013473,-0.0208791,-4.54706,-0.0466764,-0.100409,0.75371,-4.37939,-0.00583293,0.044299
34790,0.132619,0.013473,-0.0208791,-4.55473,-0.0471276,-0.0802961,0.762381,-4.44729,-0.0170387,0.0413428
34798,0.132619,0.013473,-0.0208791,-4.55473,-0.0468497,-0.0432541,0.753488,-4.38402,-0.0146691,0.0540229
34805,0.132619,0.013473,-0.0208791,-4.55473,-0.0474639,0.0188263,0.760963,-4.45552,-0.0337384,0.0563947
34814,0.132619,0.013473,-0.0185592,-4.57006,-0.0469964,0.0967684,0.766866,-4.37733,-0.0368481,0.081823
34822,0.132619,0.013473,-0.0185592,-4.57006,-0.0453958,0.0260248,0.776606,-4.455,-0.0380449,0.0644966
34830,0.132619,0.013473,-0.0162393,-4.65441,-0.0458816,-0.0288668,0.775663,-4.37682,-0.00860969,0.0732522
34838,0.132619,0.013473,-0.0162393,-4.65441,-0.0465833,-0.0118144,0.781581,-4.51879,-0.0281527,0.0593265
34846,0.132619,0.013473,-0.0162393,-4.65441,-0.0467124,-0.0620406,0.771486,-4.54039,-0.0205759,0.0464951
34854,0.132619,0.013473,-0.0162393,-4.65441,-0.0473544,-0.0476543,0.778414,-4.51622,-0.020345,0.0520058
34862,0.132778,0.0134114,-0.0162393,-4.66974,-0.0476503,0.0321525,0.785528,-4.55171,-0.0367343,0.0638756
34870,0.132778,0.013393,-0.0162393,-4.66974,-0.0464551,0.00937061,0.789001,-4.55222,-0.0352437,0.0622126
34877,0.132778,0.0133851,-0.0162393,-4.66974,-0.0465511,-0.00368456,0.800708,-4.5872,-0.0389656,0.0576387
34886,0.132619,0.0134433,-0.0162393,-4.66974,-0.0457788,0.00137489,0.809932,-4.53268,-0.035876,0.0674468
34894,0.132619,0.0134602,-0.0162393,-4.66974,-0.0462802,-0.0720293,0.809925,-4.54502,-0.0244591,0.0528863
34902,0.132619,0.0134675,-0.0139194,-4.66974,-0.0465176,-0.142515,0.802917,-4.51416,-0.00730945,0.0428032
34910,0.132619,0.0134707,-0.0139194,-4.66974,-0.0476345,-0.098147,0.80898,-4.60932,-0.0253114,0.038462
34918,0.132619,0.013472,-0.0139194,-4.66974,-0.04764,-0.0571165,0.799049,-4.52908,-0.021045,0.0532588
34926,0.132619,0.0134726,-0.0139194,-4.66974,-0.0479301,-0.0124792,0.808992,-4.54657,-0.0317018,0.0599196
34934,0.132619,0.0134728,-0.0139194,-4.66974,-0.0471662,0.0486702,0.810513,-4.54863,-0.0433662,0.0712944
34942,0.132619,0.0134729,-0.0139194,-4.66974,-0.046653,-0.1096,0.809163,-4.60314,-0.024059,0.0386468
34949,0.132619,0.013473,-0.0139194,-4.66974,-0.0490999,-0.0672415,0.815396,-4.50953,-0.0176928,0.0544705
34958,0.132619,0.013473,-0.00927961,-4.66974,-0.0484935,-0.0796247,0.812474,-4.62681,-0.0290747,0.0381396
34966,0.132619,0.013473,-0.00927961,-4.66974,-0.049694,-0.173821,0.790208,-4.52805,0.00339736,0.0286743
34974,0.132619,0.013473,-0.00927961,-4.67741,-0.0515546,-0.0743055,0.807292,-4.63298,-0.0247465,0.0341351
34982,0.132619,0.013473,-0.00927961,-4.67741,-0.0519536,-0.0088799,0.79236,-4.57486,-0.0257841,0.0490828
34990,0.132619,0.013473,-0.00927961,-4.67741,-0.0515999,0.0548005,0.806656,-4.5373,-0.0346949,0.0670574
34998,0.132619,0.013473,-0.00927961,-4.67741,-0.0504611,0.0638603,0.808073,-4.54657,-0.0390773,0.0692975
35006,0.132619,0.013473,-0.00927961,-4.69275,-0.049192,0.0615962,0.826066,-4.59234,-0.0469265,0.0699757
35014,0.132619,0.013473,-0.00927961,-4.69275,-0.0481526,0.0161625,0.828594,-4.50078,-0.0304448,0.0749841
35021,0.132619,0.013473,-0.00927961,-4.69275,-0.0471861,-0.0805616,0.824491,-4.55325,-0.0212696,0.0531458
35030,0.132619,0.013473,-0.00927961,-4.69275,-0.0476986,-0.13518,0.827048,-4.64532,-0.0227799,0.0327496
35038,0.132619,0.013473,-0.00927961,-4.69275,-0.0481023,-0.118131,0.832017,-4.73843,-0.0368212,0.0248595
35046,0.132619,0.013473,-0.00927961,-4.70042,-0.0485092,-0.131714,0.813633,-4.58463,-0.012027,0.0381307
35054,0.132619,0.013473,-0.00927961,-4.70042,-0.047672,-0.0828239,0.821544,-4.53885,-0.0171535,0.0542246
35062,0.132619,0.013473,-0.00927961,-4.71575,-0.0475576,-0.133849,0.812529,-4.59234,-0.0119028,0.0398131
35070,0.132619,0.013473,-0.00927961,-4.71575,-0.0486461,-0.020609,0.817955,-4.62835,-0.0342846,0.0540222
35078,0.132619,0.013473,-0.00927961,-4.80777,-0.0475755,-0.0695,0.809033,-4.53525,-0.00440479,0.0677064
35086,0.132619,0.013473,-0.00927961,-4.80777,-0.0501398,-0.0488557,0.821854,-4.58925,-0.0127355,0.0633146
35093,0.132619,0.013473,-0.00927961,-4.80777,-0.0492701,0.0526616,0.825357,-4.79244,-0.0552496,0.0581887
35102,0.132619,0.013473,-0.00927961,-4.80777,-0.0490391,-0.146497,0.815028,-4.67464,-0.00703339,0.0371768
35110,0.132619,0.013473,-0.00927961,-4.80777,-0.0512373,0.0627819,0.837855,-4.72555,-0.0483586,0.0670899
35118,0.132619,0.013473,-0.00927961,-4.80777,-0.0485247,-0.0583034,0.822117,-4.73997,-0.0311871,0.0461854
35126,0.132619,0.013473,-0.00927961,-4.80777,-0.0493748,-0.162364,0.822989,-4.66436,-0.00401428,0.0365336
35134,0.132619,0.013473,-0.00927961,-4.81543,-0.050441,-0.107868,0.819348,-4.70345,-0.0146959,0.039946
35142,0.132619,0.013473,-0.00927961,-4.81543,-0.0506607,-0.112264,0.810741,-4.67207,-0.00858281,0.0412227
35150,0.132619,0.013473,-0.00927961,-4.91512,-0.0522344,-0.0725671,0.799827,-4.67515,0.00013966,0.0553982
35158,0.132619,0.013473,-0.00927961,-4.91512,-0.0518461,0.0242924,0.805456,-4.73277,-0.0241328,0.0663706
35165,0.132619,0.013473,-0.00927961,-4.91512,-0.0513794,-0.00541808,0.790902,-4.73277,-0.0175081,0.0596609
35174,0.132619,0.013473,-0.00927961,-4.91512,-0.0513487,0.0294857,0.810515,-4.83256,-0.0382484,0.056954
35182,0.132619,0.013473,-0.00927961,-4.91512,-0.0502368,0.0172309,0.808488,-4.83873,-0.0381444,0.0553722
35190,0.132619,0.013473,-0.00927961,-4.91512,-0.0502832,-0.0175451,0.818494,-4.79552,-0.0288398,0.0561623
35198,0.132619,0.013473,-0.00927961,-4.91512,-0.0492968,-0.0179433,0.817895,-4.7374,-0.0231817,0.0642372
35206,0.132619,0.013473,-0.00927961,-4.93045,-0.0493895,-0.0912209,0.820934,-4.81867,-0.0191747,0.0444437
35214,0.132619,0.013473,-0.00927961,-4.93045,-0.0502265,-0.0162177,0.828144,-4.85159,-0.0354906,0.0532045
35222,0.132619,0.013473,-0.00927961,-4.93812,-0.0504631,-0.102274,0.821209,-4.86856,-0.0208905,0.0361433
35230,0.132619,0.013473,-0.00927961,-4.93812,-0.0508417,0.00270131,0.826289,-4.76466,-0.0263359,0.0664266
35237,0.132619,0.013473,-0.00927961,-4.93812,-0.0510997,-0.12545,0.807634,-4.87782,-0.0150839,0.0280696
35246,0.132619,0.013473,-0.00927961,-4.95346,-0.0522432,-0.0135569,0.814482,-4.92616,-0.0370424,0.0425594
35254,0.132619,0.013473,-0.00927961,-4.95346,-0.0513445,-0.154625,0.791852,-4.93851,-0.0127187,0.0149044
35262,0.132619,0.013473,-0.00927961,-5.04547,-0.0528434,0.0249607,0.798546,-4.84079,-0.0191319,0.0666269
35270,0.132619,0.013473,-0.00927961,-5.04547,-0.0503819,-0.099878,0.778613,-4.93749,-0.0100137,0.0343386
35278,0.132619,0.013473,-0.00927961,-5.04547,-0.0530424,-0.0892235,0.767934,-4.86187,0.00250088,0.0396669
35286,0.132619,0.013473,-0.00927961,-5.04547,-0.0528254,0.113548,0.778776,-4.98071,-0.047134,0.0618686
35294,0.132619,0.013473,-0.00695971,-5.13748,-0.051282,0.0264355,0.757845,-4.85159,-0.00502174,0.0717092
35302,0.132619,0.013473,-0.00695971,-5.13748,-0.0519666,0.0695782,0.77312,-4.96475,-0.0270222,0.0671213
35309,0.132619,0.013473,-0.00695971,-5.13748,-0.0501682,0.0322958,0.752386,-5.00023,-0.0241553,0.0557908
35318,0.132619,0.013473,-0.00695971,-5.13748,-0.0514332,-0.0609788,0.758023,-4.98892,-0.00654373,0.0405498
35326,0.132619,0.013473,-0.00695971,-5.13748,-0.0508488,0.104892,0.758282,-4.97864,-0.0336524,0.0705951
35334,0.132619,0.013473,-0.00695971,-5.14515,-0.0503378,-0.0288629,0.758961,-5.06608,-0.0217053,0.0394217
35342,0.132619,0.013473,-0.00695971,-5.14515,-0.050349,0.0811669,0.764534,-5.04036,-0.0377834,0.0619033
35350,0.132619,0.013473,-0.00695971,-5.16049,-0.0468252,0.060805,0.769575,-5.07072,-0.0418254,0.0623904
35358,0.132619,0.013473,-0.00695971,-5.16049,-0.048415,-0.0711053,0.763553,-4.97194,-0.00518559,0.0486433
35366,0.132778,0.0134114,-0.00695971,-5.24483,-0.0483399,0.1001,0.785899,-5.21011,-0.0554316,0.0631025
35374,0.132778,0.013393,-0.00695971,-5.24483,-0.0474195,-0.206986,0.738643,-5.12421,0.0119071,0.0151194
35381,0.132778,0.0133851,-0.00695971,-5.24483,-0.0488861,-0.131186,0.74743,-5.13656,-0.00152416,0.0258449
35390,0.132778,0.0133817,-0.00695971,-5.24483,-0.048472,-0.123449,0.733249,-5.11341,0.00163185,0.0281815
35398,0.132778,0.0133802,-0.00695971,-5.24483,-0.0495102,-0.124256,0.709907,-5.19056,-0.0021442,0.0137261
35406,0.132619,0.0134412,-0.00927961,-5.24483,-0.0501801,-0.103078,0.680441,-5.11134,0.0090095,0.0213215
35414,0.132619,0.0134593,-0.00927961,-5.24483,-0.0519828,0.0537289,0.682447,-5.18954,-0.0240044,0.0363262
35422,0.132778,0.0134056,-0.00927961,-5.26017,-0.0507088,0.215335,0.688849,-5.26976,-0.0612565,0.0587709
35430,0.132778,0.0133905,-0.00927961,-5.26017,-0.0484924,0.3054,0.70683,-5.09233,-0.0612338,0.100939
35438,0.132619,0.0134456,-0.00927961,-5.35985,-0.0451179,0.305798,0.739694,-5.03727,-0.052917,0.129202
35446,0.132619,0.0134612,-0.00927961,-5.35985,-0.0425136,0.0981083,0.752918,-5.16639,-0.0394074,0.0846253
35453,0.132619,0.013468,-0.00927961,-5.35985,-0.042289,-0.0387301,0.767925,-5.45856,-0.0538816,0.0297245
35462,0.132619,0.0134708,-0.00927961,-5.35985,-0.0416506,-0.252678,0.732864,-5.37059,-0.00330311,-0.00073303
35470,0.132619,0.0134721,-0.00927961,-5.35985,-0.0444976,-0.234307,0.728691,-5.16639,0.0222934,0.0218852
35478,0.132778,0.013411,-0.00927961,-5.36752,-0.0443936,-0.158489,0.70749,-5.1448,0.0164149,0.0348998
35486,0.132778,0.0133929,-0.00927961,-5.36752,-0.0458321,-0.172881,0.690501,-5.27132,0.00857679,0.0128068
35494,0.132619,0.0134466,-0.00695971,-5.45954,-0.0467245,-0.064038,0.64936,-5.24714,0.0124853,0.0366356
35502,0.132619,0.0134617,-0.00695971,-5.45954,-0.0476336,0.00125317,0.641883,-5.28365,-0.00016028,0.0408468
35510,0.132619,0.0134681,-0.00927961,-5.45954,-0.0467209,0.124341,0.641443,-5.24664,-0.0177344,0.0675433
35518,0.132619,0.0134709,-0.00927961,-5.45954,-0.0441689,-0.020728,0.645097,-5.25693,0.0009997,0.0459807
35525,0.132619,0.0134721,-0.00927961,-5.45954,-0.0452664,0.144054,0.658689,-5.22914,-0.0237036,0.0777272
35534,0.132619,0.0134726,-0.00695971,-5.56689,-0.0400143,0.211083,0.676137,-5.34797,-0.0457985,0.0973944
35542,0.132619,0.0134729,-0.00695971,-5.56689,-0.0402403,-0.0672291,0.665832,-5.28623,0.00954741,0.0557737
35550,0.132619,0.013473,-0.00695971,-5.65123,-0.0395575,0.271151,0.693464,-5.43283,-0.0592247,0.110891
35558,0.132619,0.013473,-0.00695971,-5.65123,-0.0364568,-0.191118,0.663244,-5.38963,0.0230529,0.037453
35566,0.132619,0.013473,-0.00695971,-5.77392,-0.0402625,0.0692917,0.692619,-5.47912,-0.0156831,0.0847584
35574,0.132619,0.013473,-0.00695971,-5.77392,-0.0367465,-0.172327,0.679091,-5.64423,0.0022422,0.0271799
35582,0.132619,0.013473,-0.00695971,-5.85827,-0.0424771,-0.178359,0.672958,-5.51256,0.0375415,0.0427656
35590,0.132619,0.013473,-0.00695971,-5.85827,-0.0373931,-0.103608,0.663325,-5.71729,-0.00438546,0.0366687
35597,0.132619,0.013473,-0.00695971,-5.85827,-0.0400099,-0.224303,0.644257,-5.4925,0.0487531,0.0361836
35606,0.132619,0.013473,-0.00695971,-5.85827,-0.0358414,0.0565159,0.662211,-5.69723,-0.030496,0.0680202
35614,0.132619,0.013473,-0.00695971,-5.85827,-0.0350113,-0.282378,0.616576,-5.50534,0.0544613,0.0273395
35622,0.132619,0.013473,-0.00695971,-5.86593,-0.0373004,0.0546618,0.653539,-5.5424,-0.00764317,0.0834987
35630,0.132619,0.013473,-0.00695971,-5.86593,-0.0349757,-0.226823,0.605736,-5.4246,0.0573728,0.0454647
35638,0.132619,0.013473,-0.00695971,-5.97328,-0.0383715,-0.307068,0.616429,-5.52388,0.0745525,0.0298992
35646,0.132619,0.013473,-0.00695971,-5.97328,-0.0394221,-0.153558,0.59928,-5.54909,0.0503555,0.0485926
35654,0.132619,0.013473,-0.00695971,-6.07297,-0.0410477,-0.303328,0.573488,-5.58509,0.0890507,0.0244491
35662,0.132619,0.013473,-0.00695971,-6.07297,-0.0435639,-0.238722,0.543818,-5.69979,0.0730618,0.0135173
35669,0.132619,0.013473,-0.00695971,-6.07297,-0.0455297,-0.13826,0.523011,-5.88805,0.0402841,0.0021297
35678,0.132778,0.0134114,-0.00695971,-6.07297,-0.0461194,-0.00183362,0.513857,-5.89783,0.0187644,0.0217459
35686,0.132778,0.013393,-0.00695971,-6.07297,-0.0446863,0.0422788,0.50377,-5.76306,0.0269659,0.0455106
35694,0.132778,0.0133851,-0.00695971,-6.07297,-0.0449546,0.153777,0.525836,-5.67921,0.0151705,0.0774345
35702,0.132778,0.0133817,-0.00695971,-6.07297,-0.0434094,0.133148,0.525226,-5.61853,0.0237127,0.083176
35710,0.132619,0.0134418,-0.00695971,-6.07297,-0.0446245,0.0939658,0.54339,-5.82016,0.0052498,0.0539081
35718,0.132619,0.0134596,-0.00695971,-6.07297,-0.0413554,-0.0283263,0.521806,-6.00068,0.00325334,0.0129704
35726,0.132778,0.0134057,-0.00695971,-6.07297,-0.0413033,-0.217103,0.519697,-5.83559,0.0542201,0.00040186
35734,0.132778,0.0133906,-0.00695971,-6.07297,-0.0422286,-0.119188,0.514018,-5.76564,0.0483974,0.0230185
35741,0.132778,0.0133841,-0.00695971,-6.07297,-0.0436906,-0.200315,0.482829,-5.66379,0.0808629,0.0143229
35750,0.132619,0.0134428,-0.00695971,-6.07297,-0.0458076,-0.207262,0.451449,-5.74094,0.0809106,-0.00399151
35758,0.132619,0.01346,-0.00695971,-6.07297,-0.0470982,0.0743822,0.433718,-5.75997,0.0366624,0.036595
35766,0.132619,0.0134675,-0.00695971,-6.07297,-0.0455997,0.0484058,0.422155,-5.99094,0.0135676,0.00511353
35774,0.132619,0.0134706,-0.00695971,-6.07297,-0.0441748,0.259168,0.436613,-5.81759,-0.00519737,0.0654573
35782,0.132619,0.013472,-0.00695971,-6.05763,-0.0407288,0.326847,0.454552,-5.69209,-0.0110402,0.0975627
35790,0.132619,0.0134726,-0.00695971,-6.05763,-0.0393297,0.147674,0.474843,-5.72088,0.0100615,0.0691446
35798,0.132778,0.0134112,-0.00695971,-6.04996,-0.0387157,0.288071,0.489449,-5.70647,-0.0156765,0.0969104
35806,0.132778,0.013393,-0.00695971,-6.04996,-0.0342006,-0.14302,0.478188,-5.86903,0.0322112,0.00941248
35813,0.132778,0.0133851,-0.00695971,-6.04996,-0.038366,-0.154773,0.47879,-5.8788,0.0386156,0.00060428
35822,0.132619,0.0134433,-0.00695971,-6.0423,-0.0348992,-0.0750768,0.458627,-5.98064,0.0110395,0.00262107
35830,0.132619,0.0134602,-0.00695971,-6.0423,-0.036254,-0.180875,0.432168,-5.70957,0.0666476,0.0106564
35838,0.132619,0.0134675,-0.00695971,-6.03463,-0.0361111,0.0438779,0.434103,-5.66173,0.0336526,0.0538149
35846,0.132619,0.0134707,-0.00695971,-6.03463,-0.0368295,-0.0541607,0.404724,-5.707,0.0502793,0.0261932
35854,0.132619,0.013472,-0.0046398,-6.03463,-0.0353074,0.202932,0.423428,-5.80936,-0.00909312,0.062206
35862,0.132619,0.0134726,-0.0046398,-6.03463,-0.0322447,0.0820082,0.407067,-5.76101,0.0150692,0.0491337
35870,0.132619,0.0134728,-0.00695971,-6.03463,-0.0322015,0.170423,0.434609,-5.69825,0.00295123,0.0763373
35878,0.132619,0.0134729,-0.00695971,-6.03463,-0.0291729,0.128498,0.432198,-5.66224,0.0103733,0.0773323
35885,0.132619,0.013473,-0.00695971,-6.03463,-0.0305169,-0.0162219,0.44246,-5.73323,0.026173,0.0443201
35894,0.132619,0.013473,-0.00695971,-6.03463,-0.0286875,0.0930408,0.447029,-5.8397,-0.00771709,0.0534353
35902,0.132619,0.013473,-0.00695971,-6.03463,-0.0282105,-0.159956,0.437672,-5.74197,0.0465595,0.0214675
35910,0.132619,0.013473,-0.00695971,-6.03463,-0.0289237,-0.0467354,0.439299,-5.77696,0.0243985,0.0357026
35918,0.132619,0.013473,-0.00695971,-6.03463,-0.0289929,-0.184451,0.407678,-5.7749,0.0526397,0.00752581
35926,0.132619,0.013473,-0.00695971,-6.0423,-0.0315599,0.00256497,0.420033,-5.80936,0.0200356,0.0343363
35934,0.132619,0.013473,-0.00695971,-6.0423,-0.0302419,0.0108455,0.399185,-5.76667,0.0252429,0.0392475
35942,0.132619,0.013473,-0.00695971,-6.04996,-0.0304399,0.049071,0.405501,-5.72551,0.0239189,0.0522101
35950,0.132619,0.013473,-0.00695971,-6.04996,-0.0296811,0.0917056,0.405428,-5.7646,0.0112211,0.0558205
35957,0.132619,0.013473,-0.00695971,-6.04996,-0.0283629,0.140201,0.409577,-5.68025,0.0106515,0.0764686
35966,0.132778,0.0134114,-0.00695971,-6.05763,-0.0267313,0.0377495,0.413348,-5.77335,0.0146445,0.0520241
35974,0.132778,0.013393,-0.00695971,-6.05763,-0.0261877,0.020432,0.418672,-5.75998,0.0174617,0.0523192
35982,0.132619,0.0134467,-0.00695971,-6.05763,-0.025661,-0.0621717,0.401737,-5.76974,0.0320529,0.035179
35990,0.132619,0.0134617,-0.00695971,-6.05763,-0.0243691,0.0420135,0.428081,-5.82891,0.00183051,0.0517733
35998,0.132619,0.0134682,-0.00695971,-6.05763,-0.0229336,-0.0916089,0.400426,-5.68077,0.0439133,0.0442726
36006,0.132619,0.0134709,-0.00695971,-6.05763,-0.0243605,0.084778,0.434409,-5.82119,-0.00536191,0.060918
36014,0.132778,0.0134105,-0.00695971,-6.05763,-0.0219474,0.0621331,0.42239,-5.74917,0.00543042,0.0670904
36022,0.132778,0.0133927,-0.00695971,-6.05763,-0.0210567,-0.0537759,0.419491,-5.69002,0.0308308,0.0553142
36029,0.132778,0.013385,-0.00695971,-6.05763,-0.0212979,-0.143576,0.418801,-5.80113,0.0330544,0.0265893
36038,0.132619,0.0134432,-0.00695971,-6.07297,-0.0227322,-0.0774948,0.417962,-5.76049,0.0308542,0.0421805
36046,0.132619,0.0134602,-0.00695971,-6.07297,-0.0232207,-0.0671076,0.420297,-5.76924,0.0284201,0.0425738
36054,0.132619,0.0134675,-0.00695971,-6.07297,-0.0238911,0.0456044,0.427709,-5.76512,0.00997106,0.0623274
36062,0.132619,0.0134707,-0.00695971,-6.07297,-0.0229587,0.109692,0.433937,-5.80061,-0.00710468,0.0712331
36070,0.132619,0.013472,-0.00695971,-6.07297,-0.0223273,0.0464098,0.445419,-5.82222,-0.00188033,0.0607288
36078,0.132619,0.0134726,-0.00695971,-6.07297,-0.0222255,-0.0732319,0.439213,-5.70442,0.0326782,0.0536138
36086,0.132619,0.0134728,-0.00695971,-6.05763,-0.0235087,-0.110936,0.447551,-5.87262,0.0177154,0.0251206
36094,0.132619,0.0134729,-0.00695971,-6.05763,-0.023969,-0.102279,0.451407,-5.80627,0.0241106,0.0344083
36101,0.132619,0.013473,-0.00695971,-6.05763,-0.0246745,-0.0595135,0.452228,-5.78261,0.0206501,0.0435731
36110,0.132619,0.013473,-0.00927961,-6.05763,-0.0247736,0.00510222,0.464569,-5.86337,-0.00179429,0.0471494
36118,0.132619,0.013473,-0.00927961,-6.05763,-0.024608,-0.00541973,0.464754,-5.73014,0.01539,0.0613838
36126,0.132619,0.013473,-0.00695971,-6.05763,-0.0254744,0.0141641,0.477942,-5.81142,0.00200767,0.0556291
36134,0.132619,0.013473,-0.00695971,-6.05763,-0.0240311,-0.0111451,0.480094,-5.77901,0.00769255,0.0575385
36142,0.132619,0.013473,-0.00695971,-5.95795,-0.0229961,-0.0945445,0.484487,-5.84639,-0.00030462,0.0258641
36150,0.132619,0.013473,-0.00695971,-5.95795,-0.0234475,-0.330764,0.459072,-5.72757,0.0575375,-0.00465398
36158,0.132619,0.013473,-0.00695971,-5.80459,-0.0265147,-0.197278,0.474128,-5.75277,0.0161681,-0.00507396
36166,0.132619,0.013473,-0.00695971,-5.80459,-0.0287489,-0.06338,0.475801,-5.77489,-0.00582308,0.012069
36173,0.132619,0.013473,-0.00695971,-5.80459,-0.0289666,0.0749181,0.468808,-5.53365,0.00111817,0.0624868
36182,0.132619,0.013473,-0.00695971,-5.69724,-0.0269724,0.122749,0.494356,-5.63601,-0.0383646,0.0526442
36190,0.132619,0.013473,-0.00695971,-5.69724,-0.0259176,0.0365504,0.492978,-5.52131,-0.0117946,0.0529051
36198,0.132619,0.013473,-0.00695971,-5.67424,-0.0251804,-0.054846,0.500587,-5.44363,0.00755014,0.0461994
36206,0.132619,0.013473,-0.00695971,-5.67424,-0.0251268,-0.177147,0.503615,-5.53211,0.0168233,0.0156732
36214,0.132619,0.013473,-0.00695971,-5.58989,-0.025916,-0.224314,0.488365,-5.45135,0.0277515,0.00374158
36222,0.132619,0.013473,-0.00695971,-5.58989,-0.0275911,-0.203398,0.482162,-5.48324,0.0238255,0.00017828
36230,0.132619,0.013473,-0.00695971,-5.58222,-0.0284956,-0.0132808,0.494364,-5.36956,0.00409971,0.0454903
36238,0.132619,0.013473,-0.00695971,-5.58222,-0.0278472,0.0374828,0.493615,-5.36751,-0.00483591,0.0550742
36245,0.132619,0.013473,-0.00695971,-5.58222,-0.0270595,0.0297535,0.503557,-5.36854,-0.00635835,0.0563425
36254,0.132619,0.013473,-0.00695971,-5.57455,-0.0263635,-0.00861382,0.508178,-5.27749,0.00812342,0.0614374
36262,0.132619,0.013473,-0.00695971,-5.57455,-0.0262695,-0.0984094,0.508944,-5.34796,0.0144419,0.0382135
36270,0.132619,0.013473,-0.00695971,-5.48254,-0.0268025,-0.209389,0.498367,-5.30681,0.0292668,0.0110381
36278,0.132619,0.013473,-0.00695971,-5.48254,-0.0283755,-0.241369,0.501616,-5.36854,0.0289252,-0.00331032
36286,0.132619,0.013473,-0.00695971,-5.48254,-0.03019,-0.163303,0.491712,-5.26052,0.0328049,0.018516
36294,0.132619,0.013473,-0.00695971,-5.48254,-0.0313733,0.00390017,0.505479,-5.22245,0.00899924,0.0517966
36302,0.132619,0.013473,-0.00695971,-5.47487,-0.0312182,0.0853097,0.518088,-5.26361,-0.0124819,0.0620033
36310,0.132619,0.013473,-0.00695971,-5.47487,-0.0308489,0.0494727,0.507454,-5.18593,0.00381256,0.0639397
36317,0.132619,0.013473,-0.00695971,-5.47487,-0.0299756,0.0350847,0.533743,-5.27543,-0.00978045,0.0563786
36326,0.132619,0.013473,-0.00695971,-5.47487,-0.0295818,-0.189139,0.510844,-5.16382,0.0436607,0.0286091
36334,0.132619,0.013473,-0.00695971,-5.47487,-0.0304639,-0.213654,0.51495,-5.24354,0.0388763,0.0144875
36342,0.132619,0.013473,-0.00695971,-5.47487,-0.0312615,-0.149042,0.519699,-5.31401,0.0201989,0.0167145
36350,0.132619,0.013473,-0.00695971,-5.47487,-0.0324538,-0.0709765,0.50992,-5.04962,0.0416304,0.0579092
36358,0.132619,0.013473,-0.00695971,-5.45954,-0.0328698,0.0136296,0.525291,-5.21011,0.00499409,0.053295
36366,0.132619,0.013473,-0.00695971,-5.45954,-0.0336494,0.0212276,0.519009,-5.20702,0.00618006,0.0528487
36374,0.132619,0.013473,-0.00695971,-5.36752,-0.0349943,0.0184284,0.524438,-5.1561,0.00277236,0.0465287
36382,0.132619,0.013473,-0.00695971,-5.36752,-0.0343099,-0.0453876,0.531705,-5.20137,0.00590077,0.0325329
36389,0.132619,0.013473,-0.00695971,-5.36752,-0.0339252,-0.108536,0.516434,-5.10517,0.0296269,0.0313257
36398,0.132619,0.013473,-0.00695971,-5.36752,-0.0340893,-0.135317,0.521896,-5.19725,0.0225597,0.0165762
36406,0.132619,0.013473,-0.00695971,-5.36752,-0.0350633,-0.0753656,0.52757,-5.15661,0.0178389,0.0310563
36414,0.132619,0.013473,-0.00927961,-5.36752,-0.0356536,-0.034063,0.525567,-5.06248,0.0228476,0.0483838
36422,0.132619,0.013473,-0.00927961,-5.36752,-0.0363899,0.00324239,0.526816,-5.10621,0.0123247,0.0486878
36430,0.132619,0.013473,-0.00695971,-5.36752,-0.0361472,-0.00048873,0.524901,-5.08975,0.0152313,0.0496583
36438,0.132619,0.013473,-0.00695971,-5.36752,-0.0359046,-0.0240687,0.531543,-5.05785,0.0214931,0.0508579
36446,0.132619,0.013473,-0.00927961,-5.35985,-0.0356414,-0.0976139,0.522477,-5.04088,0.0354971,0.0388304
36454,0.132619,0.013473,-0.00927961,-5.35985,-0.035822,-0.0746986,0.527429,-5.17256,0.0156363,0.0276768
36461,0.132619,0.013473,-0.00927961,-5.35985,-0.0358463,-0.0413923,0.526426,-5.15198,0.0127378,0.0355316
36470,0.132619,0.013473,-0.00927961,-5.35219,-0.0359176,-0.0324653,0.528846,-5.00076,0.027883,0.0542994
36478,0.132619,0.013473,-0.00927961,-5.35219,-0.0359325,-0.0523164,0.535062,-5.07637,0.0212813,0.0429933
36486,0.132619,0.013473,-0.00927961,-5.33685,-0.036708,-0.0789604,0.526107,-5.13655,0.0193021,0.0270535
36494,0.132619,0.013473,-0.00927961,-5.33685,-0.0373775,-0.0407239,0.532866,-5.23686,0.00097951,0.0218062
36502,0.132619,0.013473,-0.00927961,-5.33685,-0.0377625,-0.0439209,0.522954,-5.04191,0.0266038,0.0421826
36510,0.132619,0.013473,-0.00927961,-5.33685,-0.0376052,-0.0637735,0.526449,-5.00796,0.033114,0.0436285
36518,0.132619,0.013473,-0.00927961,-5.35219,-0.0388423,-0.0964165,0.527879,-5.1417,0.0260363,0.0226404
36526,0.132619,0.013473,-0.00927961,-5.35219,-0.0387595,0.0529346,0.524029,-5.09438,0.00737891,0.0529211
36533,0.132619,0.013473,-0.00927961,-5.35219,-0.0369234,0.132212,0.539267,-5.17153,-0.019816,0.0621731
36542,0.132619,0.013473,-0.00927961,-5.35985,-0.0358844,-0.120393,0.519245,-4.94778,0.0510946,0.0451367
36550,0.132619,0.013473,-0.00927961,-5.35985,-0.0376808,-0.0826948,0.543742,-5.11958,0.023126,0.0326425
36558,0.132619,0.013473,-0.00927961,-5.35985,-0.0390439,-0.0733664,0.533283,-5.2636,0.00816387,0.0136147
36566,0.132619,0.013473,-0.00927961,-5.35985,-0.0391867,-0.027534,0.522371,-4.98533,0.0353142,0.0522864
36574,0.132619,0.013473,-0.00927961,-5.35219,-0.0388817,0.0394811,0.542793,-5.14273,0.00105637,0.0477896
36582,0.132619,0.013473,-0.00927961,-5.35219,-0.0386128,0.00324137,0.532067,-5.11392,0.011812,0.0437268
36590,0.132619,0.013473,-0.00927961,-5.33685,-0.0371747,-0.0112785,0.536709,-5.1057,0.0106596,0.0431788
36598,0.132619,0.013473,-0.00927961,-5.33685,-0.0368689,0.0322869,0.550812,-5.13707,-0.00294407,0.0495145
36605,0.132619,0.013473,-0.00927961,-5.33685,-0.0361555,-0.0523159,0.53424,-4.95035,0.0347612,0.0556362
36614,0.132619,0.013473,-0.00927961,-5.33685,-0.0368702,-0.0768257,0.543724,-5.11804,0.0185162,0.0322163
36622,0.132619,0.013473,-0.00927961,-5.33685,-0.0368895,-0.117065,0.534859,-5.15507,0.0222719,0.0195955
36630,0.132619,0.013473,-0.0139194,-5.33685,-0.0375618,-0.0874868,0.529223,-5.099,0.0250613,0.0301204
36638,0.132619,0.013473,-0.0139194,-5.33685,-0.0378241,0.0242885,0.534985,-5.09952,0.00591735,0.0494782
36646,0.132619,0.013473,-0.0139194,-5.33685,-0.0376092,0.0485414,0.539717,-5.03934,0.00793408,0.0617437
36654,0.132619,0.013473,-0.0139194,-5.33685,-0.0368852,0.0661255,0.55238,-5.08666,-0.00358672,0.0621593
36662,0.132619,0.013473,-0.00927961,-5.33685,-0.0363316,-0.0252691,0.545754,-5.03111,0.0191532,0.0522629
36670,0.132619,0.013473,-0.00927961,-5.33685,-0.0363614,-0.122393,0.550987,-5.15147,0.0202576,0.0224532
36677,0.132619,0.013473,-0.00927961,-5.33685,-0.0372652,-0.111334,0.54388,-5.11701,0.0248701,0.0259945
36686,0.132619,0.013473,-0.00927961,-5.33685,-0.0375422,-0.0938829,0.544069,-5.09283,0.0251777,0.0314428
36694,0.132619,0.013473,-0.00927961,-5.33685,-0.0378624,-0.0551151,0.552068,-5.0918,0.018028,0.0389481
36703,0.132619,0.013473,-0.00927961,-5.33685,-0.0380694,0.0121654,0.547013,-4.99459,0.0194361,0.0606881
36710,0.132619,0.013473,-0.00927961,-5.33685,-0.0377616,0.0174983,0.55613,-5.11392,0.00260159,0.0493761
36718,0.132619,0.013473,-0.00927961,-5.35219,-0.0375224,0.00857196,0.553965,-5.07689,0.0102714,0.0540439
36726,0.132619,0.013473,-0.00927961,-5.35219,-0.0370502,-0.0536472,0.551985,-5.04294,0.0242495,0.0478982
36734,0.132619,0.013473,-0.00927961,-5.42886,-0.0370122,-0.090018,0.557067,-5.14787,0.0260748,0.0392947
36742,0.132619,0.013473,-0.00927961,-5.42886,-0.0376141,-0.104942,0.545736,-5.13244,0.033015,0.0359413
36749,0.132619,0.013473,-0.00927961,-5.42886,-0.0381845,-0.084693,0.551379,-5.13861,0.0288072,0.0387458
36758,0.132619,0.013473,-0.00927961,-5.42886,-0.0384154,0.0208254,0.551247,-5.15044,0.0102725,0.0548047
36766,0.132619,0.013473,-0.00927961,-5.42886,-0.0382299,0.0573317,0.560726,-5.18336,-0.00143475,0.0588547
36774,0.132619,0.013473,-0.00927961,-5.42886,-0.0371464,0.0500052,0.565384,-5.10621,0.00663379,0.0689923
36782,0.132619,0.013473,-0.00927961,-5.42886,-0.0364818,-0.0894847,0.564128,-5.16999,0.021516,0.0386433
36790,0.132619,0.013473,-0.00927961,-5.43653,-0.0374884,-0.171289,0.568194,-5.20805,0.032211,0.020511
36798,0.132619,0.013473,-0.00927961,-5.43653,-0.0384025,-0.1128,0.559274,-5.16485,0.030303,0.0327798
36806,0.132619,0.013473,-0.00695971,-5.43653,-0.0388733,-0.100277,0.554235,-5.19262,0.0267867,0.0297701
36814,0.132619,0.013473,-0.00695971,-5.43653,-0.0390042,-0.044322,0.55051,-5.18696,0.0189638,0.0390957
36821,0.132619,0.013473,-0.00695971,-5.43653,-0.039502,-0.00049028,0.554764,-5.13295,0.0180649,0.0528692
36830,0.132619,0.013473,-0.00695971,-5.43653,-0.0390567,0.00097528,0.561323,-5.08254,0.0220949,0.0607497
36838,0.132619,0.013473,-0.00695971,-5.43653,-0.038666,-0.00261918,0.565681,-5.14787,0.0137555,0.0536648
36846,0.132619,0.013473,-0.00695971,-5.43653,-0.0388717,-0.071901,0.561733,-5.23994,0.0153006,0.0301725
36854,0.132619,0.013473,-0.00695971,-5.43653,-0.0390361,-0.0712345,0.55362,-5.18182,0.023571,0.0356214
36862,0.132619,0.013473,-0.0046398,-5.43653,-0.0393505,-0.102011,0.557842,-5.21474,0.024915,0.0264088
36870,0.132619,0.013473,-0.0046398,-5.43653,-0.0401118,-0.0186108,0.564838,-5.1741,0.015806,0.0453522
36878,0.132619,0.013473,-0.0046398,-5.43653,-0.0390751,0.027089,0.570364,-5.1633,0.00719626,0.0566646
36886,0.132619,0.013473,-0.0046398,-5.43653,-0.0386312,-0.0118125,0.578427,-5.2096,0.00627863,0.0465452
36893,0.132619,0.013473,-0.0046398,-5.43653,-0.0388069,-0.0966814,0.565061,-5.19314,0.0246697,0.0317784
36902,0.132619,0.013473,-0.0046398,-5.43653,-0.0400009,-0.0901486,0.572242,-5.26103,0.0160687,0.0243554
36910,0.132619,0.013473,-0.0046398,-5.43653,-0.0396609,-0.109471,0.559516,-5.13809,0.0353382,0.0340508
36918,0.132619,0.013473,-0.0046398,-5.43653,-0.0394702,-0.0300606,0.579888,-5.24663,0.00585268,0.0381609
36926,0.132619,0.013473,-0.0046398,-5.43653,-0.0400186,-0.19141,0.547881,-5.11135,0.0544268,0.0210208
36934,0.132619,0.013473,-0.0046398,-5.45187,-0.0417756,0.00030458,0.580318,-5.20857,0.0102081,0.046469
36942,0.132619,0.013473,-0.0046398,-5.45187,-0.0415787,0.0458736,0.579066,-5.33099,-0.0118335,0.0397545
36950,0.132619,0.013473,-0.0046398,-5.55155,-0.0407833,0.058798,0.573994,-5.13501,0.0205885,0.0771718
36958,0.132619,0.013473,-0.0046398,-5.55155,-0.0396681,-0.0428543,0.577695,-5.21063,0.026392,0.0532289
36965,0.132619,0.013473,-0.0046398,-5.55155,-0.0403384,-0.131986,0.572941,-5.20805,0.0431448,0.0368035
36974,0.132619,0.013473,-0.0046398,-5.55155,-0.0415287,-0.176754,0.570202,-5.31299,0.0402696,0.0147559
36982,0.132619,0.013473,-0.0046398,-5.55155,-0.0423008,-0.0431207,0.574511,-5.30835,0.0190445,0.0374683
36990,0.132619,0.013473,-0.0046398,-5.56689,-0.0421583,-0.0244703,0.560807,-5.28058,0.0230462,0.0437001
36998,0.132619,0.013473,-0.0046398,-5.56689,-0.0421639,0.0166987,0.567018,-5.32944,0.00947583,0.0458604
37006,0.132619,0.013473,-0.0046398,-5.57455,-0.0423262,0.0277562,0.563074,-5.23737,0.0202543,0.058656
37014,0.132619,0.013473,-0.0046398,-5.57455,-0.0420387,-0.00501891,0.569935,-5.21577,0.02673,0.0571857
37022,0.132619,0.013473,-0.00695971,-5.57455,-0.0421613,-0.0247361,0.568316,-5.25332,0.0256271,0.0493638
37030,0.132619,0.013473,-0.00695971,-5.57455,-0.0420527,-0.0299325,0.570659,-5.47295,8.188e-05,0.0230506
37037,0.132619,0.013473,-0.00695971,-5.57455,-0.0418251,-0.0403223,0.562757,-5.3243,0.0202791,0.037914
37046,0.132619,0.013473,-0.00695971,-5.56689,-0.0415766,-0.0020871,0.573564,-5.2312,0.0219311,0.0565488
37054,0.132619,0.013473,-0.00695971,-5.56689,-0.0411489,-0.0373908,0.579167,-5.29035,0.0193204,0.0450965
37062,0.132619,0.013473,-0.00927961,-5.45954,-0.0416541,-0.0620409,0.575924,-5.26515,0.0145658,0.0303784
37070,0.132619,0.013473,-0.00927961,-5.45954,-0.0419603,-0.0252693,0.581121,-5.33613,-0.00030605,0.0286023
37078,0.132619,0.013473,-0.00927961,-5.33685,-0.0415125,-0.0525799,0.567626,-5.21885,0.005139,0.0218026
37086,0.132619,0.013473,-0.00927961,-5.33685,-0.0416475,-0.0477843,0.583031,-5.21988,0.0019284,0.024785
37094,0.132619,0.013473,-0.046398,-5.07614,-0.0417014,-0.0512492,0.574556,-5.12009,-0.020997,0.00971735
37102,0.132619,0.013473,-0.046398,-5.07614,-0.0413606,-0.0183411,0.586748,-5.04756,-0.0203326,0.0262792
37109,0.132619,0.013473,-0.046398,-5.07614,-0.041231,-0.0218048,0.600606,-4.99664,-0.0161678,0.0341275
37118,0.132619,0.013473,-0.046398,-4.97646,-0.0412439,-0.0300643,0.604183,-4.8948,-0.0151029,0.0335485
37126,0.132619,0.013473,-0.046398,-4.97646,-0.0415702,-0.106406,0.597509,-4.92051,-0.00396521,0.0161035
37134,0.132619,0.013473,-0.046398,-4.96879,-0.0424071,-0.138516,0.586197,-4.84747,0.0120258,0.0154327
37142,0.132619,0.013473,-0.046398,-4.96879,-0.0437589,-0.148909,0.589177,-4.9056,0.00827295,0.0054142
37150,0.132619,0.013473,-0.048718,-4.96879,-0.0444966,-0.0588447,0.58571,-4.78215,0.00909641,0.0339921
37158,0.132619,0.013473,-0.048718,-4.96879,-0.0441888,-0.0467187,0.585576,-4.79964,0.00462653,0.0343754
37166,0.132619,0.013473,-0.046398,-4.86144,-0.0448481,-0.0381933,0.596634,-4.86599,-0.017756,0.0157723
37174,0.132619,0.013473,-0.046398,-4.86144,-0.0455828,-0.0501826,0.57691,-4.65819,0.0128993,0.0341197
37181,0.132619,0.013473,-0.046398,-4.86144,-0.0460642,-0.00501797,0.583981,-4.72814,-0.00330307,0.0339402
37190,0.132619,0.013473,-0.046398,-4.86911,-0.0461826,-0.0432537,0.572604,-4.69007,0.0104137,0.0309001
37198,0.132619,0.013473,-0.046398,-4.86911,-0.0466304,0.0162969,0.576036,-4.69831,-0.00035919,0.0399038
37206,0.132619,0.013473,-0.0417582,-4.86911,-0.0462304,-0.0250039,0.57785,-4.69625,0.00663103,0.0332797
37214,0.132619,0.013473,-0.0417582,-4.86911,-0.0463686,0.0428088,0.575364,-4.65253,0.00113948,0.0492945
37222,0.132619,0.013473,-0.0139194,-4.87678,-0.0459405,0.102897,0.589084,-4.71014,-0.0130126,0.0518447
37230,0.132619,0.013473,-0.0139194,-4.87678,-0.0452161,0.0737204,0.583616,-4.67773,-0.00447435,0.0508773
37238,0.132619,0.013473,-0.0139194,-4.89211,-0.0441801,0.0348172,0.581428,-4.69008,0.00125383,0.0457527
37246,0.132619,0.013473,-0.0139194,-4.89211,-0.0433997,0.0220271,0.585626,-4.77186,-0.00801056,0.0356852
37253,0.132619,0.013473,-0.0139194,-4.89211,-0.042442,0.00843754,0.582426,-4.70242,0.00162403,0.0424138
37262,0.132619,0.013473,-0.0139194,-4.97646,-0.0421642,0.0148322,0.586053,-4.78472,-0.00015871,0.0447043
37270,0.132619,0.013473,-0.0139194,-4.97646,-0.0419105,0.0350821,0.587964,-4.75952,-0.00119894,0.0517591
37278,0.132619,0.013473,-0.0139194,-4.97646,-0.0411758,0.0745197,0.600313,-4.83359,-0.0194554,0.0526632
37286,0.132619,0.013473,-0.0139194,-4.97646,-0.0411142,-0.0832243,0.583562,-4.74409,0.0198331,0.0340227
37294,0.132619,0.013473,-0.0139194,-4.99946,-0.0421001,0.0464084,0.602071,-4.88708,-0.0174071,0.0433188
37302,0.132619,0.013473,-0.0139194,-4.99946,-0.0415242,0.0322852,0.600732,-4.87216,-0.0138839,0.0432825
37310,0.132619,0.013473,-0.00927961,-5.09148,-0.0396775,-0.0317977,0.59115,-4.71373,0.0259984,0.0623491
37318,0.132619,0.013473,-0.00927961,-5.09148,-0.0388913,-0.0583082,0.600048,-4.99922,-0.00576004,0.0266517
37325,0.132619,0.013473,-0.00927961,-5.09148,-0.0403941,-0.0841611,0.5921,-4.88194,0.0156827,0.0327916
37334,0.132619,0.013473,-0.00927961,-5.09915,-0.0411576,-0.0151413,0.601089,-4.89582,0.00311644,0.0440882
37342,0.132619,0.013473,-0.00927961,-5.09915,-0.0414182,-0.0369929,0.598872,-4.902,0.00672331,0.038954
37350,0.132619,0.013473,-0.00927961,-5.28317,-0.0422298,-0.0758956,0.586751,-4.81507,0.0481592,0.0613459
37358,0.132619,0.013473,-0.00927961,-5.28317,-0.0424196,-0.0723005,0.592073,-4.97555,0.0280571,0.0435747
37366,0.132619,0.013473,-0.00927961,-5.28317,-0.0434696,-0.0657727,0.581411,-4.91794,0.0369211,0.0483126
37374,0.132619,0.013473,-0.00927961,-5.28317,-0.0437812,0.035081,0.600744,-5.01979,0.00552861,0.0559673
37382,0.132619,0.013473,-0.00927961,-5.29084,-0.042999,-0.0154092,0.589428,-4.96167,0.0223934,0.0544895
37390,0.132619,0.013473,-0.00927961,-5.29084,-0.043704,-0.0396609,0.591466,-4.91537,0.0325046,0.0552225
37397,0.132619,0.013473,-0.00927961,-5.29084,-0.0434075,-0.0195424,0.605325,-5.04088,0.011745,0.0464231
37406,0.132619,0.013473,-0.00927961,-5.40586,-0.0430176,-0.0412556,0.600904,-5.02596,0.0308295,0.0579495
37414,0.132619,0.013473,-0.00927961,-5.40586,-0.0436483,-0.112404,0.601756,-5.08203,0.0367366,0.0385833
37422,0.132619,0.013473,-0.00695971,-5.49021,-0.0452408,-0.140379,0.59087,-5.07791,0.0561044,0.0399866
37430,0.132619,0.013473,-0.00695971,-5.49021,-0.0466546,-0.0884208,0.59198,-5.21474,0.0331358,0.0307944
37438,0.132619,0.013473,-0.00695971,-5.49021,-0.047491,0.00204296,0.579305,-5.17462,0.0260666,0.047595
37446,0.132619,0.013473,-0.00695971,-5.49021,-0.0472899,0.0368159,0.580119,-5.20086,0.0168076,0.0507683
37454,0.132619,0.013473,-0.00695971,-5.58222,-0.0470702,0.0751851,0.595426,-5.25126,0.0125889,0.0649303
37462,0.132619,0.013473,-0.00695971,-5.58222,-0.0462465,0.0718537,0.598412,-5.23223,0.013772,0.0682408
37469,0.132619,0.013473,-0.00695971,-5.58222,-0.0457218,0.0354838,0.609568,-5.2168,0.0190998,0.0664556
37478,0.132619,0.013473,-0.0046398,-5.68957,-0.0452439,-0.0864216,0.592441,-5.22142,0.0538731,0.0555663
37486,0.132619,0.013473,-0.0046398,-5.68957,-0.0458387,-0.0910816,0.603555,-5.45444,0.0262147,0.0281995
37494,0.132619,0.013473,-0.0046398,-5.79692,-0.0458632,-0.0980113,0.586349,-5.40814,0.0482716,0.0423892
37502,0.132619,0.013473,-0.0046398,-5.79692,-0.0461855,0.0029732,0.586332,-5.42563,0.0299268,0.0569047
37510,0.132619,0.013473,-0.0046398,-5.99629,-0.0457434,0.0150983,0.577468,-5.43077,0.0516246,0.0810953
37518,0.132619,0.013473,-0.0046398,-5.99629,-0.0450715,0.152593,0.599774,-5.50125,0.0160321,0.100482
37526,0.132619,0.013473,-0.0023199,-5.99629,-0.0420636,0.0273548,0.598854,-5.6787,0.0122649,0.0620275
37534,0.132619,0.013473,-0.0023199,-5.99629,-0.0419099,-0.0429854,0.593502,-5.62213,0.031233,0.0562011
37541,0.132619,0.013473,-0.0023199,-5.99629,-0.0421874,-0.0885536,0.600764,-5.61749,0.0385387,0.0498478
37550,0.132619,0.013473,-0.0023199,-6.01929,-0.0428236,-0.137176,0.583194,-5.60001,0.0550655,0.0427202
37558,0.132619,0.013473,-0.0023199,-6.01929,-0.0437296,-0.12386,0.58707,-5.76976,0.0334769,0.0242674
37566,0.132619,0.013473,-0.0023199,-6.10364,-0.0445081,-0.0754958,0.570266,-5.80318,0.0352384,0.0346581
37574,0.132619,0.013473,-0.0023199,-6.10364,-0.044824,0.0104348,0.575548,-5.80473,0.0204048,0.0493828
37582,0.132619,0.013473,-0.0023199,-6.10364,-0.0437034,0.0166965,0.56569,-5.7178,0.0296607,0.0606808
37590,0.132619,0.013473,-0.0023199,-6.10364,-0.0443834,0.00883597,0.568029,-5.77233,0.0250941,0.0523433
37598,0.132619,0.013473,-0.0023199,-6.19565,-0.0448297,0.0901002,0.584108,-5.83353,0.0132861,0.0716645
37606,0.132619,0.013473,-0.0023199,-6.19565,-0.0424127,0.0627933,0.584849,-5.83096,0.0146779,0.0708325
37613,0.132619,0.013473,-0.0023199,-6.19565,-0.042133,-0.0180748,0.596257,-5.91274,0.0162168,0.0497501
37622,0.132619,0.013473,-0.0023199,-6.19565,-0.0415318,0.00523472,0.598645,-5.85359,0.0181165,0.0618927
37630,0.132619,0.013473,-0.0023199,-6.19565,-0.0408349,-0.0961401,0.597178,-5.91481,0.0269766,0.0382865
37638,0.132619,0.013473,0.00232002,-6.21099,-0.0414823,-0.201664,0.570673,-5.90246,0.0536205,0.0178434
37646,0.132619,0.013473,0.00232002,-6.21099,-0.0434873,-0.127052,0.583042,-5.97242,0.0337771,0.0213724
37654,0.132619,0.013473,0.00232002,-6.21099,-0.0429096,-0.0984103,0.565379,-5.9323,0.0358115,0.0289015
37662,0.132619,0.013473,0.00232002,-6.21099,-0.0434556,-0.114533,0.554908,-6.00893,0.0318881,0.0146789
37670,0.132619,0.013473,0.00232002,-6.21866,-0.0446272,-0.0591156,0.551399,-5.91686,0.0366311,0.0336266
37678,0.132619,0.013473,0.00232002,-6.21866,-0.045171,0.109552,0.568373,-6.0182,-0.00523581,0.0520786
37685,0.132619,0.013473,0.00232002,-6.21866,-0.0437188,0.108762,0.558825,-5.94721,0.00280466,0.0608116
37694,0.132619,0.013473,0.00232002,-6.22632,-0.0424166,0.034548,0.565972,-5.89268,0.0194903,0.0586035
37702,0.132619,0.013473,0.00232002,-6.22632,-0.0424249,-0.0352566,0.575398,-5.9827,0.0189406,0.037695
37710,0.132619,0.013473,0.00232002,-6.24166,-0.0424656,-0.0949494,0.562909,-5.94207,0.03749,0.0321737
37718,0.132619,0.013473,0.00232002,-6.24166,-0.0430218,-0.111599,0.55835,-5.97756,0.0375622,0.0236633
37726,0.132778,0.0134114,0.00232002,-6.24933,-0.0434989,-0.0300661,0.550467,-5.89834,0.0361675,0.0458075
37734,0.132778,0.013393,0.00232002,-6.24933,-0.0431462,-0.0132775,0.549408,-6.01151,0.0197119,0.0356066
37742,0.132619,0.0134467,0.00232002,-6.26466,-0.0427283,0.0762571,0.546156,-5.95491,0.0133484,0.0592259
37750,0.132619,0.0134617,0.00232002,-6.26466,-0.0419853,-0.0285993,0.541463,-5.92509,0.0339887,0.0453179
37757,0.132619,0.0134682,0.00232002,-6.26466,-0.042532,0.0445431,0.54917,-5.90142,0.024179,0.060928
37766,0.132619,0.0134709,0.00232002,-6.26466,-0.0415074,0.0496031,0.552637,-6.03362,0.00580421,0.0481285
37774,0.132619,0.0134721,0.00232002,-6.26466,-0.0406618,0.0334858,0.551911,-5.99401,0.0121002,0.0511463
37782,0.132619,0.0134726,0.00232002,-6.26466,-0.0392895,-0.00981626,0.554593,-5.98888,0.0175646,0.046783
37790,0.132619,0.0134729,0.00232002,-6.26466,-0.0382086,-0.0397851,0.562985,-6.07785,0.00921126,0.0340598
37798,0.132619,0.013473,0.00232002,-6.26466,-0.0390963,-0.171822,0.544365,-5.96213,0.048935,0.0212383
37806,0.132619,0.013473,0.00232002,-6.26466,-0.0405168,0.0348175,0.569659,-6.1293,-0.00711656,0.038437
37814,0.132619,0.013473,0.00232002,-6.27233,-0.0383254,-0.0536426,0.538699,-5.97705,0.0283591,0.0404706
37822,0.132619,0.013473,0.00232002,-6.27233,-0.0393819,-0.0416594,0.554816,-5.92612,0.0312291,0.0496444
37829,0.132619,0.013473,0.00232002,-6.27233,-0.0388995,-0.0365901,0.547527,-6.01819,0.0200527,0.0391099
37838,0.132619,0.013473,0.00232002,-6.27233,-0.039553,-0.0312588,0.556456,-6.01562,0.0189312,0.0408457
37846,0.132619,0.013473,0.00232002,-6.27233,-0.0388079,-0.0444561,0.544617,-5.99813,0.0240624,0.0398128
37854,0.132619,0.013473,0.00232002,-6.27233,-0.0399776,-0.087218,0.543603,-5.98115,0.0349134,0.0328214
37862,0.132619,0.013473,0.00232002,-6.27233,-0.0402854,-0.0603154,0.535179,-6.0223,0.027387,0.0307107
37870,0.132619,0.013473,0.00232002,-6.27233,-0.0403828,0.0561396,0.541977,-6.00585,0.00907419,0.0532592
37878,0.132619,0.013473,0.00232002,-6.27233,-0.0379242,-0.0433945,0.540517,-6.02283,0.0204243,0.0376365
37886,0.132619,0.013473,0.00232002,-6.27233,-0.0410755,-0.0457823,0.548569,-5.95389,0.0319681,0.0423115
37894,0.132619,0.013473,0.00232002,-6.27233,-0.0419271,-0.0203487,0.536809,-6.06447,0.017787,0.0304536
37901,0.132619,0.013473,0.00232002,-6.27233,-0.0416684,0.0271001,0.533165,-5.9544,0.0231289,0.051241
37910,0.132619,0.013473,0.00232002,-6.27233,-0.0408466,-0.0460556,0.532795,-6.06449,0.0212075,0.0269667
37918,0.132619,0.013473,0.00232002,-6.27233,-0.040883,-0.056575,0.529249,-5.97601,0.0339963,0.03503
37926,0.132619,0.013473,0.00232002,-6.27233,-0.0403612,-0.0295327,0.528236,-5.94772,0.0322975,0.0434957
37934,0.132619,0.013473,0.00232002,-6.27233,-0.0402002,-0.0256698,0.519659,-5.86646,0.0423937,0.0525961
37942,0.132778,0.0134114,0.00232002,-6.28,-0.0400628,0.034948,0.5288,-6.02437,0.0129301,0.0467814
37950,0.132778,0.013393,0.00232002,-6.28,-0.0395409,0.0205598,0.531425,-6.05832,0.010151,0.0415124
37958,0.132619,0.0134467,0.0046398,-6.28,-0.0395776,-0.00102165,0.526254,-5.96213,0.0263629,0.0479384
37966,0.132619,0.0134617,0.0046398,-6.28,-0.0398243,-0.0044837,0.538214,-5.98219,0.0230055,0.0465469
37973,0.132619,0.0134682,0.0046398,-6.28,-0.0390645,-0.0728308,0.516871,-5.98991,0.0358211,0.0317117
37982,0.132619,0.0134709,0.0046398,-6.28,-0.0388828,-0.038991,0.527613,-6.0758,0.0181197,0.0292446
37990,0.132619,0.0134721,0.0046398,-6.28,-0.0383557,0.016299,0.528838,-5.99453,0.0176187,0.0491046
37998,0.132619,0.0134726,0.00695982,-6.28,-0.0368304,-0.00448304,0.532266,-5.9791,0.0206092,0.0497155
38006,0.132619,0.0134729,0.00695982,-6.28,-0.0367981,-0.105073,0.526619,-5.96985,0.0392278,0.0329772
38014,0.132619,0.013473,0.0115996,-6.28,-0.0379465,-0.0842913,0.526796,-6.01665,0.0325644,0.0286384
38022,0.132619,0.013473,0.0115996,-6.28,-0.0400123,-0.084823,0.523026,-6.04185,0.0331229,0.0220976
38030,0.132619,0.013473,0.0162394,-6.28,-0.0401413,0.0943639,0.536712,-6.04134,0.00222196,0.0536616
38038,0.132619,0.013473,0.0162394,-6.28,-0.0381068,-0.00754379,0.527741,-6.12415,0.00799886,0.0280575
38045,0.132619,0.013473,0.0162394,-6.28,-0.0382257,-0.00688681,0.522792,-5.90349,0.0348506,0.0532921
38054,0.132619,0.013473,0.0185592,-6.28,-0.0376412,0.0222951,0.544837,-6.07271,0.00609925,0.0421977
38062,0.132619,0.013473,0.0185592,-6.28,-0.0378116,-0.0397909,0.532427,-6.03311,0.0232824,0.0341714
38070,0.132619,0.013473,0.0185592,-6.28,-0.0383101,-0.0202026,0.544477,-5.97447,0.0256904,0.0456581
38078,0.132619,0.013473,0.0185592,-6.28,-0.0380083,-0.0820252,0.530504,-5.97036,0.0382515,0.0338828
38086,0.132619,0.013473,0.0208792,-6.28,-0.0386043,-0.038725,0.530797,-6.02334,0.02598,0.0337705
38094,0.132619,0.013473,0.0208792,-6.28,-0.0376484,0.0181598,0.537262,-6.05575,0.0103864,0.0419013
38102,0.132619,0.013473,0.0185592,-6.28,-0.0370199,-0.025931,0.531534,-6.01563,0.0221044,0.0395298
38110,0.132619,0.013473,0.0185592,-6.28,-0.0372034,-0.0465896,0.536806,-5.99659,0.0271728,0.0388909
38117,0.132619,0.013473,0.0185592,-6.28,-0.0382128,-0.039122,0.52539,-5.8932,0.0413406,0.0491341
38126,0.132619,0.013473,0.0185592,-6.28,-0.0391057,-0.105607,0.527465,-6.07786,0.0314853,0.0151858
38134,0.132619,0.013473,0.0185592,-6.28,-0.0405458,-0.0608442,0.517868,-6.02488,0.0338343,0.025457
38142,0.132778,0.0134114,0.0208792,-6.27233,-0.0411842,-0.0243375,0.523234,-6.07477,0.0213372,0.0244687
38150,0.132778,0.013393,0.0208792,-6.27233,-0.0410525,0.0614608,0.521357,-5.95236,0.0216366,0.0533252
38158,0.132778,0.0133851,0.023199,-6.26466,-0.0397182,0.0894425,0.527435,-5.98013,0.0103766,0.0563254
38166,0.132778,0.0133817,0.023199,-6.26466,-0.039579,0.0253598,0.529812,-5.97138,0.0214497,0.0471251
38174,0.132619,0.0134418,0.023199,-6.26466,-0.0393092,0.0401428,0.538476,-6.00431,0.0134122,0.0474404
38182,0.132619,0.0134596,0.023199,-6.26466,-0.0387853,-0.0184698,0.540554,-6.03825,0.018093,0.0345773
38189,0.132619,0.0134673,0.023199,-6.26466,-0.0388434,-0.134783,0.518202,-5.89526,0.0578988,0.0281703
38198,0.132619,0.0134705,0.023199,-6.24933,-0.0393671,0.00444037,0.538038,-6.08351,0.00837684,0.030052
38206,0.132619,0.013472,0.023199,-6.24933,-0.0385629,-0.0497828,0.508737,-5.97807,0.0333997,0.0297624
38214,0.132778,0.013411,0.023199,-6.24166,-0.0397804,0.0470715,0.531702,-5.92561,0.0205469,0.0534664
38222,0.132778,0.0133928,0.023199,-6.24166,-0.0392583,0.118486,0.531503,-6.01253,-0.00224086,0.0559596
38230,0.132619,0.0134466,0.0278388,-6.14198,-0.0383134,0.100901,0.530859,-5.93126,-0.0018867,0.0512198
38238,0.132619,0.0134617,0.0278388,-6.14198,-0.0360882,0.0268222,0.534916,-5.91429,0.00869981,0.0444486
38246,0.132619,0.0134681,0.0278388,-6.14198,-0.0352039,-0.115595,0.533132,-5.88909,0.0343435,0.0243349
38254,0.132619,0.0134709,0.0278388,-6.14198,-0.036575,-0.110274,0.533897,-5.96212,0.0266174,0.0148169
38261,0.132619,0.0134721,0.0278388,-6.14198,-0.0381657,-0.091352,0.516162,-5.86954,0.0394314,0.0238893
38270,0.132619,0.0134726,0.023199,-6.14965,-0.0393037,-0.0070177,0.522339,-5.90914,0.021518,0.0345032
38278,0.132619,0.0134729,0.023199,-6.14965,-0.0397551,0.0342855,0.512363,-5.85513,0.0232659,0.0456217
38286,0.132619,0.013473,0.023199,-6.14965,-0.0392586,0.0298897,0.513501,-5.89989,0.0178566,0.0404608
38294,0.132619,0.013473,0.023199,-6.14965,-0.0384825,0.0677244,0.516813,-5.80679,0.020962,0.0594584
38302,0.132619,0.013473,0.0208792,-6.14965,-0.0373551,0.0458768,0.516431,-5.84022,0.0187836,0.0536964
38310,0.132619,0.013473,0.0208792,-6.14965,-0.0374435,0.0321499,0.526761,-5.90863,0.0114539,0.0448347
38318,0.132778,0.0134114,0.0185592,-6.14198,-0.0374629,-0.00462104,0.517199,-5.86388,0.0230511,0.04188
38326,0.132778,0.013393,0.0185592,-6.14198,-0.0383729,0.00750417,0.527251,-5.87983,0.0187672,0.042424
38333,0.132778,0.0133851,0.0185592,-6.14198,-0.0387005,0.0454744,0.523236,-5.89989,0.0111955,0.0453701
38342,0.132778,0.0133817,0.0185592,-6.14198,-0.0372959,0.0635975,0.535684,-5.99247,-0.00665394,0.041442
38350,0.132778,0.0133802,0.0185592,-6.14198,-0.0362896,-0.0328625,0.523883,-5.8896,0.0219722,0.0368203
38358,0.132619,0.0134412,0.0162394,-6.02696,-0.0354319,0.0128356,0.543709,-5.82736,0.00349486,0.0429927
38366,0.132619,0.0134593,0.0162394,-6.02696,-0.0349853,-0.0934791,0.531382,-5.82685,0.0225633,0.0237281
38374,0.132619,0.0134672,0.0115996,-6.01929,-0.0358669,-0.0521833,0.539628,-5.80781,0.0162071,0.0328805
38382,0.132619,0.0134705,0.0115996,-6.01929,-0.036139,-0.0339267,0.547658,-5.85719,0.00644936,0.0310343
38390,0.132619,0.0134719,0.0115996,-5.91961,-0.0350235,-0.0194059,0.541435,-5.76923,0.00213679,0.0326397
38398,0.132619,0.0134726,0.0115996,-5.91961,-0.0350838,-0.0850885,0.544138,-5.75277,0.0146048,0.0238576
38405,0.132619,0.0134728,0.0115996,-5.91961,-0.0358299,-0.0920177,0.540598,-5.66739,0.0274074,0.0311781
38414,0.132619,0.0134729,0.0115996,-5.91961,-0.0356269,-0.0904182,0.550269,-5.77592,0.0125186,0.0204568
38422,0.132619,0.013473,0.0115996,-5.91961,-0.0365301,-0.069366,0.540343,-5.67562,0.0236869,0.0330136
38430,0.132619,0.013473,0.00695982,-5.78159,-0.0368623,-0.0705684,0.535447,-5.64476,0.0117561,0.0196405
38438,0.132619,0.013473,0.00695982,-5.78159,-0.0376378,-0.0917505,0.533341,-5.58766,0.0233952,0.0214029
38446,0.132619,0.013473,0.00695982,-5.67424,-0.0382823,0.0521352,0.545418,-5.58663,-0.014028,0.0341561
38454,0.132619,0.013473,0.00695982,-5.67424,-0.037906,0.0292213,0.54167,-5.57789,-0.00911418,0.0312427
38462,0.132619,0.013473,0.00232002,-5.56689,-0.0376177,0.0721208,0.548387,-5.39529,-0.00957784,0.0496044
38470,0.132619,0.013473,0.00232002,-5.56689,-0.0369003,-0.0239348,0.553759,-5.4709,-0.00442424,0.0263241
38477,0.132619,0.013473,0.00232002,-5.56689,-0.0371647,-0.0972117,0.548826,-5.45135,0.0111737,0.0151131
38486,0.132619,0.013473,0.00232002,-5.47487,-0.0382824,-0.149839,0.548998,-5.39631,0.0170399,0.00034314
38494,0.132619,0.013473,0.00232002,-5.47487,-0.0395648,-0.0860247,0.552611,-5.32533,0.0160103,0.0183026
38502,0.132619,0.013473,0.00232002,-5.47487,-0.0379901,0.0117671,0.553121,-5.23994,0.00763019,0.0471569
38510,0.132619,0.013473,0.00232002,-5.47487,-0.0377394,-0.138111,0.545546,-5.34282,0.0212114,0.00884159
38518,0.132619,0.013473,-0.0023199,-5.48254,-0.0409701,-0.0640467,0.544589,-5.1597,0.0352618,0.0400039
38526,0.132619,0.013473,-0.0023199,-5.48254,-0.0409312,0.0667934,0.567423,-5.35773,-0.0134765,0.0423948
38534,0.132619,0.013473,-0.0023199,-5.48254,-0.0408214,-0.0813559,0.533779,-5.27441,0.0261492,0.0219877
38542,0.132619,0.013473,-0.0023199,-5.48254,-0.0412944,-0.0495191,0.548362,-5.27235,0.019419,0.0292954
38549,0.132619,0.013473,-0.0023199,-5.48254,-0.0416075,-0.0460529,0.550447,-5.30784,0.0147564,0.0255861
38558,0.132619,0.013473,-0.0023199,-5.37519,-0.0415352,-0.0124812,0.549782,-5.12729,0.0178279,0.0398946
38566,0.132619,0.013473,-0.0023199,-5.37519,-0.0411784,0.034151,0.5593,-5.16587,0.00353567,0.0452281
38574,0.132619,0.013473,-0.0046398,-5.23717,-0.0408939,-0.0143441,0.545217,-5.17668,-0.00446356,0.0179537
38582,0.132619,0.013473,-0.0046398,-5.23717,-0.041097,-0.0016859,0.557397,-5.16227,-0.00654569,0.0234723
38590,0.132619,0.013473,-0.0046398,-5.02247,-0.0410065,-0.00608297,0.557458,-5.02956,-0.0156126,0.013173
38598,0.132619,0.013473,-0.0046398,-5.02247,-0.0401839,-0.0424527,0.556656,-4.94675,-0.00082912,0.0178394
38606,0.132619,0.013473,-0.00695971,-4.89211,-0.0395352,-0.128122,0.559619,-4.92772,-0.00149572,-0.00802071
38614,0.132619,0.013473,-0.00695971,-4.89211,-0.0409034,-0.125461,0.554117,-4.78884,0.0171908,0.00606343
38621,0.132619,0.013473,-0.00695971,-4.89211,-0.0417895,0.0241589,0.576416,-4.8161,-0.0131813,0.0304422
38630,0.132619,0.013473,-0.00695971,-4.65441,-0.040988,-0.0653677,0.553982,-4.73791,-0.0146344,-0.00602031
38638,0.132619,0.013473,-0.00695971,-4.65441,-0.0422881,-0.16636,0.548495,-4.66539,0.0133073,-0.0171675
38646,0.132619,0.013473,-0.0046398,-4.43971,-0.044601,-0.131458,0.549254,-4.55531,-0.00137825,-0.0271069
38654,0.132619,0.013473,-0.0046398,-4.43971,-0.0458517,0.0292211,0.541543,-4.39585,-0.00624878,0.01587
38662,0.132619,0.013473,-0.0046398,-4.43971,-0.0454054,0.0711889,0.546041,-4.41386,-0.0166584,0.0221641
38670,0.132619,0.013473,-0.0046398,-4.43971,-0.0445959,0.0781179,0.54686,-4.38248,-0.0153512,0.0282964
38678,0.132619,0.013473,-0.0046398,-4.24801,-0.0439095,0.106094,0.552051,-4.40408,-0.046896,0.00958733
38686,0.132619,0.013473,-0.0046398,-4.24801,-0.0426264,0.124347,0.55464,-4.27858,-0.0373079,0.0296993
38693,0.132619,0.013473,-0.0046398,-4.24801,-0.0413739,0.0504065,0.539853,-4.18342,-0.0131839,0.0278306
38702,0.132619,0.013473,-0.0046398,-4.10232,-0.0409144,0.0429448,0.539565,-4.24617,-0.0370927,0.00252122
38710,0.132619,0.013473,-0.0046398,-4.10232,-0.0402375,0.0986341,0.553598,-4.24103,-0.0488994,0.0157221
38718,0.132619,0.013473,-0.0023199,-3.70359,-0.0391415,0.0819803,0.538535,-4.0646,-0.0710386,-0.0146479
38726,0.132619,0.013473,-0.0023199,-3.70359,-0.0383415,0.145132,0.563676,-4.04145,-0.0839175,0.00390053
38734,0.132619,0.013473,-0.0023199,-3.28952,-0.0370769,0.0560023,0.560377,-3.85833,-0.0975691,-0.0372137
38742,0.132619,0.013473,-0.0023199,-3.28952,-0.037545,-0.0122118,0.561189,-3.69425,-0.0664245,-0.0298408
38750,0.132619,0.013473,-0.0023199,-3.19751,-0.0377813,-0.0316644,0.563765,-3.63098,-0.0666797,-0.0364324
38758,0.132619,0.013473,-0.0023199,-3.19751,-0.0372362,-0.0158089,0.557829,-3.45918,-0.0488545,-0.0136489
38765,0.132619,0.013473,-0.0023199,-3.19751,-0.0366931,0.0286885,0.565356,-3.41288,-0.0527277,0.00129532
38774,0.132619,0.013473,0.00232002,-3.05182,-0.0368875,0.0556014,0.562752,-3.36865,-0.0677072,-0.00759545
38782,0.132619,0.013473,0.00232002,-3.05182,-0.0358786,0.0284234,0.561478,-3.06671,-0.0288061,0.0247081
38790,0.132619,0.013473,0.00232002,-2.9138,-0.0358481,0.0903745,0.571853,-3.09397,-0.0602562,0.0173322
38798,0.132619,0.013473,0.00232002,-2.9138,-0.0355587,0.0595989,0.570951,-3.01527,-0.0461369,0.0217004
38806,0.132619,0.013473,0.00232002,-2.79111,-0.0352449,0.0125687,0.568047,-2.93811,-0.043674,0.00835254
38814,0.132619,0.013473,0.00232002,-2.79111,-0.0348813,0.0360168,0.571392,-3.0091,-0.0569594,0.00495911
38822,0.132619,0.013473,0.00232002,-2.55341,-0.0341257,0.0164316,0.571617,-2.85375,-0.0644924,-0.00699723
38830,0.132619,0.013473,0.00232002,-2.55341,-0.033881,0.0272249,0.57202,-2.7303,-0.0521346,0.00982151
38837,0.132619,0.013473,0.00232002,-2.55341,-0.0336615,0.0182968,0.568969,-2.65932,-0.0421016,0.0165196
38846,0.132778,0.0134114,0.00232002,-2.36171,-0.0336039,0.0417458,0.581551,-2.62846,-0.0671047,0.00363216
38854,0.132778,0.013393,0.00232002,-2.36171,-0.033238,0.0863769,0.583078,-2.56416,-0.0676989,0.0195447
38862,0.132619,0.0134467,0.00232002,-2.10867,-0.0324588,0.0229595,0.577405,-2.39802,-0.067532,-0.00131592
38870,0.132619,0.0134617,0.00232002,-2.10867,-0.0319254,0.0329529,0.597743,-2.36716,-0.0695366,0.00801373
38878,0.132619,0.0134682,0.00232002,-2.10867,-0.0315553,-0.0549798,0.590988,-2.26634,-0.0425024,0.00451577
38886,0.132619,0.0134709,0.00232002,-2.10867,-0.0320682,-0.0364605,0.588028,-2.14495,-0.0300826,0.0207984
38894,0.132619,0.0134721,0.00232002,-2.10867,-0.0325008,-0.0312654,0.587772,-2.18404,-0.0349131,0.0164106
38902,0.132619,0.0134726,0.00232002,-2.10867,-0.0321651,0.0389471,0.599316,-2.15421,-0.0453472,0.0341053
38909,0.132619,0.0134729,0.00232002,-2.10867,-0.0316711,0.0332188,0.594092,-2.08116,-0.0356278,0.0416167
38918,0.132778,0.0134114,0.00232002,-1.97065,-0.0316377,-0.0435219,0.589161,-2.08836,-0.0393355,0.0108132
38926,0.132778,0.013393,0.00232002,-1.97065,-0.0324254,0.00976975,0.601123,-2.03281,-0.0424926,0.0272347
38934,0.132619,0.0134467,0.00232002,-1.81729,-0.0322689,-0.0223394,0.58785,-1.98086,-0.0471502,0.0078586
38942,0.132619,0.0134617,0.00232002,-1.81729,-0.0322677,0.0262902,0.597323,-1.92016,-0.0495601,0.0247437
38950,0.132778,0.0134066,0.00232002,-1.60259,-0.0316728,-0.0123462,0.601165,-1.9536,-0.0738824,-0.00961232
38958,0.132778,0.013391,0.00232002,-1.60259,-0.0318248,0.0202944,0.614224,-1.89136,-0.0738742,0.00516903
38966,0.132619,0.0134458,0.00232002,-1.41089,-0.031806,-0.113335,0.592957,-1.68407,-0.0464501,-0.0189813
38974,0.132619,0.0134613,0.00232002,-1.41089,-0.0329963,-0.0060856,0.614209,-1.72882,-0.0712565,-0.0044287
38981,0.132619,0.013468,0.00232002,-1.41089,-0.0326019,0.0112361,0.613061,-1.61462,-0.0610176,0.0123448
38990,0.132619,0.0134709,0.00232002,-1.0735,-0.0323863,-0.0320646,0.605809,-1.52461,-0.0821168,-0.0250759
38998,0.132619,0.0134721,0.00232002,-1.0735,-0.0327233,-0.033396,0.612672,-1.39704,-0.0675065,-0.00958325
39006,0.132619,0.0134726,0.00232002,-0.920147,-0.0329929,-0.043922,0.611719,-1.27514,-0.0689446,-0.0156048
39014,0.132619,0.0134729,0.00232002,-0.920147,-0.0330677,-0.0372602,0.611443,-1.23399,-0.0650521,-0.00976492
39022,0.132619,0.013473,0.00232002,-0.751453,-0.0333447,-0.0508503,0.602423,-1.15117,-0.0710876,-0.0240472
39030,0.132619,0.013473,0.00232002,-0.751453,-0.0333106,0.0388138,0.613985,-1.05035,-0.0759693,0.00490548
39038,0.132619,0.013473,0.00232002,-0.621099,-0.0327342,0.020029,0.613635,-0.875467,-0.0683444,0.00774425
39046,0.132619,0.013473,0.00232002,-0.621099,-0.0324025,0.0168311,0.624475,-0.822486,-0.0637724,0.0156745
39053,0.132619,0.013473,0.00232002,-0.621099,-0.0323601,-0.0591099,0.611883,-0.758704,-0.041708,0.00843527
39062,0.132619,0.013473,0.00232002,-0.176362,-0.0328205,-0.0436553,0.613384,-0.721669,-0.0919178,-0.0375518
39070,0.132619,0.013473,0.00232002,-0.176362,-0.0330413,-0.0595102,0.61274,-0.503574,-0.0631867,-0.0148535
39078,0.132619,0.013473,0.00232002,-0.0306715,-0.0333785,-0.0415245,0.61746,-0.353376,-0.0659325,-0.0109937
39086,0.132619,0.013473,0.00232002,-0.0306715,-0.0336819,0.0168311,0.624538,-0.301425,-0.0702014,0.00571077
39094,0.132619,0.013473,0.00232002,-0.0306715,-0.033634,-0.00608491,0.619271,-0.293709,-0.0647136,0.00197529
39102,0.132619,0.013473,0.00232002,-0.0306715,-0.0340331,-0.0427236,0.616741,-0.227869,-0.0499317,0.00261759
39110,0.132619,0.013473,-0.0023199,-0.023004,-0.0344191,-0.00355168,0.622238,-0.15997,-0.0504263,0.0174435
39118,0.132619,0.013473,-0.0023199,-0.023004,-0.0344194,-0.0383271,0.615541,-0.0529806,-0.0309805,0.0231463
39125,0.132619,0.013473,-0.0023199,-0.023004,-0.0343356,-0.0160764,0.620508,0.0298343,-0.0258228,0.0376059
39134,0.132619,0.013473,-0.0023199,-0.023004,-0.0343386,0.00297577,0.625495,-0.0745852,-0.0420815,0.0292749
39142,0.132619,0.013473,-0.0023199,-0.023004,-0.0339041,0.00990337,0.623593,-0.0457796,-0.0401246,0.0341446
39150,0.132619,0.013473,-0.0023199,-0.0153358,-0.033902,-0.0246029,0.620839,-0.049893,-0.0353563,0.0264906
39158,0.132619,0.013473,-0.0023199,-0.0153358,-0.0341106,-0.0447213,0.621151,-0.00565755,-0.0265757,0.0280877
39166,0.132619,0.013473,-0.0046398,-0.00766826,-0.0343,-0.0552455,0.619439,-0.0370354,-0.0292712,0.021532
39174,0.132619,0.013473,-0.0046398,-0.00766826,-0.0346859,-0.0348628,0.621233,-0.0828147,-0.0378013,0.0193123
39182,0.132619,0.013473,-0.00695971,-0.00766826,-0.0352555,-0.00621823,0.619008,0.0293194,-0.0285674,0.0366256
39190,0.132619,0.013473,-0.00695971,-0.00766826,-0.0351177,-0.0210068,0.613127,0.0293192,-0.0253599,0.0333747
39197,0.132619,0.013473,-0.00695971,-0.00766826,-0.0349817,0.00097721,0.624085,0.0303484,-0.0308311,0.0391586
39206,0.132619,0.013473,-0.00695971,-0.00766826,-0.0354294,-0.013812,0.619976,-0.051953,-0.0368032,0.0256518
39214,0.132619,0.013473,-0.00695971,-0.00766826,-0.0351892,0.0119017,0.619879,-0.0164598,-0.0371943,0.0345024
39222,0.132619,0.013473,-0.00927961,-0.00766826,-0.0349101,-0.0256696,0.617598,0.0210896,-0.0269353,0.0329972
39230,0.132619,0.013473,-0.00927961,-0.00766826,-0.0350956,-0.0711012,0.613355,0.0216036,-0.0184113,0.0244538
39238,0.132619,0.013473,-0.00927961,-0.00766826,-0.0357976,-0.0445895,0.616353,-0.0282907,-0.0282019,0.0225372
39246,0.132619,0.013473,-0.00927961,-0.00766826,-0.0360284,0.0133664,0.620175,0.00360044,-0.0343434,0.0363789
39254,0.132619,0.013473,-0.00927961,-0.00766826,-0.0354645,0.00803812,0.618523,-0.0282909,-0.037726,0.0322257
39262,0.132619,0.013473,-0.00927961,-0.00766826,-0.0353818,0.0047074,0.618598,0.0565816,-0.0272993,0.0418241
39269,0.132619,0.013473,-0.00927961,-0.00766826,-0.0351959,-0.0108803,0.61905,0.0128595,-0.0301966,0.0343565
39278,0.132619,0.013473,-0.00927961,-0.00766826,-0.03498,-0.0163426,0.620552,-0.0632679,-0.0387999,0.024977
39286,0.132619,0.013473,-0.00927961,-0.00766826,-0.0350801,-0.0317976,0.621013,-0.0123453,-0.0301766,0.0283256
39294,0.132619,0.013473,-0.00927961,-0.00766826,-0.0353142,-0.0134116,0.620891,-0.0632685,-0.0388816,0.0250625
39302,0.132619,0.013473,-0.00927961,-0.00766826,-0.0351043,-0.00701662,0.622999,-0.0108019,-0.0343863,0.0329745
39310,0.132619,0.013473,-0.00927961,-0.00766826,-0.0350968,-0.0345961,0.62081,0.0236613,-0.0254147,0.0320542
39318,0.132619,0.013473,-0.00927961,-0.00766826,-0.035432,-0.0227387,0.625149,-0.0622405,-0.0377397,0.0241337
39326,0.132619,0.013473,-0.00927961,0.0153358,-0.0357965,-0.00275359,0.625776,-0.0329203,-0.0399068,0.0278469
39334,0.132619,0.013473,-0.00927961,0.0153358,-0.0358519,-0.0259357,0.618085,-0.0293191,-0.034328,0.0230464
39341,0.132619,0.013473,-0.00927961,0.0153358,-0.0359993,-0.0320646,0.621563,-0.0282908,-0.0335495,0.0224902
39350,0.132619,0.013473,-0.00927961,0.0153358,-0.0359449,-0.0228713,0.625519,-0.0149166,-0.0342082,0.0263349
39358,0.132619,0.013473,-0.00927961,0.0153358,-0.0366011,-0.00568247,0.626196,-0.110077,-0.0474772,0.017184
39366,0.132619,0.013473,-0.00927961,0.0153358,-0.0367009,-0.0389928,0.620048,0.0231474,-0.0251348,0.0261858
39374,0.132619,0.013473,-0.00927961,0.0153358,-0.0370183,-0.0365931,0.620032,-0.0308642,-0.0314585,0.0197628
39382,0.132619,0.013473,-0.00927961,0.0153358,-0.0367251,0.0362836,0.631137,0.00617242,-0.0413567,0.0386295
39390,0.132619,0.013473,-0.00927961,0.0153358,-0.0360372,0.0356167,0.630646,0.00771556,-0.0419287,0.0395739
39398,0.132619,0.013473,-0.00927961,0.0153358,-0.0362008,-0.0411238,0.628055,-0.040121,-0.0342118,0.0203304
39406,0.132619,0.013473,-0.00927961,0.0153358,-0.0365268,-0.179683,0.609595,0.0262336,-2.155e-05,0.00137676
39413,0.132619,0.013473,-0.00927961,0.0153358,-0.0381339,-0.094821,0.622201,-0.0642992,-0.0245719,0.00479154
39422,0.132619,0.013473,-0.00927961,0.0153358,-0.0388319,0.0432092,0.627716,-0.0277754,-0.0430636,0.0323126
39430,0.132619,0.013473,-0.00927961,0.0153358,-0.0378546,0.0958379,0.631785,-0.0349787,-0.0546258,0.0423486
39438,0.132619,0.013473,-0.00927961,0.0153358,-0.0371134,0.0321524,0.622992,0.0452663,-0.0342219,0.0407036
39446,0.132619,0.013473,-0.00927961,0.0153358,-0.0368577,-0.0587109,0.620643,0.0241762,-0.021628,0.02286
39454,0.132619,0.013473,-0.00927961,0.0153358,-0.0374273,-0.0770972,0.625194,-0.0061736,-0.02211,0.0161144
39462,0.132619,0.013473,-0.00927961,0.0153358,-0.0382325,-0.0585773,0.62312,0.0401212,-0.0182845,0.0232606
39470,0.132619,0.013473,-0.00927961,0.0153358,-0.0385011,-0.025138,0.618522,-0.060183,-0.0345337,0.0159301
39478,0.132619,0.013473,-0.00927961,0.0153358,-0.0382832,0.00710464,0.618202,-0.0365198,-0.037334,0.0244167
39485,0.132619,0.013473,-0.00927961,0.0153358,-0.0380471,0.0877099,0.629551,0.0432078,-0.0434428,0.0495937
39494,0.132619,0.013473,-0.00927961,0.0153358,-0.0373185,0.0340177,0.626164,0.0360065,-0.0358514,0.0401503
39502,0.132619,0.013473,-0.00927961,0.0153358,-0.0368439,-0.0332634,0.625778,0.0334342,-0.0255982,0.0290932
39510,0.132619,0.013473,-0.00927961,0.0153358,-0.0367039,-0.0291334,0.625761,-0.0493808,-0.0362297,0.0201911
39518,0.132619,0.013473,-0.00927961,0.0153358,-0.0366032,-0.046054,0.620422,-0.00051429,-0.0269472,0.0223932
39526,0.132619,0.013473,-0.00927961,0.0153358,-0.0364555,-0.0513835,0.616176,0.0442363,-0.0203106,0.0263053
39534,0.132619,0.013473,-0.00927961,0.0153358,-0.0367352,0.00111037,0.619666,-0.0293196,-0.0378513,0.0266385
39542,0.132619,0.013473,-0.00927961,0.0153358,-0.0364849,0.00523932,0.616802,-0.0776714,-0.0441148,0.0215046
39550,0.132619,0.013473,-0.00927961,0.0153358,-0.0364926,0.0691913,0.621312,-0.0540094,-0.0526359,0.035805
39557,0.132619,0.013473,-0.00927961,0.0153358,-0.0356538,0.0659935,0.623168,0.0812715,-0.0376153,0.05272
39566,0.132619,0.013473,-0.00927961,0.0153358,-0.035011,-0.0164778,0.621491,0.0123449,-0.0326873,0.0312817
39574,0.132619,0.013473,-0.00927961,0.0153358,-0.0353142,-0.0651057,0.623723,-0.0231463,-0.0287576,0.018823
39582,0.132619,0.013473,-0.00927961,0.0153358,-0.0357679,-0.108805,0.619289,-0.068411,-0.0255162,0.00475764
39590,0.132619,0.013473,-0.00927961,0.0153358,-0.036581,-0.0339303,0.618644,0.00257163,-0.0283361,0.0245473
39598,0.132619,0.013473,-0.00927961,0.0153358,-0.036665,0.00124262,0.613728,0.0540094,-0.0271949,0.0356525
39606,0.132619,0.013473,-0.00927961,0.0153358,-0.0364165,0.0396168,0.623027,-0.00514386,-0.0423596,0.036975
39614,0.132619,0.013473,-0.00927961,0.0230037,-0.0358917,0.0504047,0.628934,-0.118822,-0.0601157,0.0261289
39622,0.132619,0.013473,-0.00927961,0.0230037,-0.0358641,-0.013546,0.626322,-0.00257172,-0.0354418,0.0287021
39629,0.132619,0.013473,-0.00927961,0.0230037,-0.0360688,-0.0533816,0.623813,0.0704691,-0.0195521,0.0299295
39638,0.132619,0.013473,-0.00695971,0.0230037,-0.0368319,-0.116799,0.619532,0.00720131,-0.0143924,0.0096317
39646,0.132619,0.013473,-0.00695971,0.0230037,-0.0377531,-0.0644394,0.626808,-0.0262332,-0.0269133,0.0144061
39654,0.132619,0.013473,-0.00695971,0.0230037,-0.0382016,-0.0721683,0.610367,-0.0133734,-0.0208553,0.0113519
39662,0.132619,0.013473,-0.00695971,0.0230037,-0.0372699,0.170712,0.631582,-0.0540101,-0.0705704,0.0522259
39670,0.132619,0.013473,-0.00695971,0.0153358,-0.0352693,0.043078,0.620115,0.0864168,-0.0328754,0.0491303
39678,0.132619,0.013473,-0.00695971,0.0153358,-0.0353482,-0.158766,0.614338,0.0318912,-0.00482655,0.00759821
39686,0.132619,0.013473,-0.00695971,0.0153358,-0.0369519,-0.116398,0.624876,-0.114194,-0.0285551,-0.00305066
39694,0.132619,0.013473,-0.00695971,0.0153358,-0.0373822,-0.0485842,0.616885,-0.0421788,-0.0294261,0.0150174
39701,0.132619,0.013473,-0.00695971,0.0153358,-0.0378725,-0.0496516,0.606242,0.0756129,-0.0129836,0.0263677
39710,0.132619,0.013473,-0.00927961,0.0153358,-0.0382283,0.027094,0.616994,0.104419,-0.023919,0.0443311
39718,0.132619,0.013473,-0.00927961,0.0153358,-0.0377826,0.0971695,0.623466,-0.0797291,-0.0588787,0.0360425
39726,0.132619,0.013473,-0.00927961,0.0153358,-0.0368869,0.0498723,0.620797,-0.0437218,-0.0475998,0.0331329
39734,0.132619,0.013473,-0.00927961,0.0153358,-0.0364206,-0.0444553,0.616173,0.0514377,-0.0206569,0.028373
39742,0.132619,0.013473,-0.00927961,0.0153358,-0.0367473,-0.0778952,0.618303,0.0781848,-0.0118609,0.0257848
39750,0.132619,0.013473,-0.00927961,0.0153358,-0.0372544,-0.0643057,0.620364,-0.0560672,-0.0295673,0.0118352
39758,0.132619,0.013473,-0.00927961,0.0153358,-0.0378614,-0.040593,0.617338,-0.113163,-0.0389031,0.00775618
39766,0.132619,0.013473,-0.00927961,0.0153358,-0.0382223,-0.0163452,0.608467,0.00514384,-0.0270562,0.0239024
39774,0.132619,0.013473,-0.00927961,0.0153358,-0.0385146,0.0424108,0.61026,0.0622396,-0.0299493,0.0404464
39782,0.132619,0.013473,-0.00927961,0.0153358,-0.0381783,0.0842462,0.613672,0.0324062,-0.0414052,0.0449922
39790,0.132619,0.013473,-0.00927961,0.0153358,-0.0374143,0.0577322,0.619215,-0.0282909,-0.0461056,0.0352968
39798,0.132619,0.013473,-0.00695971,0.0153358,-0.0367634,0.00617076,0.6163,-0.0977324,-0.0457965,0.0184493
39806,0.132619,0.013473,-0.00695971,0.0153358,-0.0370216,-0.078163,0.609173,0.0144029,-0.0171122,0.0159744
39814,0.132619,0.013473,-0.00927961,0.0230037,-0.0377989,-0.0540479,0.608581,0.00977277,-0.0217678,0.0177888
39822,0.132619,0.013473,-0.00927961,0.0230037,-0.0377721,0.0129661,0.615148,-0.0637835,-0.04263,0.0214922
39830,0.132619,0.013473,-0.00927961,0.0230037,-0.0374736,0.0385481,0.615547,0.00360067,-0.0394015,0.0342514
39838,0.132619,0.013473,-0.00927961,0.0230037,-0.0368831,0.0144331,0.610825,0.0534956,-0.0295773,0.03614
39845,0.132619,0.013473,-0.00927961,0.0230037,-0.0373182,0.0320193,0.617858,-0.0632688,-0.0467843,0.0258327
39854,0.132619,0.013473,-0.00927961,0.0230037,-0.0371819,0.0190961,0.618566,-0.0138885,-0.0391261,0.0297935
39862,0.132619,0.013473,-0.00927961,0.0230037,-0.0376917,-0.0719003,0.611083,-0.026233,-0.0236031,0.0110729
39870,0.132619,0.013473,-0.00927961,0.0153358,-0.0382633,-0.0533819,0.618183,-0.0216044,-0.025581,0.0160017
39878,0.132619,0.013473,-0.00927961,0.0153358,-0.0386852,-0.0239366,0.608107,0.0262331,-0.0226208,0.0244152
39886,0.132619,0.013473,-0.00927961,0.0153358,-0.0388743,-0.00715061,0.604832,0.0185183,-0.0255237,0.0255447
39894,0.132619,0.013473,-0.00927961,0.0153358,-0.0387137,0.0466741,0.606646,-0.0231477,-0.0398616,0.0302129
39902,0.132619,0.013473,-0.00927961,0.0153358,-0.03811,0.0877099,0.622085,-0.00102901,-0.0473669,0.0430741
39910,0.132619,0.013473,-0.00927961,0.0153358,-0.0374749,0.0145667,0.613872,-0.00720121,-0.0355267,0.0295641
39917,0.132619,0.013473,-0.00927961,0.0153358,-0.0372807,-0.0124802,0.621591,0.0344635,-0.0276463,0.0314403
39926,0.132619,0.013473,-0.00927961,0.0153358,-0.037339,-0.0738991,0.612519,0.0411503,-0.0151438,0.0203285
39934,0.132619,0.013473,-0.00927961,0.0153358,-0.0377062,-0.0990795,0.609239,0.0231472,-0.0120621,0.0129152
39942,0.132619,0.013473,-0.00927961,0.0230037,-0.0385824,-0.0535154,0.607987,0.0529807,-0.0155946,0.0218047
39950,0.132619,0.013473,-0.00927961,0.0230037,-0.0385751,0.029488,0.607994,0.0298334,-0.0320827,0.0330803
39958,0.132619,0.013473,-0.00927961,0.0230037,-0.0385363,0.0595984,0.605242,0.0061723,-0.0394685,0.0349724
39966,0.132619,0.013473,-0.00927961,0.0230037,-0.0382207,0.044544,0.613767,0.11522,-0.0259314,0.0471356
39974,0.132619,0.013473,-0.00927961,0.0230037,-0.0384397,0.0324185,0.61738,-0.0262334,-0.0408715,0.0286466
39982,0.132619,0.013473,-0.00927961,0.0230037,-0.0378866,-0.00448642,0.617425,0.0185177,-0.0302512,0.028486
39989,0.132619,0.013473,-0.00927961,0.0230037,-0.0370953,-0.06777,0.612774,0.0529804,-0.0160439,0.0222333
39998,0.132619,0.013473,-0.00927961,0.0230037,-0.0377448,-0.104143,0.605328,-0.0293195,-0.0176265,0.00426873
40006,0.132619,0.013473,-0.00927961,0.0230037,-0.0385496,-0.0523156,0.607631,0.0720126,-0.0135386,0.0242452
40014,0.132619,0.013473,-0.00927961,0.0230037,-0.038906,0.00763669,0.606853,0.0128592,-0.0298255,0.0267452
40022,0.132619,0.013473,-0.00927961,0.0230037,-0.0389247,0.0995683,0.615606,-0.0216036,-0.0504983,0.0395621
40030,0.132619,0.013473,-0.00927961,0.0230037,-0.0382223,0.0787833,0.613339,0.00720166,-0.0442598,0.0400701
40038,0.132619,0.013473,-0.00927961,0.0230037,-0.0375968,0.0357501,0.614965,0.0437218,-0.0339477,0.0382577
40046,0.132619,0.013473,-0.00927961,0.0230037,-0.0373143,-0.0413915,0.614244,0.0205752,-0.0241681,0.0227851
40054,0.132619,0.013473,-0.00927961,0.0230037,-0.037622,-0.107606,0.608747,-0.0159463,-0.0161958,0.00598645
40061,0.132619,0.013473,-0.00927961,0.0230037,-0.0378119,-0.0797618,0.607982,-0.0488664,-0.0243035,0.00640489
40070,0.132619,0.013473,-0.00927961,0.0306715,-0.038519,-0.0255382,0.600272,0.00462899,-0.0256746,0.0187462
40078,0.132619,0.013473,-0.00927961,0.0306715,-0.0384258,0.050405,0.606853,0.0452657,-0.0346538,0.0375496
40086,0.132619,0.013473,-0.00927961,0.0306715,-0.038012,0.102899,0.613569,0.0123448,-0.0488774,0.0441679
40094,0.132619,0.013473,-0.00927961,0.0306715,-0.0372053,0.0970354,0.619028,-0.030348,-0.0549221,0.0401299
40102,0.132619,0.013473,-0.00927961,0.0306715,-0.0365558,-0.0475203,0.607409,0.0560682,-0.0198141,0.024991
40110,0.132619,0.013473,-0.00927961,0.0306715,-0.0369579,-0.0936172,0.609255,-0.00771606,-0.0194396,0.00941519
40118,0.132619,0.013473,-0.00927961,0.0306715,-0.0375802,-0.0596435,0.609124,0.00720152,-0.022435,0.0160254
40126,0.132619,0.013473,-0.00927961,0.0306715,-0.0380135,-0.0487189,0.603147,0.00257216,-0.0232332,0.0157569
40133,0.132619,0.013473,-0.00927961,0.0306715,-0.0382945,-0.0042201,0.605424,-0.0329199,-0.0347678,0.0190445
40142,0.132619,0.013473,-0.00927961,0.0383394,-0.0384766,0.00497339,0.600586,0.0519521,-0.0261649,0.02869
40150,0.132619,0.013473,-0.00927961,0.0383394,-0.0382162,0.0743867,0.613717,0.00668704,-0.0454682,0.0375239
40158,0.132619,0.013473,-0.00927961,0.299048,-0.0374666,0.0757191,0.620267,-0.0210892,-0.0817637,0.00573941
40166,0.132619,0.013473,-0.00927961,0.299048,-0.0373183,-0.0377935,0.61267,0.156885,-0.0409699,0.00661373
40174,0.132619,0.013473,-0.00927961,0.513748,-0.0376202,-0.143979,0.604592,0.205236,-0.0412667,-0.0326825
40182,0.132619,0.013473,-0.00927961,0.513748,-0.0381998,-0.117599,0.609288,0.131165,-0.0543255,-0.0370361
40190,0.132619,0.013473,-0.00927961,0.912479,-0.039073,-0.0636431,0.601622,0.301424,-0.087752,-0.0573902
40198,0.132619,0.013473,-0.00927961,0.912479,-0.0397455,-0.0302007,0.601579,0.517977,-0.0668458,-0.0270882
40205,0.132619,0.013473,-0.00927961,0.912479,-0.040141,0.0687909,0.610464,0.562727,-0.0788591,-0.00421719
40214,0.132619,0.013473,-0.00927961,1.2422,-0.0396549,0.0831802,0.609419,0.59719,-0.116531,-0.0361888
40222,0.132619,0.013473,-0.00927961,1.2422,-0.0387813,0.0274886,0.62025,0.793167,-0.0871561,-0.0194587
40230,0.132619,0.013473,-0.00927961,1.80195,-0.0386888,-0.113868,0.608103,1.02052,-0.101078,-0.0844264
40238,0.132619,0.013473,-0.00927961,1.80195,-0.0399799,-0.173423,0.599294,1.29777,-0.0553557,-0.0649059
40246,0.132619,0.013473,-0.00927961,2.5304,-0.0419936,-0.124129,0.589961,1.39962,-0.133089,-0.134962
40254,0.132619,0.013473,-0.00927961,2.5304,-0.0432357,0.0346825,0.594705,1.61823,-0.132698,-0.0832882
40262,0.132619,0.013473,-0.00927961,3.02882,-0.0420075,0.0194971,0.589555,1.95874,-0.149643,-0.103643
40270,0.132619,0.013473,-0.00927961,3.02882,-0.0426304,0.108359,0.598971,2.29257,-0.125689,-0.048536
40277,0.132619,0.013473,-0.00927961,3.02882,-0.0417764,0.170179,0.62838,2.51375,-0.115774,-0.00603859
40286,0.132619,0.013473,-0.00695971,3.45055,-0.0411402,0.137271,0.634092,2.64235,-0.146283,-0.0448148
40294,0.132619,0.013473,-0.00695971,3.45055,-0.0402437,-0.0485851,0.616759,2.82495,-0.0924182,-0.0561275
40302,0.132619,0.013473,-0.00695971,3.55023,-0.0404004,-0.164361,0.615768,3.06928,-0.055822,-0.0589336
40310,0.132619,0.013473,-0.00695971,3.55023,-0.0414207,-0.165427,0.612021,3.24005,-0.0335204,-0.0409431
40318,0.132619,0.013473,-0.00927961,3.84928,-0.0423405,-0.106008,0.592413,3.24108,-0.0744338,-0.0702121
40326,0.132619,0.013473,-0.00927961,3.84928,-0.0426051,-0.0385942,0.588949,3.44375,-0.0607999,-0.0358075
40334,0.132619,0.013473,-0.00695971,4.08698,-0.0430956,-0.0252698,0.581817,3.68756,-0.0600927,-0.035041
40342,0.132619,0.013473,-0.00695971,4.08698,-0.0431736,0.143267,0.580054,3.73334,-0.0822255,-0.00159332
40349,0.132619,0.013473,-0.00695971,4.08698,-0.0420096,0.075054,0.578525,3.87736,-0.0553059,0.00529445
40358,0.132619,0.013473,-0.00695971,4.53172,-0.0418413,0.0250911,0.576484,3.80586,-0.10776,-0.0642565
40366,0.132619,0.013473,-0.00695971,4.53172,-0.0416509,-0.0423216,0.570268,4.10677,-0.060397,-0.0407922
40374,0.132619,0.013473,-0.00695971,4.86911,-0.0419874,-0.0324625,0.567819,4.37014,-0.0698969,-0.0487413
40382,0.132619,0.013473,-0.00695971,4.86911,-0.041954,0.0153677,0.545537,4.4262,-0.0676719,-0.0375896
40390,0.132619,0.013473,-0.00695971,5.06847,-0.0410392,-0.0100808,0.537681,4.52856,-0.0748759,-0.0533469
40398,0.132619,0.013473,-0.00695971,5.06847,-0.0410063,-0.0421901,0.542946,4.58926,-0.0632982,-0.0506938
40406,0.132619,0.013473,-0.00695971,5.40586,-0.0409576,0.0220265,0.543869,4.62989,-0.109117,-0.074727
40414,0.132619,0.013473,-0.00695971,5.40586,-0.0398179,0.0823807,0.562227,4.9236,-0.0890268,-0.025288
40421,0.132619,0.013473,-0.00695971,5.40586,-0.0390028,-0.0108812,0.555718,4.91126,-0.0751022,-0.0423966
40430,0.132619,0.013473,-0.00927961,5.6819,-0.0384946,-0.062442,0.572921,4.8089,-0.114989,-0.0919773
40438,0.132619,0.013473,-0.00927961,5.6819,-0.0393321,-0.169958,0.574491,5.03522,-0.0696152,-0.0842653
40446,0.132619,0.013473,-0.00927961,5.91194,-0.0410454,-0.236838,0.573501,5.17462,-0.0667076,-0.108797
40454,0.132619,0.013473,-0.00927961,5.91194,-0.0432691,-0.211396,0.57117,5.30116,-0.0525867,-0.0930044
40462,0.132619,0.013473,-0.00927961,6.03463,-0.0455734,-0.189013,0.546726,5.36288,-0.0563813,-0.103569
40470,0.132619,0.013473,-0.00927961,6.03463,-0.0476615,-0.0882927,0.555104,5.60926,-0.0425191,-0.0589977
40478,0.132619,0.013473,-0.00927961,6.03463,-0.0487308,-0.0332673,0.537772,5.58509,-0.0502256,-0.0568497
40486,0.132619,0.013473,-0.00927961,6.03463,-0.0493459,0.0613263,0.544693,5.64012,-0.0596806,-0.0341253
40493,0.132619,0.013473,-0.00927961,6.03463,-0.0481096,0.0750521,0.550307,5.67974,-0.0598864,-0.0245087
40502,0.132619,0.013473,-0.00927961,6.0423,-0.0478168,0.0818461,0.555861,5.70031,-0.0607869,-0.0205363
40510,0.132619,0.013473,-0.00927961,6.0423,-0.0466982,-0.00382124,0.558192,5.83868,-0.0322019,-0.0167025
40518,0.132619,0.013473,-0.00927961,6.0423,-0.0456877,-0.0764272,0.544892,5.69105,-0.0368141,-0.0471436
40526,0.132619,0.013473,-0.00927961,6.0423,-0.0455647,-0.102407,0.55465,5.78775,-0.0228563,-0.0383509
40534,0.132619,0.013473,-0.00927961,6.0423,-0.0459073,-0.123192,0.531063,5.73375,-0.0215086,-0.0525164
40542,0.132619,0.013473,-0.00927961,6.0423,-0.0460583,-0.0250018,0.546279,5.8181,-0.0300776,-0.0237399
40550,0.132619,0.013473,-0.00927961,6.04996,-0.0457136,0.0131032,0.530188,5.7821,-0.0394165,-0.0245892
40558,0.132619,0.013473,-0.00927961,6.04996,-0.0448544,0.0111023,0.525995,5.76153,-0.0420128,-0.0268436
40565,0.132619,0.013473,-0.00927961,6.04996,-0.044295,-0.0102122,0.53552,5.79392,-0.0369657,-0.0242988
40574,0.132619,0.013473,-0.00927961,6.16498,-0.0438541,-0.0568437,0.522776,5.7466,-0.0469225,-0.0527977
40582,0.132619,0.013473,-0.00927961,6.16498,-0.044102,-0.0834888,0.520465,5.80833,-0.0345238,-0.0507115
40590,0.132619,0.013473,-0.00927961,6.18032,-0.0443737,-0.100677,0.500491,5.81861,-0.0286827,-0.0578026
40598,0.132619,0.013473,-0.00927961,6.18032,-0.0449597,-0.0255384,0.516189,5.85051,-0.0390952,-0.0396411
40606,0.132619,0.013473,-0.0139194,6.19565,-0.0445393,-0.0231389,0.499977,5.7965,-0.0463759,-0.0487151
40614,0.132619,0.013473,-0.0139194,6.19565,-0.0442626,0.0436111,0.507092,5.81089,-0.0572628,-0.0342248
40622,0.132619,0.013473,-0.0139194,6.19565,-0.04383,-0.026735,0.500032,5.92561,-0.03155,-0.0330672
40630,0.132619,0.013473,-0.0139194,6.19565,-0.0438257,-0.0416602,0.501861,5.89474,-0.0330148,-0.0389331
40637,0.132619,0.013473,-0.0139194,6.19565,-0.0438531,-0.0188725,0.504967,5.93538,-0.0324635,-0.0298225
40646,0.132619,0.013473,-0.0139194,6.20332,-0.0436726,-0.112269,0.471623,5.75638,-0.0338666,-0.0727662
40654,0.132619,0.013473,-0.0139194,6.20332,-0.0444235,-0.0631078,0.486006,5.98527,-0.0163259,-0.0361383
40662,0.132619,0.013473,-0.0139194,6.21866,-0.0444317,-0.0130155,0.467811,5.95184,-0.0274286,-0.036397
40670,0.132619,0.013473,-0.0139194,6.21866,-0.0432848,0.112087,0.479665,5.8541,-0.0631503,-0.0233502
40678,0.132619,0.013473,-0.0139194,6.22633,-0.0414024,0.0278903,0.473749,5.96985,-0.0380976,-0.0231185
40686,0.132619,0.013473,-0.0139194,6.22633,-0.0408473,0.00230773,0.474045,5.9863,-0.0327297,-0.0246711
40694,0.132619,0.013473,-0.0139194,6.24933,-0.0402288,-0.04605,0.476106,5.9719,-0.0303074,-0.0360608
40702,0.132619,0.013473,-0.0139194,6.24933,-0.0402728,-0.118663,0.453191,5.89628,-0.023439,-0.0610011
40709,0.132619,0.013473,-0.0139194,6.24933,-0.0409552,-0.16876,0.456518,6.01356,-0.00092188,-0.0559971
40718,0.132619,0.013473,-0.0139194,6.24933,-0.0419728,-0.139715,0.440974,5.93487,-0.0111057,-0.0643154
40726,0.132619,0.013473,-0.0139194,6.24933,-0.0429653,-0.0355327,0.431822,5.97293,-0.0210444,-0.0450937
40734,0.132619,0.013473,-0.0139194,6.24933,-0.0433406,0.0641244,0.434303,6.05986,-0.0271941,-0.0181278
40742,0.132619,0.013473,-0.0139194,6.24933,-0.042625,0.0242904,0.409588,5.86697,-0.040326,-0.0506399
40750,0.132619,0.013473,-0.0139194,6.24933,-0.0430308,0.0337512,0.430647,6.08712,-0.018787,-0.0201879
40758,0.132619,0.013473,-0.0139194,6.24933,-0.044463,-0.0652397,0.399871,6.00944,-0.00462217,-0.0530123
40766,0.132619,0.013473,-0.0139194,6.24933,-0.0461683,-0.0258018,0.395327,5.95646,-0.0143268,-0.0557192
40774,0.132619,0.013473,-0.0139194,6.24933,-0.0469696,0.0125659,0.389187,6.02282,-0.0107766,-0.043504
40781,0.132619,0.013473,-0.0139194,6.24933,-0.0470506,0.0991643,0.370855,5.89268,-0.0373923,-0.0473468
40790,0.132619,0.013473,-0.0139194,6.24933,-0.0461236,0.181236,0.386548,6.01716,-0.0401183,-0.0149741
40798,0.132619,0.013473,-0.0139194,6.24933,-0.0450315,0.211479,0.379883,5.96778,-0.0513714,-0.0152706
40806,0.132619,0.013473,-0.0139194,6.24933,-0.044247,0.174706,0.385315,5.89269,-0.0560787,-0.0283873
40814,0.132619,0.013473,-0.0139194,6.24933,-0.0437316,0.0979688,0.390381,6.00688,-0.0314346,-0.0263007
40822,0.132619,0.013473,-0.0139194,6.24933,-0.0431087,-0.0127454,0.366664,5.98837,-0.0123119,-0.0501221
40830,0.132619,0.013473,-0.0139194,6.24933,-0.0428366,-0.0416537,0.364506,6.11335,0.00717802,-0.0401934
40838,0.132619,0.013473,-0.0139194,6.24933,-0.0422734,0.0357492,0.357969,5.90452,-0.0299705,-0.0520976
40846,0.132619,0.013473,-0.0139194,6.24933,-0.0419219,0.19136,0.364507,5.9143,-0.0561299,-0.0231532
40853,0.132619,0.013473,-0.0139194,6.24933,-0.0403959,0.177507,0.363438,6.05368,-0.0393327,-0.00706903
40862,0.132619,0.013473,-0.0162393,6.24933,-0.0393064,0.113954,0.360665,5.98631,-0.0381651,-0.024316
40870,0.132619,0.013473,-0.0162393,6.24933,-0.038087,0.0926407,0.367534,6.01459,-0.0340806,-0.0217706
40878,0.132619,0.013473,-0.0162393,6.24933,-0.0365669,-0.0615069,0.356866,6.02282,-0.00794373,-0.0464098
40886,0.132619,0.013473,-0.0162393,6.24933,-0.0368344,-0.115331,0.338981,5.96573,-0.00250806,-0.0654902
40894,0.132619,0.013473,-0.0162393,6.24933,-0.0367734,-0.0461903,0.346208,6.02797,-0.00787473,-0.0452213
40902,0.132619,0.013473,-0.0162393,6.24933,-0.0369153,0.0906364,0.340501,5.90194,-0.0442755,-0.0381561
40910,0.132619,0.013473,-0.0162393,6.24933,-0.0363938,0.222669,0.357474,5.96829,-0.0617769,-0.00458394
40918,0.132619,0.013473,-0.0162393,6.24933,-0.0341465,0.156056,0.351253,6.08557,-0.0390042,0.00015767
40925,0.132619,0.013473,-0.0162393,6.24933,-0.0327504,-0.0151429,0.33688,5.99865,-0.0204884,-0.039376
40934,0.132619,0.013473,-0.0162393,6.24933,-0.0325391,-0.0769602,0.343028,6.04391,-0.00619506,-0.0431688
40942,0.132619,0.013473,-0.0162393,6.24933,-0.0328971,-0.101207,0.329502,5.92458,-0.0135702,-0.0640414
40950,0.132619,0.013473,-0.0162393,6.24933,-0.0334177,-0.032733,0.325798,5.94772,-0.0208755,-0.0510739
40958,0.132619,0.013473,-0.0162393,6.24933,-0.0333653,0.0334829,0.325222,6.02745,-0.022429,-0.0305002
40966,0.132619,0.013473,-0.0162393,6.24933,-0.0335541,0.0590629,0.318472,5.95647,-0.033684,-0.0359257
40974,0.132619,0.013473,-0.0162393,6.24933,-0.0335718,0.0767842,0.313303,5.98733,-0.0321265,-0.0301454
40982,0.132619,0.013473,-0.0162393,6.24933,-0.0331215,0.0401464,0.315834,6.06037,-0.0184762,-0.0266585
40990,0.132619,0.013473,-0.0162393,6.24933,-0.0333754,-0.0321976,0.299266,5.88908,-0.0236593,-0.0621317
40998,0.132619,0.013473,-0.0162393,6.24933,-0.0344744,-0.0445907,0.296722,5.92818,-0.0150831,-0.0615344
41006,0.132619,0.013473,-0.0162393,6.24933,-0.0352698,-0.00701982,0.295649,6.00122,-0.0114365,-0.0478376
41014,0.132619,0.013473,-0.0162393,6.24933,-0.0354286,0.074249,0.280156,5.92303,-0.0313992,-0.0460894
41022,0.132619,0.013473,-0.0162393,6.24933,-0.0342914,0.138202,0.294599,6.08814,-0.026423,-0.0118791
41030,0.132619,0.013473,-0.0162393,6.24933,-0.033143,0.11489,0.284495,5.93847,-0.0401462,-0.0335416
41038,0.132619,0.013473,-0.0162393,6.24933,-0.0327558,0.0376146,0.275033,5.93692,-0.0265351,-0.0477466
41046,0.132619,0.013473,-0.0162393,6.24933,-0.0321606,0.0173662,0.27945,6.05677,-0.0105865,-0.0354566
41054,0.132619,0.013473,-0.0162393,6.24933,-0.0321828,-0.0467184,0.261201,5.87108,-0.0188819,-0.071189
41062,0.132619,0.013473,-0.0162393,6.24933,-0.032455,-0.0168779,0.252544,5.92715,-0.0154515,-0.0612999
41069,0.132619,0.013473,-0.0162393,6.24933,-0.0325485,-0.00888361,0.238826,6.04957,-1.356e-05,-0.0478187
41078,0.132619,0.013473,-0.0162393,6.24933,-0.032675,0.165644,0.242494,5.93641,-0.0426748,-0.031342
41086,0.132619,0.013473,-0.0162393,6.24933,-0.0309726,0.219073,0.237448,5.96675,-0.0494722,-0.0171957
41094,0.132619,0.013473,-0.0162393,6.24933,-0.029433,0.175642,0.240056,6.00019,-0.0408698,-0.0180142
41102,0.132619,0.013473,-0.0162393,6.24933,-0.0288584,0.072122,0.236536,5.91943,-0.0334588,-0.0447929
41110,0.132619,0.013473,-0.0162393,6.24933,-0.0287538,-0.0119468,0.232278,5.9683,-0.013233,-0.0537376
41118,0.132619,0.013473,-0.0162393,6.24933,-0.0293283,-0.0696362,0.211645,6.01974,0.00649461,-0.0615083
41126,0.132619,0.013473,-0.0162393,6.24933,-0.0298389,0.0257576,0.203819,5.98424,-0.0115293,-0.0515825
41134,0.132619,0.013473,-0.0162393,6.24933,-0.0292591,0.15179,0.204986,5.99145,-0.0325407,-0.0284805
41141,0.132619,0.013473,-0.0162393,6.24933,-0.0279753,0.185503,0.20104,5.95081,-0.044039,-0.026454
41150,0.132619,0.013473,-0.0162393,6.24933,-0.0259859,0.201889,0.203618,5.96727,-0.0479576,-0.0185709
41158,0.132619,0.013473,-0.0162393,6.24933,-0.0245572,0.117289,0.200965,5.98836,-0.0329908,-0.0287941
41166,0.132619,0.013473,-0.0162393,6.24933,-0.0245212,-0.0324641,0.190994,6.01716,-0.00323445,-0.0522056
41174,0.132619,0.013473,-0.0162393,6.24933,-0.024877,-0.0820251,0.172469,5.98424,0.00456725,-0.0679349
41182,0.132619,0.013473,-0.0162393,6.24933,-0.0250024,0.0786488,0.178614,6.01151,-0.0196534,-0.0367941
41190,0.132619,0.013473,-0.0162393,6.24933,-0.0241584,0.0605303,0.167684,5.9683,-0.0211401,-0.0455484
41198,0.132619,0.013473,-0.0162393,6.24933,-0.0235518,0.150325,0.168246,5.93126,-0.0413022,-0.0338498
41206,0.132619,0.013473,-0.0162393,6.24933,-0.0229396,0.154591,0.164443,6.02231,-0.0315077,-0.0221309
41213,0.132619,0.013473,-0.0162393,6.24933,-0.0225003,0.105428,0.166701,6.02848,-0.0236029,-0.0287211
41222,0.132619,0.013473,-0.0162393,6.24933,-0.0225377,0.104362,0.162636,5.91994,-0.0355093,-0.0424385
41230,0.132619,0.013473,-0.0162393,6.24933,-0.0221175,0.021492,0.141951,5.922,-0.018785,-0.0589235
41238,0.132619,0.013473,-0.0162393,6.24933,-0.0223512,-0.00075488,0.143248,5.93949,-0.0129275,-0.0607234
41246,0.132619,0.013473,-0.0162393,6.24933,-0.0225383,0.132472,0.150692,6.01305,-0.0272716,-0.0286159
41254,0.132619,0.013473,-0.0162393,6.24933,-0.0215755,0.139403,0.12924,5.9467,-0.0341041,-0.0374124
41262,0.132619,0.013473,-0.0162393,6.24933,-0.0208995,0.151926,0.133881,5.88548,-0.0450655,-0.0408514
41270,0.132778,0.0134114,-0.0185592,6.24933,-0.020223,0.127679,0.138386,5.97961,-0.0320614,-0.0316978
41278,0.132778,0.013393,-0.0185592,6.24933,-0.0192853,0.085843,0.132255,5.99968,-0.0230881,-0.0360483
41285,0.132778,0.0133851,-0.0185592,6.24933,-0.0194735,0.0418776,0.120841,5.93692,-0.0211109,-0.0529766
41294,0.132619,0.0134433,-0.0185592,6.24933,-0.0197209,0.00257434,0.112867,5.9364,-0.0129728,-0.0613605
41302,0.132619,0.0134602,-0.0185592,6.24933,-0.0195687,0.057066,0.107137,5.92149,-0.0230196,-0.0546678
41310,0.132778,0.0134059,-0.0185592,6.24933,-0.019105,0.144332,0.107644,5.94103,-0.035959,-0.0368433
41318,0.132778,0.0133907,-0.0185592,6.24933,-0.0180475,0.153524,0.104768,6.01202,-0.0301273,-0.0258758
41326,0.132619,0.0134457,-0.0185592,6.24933,-0.0169905,0.121683,0.102902,5.97035,-0.0308402,-0.0350799
41334,0.132619,0.0134613,-0.0185592,6.24933,-0.0162661,0.102631,0.100635,5.93229,-0.0327761,-0.0421756
41342,0.132619,0.013468,-0.0162393,6.24933,-0.0157208,0.0472091,0.0989571,5.95853,-0.0205993,-0.04832
41350,0.132619,0.0134708,-0.0162393,6.24933,-0.0159539,-0.00235356,0.0884049,5.98631,-0.00709345,-0.0554235
41357,0.132619,0.0134721,-0.0162393,6.24933,-0.0164115,0.0264217,0.0792285,6.02334,-0.00538959,-0.0483065
41366,0.132619,0.0134726,-0.0162393,6.24933,-0.0161798,0.128744,0.0763983,5.93075,-0.0331101,-0.0421282
41374,0.132619,0.0134729,-0.0162393,6.24933,-0.0149696,0.152992,0.0796123,6.04957,-0.0253031,-0.0217964
41382,0.132619,0.013473,-0.0162393,6.24933,-0.0141336,0.139802,0.0797947,6.03002,-0.0265978,-0.0251439
41390,0.132619,0.013473,-0.0162393,6.24933,-0.0135672,0.127944,0.0739993,5.94464,-0.0345375,-0.0373864
41398,0.132619,0.013473,-0.0162393,6.24933,-0.0128199,0.0638612,0.0703024,5.99042,-0.0189578,-0.0423433
41406,0.132619,0.013473,-0.0162393,6.24933,-0.0128594,0.0105702,0.0638438,5.99402,-0.00861192,-0.052002
41414,0.132619,0.013473,-0.0185592,6.24933,-0.0130568,0.0336186,0.0624791,5.96418,-0.0158286,-0.0517614
41422,0.132619,0.013473,-0.0185592,6.24933,-0.0126624,0.0859766,0.0515338,5.95853,-0.0239464,-0.0448148
41429,0.132619,0.013473,-0.0185592,6.24933,-0.0121846,0.109824,0.0456698,5.93178,-0.0307599,-0.044237
41438,0.132619,0.013473,-0.0185592,6.24933,-0.0115277,0.121682,0.0503259,5.9863,-0.0279504,-0.0341303
41446,0.132619,0.013473,-0.0185592,6.24933,-0.0109524,0.13514,0.0531359,5.98476,-0.0316032,-0.0307927
41454,0.132619,0.013473,-0.0185592,6.24933,-0.0103343,0.09144,0.0444637,5.97807,-0.0246034,-0.0394946
41462,0.132619,0.013473,-0.0185592,6.24933,-0.00980481,0.0394821,0.038737,6.01768,-0.0111336,-0.0437647
41470,0.132619,0.013473,-0.0185592,6.24933,-0.00971937,0.0133691,0.0364628,5.94978,-0.0145595,-0.056444
41478,0.132619,0.013473,-0.0185592,6.24933,-0.00956416,-0.00595152,0.0236739,5.91789,-0.0132705,-0.0653185
41486,0.132619,0.013473,-0.0162393,6.24933,-0.00971328,0.0663922,0.0194291,5.97859,-0.0168409,-0.0472051
41494,0.132619,0.013473,-0.0162393,6.24933,-0.00928587,0.11742,0.016673,5.96316,-0.0272541,-0.0402735
41501,0.132619,0.013473,-0.0162393,6.24933,-0.00880895,0.118218,0.00977356,5.98065,-0.0248688,-0.038522
41510,0.132619,0.013473,-0.0162393,6.24933,-0.00835424,0.115022,0.00821197,5.84228,-0.0410153,-0.0550393
41518,0.132619,0.013473,-0.0162393,6.24933,-0.00808338,0.070925,-0.00207025,5.93898,-0.0210325,-0.0523272
41526,0.132619,0.013473,-0.0162393,6.24933,-0.00776182,0.0509389,-0.00636659,6.02591,-0.00722809,-0.0456681
41534,0.132619,0.013473,-0.0162393,6.24933,-0.00812757,0.0370801,-0.017558,5.86388,-0.0217208,-0.0694707
41542,0.132619,0.013473,-0.0162393,6.24933,-0.00793797,0.0749178,-0.0237351,5.88703,-0.0245263,-0.0610842
41550,0.132619,0.013473,-0.0162393,6.24933,-0.00755384,0.154857,-0.0259745,6.01304,-0.0230862,-0.0325315
41558,0.132619,0.013473,-0.0162393,6.24933,-0.00674219,0.185367,-0.0274322,6.00687,-0.0297456,-0.0272241
41566,0.132619,0.013473,-0.0162393,6.24933,-0.00555083,0.176438,-0.0271936,5.94104,-0.0376967,-0.0348235
41573,0.132619,0.013473,-0.0162393,6.24933,-0.00471647,0.102898,-0.0339174,5.90606,-0.0296981,-0.0512895
41582,0.132619,0.013473,-0.0185592,6.24933,-0.0044686,0.0340199,-0.0461236,6.01922,-0.00370251,-0.050779
41590,0.132619,0.013473,-0.0185592,6.24933,-0.00449347,0.04188,-0.045428,6.04083,-0.00253678,-0.0468216
41598,0.132619,0.013473,-0.0185592,6.24933,-0.00445663,0.0545327,-0.0508366,5.86594,-0.0244193,-0.0661824
41606,0.132619,0.013473,-0.0185592,6.24933,-0.00389743,0.133007,-0.0617236,5.84845,-0.0384931,-0.055992
41614,0.132619,0.013473,-0.0185592,6.24933,-0.00373025,0.159255,-0.0682352,5.97447,-0.0271727,-0.0374839
41622,0.132619,0.013473,-0.0185592,6.24933,-0.00194201,0.153792,-0.0741355,6.08917,-0.0142552,-0.0233174
41630,0.132619,0.013473,-0.0162393,6.24933,-0.00072453,0.230664,-0.0603381,5.83713,-0.0602049,-0.0366092
41638,0.132619,0.013473,-0.0162393,6.24933,0.00053802,0.148596,-0.0776756,5.87725,-0.0408235,-0.0467529
41645,0.132619,0.013473,-0.0162393,6.24933,0.00067019,0.0131017,-0.09294,5.99659,-0.00204051,-0.0577755
41654,0.132619,0.013473,-0.0185592,6.24933,-0.00020853,0.0144347,-0.0848723,5.81862,-0.0236992,-0.0781346
41662,0.132619,0.013473,-0.0185592,6.24933,-0.00032591,0.129007,-0.0866256,5.93229,-0.0288401,-0.0458157
41670,0.132619,0.013473,-0.0185592,6.24933,0.0005273,0.184835,-0.091435,5.9076,-0.0413935,-0.0389102
41678,0.132619,0.013473,-0.0185592,6.24933,0.00149639,0.139405,-0.101055,5.93744,-0.0301326,-0.0432525
41686,0.132619,0.013473,-0.0162393,6.24933,0.00225027,0.138735,-0.0954092,5.99607,-0.024682,-0.0348524
41694,0.132619,0.013473,-0.0162393,6.24933,0.00228158,0.105431,-0.0985835,5.97344,-0.0213635,-0.0436132
41702,0.132619,0.013473,-0.0185592,6.24933,0.00250717,0.0260269,-0.110794,5.86748,-0.0194128,-0.0708144
41710,0.132619,0.013473,-0.0185592,6.24933,0.00231774,0.0206956,-0.11909,5.84331,-0.0197827,-0.0761707
41717,0.132619,0.013473,-0.0185592,6.24933,0.00236342,0.0783832,-0.130661,5.92303,-0.0181441,-0.0588165
41726,0.132619,0.013473,-0.0185592,6.24933,0.00301807,0.16698,-0.133665,5.93075,-0.0323247,-0.0425359
41734,0.132619,0.013473,-0.0185592,6.24933,0.00415265,0.263039,-0.121954,5.92612,-0.0522239,-0.0234207
41742,0.132619,0.013473,-0.0185592,6.24933,0.0058899,0.211749,-0.124219,5.94927,-0.0430186,-0.0272925
41750,0.132619,0.013473,-0.0185592,6.24933,0.00691808,0.134207,-0.130662,5.97653,-0.0273349,-0.0367622
41758,0.132619,0.013473,-0.0185592,6.24933,0.00717366,0.0190956,-0.14603,5.92355,-0.0123855,-0.0645636
41766,0.132619,0.013473,-0.0185592,6.24933,0.00725906,0.0337506,-0.144904,5.98888,-0.00741353,-0.0540687
41774,0.132619,0.013473,-0.0185592,6.24933,0.00724613,0.0599996,-0.151479,5.96521,-0.0134741,-0.0535162
41782,0.132619,0.013473,-0.0185592,6.24933,0.00733661,0.0985011,-0.15938,6.0007,-0.0145216,-0.0439739
41789,0.132619,0.013473,-0.0185592,6.24933,0.00808667,0.172311,-0.16023,6.01202,-0.0263066,-0.0292832
41798,0.132619,0.013473,-0.0185592,6.24933,0.00853887,0.211746,-0.164456,5.96264,-0.0385968,-0.0285227
41806,0.132619,0.013473,-0.0185592,6.24933,0.010042,0.154462,-0.161777,5.93589,-0.0347527,-0.038832
41814,0.132619,0.013473,-0.0185592,6.24933,0.0104222,0.0755844,-0.160916,6.00276,-0.0144679,-0.0435659
41822,0.132619,0.013473,-0.0185592,6.24933,0.0107774,0.0381518,-0.1716,6.08506,0.00266321,-0.0413797
41830,0.132619,0.013473,-0.0162393,6.24933,0.0108997,0.0801128,-0.176531,5.93178,-0.021349,-0.053421
41838,0.132619,0.013473,-0.0162393,6.24933,0.0110377,0.0623926,-0.190279,5.75741,-0.0369351,-0.0790473
41846,0.132619,0.013473,-0.0162393,6.24933,0.0113679,0.150059,-0.193603,5.93589,-0.030344,-0.0432379
41854,0.132619,0.013473,-0.0162393,6.24933,0.0120237,0.194962,-0.186425,6.02437,-0.0294123,-0.0231391
41861,0.132619,0.013473,-0.0162393,6.24933,0.0128621,0.186565,-0.181467,5.95647,-0.0379701,-0.030621
41870,0.132619,0.013473,-0.0162393,6.24933,0.0139496,0.177908,-0.185954,5.92406,-0.0411235,-0.0351272
41878,0.132619,0.013473,-0.0162393,6.24933,0.0142918,0.0810504,-0.199746,5.95544,-0.0196309,-0.0495037
41886,0.132619,0.013473,-0.0162393,6.24933,0.0147969,0.0410781,-0.192899,5.85976,-0.0260777,-0.0657527
41894,0.132619,0.013473,-0.0162393,6.24933,0.0147649,0.0789134,-0.196546,5.87879,-0.0294717,-0.0577531
41902,0.132619,0.013473,-0.0185592,6.24933,0.0154173,0.138067,-0.205861,5.9647,-0.0289171,-0.0378426
41910,0.132619,0.013473,-0.0185592,6.24933,0.0161717,0.209613,-0.190553,5.8433,-0.0585721,-0.036613
41918,0.132619,0.013473,-0.0185592,6.24933,0.0170369,0.202021,-0.19629,5.95544,-0.0443645,-0.0243624
41926,0.132619,0.013473,-0.0185592,6.24933,0.0177873,0.105293,-0.200836,6.065,-0.0157289,-0.0274178
41933,0.132619,0.013473,-0.0185592,6.24933,0.0176563,0.0637293,-0.1917,5.90863,-0.0285608,-0.0516245
41942,0.132619,0.013473,-0.0185592,6.24933,0.0179141,0.0181644,-0.20829,5.9539,-0.0133611,-0.0562738
41950,0.132619,0.013473,-0.0185592,6.24933,0.0177481,0.00417233,-0.21639,5.99711,-0.00442037,-0.0550614
41958,0.132619,0.013473,-0.0185592,6.24933,0.0177744,0.119288,-0.207729,5.86079,-0.0409819,-0.0503268
41966,0.132619,0.013473,-0.0185592,6.24933,0.0184051,0.159119,-0.220784,5.92664,-0.0385843,-0.0370533
41974,0.132619,0.013473,-0.0185592,6.24933,0.0192232,0.139803,-0.223703,5.94927,-0.0333699,-0.0369721
41982,0.132619,0.013473,-0.0185592,6.24933,0.0196967,0.105161,-0.216598,5.89783,-0.0354859,-0.0470954
41990,0.132619,0.013473,-0.0185592,6.24933,0.0195869,0.10583,-0.217753,6.00328,-0.0228352,-0.0348547
41998,0.132619,0.013473,-0.0185592,6.24933,0.0196438,0.0643942,-0.227588,5.99607,-0.0153148,-0.0442015
42005,0.132619,0.013473,-0.0185592,6.24933,0.0193817,0.0626591,-0.227145,5.86388,-0.0303154,-0.0604137
42014,0.132619,0.013473,-0.0185592,6.24933,0.0195275,0.0703871,-0.235189,5.93075,-0.0226215,-0.0522996
42022,0.132619,0.013473,-0.0185592,6.24933,0.019549,0.0930394,-0.237216,6.00482,-0.0173487,-0.0400183
42030,0.132619,0.013473,-0.0185592,6.24933,0.0195334,0.0643942,-0.232081,5.96676,-0.0178943,-0.0485442
42038,0.132619,0.013473,-0.0185592,6.24933,0.0194693,0.121416,-0.237501,5.97344,-0.0255918,-0.039098
42046,0.132619,0.013473,-0.0185592,6.24933,0.0200158,0.101033,-0.245684,5.94772,-0.0246773,-0.0461371
42054,0.132619,0.013473,-0.0185592,6.24933,0.0200831,0.0349477,-0.24668,5.91377,-0.0176633,-0.0613652
42062,0.132619,0.013473,-0.0185592,6.24933,0.0198683,0.0434774,-0.259412,5.96676,-0.010488,-0.0560115
42070,0.132619,0.013473,-0.0185592,6.24933,0.0200711,0.11622,-0.252999,5.93589,-0.0274856,-0.0460764
42077,0.132619,0.013473,-0.0185592,6.24933,0.0201941,0.115684,-0.251645,5.98116,-0.0224496,-0.0404267
42086,0.132619,0.013473,-0.0185592,6.24933,0.0206065,0.124748,-0.262566,6.06809,-0.012515,-0.0298088
42094,0.132619,0.013473,-0.0185592,6.24933,0.0207855,0.103696,-0.260296,5.96521,-0.0217606,-0.0449078
42102,0.132619,0.013473,-0.0185592,6.24933,0.0206944,0.115421,-0.261914,5.93177,-0.0272578,-0.0472701
42110,0.132619,0.013473,-0.0185592,6.24933,0.0206246,0.0809168,-0.268971,5.90709,-0.0232184,-0.0572415
42118,0.132619,0.013473,-0.0185592,6.24933,0.0210845,0.00856552,-0.287186,6.02179,0.00458357,-0.0581835
42126,0.132619,0.013473,-0.0185592,6.24933,0.0205946,0.111021,-0.269003,5.9611,-0.0217952,-0.0458261
42134,0.132619,0.013473,-0.0185592,6.24933,0.0203391,0.156994,-0.278449,5.9683,-0.0266909,-0.0390968
42142,0.132619,0.013473,-0.0185592,6.24933,0.0210964,0.11329,-0.283137,6.07734,-0.00688634,-0.0332827
42149,0.132619,0.013473,-0.0185592,6.24933,0.0208915,0.176041,-0.26935,5.87983,-0.0424926,-0.0441102
42158,0.132619,0.013473,-0.0208791,6.24933,0.0215437,0.103167,-0.291336,5.96109,-0.0185741,-0.0490601
42166,0.132619,0.013473,-0.0208791,6.24933,0.0213755,0.0877096,-0.277842,5.96675,-0.0172889,-0.0490576
42174,0.132619,0.013473,-0.0208791,6.24933,0.0214054,0.108627,-0.286764,5.9539,-0.020873,-0.0484451
42182,0.132619,0.013473,-0.0208791,6.24933,0.0218818,0.0979657,-0.291901,5.96161,-0.0180246,-0.0494992
42190,0.132619,0.013473,-0.0208791,6.24933,0.0222023,0.112224,-0.28511,5.92612,-0.0261016,-0.0497513
42198,0.132619,0.013473,-0.0208791,6.24933,0.0224962,0.125947,-0.295822,6.0079,-0.0174162,-0.0390866
42206,0.132619,0.013473,-0.0208791,6.24933,0.0228806,0.124217,-0.29329,5.93898,-0.0261862,-0.0465855
42214,0.132619,0.013473,-0.0208791,6.24933,0.0230385,0.135405,-0.295135,5.94721,-0.0269883,-0.0438029
42221,0.132619,0.013473,-0.0208791,6.24933,0.0236104,0.125015,-0.300824,5.97498,-0.0218636,-0.0423967
42230,0.132619,0.013473,-0.0208791,6.24933,0.0238073,0.119685,-0.299122,5.95596,-0.0237663,-0.0449974
42238,0.132619,0.013473,-0.0208791,6.24933,0.0244904,0.135672,-0.302139,5.96727,-0.0255328,-0.0405028
42246,0.132619,0.013473,-0.0208791,6.24933,0.0252471,0.160053,-0.306888,6.00893,-0.0249353,-0.0311809
42254,0.132619,0.013473,-0.0208791,6.24933,0.0261361,0.167647,-0.299062,5.94464,-0.0362489,-0.0350074
42262,0.132619,0.013473,-0.0208791,6.24933,0.0267522,0.161917,-0.311372,6.08249,-0.0179195,-0.0208069
42270,0.132619,0.013473,-0.0208791,6.24933,0.0273147,0.105296,-0.303076,5.96316,-0.0247086,-0.0423478
42278,0.132619,0.013473,-0.0208791,6.24933,0.0273622,0.0989007,-0.304742,5.92149,-0.0283553,-0.0485547
42286,0.132619,0.013473,-0.0208791,6.24933,0.0271105,0.0248242,-0.314603,6.03414,-0.00087881,-0.0496711
42293,0.132619,0.013473,-0.0208791,6.24933,0.026112,0.0673257,-0.313738,5.95544,-0.0159616,-0.0530498
42302,0.132619,0.013473,-0.0208791,6.24933,0.0264394,0.081581,-0.32561,5.89577,-0.0238914,-0.0591584
42310,0.132619,0.013473,-0.0208791,6.24933,0.0263544,0.200685,-0.322733,5.91275,-0.0419671,-0.0367159
42318,0.132619,0.013473,-0.0208791,6.24933,0.0277958,0.163255,-0.320702,5.92046,-0.0371619,-0.0397916
42326,0.132619,0.013473,-0.0208791,6.24933,0.0283766,0.16032,-0.321548,6.06449,-0.0203654,-0.0225914
42334,0.132619,0.013473,-0.0208791,6.24933,0.029393,0.0894447,-0.320358,5.93589,-0.0253633,-0.048148
42342,0.132619,0.013473,-0.0208791,6.24933,0.029628,0.0536022,-0.321186,5.90195,-0.0236148,-0.0580145
42350,0.132619,0.013473,-0.0208791,6.24933,0.0299278,0.0344201,-0.33251,5.97036,-0.0109643,-0.0545716
42358,0.132619,0.013473,-0.0208791,6.24933,0.0298698,0.0643913,-0.332425,5.98734,-0.0138627,-0.0475758
42365,0.132619,0.013473,-0.0208791,6.24933,0.0297487,0.123946,-0.332663,5.91223,-0.032373,-0.0466152
42374,0.132619,0.013473,-0.0208791,6.24933,0.0299151,0.190297,-0.334178,5.98733,-0.0344992,-0.0265584
42382,0.132619,0.013473,-0.0208791,6.24933,0.0313022,0.152994,-0.328974,6.03311,-0.0256661,-0.0246771
42390,0.132619,0.013473,-0.0185592,6.24933,0.0319407,0.129275,-0.332466,6.01871,-0.0233742,-0.030432
42398,0.132619,0.013473,-0.0185592,6.24933,0.0325553,0.059998,-0.333566,5.96007,-0.0194735,-0.0483746
42406,0.132619,0.013473,-0.0185592,6.24933,0.0316618,0.0257593,-0.334276,5.92818,-0.0162199,-0.059273
42414,0.132619,0.013473,-0.0185592,6.24933,0.030866,0.0185638,-0.350742,5.94052,-0.00983127,-0.0627843
42422,0.132619,0.013473,-0.0185592,6.24933,0.0306074,0.126611,-0.343604,5.94103,-0.0284635,-0.0437071
42430,0.132619,0.013473,-0.0185592,6.24933,0.0312348,0.183634,-0.343773,5.92458,-0.0406812,-0.0351911
42437,0.132619,0.013473,-0.0185592,6.24933,0.0321924,0.188163,-0.347304,5.97858,-0.0358134,-0.0272846
42446,0.132619,0.013473,-0.0185592,6.24933,0.0327672,0.160586,-0.327854,5.89988,-0.0444384,-0.0373089
42454,0.132619,0.013473,-0.0185592,6.24933,0.0333041,0.053339,-0.34569,6.03105,-0.00908161,-0.042022
42462,0.132619,0.013473,-0.0185592,6.24933,0.0328988,0.00643879,-0.337385,5.97498,-0.00870073,-0.0557848
42470,0.132619,0.013473,-0.0185592,6.24933,0.0326715,-0.0364597,-0.352326,5.90966,-0.00657417,-0.0734656
42478,0.132619,0.013473,-0.0185592,6.24933,0.031921,0.0461398,-0.354057,5.9004,-0.0200395,-0.0619469
42486,0.132619,0.013473,-0.0185592,6.24933,0.0318409,0.0989002,-0.356749,5.89988,-0.0282969,-0.0536536
42494,0.132619,0.013473,-0.0185592,6.24933,0.0322335,0.137536,-0.361667,5.9719,-0.0259574,-0.0388708
42502,0.132619,0.013473,-0.0185592,6.24933,0.0328743,0.195757,-0.353712,5.95596,-0.0396404,-0.0287655
42509,0.132619,0.013473,-0.0185592,6.24933,0.0335642,0.150327,-0.348211,5.95441,-0.0341292,-0.0347684
42518,0.132619,0.013473,-0.0185592,6.24933,0.0334616,0.0520047,-0.3561,6.08198,-0.00140031,-0.0376858
42526,0.132619,0.013473,-0.0185592,6.24933,0.0326697,-0.0190051,-0.36498,5.92098,-0.00609217,-0.0712249
42534,0.132619,0.013473,-0.0185592,6.24933,0.0319416,0.0166961,-0.374034,5.87262,-0.0152469,-0.0733873
42542,0.132619,0.013473,-0.0185592,6.24933,0.0312649,0.121682,-0.381733,5.93229,-0.0234398,-0.0508039
42550,0.132619,0.013473,-0.0185592,6.24933,0.0320747,0.169647,-0.377812,5.87725,-0.0396122,-0.0474658
42558,0.132619,0.013473,-0.0185592,6.24933,0.0332471,0.287286,-0.377825,5.94464,-0.052765,-0.0180333
42566,0.132619,0.013473,-0.0185592,6.24933,0.0346895,0.223072,-0.367612,5.98218,-0.0413266,-0.0207807
42574,0.132619,0.013473,-0.0185592,6.24933,0.0351822,0.143667,-0.361729,5.95338,-0.0331894,-0.0359479
42581,0.132619,0.013473,-0.0185592,6.24933,0.0353139,0.0797173,-0.365605,5.93692,-0.0240927,-0.0491229
42590,0.132619,0.013473,-0.0185592,6.24933,0.0350973,0.0107007,-0.368269,5.86028,-0.020965,-0.0705542
42598,0.132619,0.013473,-0.0185592,6.24933,0.0346035,0.0706542,-0.376891,5.9863,-0.013982,-0.0476178
42606,0.132619,0.013473,-0.0185592,6.24933,0.03434,0.0935694,-0.379026,5.93589,-0.0230119,-0.0504208
42614,0.132619,0.013473,-0.0185592,6.24933,0.0343028,0.13687,-0.379619,5.88394,-0.0361594,-0.0494055
42622,0.132619,0.013473,-0.0185592,6.24933,0.0347127,0.16565,-0.383227,5.92201,-0.0364227,-0.0400639
42630,0.132619,0.013473,-0.0185592,6.24933,0.0353186,0.160455,-0.375314,6.03157,-0.0247576,-0.0258733
42638,0.132619,0.013473,-0.0185592,6.24933,0.0358847,0.146733,-0.379916,6.00122,-0.0260961,-0.0317325
42646,0.132619,0.013473,-0.0185592,6.24933,0.0362186,0.0799813,-0.385705,5.90503,-0.0258983,-0.0548325
42653,0.132619,0.013473,-0.0185592,6.24933,0.0360374,0.0622619,-0.386165,5.9364,-0.018944,-0.0544379
42662,0.132619,0.013473,-0.0185592,6.24933,0.0361202,0.0907753,-0.39435,6.01563,-0.0131283,-0.0414669
42670,0.132619,0.013473,-0.0185592,6.24933,0.0363217,0.176572,-0.38794,6.02025,-0.0281045,-0.0251368
42678,0.132619,0.013473,-0.0185592,6.24933,0.037345,0.171643,-0.396521,6.01202,-0.0282793,-0.0269051
42686,0.132619,0.013473,-0.0185592,6.24933,0.0378933,0.193626,-0.386957,5.97705,-0.0383332,-0.0250298
42694,0.132619,0.013473,-0.0185592,6.24933,0.0383012,0.108096,-0.392713,5.98374,-0.0230092,-0.0390274
42702,0.132619,0.013473,-0.0185592,6.24933,0.0380015,0.0261563,-0.40011,6.06037,0.00119554,-0.045397
42710,0.132619,0.013473,-0.0185592,6.24933,0.0374481,0.0678597,-0.395314,5.89474,-0.0252417,-0.057937
42718,0.132619,0.013473,-0.0185592,6.24933,0.037735,0.0629261,-0.408199,5.95749,-0.0153494,-0.0530294
42725,0.132619,0.013473,-0.0185592,6.24933,0.0376918,0.146194,-0.405388,5.92714,-0.0331123,-0.0421789
42734,0.132619,0.013473,-0.0185592,6.24933,0.0383897,0.152862,-0.405412,5.92818,-0.0350483,-0.0399683
42742,0.132619,0.013473,-0.0185592,6.24933,0.0386902,0.133406,-0.409353,5.97241,-0.0263914,-0.0382396
42750,0.132619,0.013473,-0.0185592,6.24933,0.0389749,0.145798,-0.398775,5.93178,-0.0353254,-0.0388536
42758,0.132619,0.013473,-0.0185592,6.24933,0.0391419,0.110493,-0.406586,5.99093,-0.0214789,-0.0388433
42766,0.132619,0.013473,-0.0162393,6.24933,0.0390233,0.077318,-0.411901,5.97859,-0.0160452,-0.0472923
42774,0.132619,0.013473,-0.0162393,6.24933,0.0392289,0.093707,-0.403943,5.88652,-0.0311725,-0.0538452
42782,0.132619,0.013473,-0.0162393,6.24933,0.0393893,0.0891721,-0.416608,5.92714,-0.0238147,-0.0516254
42790,0.132619,0.013473,-0.0162393,6.24933,0.0401068,0.159918,-0.402306,5.96264,-0.0346386,-0.0321972
42797,0.132619,0.013473,-0.0162393,6.24933,0.0408225,0.183766,-0.405261,6.02129,-0.0321841,-0.0207253
42806,0.132619,0.013473,-0.0185592,6.24933,0.0413651,0.148195,-0.398475,5.96367,-0.0352917,-0.0313174
42814,0.132619,0.013473,-0.0185592,6.24933,0.0416276,0.056134,-0.405908,5.95441,-0.0202956,-0.0487739
42822,0.132619,0.013473,-0.0185592,6.24933,0.0409458,0.00151046,-0.410247,5.98527,-0.00597783,-0.0559842
42830,0.132619,0.013473,-0.0185592,6.24933,0.040222,0.0433421,-0.40905,5.87263,-0.0253795,-0.0630548
42838,0.132619,0.013473,-0.0185592,6.24933,0.0402986,0.117817,-0.419467,5.96933,-0.0247496,-0.0406331
42846,0.132619,0.013473,-0.0185592,6.24933,0.0406301,0.189498,-0.405096,5.85976,-0.0523024,-0.03872
42854,0.132619,0.013473,-0.0185592,6.24933,0.0408772,0.109958,-0.417761,5.97345,-0.0240302,-0.0403942
42862,0.132619,0.013473,-0.0185592,6.24933,0.0410144,0.123815,-0.40486,6.04134,-0.0205914,-0.0277622
42869,0.132619,0.013473,-0.0185592,6.24933,0.0407614,0.0950349,-0.403595,5.9184,-0.0301667,-0.0472972
42878,0.132619,0.013473,-0.0185592,6.24933,0.0410032,0.0449422,-0.415197,6.00791,-0.00978582,-0.0466998
42886,0.132619,0.013473,-0.0185592,6.24933,0.0403685,0.0913061,-0.410382,5.87263,-0.033311,-0.0549757
42894,0.132619,0.013473,-0.0185592,6.24933,0.0404019,0.0400143,-0.419856,5.99762,-0.00860766,-0.0503318
42902,0.132619,0.013473,-0.0185592,6.24933,0.0400195,0.125675,-0.418392,6.02797,-0.0189316,-0.0325886
42910,0.132619,0.013473,-0.0185592,6.24933,0.0403192,0.205087,-0.407826,5.80164,-0.0608668,-0.043832
42918,0.132619,0.013473,-0.0185592,6.24933,0.0411982,0.106493,-0.430981,6.08198,-0.00897968,-0.0298335
42926,0.132619,0.013473,-0.0185592,6.24933,0.0410966,0.11369,-0.411605,5.98528,-0.0245469,-0.0370706
42934,0.132619,0.013473,-0.0185592,6.24933,0.0410288,0.0810478,-0.42188,5.98475,-0.0174544,-0.0443883
42941,0.132619,0.013473,-0.0185592,6.24933,0.040806,0.146731,-0.417877,5.90143,-0.0384916,-0.0428232
42950,0.132619,0.013473,-0.0185592,6.24933,0.041783,0.0646604,-0.426485,5.97138,-0.0166081,-0.0484294
42958,0.132619,0.013473,-0.0185592,6.24933,0.0415999,0.161514,-0.418323,5.97241,-0.0335932,-0.0309093
42966,0.132619,0.013473,-0.0185592,6.24933,0.0417229,0.133675,-0.426986,5.89989,-0.0363014,-0.0454042
42974,0.132619,0.013473,-0.0185592,6.24933,0.0417076,0.149662,-0.418422,5.97242,-0.0317617,-0.0327749
42982,0.132619,0.013473,-0.0185592,6.24933,0.0418301,0.164317,-0.417742,5.96624,-0.0351949,-0.0307539
42990,0.132619,0.013473,-0.0185592,6.24933,0.0422098,0.119551,-0.420734,5.95801,-0.0287875,-0.0392327
42998,0.132619,0.013473,-0.0185592,6.24933,0.0428748,0.0667902,-0.426267,5.93487,-0.0227961,-0.0508378
43006,0.132619,0.013473,-0.0185592,6.24933,0.0423964,0.123413,-0.416215,5.88549,-0.0389564,-0.0461684
43013,0.132619,0.013473,-0.0185592,6.24933,0.0427047,0.08225,-0.426474,5.92715,-0.0259994,-0.0494116
43022,0.132619,0.013473,-0.0185592,6.24933,0.0424021,0.129009,-0.429982,5.95956,-0.0289463,-0.0386777
43030,0.132619,0.013473,-0.0185592,6.24933,0.0442393,0.199756,-0.419537,5.9647,-0.0442619,-0.0219072
43038,0.132619,0.013473,-0.0185592,6.24933,0.0452655,0.213872,-0.421172,5.92459,-0.0524704,-0.0231085
43046,0.132619,0.013473,-0.0185592,6.24933,0.0461402,0.0911726,-0.421084,5.9112,-0.0349371,-0.0441611
43054,0.132619,0.013473,-0.0185592,6.24933,0.0458426,0.0947715,-0.429934,6.05523,-0.0167288,-0.0283653
43062,0.132619,0.013473,-0.0185592,6.24933,0.0455954,0.0830508,-0.425593,5.91944,-0.0311477,-0.0460388
43070,0.132619,0.013473,-0.0185592,6.24933,0.0453671,0.0998311,-0.430896,5.97139,-0.0266393,-0.0382384
43078,0.132619,0.013473,-0.0185592,6.24933,0.045378,0.0930401,-0.439359,6.02283,-0.0181051,-0.0346507
43085,0.132619,0.013473,-0.0185592,6.24933,0.0457115,0.222806,-0.412489,5.95595,-0.0522649,-0.015877
43094,0.132619,0.013473,-0.0185592,6.24933,0.0469044,0.175774,-0.430071,6.06706,-0.0301877,-0.0118546
43102,0.132619,0.013473,-0.0185592,6.24933,0.047606,0.203219,-0.406634,5.94412,-0.0539555,-0.0170094
43110,0.132619,0.013473,-0.0185592,6.24933,0.0486344,0.0157641,-0.425475,5.98064,-0.0169776,-0.0459214
43118,0.132619,0.013473,-0.0185592,6.24933,0.0479092,0.0675889,-0.414884,5.98476,-0.0257876,-0.0359918
43126,0.132619,0.013473,-0.0185592,6.24933,0.0474919,-0.0234001,-0.420531,5.89989,-0.0192338,-0.0628607
43134,0.132619,0.013473,-0.0185592,6.24933,0.0463829,0.00656988,-0.43076,5.97293,-0.0124235,-0.0523563
43142,0.132619,0.013473,-0.0185592,6.24933,0.0459635,0.0654608,-0.426743,5.91943,-0.0285543,-0.0486818
43150,0.132619,0.013473,-0.0185592,6.24933,0.0456519,0.158054,-0.421991,5.94772,-0.0408975,-0.0293859
43157,0.132619,0.013473,-0.0185592,6.24933,0.046728,0.150328,-0.425271,6.04803,-0.0287458,-0.0178674
43166,0.132619,0.013473,-0.0185592,6.24933,0.047147,0.150992,-0.415924,5.92921,-0.0449356,-0.0297146
43174,0.132619,0.013473,-0.0185592,6.24933,0.0477031,0.0969033,-0.420351,5.90761,-0.038571,-0.0413341
43182,0.132619,0.013473,-0.0185592,6.24933,0.0476759,0.0719869,-0.412794,6.02386,-0.0219258,-0.0306148
43190,0.132619,0.013473,-0.0185592,6.24933,0.047428,0.0641275,-0.418868,6.03054,-0.0185186,-0.0324728
43198,0.132619,0.013473,-0.0185592,6.24933,0.047141,0.0685208,-0.418929,5.9503,-0.0282978,-0.0416254
43206,0.132619,0.013473,-0.0185592,6.24933,0.0467799,0.0971659,-0.418623,5.92252,-0.0358702,-0.0405291
43214,0.132619,0.013473,-0.0185592,6.24933,0.0466417,0.123416,-0.414,6.00843,-0.0306504,-0.0253922
43222,0.132619,0.013473,-0.0185592,6.24933,0.0470131,0.148465,-0.401871,5.94515,-0.0447179,-0.0261779
43229,0.132619,0.013473,-0.0185592,6.24933,0.0474984,0.0903727,-0.412158,6.01716,-0.0256199,-0.0284492
43238,0.132619,0.013473,-0.0185592,6.24933,0.0479347,0.0711877,-0.395453,5.89474,-0.040155,-0.0428608
43246,0.132619,0.013473,-0.0185592,6.24933,0.0475849,0.0286858,-0.405429,5.95389,-0.0240582,-0.0451294
43254,0.132619,0.013473,-0.0185592,6.24933,0.0472761,0.0360163,-0.399712,6.00431,-0.0198285,-0.0374393
43262,0.132619,0.013473,-0.0185592,6.24933,0.0467122,0.06106,-0.397389,5.86234,-0.0403058,-0.0504058
43270,0.132619,0.013473,-0.0185592,6.24933,0.0467363,0.0542665,-0.409333,6.02847,-0.0177148,-0.0338026
43278,0.132619,0.013473,-0.0185592,6.24933,0.0464347,0.129544,-0.388312,5.94618,-0.0428522,-0.027865
43286,0.132619,0.013473,-0.0185592,6.24933,0.0466808,0.0454758,-0.401556,6.03002,-0.0172527,-0.0339265
43294,0.132619,0.013473,-0.0185592,6.24933,0.0462989,0.0658556,-0.390777,6.0614,-0.0181424,-0.0255715
43301,0.132619,0.013473,-0.0185592,6.24933,0.0464301,0.080783,-0.379952,5.90092,-0.0414482,-0.0401002
43310,0.132619,0.013473,-0.0185592,6.24933,0.0466642,0.019894,-0.400248,6.05986,-0.00968717,-0.0345268
43318,0.132619,0.013473,-0.0185592,6.24933,0.0460189,0.0257563,-0.385905,5.94567,-0.0255377,-0.0456205
43326,0.132619,0.013473,-0.0185592,6.24933,0.0453995,0.0217575,-0.398404,5.97189,-0.0189228,-0.0460672
43334,0.132619,0.013473,-0.0185592,6.24933,0.0451068,0.122084,-0.384297,5.98733,-0.035593,-0.0254528
43342,0.132619,0.013473,-0.0185592,6.24933,0.0453878,0.0639891,-0.394394,5.99812,-0.0234575,-0.0352132
43350,0.132619,0.013473,-0.0185592,6.24933,0.0449444,0.0735861,-0.38794,6.03156,-0.0215385,-0.0292169
43358,0.132619,0.013473,-0.0185592,6.24933,0.0441767,0.0958411,-0.381521,5.9256,-0.0376902,-0.0380184
43366,0.132619,0.013473,-0.0185592,6.24933,0.0441928,0.0286862,-0.393031,6.06191,-0.00867444,-0.0350645
43373,0.132619,0.013473,-0.0185592,6.24933,0.0442249,0.0406747,-0.383303,6.03105,-0.015906,-0.035078
43382,0.132619,0.013473,-0.0185592,6.24933,0.0438139,0.0254934,-0.386874,5.92972,-0.0241928,-0.0507634
43390,0.132619,0.013473,-0.0185592,6.24933,0.0434999,0.0276216,-0.397345,5.98527,-0.0158829,-0.0459596
43398,0.132619,0.013473,-0.0185592,6.24933,0.0431471,0.0902407,-0.38724,5.93692,-0.0330962,-0.0399741
43406,0.132619,0.013473,-0.0185592,6.24933,0.042576,0.0878405,-0.392601,5.98836,-0.0249914,-0.0359541
43414,0.132619,0.013473,-0.0185592,6.24933,0.0425483,0.118486,-0.393226,5.97652,-0.0313239,-0.0323234
43422,0.132619,0.013473,-0.0185592,6.24933,0.0426855,0.10796,-0.391206,5.9899,-0.0285169,-0.0320012
43430,0.132619,0.013473,-0.0185592,6.24933,0.0433629,0.103431,-0.394317,6.02694,-0.0238304,-0.0279486
43438,0.132619,0.013473,-0.0185592,6.24933,0.0433984,0.084509,-0.387148,5.99659,-0.025475,-0.0335234
43445,0.132619,0.013473,-0.0185592,6.24933,0.0430524,0.0501371,-0.388185,5.99606,-0.0192022,-0.0400306
43454,0.132619,0.013473,-0.0185592,6.24933,0.0419682,0.0106996,-0.400409,6.08248,0.00096862,-0.0399389
43462,0.132619,0.013473,-0.0185592,6.24933,0.0411956,0.107032,-0.395637,5.97601,-0.0272428,-0.0365792
43470,0.132778,0.0134114,-0.0162393,6.24933,0.0412092,0.15992,-0.405532,6.0578,-0.0245318,-0.0198233
43478,0.132778,0.013393,-0.0162393,6.24933,0.0417134,0.168849,-0.398306,5.99403,-0.0354071,-0.0239666
43486,0.132619,0.0134467,-0.0162393,6.24933,0.0423858,0.182968,-0.394246,6.00842,-0.0375222,-0.0184024
43494,0.132619,0.0134617,-0.0162393,6.24933,0.0434321,0.128745,-0.391786,6.04392,-0.026168,-0.0215264
43502,0.132619,0.0134682,-0.0162393,6.24933,0.0436397,0.0974348,-0.381656,5.98527,-0.0297982,-0.031829
43510,0.132619,0.0134709,-0.0162393,6.24933,0.0445023,-0.0151457,-0.400701,6.04186,-0.00259453,-0.0460054
43517,0.132619,0.0134721,-0.0162393,6.24933,0.0435662,0.0874371,-0.38409,5.94772,-0.0320692,-0.0384546
43526,0.132619,0.0134726,-0.0162393,6.24933,0.0434972,0.0356193,-0.398032,5.9472,-0.0212061,-0.0495986
43534,0.132619,0.0134729,-0.0162393,6.24933,0.0425751,0.0927705,-0.391421,5.99299,-0.0250779,-0.0347596
43542,0.132619,0.013473,-0.0162393,6.24933,0.042836,0.11063,-0.389874,5.95184,-0.0334913,-0.0360006
43550,0.132619,0.013473,-0.0162393,6.24933,0.0426687,0.106759,-0.392622,6.02128,-0.0239958,-0.029119
43558,0.132619,0.013473,-0.0162393,6.24933,0.0426822,0.0934394,-0.390487,5.9508,-0.0304562,-0.0393346
43566,0.132619,0.013473,-0.0162393,6.24933,0.0428326,0.110758,-0.390748,5.89421,-0.0401572,-0.0429369
43574,0.132619,0.013473,-0.0162393,6.24933,0.0432869,0.117818,-0.392577,5.95647,-0.0343193,-0.0340508
43582,0.132619,0.013473,-0.0162393,6.24933,0.043555,0.116886,-0.387395,6.02694,-0.0270639,-0.0246711
43589,0.132619,0.013473,-0.0162393,6.24933,0.0441349,0.117685,-0.382086,6.0583,-0.025151,-0.0191695
43598,0.132619,0.013473,-0.0162393,6.24933,0.0443743,0.131808,-0.3791,5.98271,-0.0372069,-0.0249109
43606,0.132619,0.013473,-0.0162393,6.24933,0.044834,0.090373,-0.376095,5.9359,-0.0369735,-0.0363124
43614,0.132619,0.013473,-0.0162393,6.24933,0.0449216,0.0432102,-0.384511,5.97859,-0.0228949,-0.0404547
43622,0.132619,0.013473,-0.0162393,6.24933,0.0444964,0.0338826,-0.379999,5.95904,-0.0237967,-0.0442018
43630,0.132619,0.013473,-0.0162393,6.24933,0.0442305,0.0494695,-0.38102,5.95184,-0.0266987,-0.0429574
43638,0.132619,0.013473,-0.0162393,6.24933,0.0439932,0.107828,-0.377485,6.00894,-0.0298814,-0.0261233
43646,0.132619,0.013473,-0.0162393,6.24933,0.0441565,0.118887,-0.368397,5.9292,-0.0427956,-0.0319928
43654,0.132619,0.013473,-0.0162393,6.24933,0.0446846,0.0737185,-0.376037,6.01099,-0.0251712,-0.0304426
43661,0.132619,0.013473,-0.0162393,6.24933,0.0445487,0.0931699,-0.366969,5.94876,-0.0369991,-0.033245
43670,0.132619,0.013473,-0.0162393,6.24933,0.0447362,0.0116359,-0.377183,5.93332,-0.023925,-0.0502089
43678,0.132619,0.013473,-0.0162393,6.24933,0.0439797,0.0377464,-0.380921,5.97087,-0.0221867,-0.0430173
43686,0.132619,0.013473,-0.0162393,6.24933,0.043215,0.0354836,-0.37495,5.90966,-0.0289367,-0.0507331
43694,0.132619,0.013473,-0.0162393,6.24933,0.0429196,0.0591968,-0.387275,6.0506,-0.0138682,-0.0324671
43702,0.132619,0.013473,-0.0162393,6.24933,0.0430405,0.150324,-0.370292,5.91583,-0.0477429,-0.0301234
43710,0.132619,0.013473,-0.0162393,6.24933,0.0432806,0.103963,-0.37897,5.95493,-0.0343879,-0.0343863
43718,0.132619,0.013473,-0.0162393,6.24933,0.0435603,0.0677242,-0.380204,6.09895,-0.0116007,-0.0232849
43726,0.132619,0.013473,-0.0162393,6.24933,0.0426053,0.0545349,-0.370214,5.90194,-0.0329287,-0.0485144
43733,0.132619,0.013473,-0.0162393,6.24933,0.0419452,0.0143017,-0.392616,6.0254,-0.00720403,-0.04523
43742,0.132619,0.013473,-0.0162393,6.24933,0.0408405,0.0669249,-0.38393,5.99401,-0.0195027,-0.0401961
43750,0.132619,0.013473,-0.0162393,6.24933,0.0415332,0.126213,-0.391906,6.01562,-0.0264437,-0.0279665
43758,0.132619,0.013473,-0.0139194,6.24933,0.0429856,0.267167,-0.36954,5.91995,-0.0662851,-0.0102572
43766,0.132619,0.013473,-0.0139194,6.24933,0.0448063,0.123014,-0.371387,5.96522,-0.0392717,-0.0269938
43774,0.132619,0.013473,-0.0139194,6.24933,0.0448617,0.0497422,-0.365626,6.1149,-0.0105011,-0.0206533
43782,0.132619,0.013473,-0.0139194,6.24933,0.0444017,0.00297928,-0.367878,5.9503,-0.021156,-0.049
43790,0.132619,0.013473,-0.0139194,6.24933,0.0439627,-0.0276671,-0.374277,5.9184,-0.0182061,-0.0595801
43798,0.132619,0.013473,-0.0139194,6.24933,0.0428958,-0.0255392,-0.384371,5.91634,-0.0157123,-0.0625696
43805,0.132619,0.013473,-0.0139194,6.24933,0.042049,0.0292213,-0.385905,5.85204,-0.0309511,-0.0623553
43814,0.132619,0.013473,-0.0139194,6.24933,0.0414621,0.0971643,-0.387558,5.98887,-0.025012,-0.0357996
43822,0.132619,0.013473,-0.0139194,6.24933,0.0416943,0.208413,-0.374432,5.99711,-0.044902,-0.0136242
43830,0.132619,0.013473,-0.0139194,6.24933,0.0427696,0.195494,-0.368726,6.047,-0.039277,-0.00749544
43838,0.132619,0.013473,-0.0139194,6.24933,0.0438152,0.141136,-0.362291,6.10974,-0.0253497,-0.00676048
43846,0.132619,0.013473,-0.0162393,6.24933,0.0440617,0.0420125,-0.360936,6.02694,-0.0196164,-0.0323348
43854,0.132619,0.013473,-0.0162393,6.24933,0.0436568,-0.0615076,-0.376666,5.96007,-0.00725988,-0.0607976
43862,0.132619,0.013473,-0.0162393,6.24933,0.0426355,-0.0435209,-0.385295,5.92458,-0.0116308,-0.0647651
43870,0.132619,0.013473,-0.0162393,6.24933,0.041884,0.0634586,-0.382285,5.93846,-0.0271698,-0.0456357
43877,0.132619,0.013473,-0.0162393,6.24933,0.042357,0.177238,-0.384601,6.04494,-0.0337473,-0.0135744
43886,0.132619,0.013473,-0.0162393,6.24933,0.0432467,0.259841,-0.366655,5.96007,-0.0615402,-0.00554927
43894,0.132619,0.013473,-0.0162393,6.24933,0.0446259,0.166047,-0.361877,6.01098,-0.0426653,-0.0126691
43902,0.132619,0.013473,-0.0162393,6.24933,0.044987,0.0328171,-0.368246,6.10976,-0.00842723,-0.0239908
43910,0.132619,0.013473,-0.0162393,6.24933,0.0441448,-0.0211385,-0.359187,5.94669,-0.0190071,-0.052077
43918,0.132619,0.013473,-0.0162393,6.24933,0.0435699,-0.0393911,-0.376771,5.9719,-0.00939284,-0.0558054
43926,0.132619,0.013473,-0.0162393,6.24933,0.0429747,0.0348116,-0.375378,5.9076,-0.0286689,-0.0514911
43934,0.132619,0.013473,-0.0162393,6.24933,0.0430312,0.0739853,-0.379433,5.91943,-0.0331889,-0.0440604
43942,0.132619,0.013473,-0.0162393,6.24933,0.0434034,0.125545,-0.37829,5.96315,-0.0372726,-0.0294945
43949,0.132619,0.013473,-0.0162393,6.24933,0.0438252,0.170311,-0.365239,5.91429,-0.0531252,-0.0250322
43958,0.132619,0.013473,-0.0162393,6.24933,0.0446095,0.136338,-0.369534,6.01356,-0.0361845,-0.0186317
43966,0.132619,0.013473,-0.0162393,6.24933,0.0447877,0.0630616,-0.367824,5.96779,-0.0299595,-0.0358805
43974,0.132619,0.013473,-0.0185592,6.24933,0.0445254,-0.00382102,-0.374636,5.94155,-0.0208895,-0.0513516
43982,0.132619,0.013473,-0.0185592,6.24933,0.0437208,0.00790285,-0.380174,5.97704,-0.0166538,-0.0471854
43990,0.132619,0.013473,-0.0185592,6.24933,0.0429852,0.086108,-0.378554,5.94824,-0.0322544,-0.0381582
43998,0.132619,0.013473,-0.0185592,6.24933,0.0429049,0.159118,-0.382626,5.97189,-0.0407957,-0.0238147
44006,0.132619,0.013473,-0.0185592,6.24933,0.0437762,0.22094,-0.366564,5.97756,-0.05415,-0.00892064
44014,0.132619,0.013473,-0.0185592,6.24933,0.0447832,0.17604,-0.356154,5.98991,-0.0483148,-0.0119611
44021,0.132619,0.013473,-0.0185592,6.24933,0.0456996,0.0762512,-0.359972,6.05574,-0.0246695,-0.0203548
44030,0.132619,0.013473,-0.0185592,6.24933,0.045789,-0.0275334,-0.358259,5.91686,-0.0242407,-0.0538794
44038,0.132619,0.013473,-0.0185592,6.24933,0.045272,-0.0300679,-0.359709,5.92303,-0.022151,-0.0545276
44046,0.132619,0.013473,-0.0185592,6.24933,0.0448739,-0.0243401,-0.371757,6.01922,-0.00927959,-0.044683
44054,0.132619,0.013473,-0.0185592,6.24933,0.0441718,0.0871709,-0.357663,5.90143,-0.0429377,-0.0385016
44062,0.132619,0.013473,-0.0208791,6.24933,0.0446114,0.0750515,-0.373409,6.02951,-0.0242792,-0.0269583
44070,0.132619,0.013473,-0.0208791,6.24933,0.0440266,0.158452,-0.350975,5.95596,-0.0495714,-0.0187821
44078,0.132619,0.013473,-0.0208791,6.24933,0.0443201,0.0450784,-0.366407,5.93126,-0.0316186,-0.042904
44086,0.132619,0.013473,-0.0208791,6.24933,0.0436298,0.0406796,-0.36097,5.9935,-0.023485,-0.0363696
44093,0.132619,0.013473,-0.0208791,6.24933,0.0436608,-0.0219407,-0.362788,5.89114,-0.0249228,-0.0592826
44102,0.132619,0.013473,-0.0208791,6.24933,0.0431713,0.0145591,-0.378998,6.01356,-0.0132628,-0.0419441
44110,0.132619,0.013473,-0.0208791,6.24933,0.043584,0.0753193,-0.371492,5.93075,-0.0348601,-0.0397036
44118,0.132619,0.013473,-0.0208791,6.24933,0.0437534,0.160453,-0.366015,5.97653,-0.0446817,-0.0188139
44126,0.132619,0.013473,-0.0208791,6.24933,0.0442961,0.131808,-0.371569,6.03261,-0.0331799,-0.0171595
44134,0.132619,0.013473,-0.0208791,6.24933,0.0439075,0.0667919,-0.365781,5.94308,-0.0333577,-0.0383154
44142,0.132619,0.013473,-0.0208791,6.24933,0.0428987,0.020297,-0.373899,5.93333,-0.0241142,-0.0500178
44150,0.132619,0.013473,-0.0208791,6.24933,0.0417515,0.0450799,-0.370898,5.97704,-0.0219793,-0.0417775
44158,0.132619,0.013473,-0.0208791,6.24933,0.0418709,0.0161598,-0.385777,6.05214,-0.00610705,-0.0400086
44165,0.132619,0.013473,-0.0208791,6.24933,0.0421817,0.166975,-0.36415,5.92509,-0.0499685,-0.025674
44174,0.132619,0.013473,-0.0208791,6.24933,0.0428665,0.18297,-0.367673,5.90657,-0.055172,-0.0247832
44182,0.132619,0.013473,-0.0208791,6.24933,0.0438171,0.149398,-0.353784,6.07117,-0.0337567,-0.00743233
44190,0.132619,0.013473,-0.0208791,6.24933,0.0439945,0.123813,-0.353742,6.06913,-0.0300092,-0.0117368
44198,0.132619,0.013473,-0.0208791,6.24933,0.0439841,-0.00288676,-0.354511,5.88857,-0.0301586,-0.0545914
44206,0.132619,0.013473,-0.0208791,6.24933,0.0427011,-0.052583,-0.36868,5.95595,-0.00994556,-0.0590696
44214,0.132619,0.013473,-0.0208791,6.24933,0.0418255,-0.0453868,-0.36702,5.91995,-0.0144464,-0.0630585
44222,0.132619,0.013473,-0.0185592,6.24933,0.040567,0.0523973,-0.369609,5.99659,-0.0190968,-0.0400396
44230,0.132619,0.013473,-0.0185592,6.24933,0.0406428,0.167911,-0.368827,5.99041,-0.0391889,-0.0210543
44237,0.132619,0.013473,-0.0185592,6.24933,0.0414795,0.273832,-0.347927,5.92406,-0.0690665,-0.00650505
44246,0.132619,0.013473,-0.0185592,6.24933,0.0431022,0.214278,-0.351358,6.06809,-0.0439029,0.00217375
44254,0.132619,0.013473,-0.0185592,6.24933,0.0437858,0.0767849,-0.34032,6.03824,-0.0273597,-0.0218211
44262,0.132619,0.013473,-0.0185592,6.24933,0.0434137,-0.0633726,-0.35434,5.96882,-0.00955429,-0.0564431
44270,0.132619,0.013473,-0.0185592,6.24933,0.0424362,-0.0693695,-0.356736,6.03311,0.00074038,-0.0515963
44278,0.132619,0.013473,-0.0185592,6.24933,0.0414688,-0.0148772,-0.361391,5.99812,-0.0103321,-0.0486317
44286,0.132619,0.013473,-0.0185592,6.24933,0.0410471,0.125277,-0.362745,6.01767,-0.0304485,-0.0234829
44294,0.132619,0.013473,-0.0185592,6.24933,0.0415399,0.231062,-0.357732,6.01253,-0.0500607,-0.00475649
44302,0.132619,0.013473,-0.0185592,6.24933,0.042299,0.231197,-0.34431,5.94978,-0.0606801,-0.00893732
44309,0.132619,0.013473,-0.0185592,6.24933,0.0427837,0.152458,-0.353687,6.0825,-0.0311526,-0.00736675
44318,0.132619,0.013473,-0.0185592,6.24933,0.0427599,0.0538701,-0.340715,5.97962,-0.0290008,-0.0341023
44326,0.132619,0.013473,-0.0185592,6.24933,0.0420089,-0.0649762,-0.358508,5.94926,-0.00899539,-0.0616449
44334,0.132619,0.013473,-0.0185592,6.24933,0.0410418,0.0149628,-0.350497,5.92098,-0.0255334,-0.0515549
44342,0.132619,0.013473,-0.0185592,6.24933,0.0405992,0.0851752,-0.350025,5.86388,-0.0433612,-0.0469994
44350,0.132619,0.013473,-0.0185592,6.24933,0.0407306,0.15752,-0.353004,6.04083,-0.0341956,-0.0141758
44358,0.132619,0.013473,-0.0185592,6.24933,0.0418046,0.211214,-0.335636,5.98682,-0.0537238,-0.00721685
44366,0.132619,0.013473,-0.0185592,6.24933,0.0427236,0.195228,-0.329898,5.9503,-0.0575632,-0.0120321
44374,0.132619,0.013473,-0.0185592,6.24933,0.0436444,0.0550684,-0.331583,5.98733,-0.0309743,-0.0302911
44381,0.132619,0.013473,-0.0185592,6.24933,0.0433993,-0.053913,-0.335877,5.94669,-0.0166818,-0.0545087
44390,0.132619,0.013473,-0.0185592,6.24933,0.0427428,-0.0523159,-0.334559,5.91738,-0.0197123,-0.0584027
44398,0.132619,0.013473,-0.0185592,6.24933,0.0421875,0.0388098,-0.341428,5.99813,-0.0234244,-0.0353619
44406,0.132619,0.013473,-0.0185592,6.24933,0.0422379,0.127941,-0.329019,5.9539,-0.0454679,-0.0234875
44414,0.132619,0.013473,-0.0185592,6.24933,0.0427489,0.164449,-0.337064,6.07786,-0.0363148,-0.00326312
44422,0.132619,0.013473,-0.0185592,6.24933,0.0430327,0.153926,-0.321632,5.99658,-0.0470222,-0.0117665
44430,0.132619,0.013473,-0.0185592,6.24933,0.0429652,0.102632,-0.317758,5.9575,-0.0436617,-0.0245076
44438,0.132619,0.013473,-0.0185592,6.24933,0.0428412,-0.00102039,-0.325019,5.97704,-0.0228508,-0.0410241
44446,0.132619,0.013473,-0.0185592,6.24933,0.0423258,-0.0287334,-0.32279,5.95183,-0.0208818,-0.0490336
44453,0.132619,0.013473,-0.0185592,6.24933,0.0419055,-0.0128821,-0.325752,5.95338,-0.0222725,-0.0472372
44462,0.132619,0.013473,-0.0185592,6.24933,0.0414536,0.0703848,-0.326739,6.04957,-0.0239521,-0.0226057
44470,0.132619,0.013473,-0.0185592,6.24933,0.0414029,0.159521,-0.310659,5.90143,-0.0586928,-0.0225635
44478,0.132619,0.013473,-0.0185592,6.24933,0.0418981,0.0857115,-0.324995,6.06088,-0.0260486,-0.0177862
44486,0.132619,0.013473,-0.0185592,6.24933,0.0416753,0.0847772,-0.307411,5.97396,-0.0386618,-0.0256955
44494,0.132619,0.013473,-0.0185592,6.24933,0.041448,-0.00994481,-0.319591,5.91943,-0.0271229,-0.0503961
44502,0.132619,0.013473,-0.0185592,6.24933,0.0408661,-0.0360606,-0.321739,5.99761,-0.0124418,-0.0467125
44510,0.132619,0.013473,-0.0185592,6.24933,0.040399,-0.00981466,-0.323443,5.92715,-0.0241771,-0.0515374
44518,0.132619,0.013473,-0.0185592,6.24933,0.0396836,0.0278825,-0.330327,6.04751,-0.0141497,-0.033051
44525,0.132619,0.013473,-0.0185592,6.24933,0.0400013,0.16112,-0.323514,6.00791,-0.0424192,-0.0137206
44534,0.132619,0.013473,-0.0185592,6.24933,0.0409026,0.277563,-0.299696,5.86748,-0.0833252,-0.0055927
44542,0.132619,0.013473,-0.0185592,6.24933,0.0429415,0.142597,-0.315303,6.1082,-0.0328877,0.00041118
44550,0.132619,0.013473,-0.0185592,6.24933,0.0430722,0.0362826,-0.301436,6.0038,-0.0299912,-0.0274488
44558,0.132619,0.013473,-0.0185592,6.24933,0.0428482,-0.0532438,-0.300082,5.94206,-0.0223459,-0.0499399
44566,0.132619,0.013473,-0.0185592,6.24933,0.0422285,-0.0950835,-0.312669,5.98991,-0.00690096,-0.0542284
44574,0.132619,0.013473,-0.0185592,6.24933,0.0412078,-0.0551191,-0.310341,5.96573,-0.0153453,-0.051386
44582,0.132619,0.013473,-0.0185592,6.24933,0.0411599,0.0565311,-0.316481,6.03209,-0.0249665,-0.0257641
44590,0.132619,0.013473,-0.0185592,6.24933,0.0423103,0.215208,-0.299979,5.92766,-0.067791,-0.00709043
44597,0.132619,0.013473,-0.0185592,6.24933,0.0426637,0.153922,-0.293224,5.96521,-0.0547864,-0.0114103
44606,0.132619,0.013473,-0.0185592,6.24933,0.0429803,-0.0131405,-0.295151,6.08917,-0.0126302,-0.0248068
44614,0.132619,0.013473,-0.0185592,6.24933,0.0413549,-0.0480465,-0.29186,5.9935,-0.0164219,-0.043728
44622,0.132619,0.013473,-0.0185592,6.24933,0.0399762,-0.127855,-0.298023,5.89886,-0.0114693,-0.0712821
44630,0.132619,0.013473,-0.0185592,6.24933,0.0385068,-0.0577813,-0.312431,6.01202,-0.00540872,-0.0504439
44638,0.132778,0.0134114,-0.0185592,6.24933,0.0379555,0.0755836,-0.303522,5.86903,-0.0451317,-0.0440755
44646,0.132778,0.013393,-0.0185592,6.24933,0.0384408,0.104227,-0.308975,5.99916,-0.0343583,-0.0240369
44654,0.132619,0.0134467,-0.0185592,6.24933,0.0384696,0.170443,-0.294747,6.06448,-0.039865,-0.00291201
44662,0.132619,0.0134617,-0.0185592,6.24933,0.0386399,0.154459,-0.281861,6.02642,-0.0439891,-0.00781537
44669,0.132619,0.0134682,-0.0185592,6.24933,0.0390336,0.070257,-0.284802,6.03054,-0.0296135,-0.0214685
44678,0.132619,0.0134709,-0.0185592,6.24933,0.0388115,-0.0567113,-0.294575,5.9827,-0.0123363,-0.050427
44686,0.132619,0.0134721,-0.0185592,6.24933,0.0377871,-0.0952153,-0.300594,5.94515,-0.00800701,-0.0637524
44694,0.132619,0.0134726,-0.0162393,6.24933,0.0369849,-0.0355347,-0.311388,5.98373,-0.0101347,-0.0523509
44702,0.132619,0.0134729,-0.0162393,6.24933,0.036826,0.0998287,-0.309988,6.0254,-0.0276548,-0.0245875
44710,0.132619,0.013473,-0.0162393,6.24933,0.0373593,0.212944,-0.297613,6.00996,-0.0509349,-0.004599
44718,0.132619,0.013473,-0.0162393,6.24933,0.0383773,0.219875,-0.298185,6.1257,-0.0397494,0.0115715
44726,0.132619,0.013473,-0.0162393,6.24933,0.0391161,0.126879,-0.286961,5.96418,-0.0461975,-0.0203768
44734,0.132619,0.013473,-0.0162393,6.24933,0.0388712,-0.0222055,-0.300614,5.99453,-0.0153915,-0.0444752
44741,0.132619,0.013473,-0.0162393,6.24933,0.0380675,-0.0816213,-0.307327,6.00687,-0.00191141,-0.0552336
44750,0.132619,0.013473,-0.0162393,6.24933,0.037389,-0.00675285,-0.305759,5.97858,-0.0169686,-0.0466375
44758,0.132619,0.013473,-0.0162393,6.24933,0.0373653,0.0434676,-0.312619,6.0434,-0.0165134,-0.0316425
44766,0.132778,0.0134114,-0.0162393,6.24933,0.0378881,0.18963,-0.293166,5.96213,-0.0542651,-0.0126205
44774,0.132778,0.013393,-0.0162393,6.24933,0.0388331,0.136873,-0.293638,5.9822,-0.0444025,-0.0178916
44782,0.132619,0.0134467,-0.0162393,6.24933,0.0389748,0.111425,-0.287699,6.09072,-0.0284507,-0.00830236
44790,0.132619,0.0134617,-0.0162393,6.24933,0.0385528,-8.713e-05,-0.294392,5.98475,-0.0207884,-0.0413237
44798,0.132619,0.0134682,-0.0162393,6.24933,0.0374872,-0.053512,-0.294407,5.8968,-0.0208291,-0.0622216
44806,0.132619,0.0134709,-0.0162393,6.24933,0.0361641,-0.0639047,-0.312117,5.96779,-0.006072,-0.0602729
44813,0.132619,0.0134721,-0.0162393,6.24933,0.0358095,0.00537127,-0.311523,5.99762,-0.0136404,-0.0454591
44822,0.132619,0.0134726,-0.0162393,6.24933,0.0361033,0.168706,-0.302085,5.99659,-0.0427406,-0.0161034
44830,0.132619,0.0134729,-0.0162393,6.24933,0.0372386,0.249585,-0.292426,5.92766,-0.0673712,-0.00747924
44838,0.132619,0.013473,-0.0162393,6.24933,0.0384885,0.157255,-0.294754,6.00121,-0.0447502,-0.0130007
44846,0.132619,0.013473,-0.0162393,6.24933,0.0386916,0.044277,-0.290418,6.02797,-0.0238593,-0.0279143
44854,0.132619,0.013473,-0.0162393,6.24933,0.0380976,-0.0833551,-0.310554,6.00122,-0.00181215,-0.0566727
44862,0.132619,0.013473,-0.0162393,6.24933,0.0368591,-0.0821586,-0.302746,5.87365,-0.0166004,-0.0720109
44870,0.132619,0.013473,-0.0162393,6.24933,0.0363208,0.0156298,-0.313942,5.99042,-0.0164993,-0.0442627
44878,0.132619,0.013473,-0.0162393,6.24933,0.0361039,0.108755,-0.312,6.01717,-0.0287886,-0.02538
44886,0.132619,0.013473,-0.0162393,6.24933,0.0364068,0.168976,-0.304091,5.9719,-0.0457868,-0.018879
44894,0.132619,0.013473,-0.0162393,6.24933,0.0369728,0.249185,-0.289859,5.99401,-0.0595359,0.00034171
44902,0.132619,0.013473,-0.0162393,6.24933,0.0379291,0.155258,-0.285598,6.04597,-0.0398521,-0.00734638
44910,0.132619,0.013473,-0.0162393,6.24933,0.0378711,-0.0405902,-0.291382,6.00224,-0.0115518,-0.0465633
44918,0.132619,0.013473,-0.0162393,6.24933,0.0367158,-0.161164,-0.303288,5.91172,0.00125656,-0.0811224
44926,0.132619,0.013473,-0.0162393,6.24933,0.0347415,-0.0984167,-0.304243,5.8608,-0.0122764,-0.0794496
44934,0.132619,0.013473,-0.0162393,6.24933,0.0338653,0.0185557,-0.316135,5.95338,-0.0176267,-0.0519044
44942,0.132619,0.013473,-0.0162393,6.24933,0.033628,0.192825,-0.309004,5.99299,-0.0426498,-0.0170071
44950,0.132619,0.013473,-0.0162393,6.24933,0.0343085,0.244523,-0.296208,5.91017,-0.0639659,-0.0150727
44957,0.132619,0.013473,-0.0162393,6.24933,0.0355198,0.213478,-0.299788,6.065,-0.0416648,-0.00090309
44966,0.132619,0.013473,-0.0162393,6.24933,0.0363509,0.102898,-0.287179,5.96933,-0.0377909,-0.0276821
44974,0.132619,0.013473,-0.0162393,6.24933,0.0362577,-0.0609727,-0.306462,5.90194,-0.0153533,-0.0665254
44982,0.132619,0.013473,-0.0162393,6.24933,0.0354105,-0.035531,-0.301328,6.03054,-0.00407957,-0.0473789
44990,0.132619,0.013473,-0.0162393,6.24933,0.0351448,0.0285547,-0.298011,5.94772,-0.024623,-0.046193
44998,0.132619,0.013473,-0.0162393,6.24933,0.0350114,0.0713183,-0.309462,5.9539,-0.0289523,-0.0402797
45006,0.132619,0.013473,-0.0162393,6.24933,0.0350509,0.207485,-0.291048,5.93486,-0.0567707,-0.0165409
45014,0.132619,0.013473,-0.0139194,6.24933,0.0359742,0.127544,-0.301653,6.03671,-0.030713,-0.0187872
45022,0.132619,0.013473,-0.0139194,6.24933,0.03592,0.0961001,-0.28919,6.05677,-0.0250732,-0.0197868
45029,0.132619,0.013473,-0.0139194,6.24933,0.0354571,0.0959748,-0.286225,5.8968,-0.0437438,-0.0388827
45038,0.132619,0.013473,-0.0139194,6.24933,0.0355536,-0.0607094,-0.300052,5.96933,-0.00714962,-0.0588321
45046,0.132619,0.013473,-0.0139194,6.24933,0.0346479,-0.022477,-0.301709,6.03722,-0.00397339,-0.0458791
45054,0.132619,0.013473,-0.0139194,6.24933,0.0342676,0.0550671,-0.302986,5.88034,-0.0345768,-0.0520782
45062,0.132619,0.013473,-0.0139194,6.24933,0.0343305,0.137666,-0.305728,5.97601,-0.0366309,-0.0271903
45070,0.132619,0.013473,-0.0139194,6.24933,0.0348484,0.202019,-0.293342,5.98631,-0.0487826,-0.0124049
45078,0.132619,0.013473,-0.0139194,6.24933,0.0354178,0.164052,-0.296096,5.96675,-0.0451347,-0.020775
45086,0.132619,0.013473,-0.0139194,6.24933,0.0357931,0.0434761,-0.299397,5.97087,-0.02466,-0.0406387
45094,0.132619,0.013473,-0.0139194,6.24933,0.0350323,0.0322853,-0.301473,5.91326,-0.0282167,-0.050726
45101,0.132619,0.013473,-0.0139194,6.24933,0.0345785,0.00270808,-0.308046,5.91429,-0.0215147,-0.0572807
45110,0.132619,0.013473,-0.0139194,6.24933,0.0342537,0.0694527,-0.316747,5.94515,-0.0270881,-0.0442263
45118,0.132619,0.013473,-0.0139194,6.24933,0.0347627,0.199887,-0.310833,5.93589,-0.051436,-0.0216618
45126,0.132619,0.013473,-0.0139194,6.24933,0.0359468,0.257578,-0.294123,5.97807,-0.0603372,-0.00261074
45134,0.132619,0.013473,-0.0139194,6.24933,0.0373901,0.208549,-0.302107,6.04802,-0.0446671,-0.0018964
45142,0.132619,0.013473,-0.0139194,6.24933,0.0382311,0.0769167,-0.292354,5.95287,-0.0367976,-0.0326103
45150,0.132619,0.013473,-0.0139194,6.24933,0.0378645,-0.0444538,-0.301279,5.99299,-0.0100263,-0.0502869
45158,0.132619,0.013473,-0.0139194,6.24933,0.0361567,-0.12466,-0.321014,6.02179,0.0121741,-0.0659577
45166,0.132619,0.013473,-0.0139194,6.24933,0.0347159,0.0350863,-0.311708,5.96213,-0.0208407,-0.0465641
45173,0.132619,0.013473,-0.0139194,6.24933,0.0354571,0.20468,-0.314851,5.99196,-0.0459292,-0.0139097
45182,0.132619,0.013473,-0.0139194,6.24933,0.0375081,0.284754,-0.301897,6.0398,-0.0584554,0.0101829
45190,0.132619,0.013473,-0.0139194,6.24933,0.0388374,0.206283,-0.288669,5.97756,-0.0567432,-0.0064368
45198,0.132619,0.013473,-0.0139194,6.24933,0.0398687,0.0472095,-0.302985,6.08249,-0.0171383,-0.0217408
45206,0.132619,0.013473,-0.0139194,6.24933,0.0389238,-0.00901572,-0.293078,5.91223,-0.0281851,-0.0510657
45214,0.132619,0.013473,-0.0139194,6.24933,0.0384171,-0.119594,-0.309637,5.88189,-0.0100825,-0.0766756
45222,0.132619,0.013473,-0.0139194,6.24933,0.0370732,-0.0592477,-0.318992,6.00482,-0.00224366,-0.0553337
45230,0.132619,0.013473,-0.0139194,6.24933,0.0367376,0.0610586,-0.316091,5.98527,-0.0244829,-0.0373503
45238,0.132619,0.013473,-0.0139194,6.24933,0.0369111,0.20548,-0.310807,5.93383,-0.0555562,-0.0179793
45245,0.132619,0.013473,-0.0139194,6.24933,0.0378196,0.245456,-0.302721,6.01614,-0.0550279,0.00105593
45254,0.132619,0.013473,-0.0139194,6.24933,0.0386365,0.191498,-0.284931,5.99093,-0.0530451,-0.0070266
45262,0.132619,0.013473,-0.0139194,6.24933,0.039018,0.0389498,-0.297257,6.02797,-0.02195,-0.0298364
45270,0.132619,0.013473,-0.0139194,6.24933,0.0386325,-0.0788284,-0.309654,5.9719,-0.00652169,-0.0588625
45278,0.132619,0.013473,-0.0139194,6.24933,0.0376785,-0.0772316,-0.309855,5.85822,-0.0188401,-0.0733869
45286,0.132619,0.013473,-0.0139194,6.24933,0.0372258,0.0557331,-0.319007,5.97704,-0.0247704,-0.0390144
45294,0.132619,0.013473,-0.0139194,6.24933,0.0377801,0.147261,-0.312054,5.98682,-0.0406601,-0.0205315
45302,0.132619,0.013473,-0.0139194,6.24933,0.0383043,0.249181,-0.295175,6.0187,-0.0572227,0.00387561
45310,0.132619,0.013473,-0.0139194,6.24933,0.0395803,0.214544,-0.288512,6.01202,-0.055095,8.617e-05
45317,0.132619,0.013473,-0.0139194,6.24933,0.0405278,0.122084,-0.279335,5.96213,-0.0484358,-0.0186164
45326,0.132619,0.013473,-0.0139194,6.24933,0.040299,-0.116267,-0.296553,6.01203,1.283e-05,-0.0560129
45334,0.132619,0.013473,-0.0139194,6.24933,0.0385008,-0.152634,-0.298936,5.93795,0.00015883,-0.0737806
45342,0.132619,0.013473,-0.0139194,6.24933,0.0368715,-0.033265,-0.28775,5.86285,-0.0280296,-0.0629804
45350,0.132619,0.013473,-0.0139194,6.24933,0.0360394,0.0401407,-0.303496,6.04751,-0.0147541,-0.0324593
45358,0.132619,0.013473,-0.0162393,6.24933,0.035991,0.191492,-0.287905,6.01511,-0.0464613,-0.00794235
45366,0.132619,0.013473,-0.0162393,6.24933,0.036701,0.172576,-0.284975,5.98116,-0.0487742,-0.01369
45374,0.132619,0.013473,-0.0162393,6.24933,0.0371903,0.132341,-0.28568,6.09175,-0.0296357,-0.00683811
45382,0.132619,0.013473,-0.0162393,6.24933,0.037365,0.0627971,-0.277876,5.93384,-0.0382188,-0.0357369
45389,0.132619,0.013473,-0.0162393,6.24933,0.0368905,-0.0756294,-0.293859,5.97704,-0.00697363,-0.057212
45398,0.132619,0.013473,-0.0162393,6.24933,0.0359282,-0.0376627,-0.299712,5.8968,-0.020455,-0.0625705
45406,0.132619,0.013473,-0.0162393,6.24933,0.0357886,0.106625,-0.291466,5.85616,-0.0502805,-0.0419012
45414,0.132619,0.013473,-0.0162393,6.24933,0.0365548,0.173773,-0.292038,6.01974,-0.0430886,-0.010268
45422,0.132619,0.013473,-0.0162393,6.24933,0.0374841,0.225469,-0.281457,6.01562,-0.0551159,0.00095791
45430,0.132619,0.013473,-0.0162393,6.24933,0.0383884,0.15992,-0.273176,5.94053,-0.0556789,-0.0163873
45438,0.132619,0.013473,-0.0162393,6.24933,0.0385491,0.0201603,-0.281474,5.96676,-0.0283216,-0.0379747
45446,0.132619,0.013473,-0.0162393,6.24933,0.037199,-0.0367214,-0.279145,5.91224,-0.0238466,-0.0555111
45454,0.132619,0.013473,-0.0162393,6.24933,0.0366989,-0.10508,-0.290933,5.98013,-0.00193925,-0.061608
45461,0.132619,0.013473,-0.0162393,6.24933,0.0355893,0.0286825,-0.288069,5.93383,-0.0284912,-0.0455953
45470,0.132619,0.013473,-0.0162393,6.24933,0.0353656,0.185099,-0.277552,5.88702,-0.0613037,-0.023361
45478,0.132619,0.013473,-0.0162393,6.24933,0.0367685,0.186034,-0.283178,6.10203,-0.0371425,0.00325271
45486,0.132619,0.013473,-0.0162393,6.24933,0.0368724,0.230528,-0.263248,5.95389,-0.0653198,-0.00339983
45494,0.132619,0.013473,-0.0162393,6.24933,0.0368761,0.0410824,-0.275401,5.92047,-0.0359246,-0.0412589
45502,0.132619,0.013473,-0.0162393,6.24933,0.0357483,0.00524132,-0.263197,6.01613,-0.0191336,-0.0355924
45510,0.132619,0.013473,-0.0162393,6.24933,0.0348637,-0.0704309,-0.277538,5.89372,-0.0175003,-0.0663646
45518,0.132619,0.013473,-0.0162393,6.24933,0.0339873,-0.0326022,-0.279984,5.93384,-0.0174434,-0.0568504
45526,0.132619,0.013473,-0.0162393,6.24933,0.0334201,0.0924995,-0.277684,5.90143,-0.0415777,-0.039996
45533,0.132619,0.013473,-0.0162393,6.24933,0.0334683,0.184033,-0.277818,5.96984,-0.0487244,-0.0164243
45542,0.132619,0.013473,-0.0139194,6.24933,0.0344778,0.219075,-0.264711,6.01151,-0.0527405,-0.00244981
45550,0.132619,0.013473,-0.0139194,6.24933,0.0351588,0.179239,-0.262095,5.98837,-0.0502237,-0.0105391
45558,0.132619,0.013473,-0.0139194,6.24933,0.0361743,0.0654618,-0.264777,5.99247,-0.0318537,-0.0282699
45566,0.132619,0.013473,-0.0139194,6.24933,0.035658,-0.0373936,-0.264263,5.94001,-0.0203724,-0.0524541
45574,0.132619,0.013473,-0.0139194,6.24933,0.0347875,-0.0806897,-0.289734,6.01356,0.0007621,-0.0563722
45582,0.132619,0.013473,-0.0139194,6.24933,0.0339559,-0.0168801,-0.286501,5.99196,-0.0117333,-0.0487945
45590,0.132619,0.013473,-0.0139194,6.24933,0.0333946,0.169107,-0.279723,6.02385,-0.0391058,-0.0133393
45598,0.132619,0.013473,-0.0139194,6.24933,0.0340574,0.278231,-0.273203,6.05059,-0.0559902,0.0101979
45605,0.132619,0.013473,-0.0139194,6.24933,0.0364826,0.256245,-0.260688,6.03465,-0.0595677,0.00998378
45614,0.132619,0.013473,-0.0139194,6.24933,0.0375938,0.113685,-0.260775,5.9647,-0.0457057,-0.0208059
45622,0.132619,0.013473,-0.0139194,6.24933,0.0375754,-0.0371242,-0.267279,5.99865,-0.0156516,-0.0433041
45630,0.132619,0.013473,-0.0139194,6.24933,0.0366674,-0.0880165,-0.268248,5.98785,-0.00709221,-0.0545796
45638,0.132619,0.013473,-0.0139194,6.24933,0.0357056,-0.0908276,-0.278575,6.02591,0.00084048,-0.0535515
45646,0.132619,0.013473,-0.0139194,6.24933,0.0341284,0.0591941,-0.269786,5.97807,-0.0289001,-0.0346733
45654,0.132619,0.013473,-0.0139194,6.24933,0.0338311,0.111425,-0.267961,6.01254,-0.0333767,-0.0219062
45662,0.132619,0.013473,-0.0139194,6.24933,0.0336001,0.210148,-0.256185,6.0614,-0.0455517,0.00209934
45670,0.132619,0.013473,-0.0139194,6.24933,0.0343072,0.198559,-0.253356,6.01717,-0.0502693,-0.00364824
45677,0.132619,0.013473,-0.0139194,6.24933,0.035029,0.101963,-0.24492,5.95852,-0.0435264,-0.0245144
45686,0.132619,0.013473,-0.0139194,6.24933,0.0353428,-0.0420551,-0.258525,5.96675,-0.0169399,-0.0495907
45694,0.132619,0.013473,-0.0139194,6.24933,0.0345465,-0.107607,-0.263848,6.01974,0.00211073,-0.056346
45702,0.132619,0.013473,-0.0139194,6.24933,0.0338657,-0.0308692,-0.249174,5.97859,-0.0168785,-0.0468466
45710,0.132619,0.013473,-0.0139194,6.24933,0.0337099,0.135798,-0.255628,6.00379,-0.0402642,-0.0170102
45718,0.132619,0.013473,-0.0139194,6.24933,0.0339522,0.182035,-0.249556,5.94463,-0.0562037,-0.01489
45726,0.132619,0.013473,-0.0139194,6.24933,0.034965,0.159122,-0.241916,6.03363,-0.0445413,-0.00559942
45734,0.132619,0.013473,-0.0139194,6.24933,0.0350122,0.0714536,-0.240364,6.1257,-0.0194853,-0.00918726
45742,0.132619,0.013473,-0.0139194,6.24933,0.033951,-0.0688346,-0.247814,5.96881,-0.012077,-0.0540681
45749,0.132619,0.013473,-0.0139194,6.24933,0.0329681,-0.0705672,-0.248193,5.96058,-0.011351,-0.0567573
45758,0.132619,0.013473,-0.0139194,6.24933,0.0322617,-0.0148788,-0.253645,6.00482,-0.0135166,-0.0439923
45766,0.132619,0.013473,-0.0139194,6.24933,0.0318567,0.121277,-0.252062,6.03105,-0.0326789,-0.0182311
45774,0.132619,0.013473,-0.0139194,6.24933,0.0327208,0.169777,-0.248166,6.00842,-0.0451918,-0.0109
45782,0.132619,0.013473,-0.0139194,6.24933,0.0329187,0.200287,-0.235704,6.00534,-0.0528873,-0.00383624
45790,0.132619,0.013473,-0.0139194,6.24933,0.0331471,0.0798528,-0.236591,5.96623,-0.0377155,-0.0285994
45798,0.132619,0.013473,-0.0139194,6.24933,0.0324943,-0.0600424,-0.245025,6.01614,-0.00640841,-0.0485607
45806,0.132619,0.013473,-0.0139194,6.24933,0.0314632,-0.0695014,-0.247672,5.96213,-0.00936527,-0.0583973
45814,0.132619,0.013473,-0.0139194,6.24933,0.0302514,-0.0128832,-0.251981,5.90298,-0.0233577,-0.0582139
45821,0.132619,0.013473,-0.0139194,6.24933,0.0299316,0.0618608,-0.253776,6.00379,-0.0231324,-0.034421
45830,0.132619,0.013473,-0.0139194,6.24933,0.030453,0.214011,-0.246035,6.01511,-0.0489639,-0.00544905
45838,0.132619,0.013473,-0.0139194,6.24933,0.0322698,0.260377,-0.233246,5.92201,-0.0721658,-0.00405514
45846,0.132619,0.013473,-0.0139194,6.24933,0.0339853,0.148595,-0.233506,6.01871,-0.0445658,-0.00914174
45854,0.132619,0.013473,-0.0139194,6.24933,0.0342698,0.0240272,-0.232666,6.00945,-0.0255483,-0.0307185
45862,0.132619,0.013473,-0.0139194,6.24933,0.0337855,-0.0905467,-0.234014,5.88703,-0.0201115,-0.065404
45870,0.132619,0.013473,-0.0139194,6.24933,0.0324766,-0.0902853,-0.25348,6.01254,-0.0004375,-0.0554746
45878,0.132619,0.013473,-0.0139194,6.24933,0.0314783,-0.0388629,-0.257726,6.03826,-0.00387195,-0.0458283
45886,0.132619,0.013473,-0.0139194,6.24933,0.0310749,0.149122,-0.23992,5.93023,-0.0500538,-0.0245803
45893,0.132619,0.013473,-0.0139194,6.24933,0.0316282,0.220937,-0.245723,5.9899,-0.0547433,-0.00558049
45902,0.132619,0.013473,-0.0162393,6.24933,0.0320654,0.216543,-0.226238,5.97602,-0.0597625,-0.00384444
45910,0.132619,0.013473,-0.0162393,6.24933,0.0331768,0.056534,-0.238725,6.0326,-0.0261031,-0.0246156
45918,0.132619,0.013473,-0.0162393,6.24933,0.0326261,-0.0188763,-0.23932,5.91789,-0.0262771,-0.0517558
45926,0.132619,0.013473,-0.0162393,6.24933,0.0314596,-0.0488477,-0.237951,5.90452,-0.0215084,-0.0597888
45934,0.132619,0.013473,-0.0162393,6.24933,0.0315104,-0.0587125,-0.249674,6.07631,0.00218646,-0.0429617
45942,0.132619,0.013473,-0.0162393,6.24933,0.0311687,0.0695829,-0.243409,5.96522,-0.0326964,-0.0339194
45950,0.132619,0.013473,-0.0162393,6.24933,0.0310843,0.111158,-0.247735,5.91172,-0.0450743,-0.0340451
45958,0.132619,0.013473,-0.0162393,6.24933,0.0311946,0.200423,-0.235377,5.98219,-0.0536991,-0.00851365
45965,0.132619,0.013473,-0.0162393,6.24933,0.031866,0.207215,-0.231723,6.00379,-0.0537879,-0.00329462
45974,0.132619,0.013473,-0.0162393,6.24933,0.0326501,0.0545349,-0.232922,5.97704,-0.0325307,-0.0313163
45982,0.132619,0.013473,-0.0162393,6.24933,0.032311,-0.0884211,-0.234808,5.93692,-0.0128091,-0.060947
45990,0.132619,0.013473,-0.0162393,6.24933,0.031157,-0.0932178,-0.240597,5.92972,-0.0103478,-0.0651391
45998,0.132619,0.013473,-0.0162393,6.24933,0.0302186,-0.0340694,-0.249343,5.97499,-0.0121168,-0.0525214
46006,0.132619,0.013473,-0.0162393,6.24933,0.0302805,0.126606,-0.242755,5.93486,-0.0446057,-0.0290153
46014,0.132619,0.013473,-0.0162393,6.24933,0.0311774,0.222936,-0.235709,5.97653,-0.0580182,-0.00546231
46022,0.132619,0.013473,-0.0162393,6.24933,0.0321443,0.201756,-0.224906,6.04186,-0.0498773,0.00176916
46030,0.132619,0.013473,-0.0162393,6.24933,0.0326695,0.0679929,-0.230048,6.05626,-0.0259155,-0.0191917
46037,0.132619,0.013473,-0.0162393,6.24933,0.0319674,-0.0773604,-0.24122,5.93795,-0.0130161,-0.0604684
46046,0.132619,0.013473,-0.0162393,6.24933,0.0304869,-0.113068,-0.257094,5.90915,-0.00590806,-0.0745063
46054,0.132619,0.013473,-0.0162393,6.24933,0.0292623,-0.0184777,-0.2627,6.01254,-0.00681261,-0.0489304
46062,0.132619,0.013473,-0.0185592,6.24933,0.0292908,0.161512,-0.263508,6.083,-0.0286072,-0.00995707
46070,0.132619,0.013473,-0.0185592,6.24933,0.0302793,0.284888,-0.250069,5.93229,-0.0703223,-0.00342739
46078,0.132619,0.013473,-0.0162393,6.24933,0.031594,0.30501,-0.238931,5.94412,-0.0754846,0.00460852
46086,0.132619,0.013473,-0.0162393,6.24933,0.0324429,0.149262,-0.243518,6.0758,-0.0345949,-0.00565733
46094,0.132619,0.013473,-0.0162393,6.24933,0.0321422,-0.0226048,-0.239401,5.94721,-0.0215281,-0.0496028
46102,0.132619,0.013473,-0.0162393,6.24933,0.0318142,-0.0609794,-0.253887,6.02179,-0.00360056,-0.050047
46109,0.132619,0.013473,-0.0162393,6.24933,0.030723,0.00550288,-0.241918,5.89063,-0.0304987,-0.0539233
46118,0.132619,0.013473,-0.0162393,6.24933,0.030417,0.0234921,-0.248586,5.88651,-0.0324711,-0.0528747
46126,0.132619,0.013473,-0.0162393,6.24933,0.0305826,0.120081,-0.250694,6.10666,-0.0224182,-0.0106668
46134,0.132619,0.013473,-0.0162393,6.24933,0.030884,0.231727,-0.228553,5.9791,-0.0599211,-0.00292914
46142,0.132619,0.013473,-0.0162393,6.24933,0.0320446,0.150995,-0.231307,5.89937,-0.0570903,-0.0248069
46150,0.132619,0.013473,-0.0162393,6.24933,0.032105,0.0570686,-0.240204,5.98013,-0.0306661,-0.0324527
46158,0.132619,0.013473,-0.0162393,6.24933,0.031878,-0.07163,-0.24188,6.03723,-0.00203871,-0.0479961
46166,0.132619,0.013473,-0.0162393,6.24933,0.0314048,-0.0571152,-0.243674,5.95441,-0.013263,-0.0562829
46174,0.132619,0.013473,-0.0162393,6.24933,0.0308631,0.0726508,-0.242996,5.85771,-0.0455199,-0.0464687
46181,0.132619,0.013473,-0.0162393,6.24933,0.0311411,0.132871,-0.245844,5.97396,-0.0417198,-0.0226413
46190,0.132619,0.013473,-0.0162393,6.24933,0.0322204,0.172177,-0.239957,6.03259,-0.0437506,-0.006635
46198,0.132619,0.013473,-0.0162393,6.24933,0.0331593,0.168047,-0.235638,6.00533,-0.0482617,-0.00855706
46206,0.132619,0.013473,-0.0162393,6.24933,0.0334981,0.131941,-0.222502,6.01305,-0.043951,-0.0111486
46214,0.132619,0.013473,-0.0162393,6.24933,0.0333313,-0.0488483,-0.229472,5.98167,-0.0163494,-0.0467068
46222,0.132619,0.013473,-0.0162393,6.24933,0.0321105,-0.113998,-0.244002,5.96984,-0.00293789,-0.0631285
46230,0.132619,0.013473,-0.0162393,6.24933,0.0307006,-0.0779004,-0.248977,5.92149,-0.0118792,-0.0655112
46238,0.132619,0.013473,-0.0139194,6.24933,0.0297425,0.0853004,-0.251379,5.97138,-0.0309602,-0.0341743
46246,0.132619,0.013473,-0.0139194,6.24933,0.0309472,0.244654,-0.239194,5.97653,-0.0603654,-0.00305373
46253,0.132619,0.013473,-0.0139194,6.24933,0.0320017,0.262369,-0.229117,5.97911,-0.0660648,0.00332488
46262,0.132619,0.013473,-0.0162393,6.24933,0.0330944,0.0304221,-0.23157,6.06912,-0.0185144,-0.023665
46270,0.132619,0.013473,-0.0162393,6.24933,0.0317637,-0.0199389,-0.228451,5.97088,-0.0204248,-0.0451155
46278,0.132619,0.013473,-0.0162393,6.24933,0.0305298,-0.088682,-0.240459,5.8181,-0.0234135,-0.0784172
46286,0.132619,0.013473,-0.0162393,6.24933,0.0293591,-0.0553803,-0.24975,5.95853,-0.00928153,-0.059319
46294,0.132619,0.013473,-0.0162393,6.24933,0.0289845,0.0715868,-0.248832,6.00842,-0.0240689,-0.0323761
46302,0.132619,0.013473,-0.0162393,6.24933,0.0299795,0.240654,-0.234423,6.01665,-0.0547896,0.00081564
46310,0.132619,0.013473,-0.0162393,6.24933,0.0318142,0.266103,-0.227581,6.05111,-0.0585624,0.0128285
46318,0.132619,0.013473,-0.0162393,6.24933,0.0330908,0.216411,-0.21467,5.97756,-0.0628278,-0.0003988
46326,0.132619,0.013473,-0.0162393,6.24933,0.0335602,0.0236278,-0.217066,5.92457,-0.037395,-0.0389161
46334,0.132619,0.013473,-0.0162393,6.24933,0.032912,-0.107338,-0.231625,6.01202,-0.00216286,-0.0539129
46342,0.132619,0.013473,-0.0162393,6.24933,0.0318016,-0.132117,-0.244051,5.95544,-0.00120162,-0.0683232
46350,0.132619,0.013473,-0.0162393,6.24933,0.0306459,0.0337445,-0.228862,5.9184,-0.033901,-0.0438794
46358,0.132619,0.013473,-0.0162393,6.24933,0.0310081,0.172307,-0.238999,6.00122,-0.0459602,-0.0118482
46366,0.132619,0.013473,-0.0162393,6.24933,0.0312898,0.287954,-0.220555,5.95646,-0.0737465,0.00573007
46374,0.132619,0.013473,-0.0162393,6.24933,0.0333751,0.201622,-0.223269,6.0151,-0.0549594,0.00055382
46382,0.132619,0.013473,-0.0162393,6.24933,0.0335654,0.169244,-0.206513,5.9719,-0.0576453,-0.00705118
46390,0.132619,0.013473,-0.0162393,6.24933,0.0337588,0.0340243,-0.207139,5.94464,-0.0386232,-0.0329152
46397,0.132619,0.013473,-0.0162393,6.24933,0.0330257,-0.164766,-0.217187,6.05215,0.00959691,-0.0563725
46406,0.132619,0.013473,-0.0162393,6.24933,0.030786,-0.123459,-0.22457,5.85256,-0.0165019,-0.077294
46414,0.132619,0.013473,-0.0162393,6.24933,0.0294192,0.0613227,-0.229962,5.91275,-0.0372761,-0.0417742
46422,0.132619,0.013473,-0.0162393,6.24933,0.0297588,0.220802,-0.21277,5.92252,-0.0657764,-0.0104781
46430,0.132619,0.013473,-0.0162393,6.24933,0.0309007,0.282357,-0.207168,6.01305,-0.0677733,0.013093
46438,0.132619,0.013473,-0.0162393,6.24933,0.0330293,0.206016,-0.196822,6.02282,-0.0585617,0.00598914
46446,0.132619,0.013473,-0.0162393,6.24933,0.033187,0.0272206,-0.187515,5.93434,-0.0410848,-0.0329106
46454,0.132619,0.013473,-0.0162393,6.24933,0.0322408,-0.138911,-0.203291,6.00688,-0.00118088,-0.0562119
46462,0.132619,0.013473,-0.0162393,6.24933,0.0308849,-0.142778,-0.212366,5.94155,-0.00491641,-0.067929
46469,0.132619,0.013473,-0.0162393,6.24933,0.0294294,-0.0387333,-0.210518,5.82222,-0.0345141,-0.0662066
46478,0.132619,0.013473,-0.0162393,6.24933,0.0293458,0.0898332,-0.223403,6.04597,-0.027257,-0.0202612
46486,0.132619,0.013473,-0.0162393,6.24933,0.029962,0.202154,-0.204378,6.06243,-0.0478318,0.00454985
46494,0.132619,0.013473,-0.0162393,6.24933,0.0309315,0.233997,-0.188277,5.96984,-0.0679384,0.00291413
46502,0.132619,0.013473,-0.0162393,6.24933,0.0316871,0.144067,-0.195177,6.04803,-0.0437542,-0.00307623
46510,0.132619,0.013473,-0.0162393,6.24933,0.0317664,-0.0151416,-0.198937,5.96007,-0.0272486,-0.0408249
46518,0.132619,0.013473,-0.0162393,6.24933,0.0301714,-0.157432,-0.209697,5.91223,-0.00539465,-0.0744256
46526,0.132619,0.013473,-0.0162393,6.24933,0.028775,-0.132119,-0.223804,6.09638,0.0162967,-0.0525956
46534,0.132619,0.013473,-0.0162393,6.24933,0.0283559,0.057193,-0.215584,6.11953,-0.013084,-0.0171835
46541,0.132619,0.013473,-0.0162393,6.24933,0.0290162,0.242919,-0.196109,5.99247,-0.0628613,0.00317737
46550,0.132619,0.013473,-0.0185592,6.24933,0.0313266,0.287955,-0.194426,6.01048,-0.0720137,0.0167504
46558,0.132619,0.013473,-0.0185592,6.24933,0.0330394,0.156188,-0.184871,6.00225,-0.0550437,-0.00253452
46566,0.132619,0.013473,-0.0185592,6.24933,0.0327244,-0.0290001,-0.178368,5.95955,-0.0300134,-0.0382076
46574,0.132619,0.013473,-0.0185592,6.24933,0.0323996,-0.138243,-0.185275,6.07272,0.00297426,-0.0448194
46582,0.132619,0.013473,-0.0185592,6.24933,0.0308767,-0.135984,-0.184225,5.98528,-0.00578337,-0.0567174
46590,0.132619,0.013473,-0.0185592,6.24933,0.0294038,-0.157172,-0.196707,5.98579,0.00181687,-0.0642836
46598,0.132619,0.013473,-0.0185592,6.24933,0.0281671,0.0463974,-0.195108,5.97344,-0.0319207,-0.0328632
46606,0.132619,0.013473,-0.0185592,6.24933,0.0278229,0.182833,-0.191101,5.96881,-0.0552397,-0.0102287
46613,0.132619,0.013473,-0.0185592,6.24933,0.0290532,0.188563,-0.178285,6.02642,-0.053151,0.0013191
46622,0.132619,0.013473,-0.0185592,6.24933,0.0298784,0.129543,-0.165419,6.0362,-0.0454264,-0.00426358
46630,0.132619,0.013473,-0.0185592,6.24933,0.0299984,-0.0569758,-0.181914,6.05523,-0.00979605,-0.0359665
46638,0.132619,0.013473,-0.0185592,6.24933,0.0289374,-0.193804,-0.194048,5.96007,0.00506603,-0.0737212
46646,0.132619,0.013473,-0.0185592,6.24933,0.0264662,-0.139043,-0.192799,5.83199,-0.015908,-0.0828499
46654,0.132619,0.013473,-0.0185592,6.24933,0.0252936,0.00310129,-0.201853,6.07786,-0.007417,-0.032892
46662,0.132619,0.013473,-0.0185592,6.24933,0.0251885,0.151653,-0.195323,6.04031,-0.0373568,-0.0113678
46670,0.132619,0.013473,-0.0185592,6.24933,0.0256374,0.269168,-0.1875,5.9503,-0.0693046,-0.0003041
46678,0.132619,0.013473,-0.0185592,6.24933,0.0272516,0.257579,-0.183214,6.029,-0.0610156,0.00997324
46685,0.132619,0.013473,-0.0185592,6.24933,0.0282312,0.105963,-0.17934,6.0007,-0.0412021,-0.0169637
46694,0.132619,0.013473,-0.0185592,6.24933,0.0281392,-0.120529,-0.190001,6.02077,0.00052314,-0.0546409
46702,0.132619,0.013473,-0.0185592,6.24933,0.0265097,-0.137717,-0.195107,5.92561,-0.00478539,-0.0718714
46710,0.132619,0.013473,-0.0185592,6.24933,0.0253035,0.0196273,-0.193506,5.91789,-0.0303615,-0.0476572
46718,0.132619,0.013473,-0.0185592,6.24933,0.0252957,0.119414,-0.195319,6.07478,-0.0281031,-0.0125823
46726,0.132619,0.013473,-0.0208791,6.24933,0.0261055,0.217739,-0.183446,6.05985,-0.0495445,0.00564828
46734,0.132619,0.013473,-0.0208791,6.24933,0.0270576,0.227869,-0.172714,5.92201,-0.0704992,-0.00588994
46742,0.132619,0.013473,-0.0208791,6.24933,0.0277258,0.0839769,-0.167078,5.99916,-0.0393967,-0.019206
46750,0.132619,0.013473,-0.0208791,6.24933,0.0272055,-0.097877,-0.177034,6.0007,-0.00677395,-0.0520228
46757,0.132619,0.013473,-0.0208791,6.24933,0.0258384,-0.123459,-0.182558,5.93178,-0.00789323,-0.0672716
46766,0.132619,0.013473,-0.0208791,6.24933,0.0245836,-0.0864246,-0.191452,5.93435,-0.0105717,-0.0638934
46774,0.132619,0.013473,-0.0208791,6.24933,0.0239607,0.0718471,-0.191175,5.96881,-0.0319188,-0.0339418
46782,0.132619,0.013473,-0.0208791,6.24933,0.0247244,0.197622,-0.17921,6.00019,-0.0520304,-0.00603055
46790,0.132619,0.013473,-0.0208791,6.24933,0.0260119,0.181902,-0.175034,6.04545,-0.0465311,-0.0008734
46798,0.132619,0.013473,-0.0208791,6.24933,0.0266276,0.151261,-0.166692,5.9647,-0.0531586,-0.0133905
46806,0.132619,0.013473,-0.0208791,6.24933,0.0268726,-0.0368576,-0.175141,5.8865,-0.030186,-0.0553873
46814,0.132619,0.013473,-0.0208791,6.24933,0.0255064,-0.138512,-0.177322,5.98528,0.00051617,-0.063103
46822,0.132619,0.013473,-0.0208791,6.24933,0.0240364,-0.132254,-0.193699,6.08712,0.016133,-0.0546843
46829,0.132619,0.013473,-0.0208791,6.24933,0.0227427,0.0054996,-0.186559,5.98887,-0.0176376,-0.0437063
46838,0.132619,0.013473,-0.0185592,6.24933,0.0227379,0.16964,-0.178391,5.90606,-0.0555206,-0.0248743
46846,0.132619,0.013473,-0.0185592,6.24933,0.0236228,0.241857,-0.182329,6.00739,-0.0561228,-0.00012169
46854,0.132619,0.013473,-0.0208791,6.24933,0.0242994,0.201221,-0.166485,5.98527,-0.0558506,-0.00572618
46862,0.132619,0.013473,-0.0208791,6.24933,0.0249528,0.00537326,-0.170055,6.07889,-0.0126988,-0.0273629
46870,0.132619,0.013473,-0.0185592,6.24933,0.0245755,-0.0571094,-0.169396,5.97396,-0.0139277,-0.0510978
46878,0.132619,0.013473,-0.0185592,6.24933,0.0233007,-0.143439,-0.187803,5.91326,-0.00206686,-0.0775677
46886,0.132619,0.013473,-0.0185592,6.24933,0.0219363,-0.126935,-0.2004,6.00482,0.00988724,-0.0678813
46894,0.132619,0.013473,-0.0185592,6.24933,0.0205976,0.068784,-0.189942,5.91274,-0.0332303,-0.0459243
46901,0.132619,0.013473,-0.0185592,6.24933,0.0205567,0.239858,-0.19108,6.01768,-0.0489649,-0.00490296
46910,0.132619,0.013473,-0.0185592,6.24933,0.0220719,0.254782,-0.175192,6.01253,-0.0566797,0.00166641
46918,0.132619,0.013473,-0.0185592,6.24933,0.0231893,0.184566,-0.171995,5.99762,-0.0488529,-0.00987583
46926,0.132619,0.013473,-0.0185592,6.24933,0.0235021,0.0213614,-0.183827,6.02128,-0.0175548,-0.0360807
46934,0.132619,0.013473,-0.0185592,6.24933,0.022883,-0.110136,-0.188236,5.86954,-0.0120929,-0.0777682
46942,0.132619,0.013473,-0.0185592,6.24933,0.0219603,-0.0704375,-0.190357,5.8896,-0.0146978,-0.0703213
46950,0.132619,0.013473,-0.0185592,6.24933,0.021408,0.0571914,-0.199704,6.08095,-0.0110306,-0.0284445
46958,0.132619,0.013473,-0.0185592,6.24933,0.0217574,0.204417,-0.192194,5.95956,-0.05141,-0.0162669
46966,0.132619,0.013473,-0.0185592,6.24933,0.0233112,0.277696,-0.185742,5.92869,-0.0703559,-0.00436192
46973,0.132619,0.013473,-0.0185592,6.24933,0.0245858,0.250783,-0.173268,6.047,-0.0557141,0.00886117
46982,0.132619,0.013473,-0.0162393,6.24933,0.0254604,0.0469424,-0.18153,6.01048,-0.0257469,-0.0303311
46990,0.132619,0.013473,-0.0162393,6.24933,0.0254355,-0.0828247,-0.184105,5.99299,-0.00586276,-0.0547363
46998,0.132619,0.013473,-0.0162393,6.24933,0.0241454,-0.135049,-0.199722,5.97704,0.00519203,-0.0697364
47006,0.132619,0.013473,-0.0162393,6.24933,0.0230804,-0.0369947,-0.206343,6.0115,-0.00446256,-0.0516658
47014,0.132619,0.013473,-0.0162393,6.24933,0.02244,0.109019,-0.213661,6.0326,-0.0241075,-0.0266101
47022,0.132619,0.013473,-0.0162393,6.24933,0.0228634,0.269302,-0.20027,5.98836,-0.0586073,-0.00205942
47030,0.132619,0.013473,-0.0162393,6.24933,0.0246116,0.280229,-0.190239,5.9935,-0.0638242,0.00443192
47038,0.132619,0.013473,-0.0162393,6.24933,0.0257926,0.195224,-0.184699,6.01973,-0.0491645,-0.00427546
47045,0.132619,0.013473,-0.0162393,6.24933,0.0261993,-0.00874911,-0.198094,5.99299,-0.0169287,-0.043437
47054,0.132619,0.013473,-0.0162393,6.24933,0.0254347,-0.0533784,-0.202659,5.9112,-0.0173896,-0.0624292
47062,0.132619,0.013473,-0.0162393,6.24933,0.0254,-0.0679079,-0.209533,5.99659,-0.00376678,-0.0559414
47070,0.132619,0.013473,-0.0162393,6.24933,0.0245486,0.0670501,-0.198166,6.01253,-0.0249062,-0.0306411
47078,0.132619,0.013473,-0.0162393,6.24933,0.0247289,0.144467,-0.200652,6.00739,-0.0381837,-0.0183419
47086,0.132619,0.013473,-0.0162393,6.24933,0.0247947,0.197755,-0.192044,5.97395,-0.0524266,-0.0118277
47094,0.132619,0.013473,-0.0162393,6.24933,0.0254644,0.174577,-0.183917,5.95184,-0.0534202,-0.0161138
47102,0.132619,0.013473,-0.0162393,6.24933,0.0256455,0.010704,-0.196936,6.05883,-0.0118198,-0.0329533
47110,0.132619,0.013473,-0.0162393,6.24933,0.0247857,-0.0717658,-0.201778,5.90246,-0.0146253,-0.067322
47117,0.132619,0.013473,-0.0162393,6.24933,0.0238472,-0.0685708,-0.21015,5.92818,-0.00948909,-0.0663928
47126,0.132619,0.013473,-0.0162393,6.24933,0.023489,0.048934,-0.207958,6.03928,-0.0157234,-0.0335815
47134,0.132619,0.013473,-0.0162393,6.24933,0.0240172,0.20095,-0.200038,5.95132,-0.0532687,-0.0163299
47142,0.132619,0.013473,-0.0162393,6.24933,0.0250929,0.262774,-0.197832,5.92869,-0.0680073,-0.00673049
47150,0.132619,0.013473,-0.0162393,6.24933,0.0263156,0.165915,-0.190049,6.00996,-0.0453168,-0.0105116
47158,0.132619,0.013473,-0.0162393,6.24933,0.026301,0.0281575,-0.18479,6.07837,-0.0152636,-0.0248337
47166,0.132619,0.013473,-0.0162393,6.24933,0.0255755,-0.0925472,-0.203728,6.04185,0.00447282,-0.0535676
47174,0.132619,0.013473,-0.0162393,6.24933,0.0245466,-0.064441,-0.215608,5.94,-0.00885972,-0.0642078
47182,0.132619,0.013473,-0.0162393,6.24933,0.0245132,0.0444082,-0.216005,5.88908,-0.0327809,-0.0519775
47189,0.132619,0.013473,-0.0162393,6.24933,0.0250814,0.205214,-0.210988,5.97602,-0.0507623,-0.0129806
47198,0.132619,0.013473,-0.0162393,6.24933,0.0266448,0.309805,-0.192019,5.99659,-0.070862,0.0123175
47206,0.132619,0.013473,-0.0162393,6.24933,0.028079,0.217606,-0.18143,5.98887,-0.0601708,-0.00045255
47214,0.132619,0.013473,-0.0162393,6.24933,0.0286764,0.0429453,-0.188591,6.02539,-0.0266019,-0.0259217
47222,0.132619,0.013473,-0.0162393,6.24933,0.0282034,-0.0563078,-0.18889,5.99916,-0.012555,-0.0464687
47230,0.132619,0.013473,-0.0162393,6.24933,0.0266113,-0.178618,-0.206929,5.90915,0.00218819,-0.0828537
47238,0.132619,0.013473,-0.0162393,6.24933,0.0258251,-0.0208749,-0.203023,5.93744,-0.0201593,-0.0533626
47246,0.132619,0.013473,-0.0162393,6.24933,0.0257263,0.130339,-0.201425,5.91994,-0.0473905,-0.0298038
47254,0.132619,0.013473,-0.0162393,6.24933,0.0263825,0.172445,-0.202483,6.02025,-0.0432752,-0.010104
47261,0.132619,0.013473,-0.0162393,6.24933,0.0274645,0.211879,-0.190134,6.06552,-0.0479461,0.00538856
47270,0.132619,0.013473,-0.0162393,6.24933,0.0279555,0.151659,-0.181973,5.92252,-0.0568086,-0.0196789
47278,0.132619,0.013473,-0.0162393,6.24933,0.0280723,-0.0605763,-0.195462,6.00687,-0.00970028,-0.0475169
47286,0.132619,0.013473,-0.0162393,6.24933,0.0269326,-0.0932127,-0.195045,5.96573,-0.00764662,-0.059399
47294,0.132619,0.013473,-0.0162393,6.24933,0.0262111,-0.0480525,-0.200944,5.86337,-0.025249,-0.065833
47302,0.132619,0.013473,-0.0162393,6.24933,0.0260429,0.0534632,-0.205731,5.98887,-0.0262753,-0.0348774
47310,0.132619,0.013473,-0.0162393,6.24933,0.0260963,0.156322,-0.204791,6.06963,-0.0340227,-0.00775525
47318,0.132619,0.013473,-0.0162393,6.24933,0.0265984,0.222007,-0.187437,5.9467,-0.0628711,-0.007716
47326,0.132619,0.013473,-0.0162393,6.24933,0.0277311,0.164181,-0.189415,6.07786,-0.0390726,-0.00071272
47333,0.132619,0.013473,-0.0162393,6.24933,0.0285022,0.117557,-0.174386,6.0115,-0.0426459,-0.0129313
47342,0.132619,0.013473,-0.0162393,6.24933,0.0285008,-0.0292637,-0.188447,5.87056,-0.032666,-0.0566249
47350,0.132619,0.013473,-0.0162393,6.24933,0.0282299,-0.148779,-0.200021,6.00019,0.00464065,-0.0637009
47358,0.132619,0.013473,-0.0162393,6.24933,0.0272911,-0.0187471,-0.191163,6.01408,-0.0154014,-0.0400003
47366,0.132619,0.013473,-0.0162393,6.24933,0.0270348,0.0518706,-0.19256,5.95595,-0.0333715,-0.0355404
47374,0.132619,0.013473,-0.0162393,6.24933,0.0272312,0.0968946,-0.186449,6.047,-0.0313554,-0.0159262
47382,0.132619,0.013473,-0.0162393,6.24933,0.0266793,0.156056,-0.173746,5.98887,-0.0492923,-0.0115365
47390,0.132619,0.013473,-0.0162393,6.24933,0.0262239,0.0561387,-0.191808,5.98115,-0.0301182,-0.0328447
47398,0.132619,0.013473,-0.0162393,6.24933,0.0254141,0.0156304,-0.181016,5.95493,-0.0271247,-0.042161
47405,0.132619,0.013473,-0.0162393,6.24933,0.0248184,-0.0216722,-0.188655,5.99093,-0.0146562,-0.0462536
47414,0.132619,0.013473,-0.0162393,6.24933,0.0247247,-0.0018245,-0.19367,6.08455,-0.00597747,-0.0327769
47422,0.132619,0.013473,-0.0162393,6.24933,0.0243328,0.0919707,-0.176683,5.96059,-0.0383184,-0.0294164
47430,0.132619,0.013473,-0.0185592,6.24933,0.0247435,0.176172,-0.181144,5.99299,-0.0486672,-0.011159
47438,0.132619,0.013473,-0.0185592,6.24933,0.0261887,0.175641,-0.181563,6.00739,-0.0487963,-0.00760931
47446,0.132619,0.013473,-0.0185592,6.24933,0.0268578,0.0921028,-0.163831,5.95184,-0.0452772,-0.024483
47454,0.132619,0.013473,-0.0185592,6.24933,0.0271439,-0.0207399,-0.171758,6.05266,-0.0138213,-0.0324792
47462,0.132619,0.013473,-0.0185592,6.24933,0.0260889,-0.0697662,-0.177589,6.10615,0.00298878,-0.0368268
47470,0.132619,0.013473,-0.0185592,6.24933,0.0250324,-0.0897524,-0.18372,5.98476,-0.00556765,-0.0570012
47477,0.132619,0.013473,-0.0185592,6.24933,0.0244257,0.0101634,-0.188688,5.99247,-0.0195779,-0.0408775
47486,0.132619,0.013473,-0.0185592,6.21866,0.0242863,0.139933,-0.185733,5.98939,-0.0381079,-0.0154442
47494,0.132619,0.013473,-0.0185592,6.21866,0.0248051,0.186832,-0.177145,6.03568,-0.0425162,4.223e-05
47502,0.132619,0.013473,-0.0185592,5.88127,0.0256869,0.207616,-0.168616,6.08764,-0.00266567,0.0521713
47510,0.132619,0.013473,-0.0185592,5.88127,0.0264538,0.0579998,-0.182498,5.90451,0.0017235,0.00411249
47518,0.132619,0.013473,-0.0185592,5.60523,0.0262316,-0.0208706,-0.184549,5.77181,0.0323131,0.00711573
47526,0.132619,0.013473,-0.0185592,5.60523,0.0257287,-0.0708294,-0.191018,5.71266,0.0353501,-0.0100433
47534,0.132619,0.013473,-0.0185592,5.10681,0.0250405,-0.00209287,-0.196915,5.62315,0.0740394,0.047987
47542,0.132619,0.013473,-0.0185592,5.10681,0.0254496,0.116751,-0.19741,5.3423,0.0207791,0.035319
47550,0.132619,0.013473,-0.0185592,5.10681,0.0258466,0.117017,-0.210488,5.17616,0.00271945,0.0141663
47558,0.132619,0.013473,-0.0185592,4.5854,0.0266105,0.153794,-0.203709,5.11701,0.0489568,0.0771683
47566,0.132619,0.013473,-0.0185592,4.5854,0.0269028,0.109428,-0.1987,4.86702,0.0256423,0.0413442
47574,0.132619,0.013473,-0.0185592,4.23267,0.0270576,0.0655919,-0.19397,4.64018,0.0467629,0.0498085
47582,0.132619,0.013473,-0.0185592,4.23267,0.0271109,0.0189641,-0.202349,4.39585,0.0269735,0.0117838
47590,0.132619,0.013473,-0.0185592,3.56557,0.026481,-0.0263348,-0.215692,4.27806,0.102215,0.0660579
47598,0.132619,0.013473,-0.0185592,3.56557,0.025998,0.0794466,-0.21144,4.03219,0.0556995,0.0548501
47606,0.132619,0.013473,-0.0185592,2.98281,0.026261,0.173641,-0.211507,3.5852,0.055744,0.0871426
47614,0.132619,0.013473,-0.0185592,2.98281,0.0273877,0.133808,-0.225783,3.31258,0.0309729,0.047457
47621,0.132619,0.013473,-0.0185592,2.98281,0.0279377,0.0545346,-0.230392,3.14592,0.0244548,0.0144037
47630,0.132619,0.013473,-0.0185592,2.26203,0.0278741,0.0250934,-0.229996,3.15929,0.115861,0.0962029
47638,0.132619,0.013473,-0.0185592,2.26203,0.0280442,0.0706561,-0.230805,2.72156,0.0566318,0.0522461
47646,0.132619,0.013473,-0.0185592,1.93231,0.0283318,0.198024,-0.229606,2.34144,0.0290069,0.0683634
47654,0.132619,0.013473,-0.0185592,1.93231,0.029704,0.162455,-0.231931,2.24062,0.021512,0.0519729
47662,0.132619,0.013473,-0.0185592,1.41089,0.0306626,0.121151,-0.226511,2.13826,0.0755438,0.0967478
47670,0.132619,0.013473,-0.0185592,1.41089,0.0314842,0.138737,-0.213342,1.8821,0.0392001,0.0726927
47678,0.132619,0.013473,-0.0185592,0.774457,0.0320154,0.100767,-0.202049,1.62594,0.0877508,0.113799
47686,0.132619,0.013473,-0.0185592,0.774457,0.0324804,-0.0500507,-0.200709,1.44488,0.0905458,0.0678159
47693,0.132619,0.013473,-0.0185592,0.774457,0.0317427,-0.104808,-0.191456,1.24479,0.0755615,0.0353936
47702,0.132619,0.013473,-0.0185592,0.214701,0.0310022,-0.128525,-0.191973,1.07865,0.126968,0.076815
47710,0.132619,0.013473,-0.0185592,0.214701,0.0299387,-0.101081,-0.188276,0.696466,0.0782535,0.0353852
47718,0.132619,0.013473,-0.0162393,-0.00766826,0.0287781,-0.0962825,-0.204251,0.482485,0.0829846,0.0326295
47726,0.132619,0.013473,-0.0162393,-0.00766826,0.0277927,-0.0628397,-0.201636,0.39144,0.0676475,0.0265625
47734,0.132619,0.013473,-0.0162393,-0.00766826,0.0271817,-0.070834,-0.202089,0.334859,0.0632158,0.0176051
47742,0.132619,0.013473,-0.0162393,-0.00766826,0.0261623,-0.0593779,-0.20689,0.155341,0.0423367,-0.00387125
47750,0.132619,0.013473,-0.00927961,-0.306715,0.0255646,-0.0075518,-0.196552,-0.0288045,0.0475665,0.0181695
47758,0.132619,0.013473,-0.00927961,-0.306715,0.0256047,-0.0284668,-0.205914,-0.0493801,0.0500589,0.0107566
47765,0.132619,0.013473,-0.00927961,-0.306715,0.0253185,0.00683833,-0.197217,-0.0859008,0.0388997,0.0133988
47774,0.132619,0.013473,-0.00927961,-0.391063,0.0250479,-0.0380609,-0.201358,-0.219638,0.0415556,-0.0010557
47782,0.132619,0.013473,-0.00927961,-0.391063,0.0245591,-0.0227392,-0.192719,-0.302453,0.0285388,-0.00754716
47790,0.132619,0.013473,-0.00927961,-0.705446,0.0241087,-0.0749658,-0.196442,-0.384239,0.0658141,0.0099162
47798,0.132619,0.013473,-0.00927961,-0.705446,0.022924,-0.101878,-0.203328,-0.38321,0.073127,0.00274656
47806,0.132619,0.013473,-0.00927961,-0.866472,0.0222509,-0.064039,-0.198623,-0.534951,0.0681188,0.0100515
47814,0.132619,0.013473,-0.00927961,-0.866472,0.0212446,-0.056314,-0.213437,-0.652743,0.0567253,-0.00635253
47822,0.132619,0.013473,-0.00927961,-0.966154,0.0208142,0.0306865,-0.199537,-0.706237,0.0461081,0.0154255
47830,0.132619,0.013473,-0.00927961,-0.966154,0.0208614,0.0390807,-0.206521,-0.740186,0.0417772,0.0117683
47837,0.132619,0.013473,-0.00927961,-0.966154,0.0207913,0.0232262,-0.203242,-0.866723,0.0290618,-0.00543368
47846,0.132619,0.013473,-0.00695971,-1.15018,0.0205238,-0.0699021,-0.208728,-0.944907,0.058584,-0.0102581
47854,0.132619,0.013473,-0.00695971,-1.15018,0.0197593,-0.0632402,-0.202045,-0.937707,0.0583013,-0.00826615
47862,0.132619,0.013473,-0.00695971,-1.2652,0.0193224,-0.0604423,-0.207157,-1.03852,0.0609336,-0.00754477
47870,0.132619,0.013473,-0.00695971,-1.2652,0.0185789,-0.0428567,-0.212398,-1.12134,0.0501264,-0.0162437
47878,0.132619,0.013473,-0.00695971,-1.46457,0.0180904,0.0128343,-0.208993,-1.17072,0.0586955,0.010752
47886,0.132619,0.013473,-0.00695971,-1.46457,0.0176843,0.0166981,-0.214534,-1.18306,0.05805,0.00848862
47894,0.132619,0.013473,-0.00695971,-1.6486,0.0174231,0.0610642,-0.213975,-1.31474,0.0571374,0.0218888
47902,0.132619,0.013473,-0.00695971,-1.6486,0.0180009,0.0521369,-0.213736,-1.35795,0.0526941,0.0161144
47909,0.132619,0.013473,-0.00695971,-1.6486,0.018221,0.0182967,-0.220302,-1.49632,0.0427513,-0.00670352
47918,0.132619,0.013473,-0.00695971,-1.90164,0.018008,-0.0168759,-0.226711,-1.54415,0.0740808,0.0102941
47926,0.132619,0.013473,-0.00695971,-1.90164,0.0180109,0.0358831,-0.220799,-1.64754,0.0522029,0.00792755
47934,0.132619,0.013473,-0.00695971,-2.21602,0.0186453,0.0911742,-0.211539,-1.70567,0.0708778,0.0499196
47942,0.132619,0.013473,-0.00695971,-2.21602,0.0192318,0.0429448,-0.213707,-1.81523,0.065502,0.0292961
47950,0.132619,0.013473,-0.00695971,-2.5074,0.0191786,0.0349506,-0.220107,-1.90679,0.0914746,0.050465
47958,0.132619,0.013473,-0.00695971,-2.5074,0.0189698,0.0521373,-0.230123,-2.02201,0.0769504,0.0378396
47966,0.132619,0.013473,-0.00695971,-3.07482,0.0190234,0.11449,-0.238319,-2.17684,0.116484,0.0958866
47974,0.132619,0.013473,-0.00695971,-3.07482,0.0199001,0.180439,-0.244167,-2.33424,0.0867525,0.0886766
47981,0.132619,0.013473,-0.00695971,-3.07482,0.0213989,0.281962,-0.2425,-2.49883,0.0482167,0.0886891
47990,0.132619,0.013473,-0.00695971,-3.44288,0.023602,0.263842,-0.243118,-2.48495,0.0933007,0.13374
47998,0.132619,0.013473,-0.00695971,-3.44288,0.0252751,0.26491,-0.23703,-2.76528,0.0568168,0.10408
48006,0.132619,0.013473,-0.00695971,-3.90296,0.026973,0.174044,-0.226219,-3.00241,0.0940689,0.119205
48014,0.132619,0.013473,-0.00695971,-3.90296,0.0275614,0.0667911,-0.231781,-3.12432,0.0975594,0.0866222
48022,0.132619,0.013473,-0.00695971,-4.19433,0.0275958,0.0458752,-0.233424,-3.29612,0.115331,0.0970136
48030,0.132619,0.013473,-0.00695971,-4.19433,0.0278413,0.0561346,-0.243815,-3.5461,0.0855126,0.0678575
48038,0.132619,0.013473,-0.00695971,-4.65441,0.0283226,0.127148,-0.240755,-3.75546,0.102139,0.110635
48046,0.132619,0.013473,-0.00695971,-4.65441,0.0290976,0.178574,-0.233547,-3.9216,0.0718201,0.101905
48053,0.132619,0.013473,-0.00695971,-4.65441,0.0302905,0.201358,-0.229111,-3.97818,0.0590285,0.101427
48062,0.132619,0.013473,-0.00927961,-5.31385,0.0312067,0.142201,-0.227895,-4.1577,0.123551,0.150024
48070,0.132619,0.013473,-0.00927961,-5.31385,0.0317814,0.0907766,-0.229979,-4.55788,0.0844627,0.0945022
48078,0.132619,0.013473,-0.00927961,-5.62823,0.0319532,0.0374839,-0.223656,-4.71991,0.109989,0.104781
48086,0.132619,0.013473,-0.00927961,-5.62823,0.0315757,-0.052582,-0.239043,-4.85262,0.112267,0.0708981
48094,0.132619,0.013473,-0.00927961,-5.74325,0.0309914,0.0607943,-0.238416,-4.97401,0.0934354,0.0885593
48102,0.132619,0.013473,-0.00927961,-5.74325,0.0317491,0.165915,-0.230795,-5.10466,0.0583612,0.093124
48110,0.132619,0.013473,-0.00927961,-5.85827,0.0326522,0.208819,-0.223128,-5.32687,0.0361505,0.0901757
48118,0.132619,0.013473,-0.00927961,-5.85827,0.0336135,0.186434,-0.218299,-5.36905,0.0327925,0.0835245
48125,0.132619,0.013473,-0.00927961,-5.85827,0.0345275,0.0810495,-0.210185,-5.41998,0.0416891,0.0623033
48134,0.132619,0.013473,-0.00927961,-6.07297,0.0349174,-0.0234032,-0.204092,-5.58046,0.0638643,0.0526163
48142,0.132619,0.013473,-0.00927961,-6.07297,0.0341118,-0.0744298,-0.21241,-5.71368,0.0590632,0.0258031
48150,0.132619,0.013473,-0.00927961,-6.24166,0.0330529,-0.0595085,-0.208038,-5.725,0.0758837,0.0461608
48158,0.132619,0.013473,-0.00927961,-6.24166,0.0320076,0.0302822,-0.206146,-5.67716,0.0677759,0.0658173
48166,0.132619,0.013473,-0.00927961,-6.24166,0.0321023,0.145931,-0.209783,-5.88394,0.0247097,0.0604249
48174,0.132619,0.013473,-0.00927961,-6.24166,0.0323895,0.176972,-0.201396,-5.96779,0.00794368,0.0574981
48182,0.132619,0.013473,-0.00927961,-6.26466,0.0330547,0.121818,-0.18249,-5.85874,0.0286833,0.0677745
48190,0.132619,0.013473,-0.00927961,-6.26466,0.0334869,0.0658614,-0.189836,-5.94721,0.0281179,0.0472926
48197,0.132619,0.013473,-0.00927961,-6.26466,0.0333621,-0.0332626,-0.19848,-6.01562,0.0380391,0.0209193
48206,0.132619,0.013473,-0.00927961,-6.26466,0.032606,-0.0559132,-0.184367,-5.95955,0.0471629,0.0249528
48214,0.132619,0.013473,-0.00927961,-6.26466,0.0317666,-0.00808452,-0.187609,-6.03259,0.0323069,0.0226999
48222,0.132619,0.013473,-0.00695971,-6.26466,0.031536,0.0525349,-0.189538,-6.05522,0.0205993,0.0292452
48230,0.132619,0.013473,-0.00695971,-6.26466,0.0316354,0.0805134,-0.176121,-5.95749,0.0251837,0.0478176
48238,0.132619,0.013473,-0.00695971,-6.27233,0.0318575,0.0711891,-0.178127,-5.97446,0.0256503,0.0451295
48246,0.132619,0.013473,-0.00695971,-6.27233,0.0317114,0.0428102,-0.179931,-6.0218,0.0252648,0.0342539
48254,0.132619,0.013473,-0.0046398,-6.28,0.0313631,-0.0210029,-0.1757,-5.97138,0.0428494,0.0301817
48262,0.132619,0.013473,-0.0046398,-6.28,0.0307692,-0.021537,-0.1777,-6.0079,0.0397714,0.0246289
48269,0.132619,0.013473,-0.0046398,-6.28,0.0302151,-0.016208,-0.184273,-6.04289,0.0365849,0.0195645
48278,0.132619,0.013473,-0.0046398,-6.28,0.0298955,0.040811,-0.178051,-5.94052,0.0386374,0.0418428
48286,0.132619,0.013473,-0.0046398,-6.28,0.0301699,0.0949029,-0.17375,-5.9827,0.0236389,0.0470543
48294,0.132619,0.013473,-0.0046398,-6.28,0.0306712,0.150329,-0.167644,-5.98219,0.0128469,0.0581425
48302,0.132619,0.013473,-0.0046398,-6.28,0.0312653,-0.00808221,-0.17375,-5.9539,0.0425895,0.0346067
48310,0.132619,0.013473,-0.0046398,-6.28,0.0302298,0.0457444,-0.155994,-6.08404,0.0169002,0.0297267
48318,0.132619,0.013473,-0.0046398,-6.28,0.0305246,0.00084585,-0.167346,-6.04803,0.0300039,0.0249896
48326,0.132619,0.013473,-0.0023199,-6.28,0.0298252,-0.0545818,-0.172124,-5.93795,0.0542583,0.0265405
48334,0.132619,0.013473,-0.0023199,-6.28,0.0289323,-0.020209,-0.175769,-6.01151,0.0417085,0.0218173
48341,0.132619,0.013473,-0.0023199,-6.28,0.0281987,0.119553,-0.165255,-5.99813,0.0194463,0.0476498
48350,0.132619,0.013473,-0.0023199,-6.28,0.0286734,0.15166,-0.160019,-6.0218,0.00984532,0.0517699
48358,0.132619,0.013473,-0.0023199,-6.28,0.0301129,0.0974339,-0.156991,-6.1113,0.00581997,0.0345263
48366,0.132619,0.013473,-0.0046398,-6.28,0.0294639,0.0337553,-0.159202,-6.00533,0.0297272,0.0354302
48374,0.132619,0.013473,-0.0046398,-6.28,0.0287754,-0.0150071,-0.157171,-5.96419,0.0432696,0.0314415
48382,0.132619,0.013473,-0.0046398,-6.28,0.0285898,0.0484091,-0.153079,-5.98476,0.0299367,0.0401085
48390,0.132619,0.013473,-0.0046398,-6.28,0.0288946,0.0428118,-0.162911,-6.02025,0.0278474,0.0338074
48398,0.132619,0.013473,-0.0046398,-6.28,0.0288419,0.0292177,-0.163076,-5.9971,0.0329252,0.0341511
48406,0.132619,0.013473,-0.0046398,-6.28,0.0286113,0.0893072,-0.141826,-6.0079,0.0185935,0.0461139
48413,0.132619,0.013473,-0.0046398,-6.28,0.0286988,0.173777,-0.130261,-6.00173,0.00334582,0.0630759
48422,0.132619,0.013473,-0.0046398,-6.28,0.029042,0.0490732,-0.14259,-6.00996,0.0245476,0.0395576
48430,0.132619,0.013473,-0.0046398,-6.28,0.0287013,0.00457147,-0.132785,-5.90503,0.043172,0.0455637
48438,0.132619,0.013473,-0.0046398,-6.28,0.0280549,-0.0156738,-0.133114,-5.92458,0.0451622,0.0388891
48446,0.132619,0.013473,-0.0046398,-6.28,0.027503,-0.0103474,-0.142281,-6.09175,0.0268149,0.0177826
48454,0.132619,0.013473,-0.00695971,-6.28,0.0276148,0.0422772,-0.131887,-6.04751,0.0211096,0.0340922
48462,0.132619,0.013473,-0.00695971,-6.28,0.0275925,0.118216,-0.120117,-5.9647,0.0164236,0.0585565
48470,0.132619,0.013473,-0.00695971,-6.28,0.0287038,0.1438,-0.110417,-5.97395,0.00800914,0.0648814
48478,0.132619,0.013473,-0.00695971,-6.28,0.0293212,0.0931716,-0.104028,-5.96521,0.0155506,0.059261
48485,0.132619,0.013473,-0.00695971,-6.28,0.0286482,0.0208294,-0.100162,-5.95903,0.0285627,0.0474789
48494,0.132619,0.013473,-0.00695971,-6.28,0.0282684,-0.0331279,-0.108882,-6.07015,0.0263325,0.0233099
48502,0.132619,0.013473,-0.00695971,-6.28,0.0278436,-0.043655,-0.106039,-6.04288,0.0314137,0.0246265
48510,0.132619,0.013473,-0.00695971,-6.28,0.0270004,-0.00955348,-0.09724,-5.99042,0.0316868,0.0368299
48518,0.132619,0.013473,-0.00695971,-6.28,0.0266173,0.0599954,-0.0951713,-5.97756,0.0218738,0.0498835
48526,0.132619,0.013473,-0.00695971,-6.28,0.0265228,0.136471,-0.087538,-5.98836,0.00683304,0.0626046
48534,0.132619,0.013473,-0.00695971,-6.28,0.0271291,0.158722,-0.0736516,-6.00791,-0.00222307,0.0671254
48542,0.132619,0.013473,-0.00695971,-6.28,0.0283945,0.0599973,-0.065688,-6.04443,0.00680957,0.0491932
48550,0.132619,0.013473,-0.00695971,-6.28,0.0274412,-0.0689679,-0.073836,-6.00585,0.0353371,0.0293652
48557,0.132619,0.013473,-0.00695971,-6.28,0.0263827,-0.0709642,-0.0753096,-6.03414,0.0340237,0.0239798
48566,0.132619,0.013473,-0.00927961,-6.28,0.0256407,-0.0656381,-0.0706209,-5.90143,0.0486679,0.0406672
48574,0.132619,0.013473,-0.00927961,-6.28,0.0250933,0.0386766,-0.0614766,-5.88857,0.0321819,0.0604972
48582,0.132619,0.013473,-0.00927961,-6.28,0.0251636,0.098099,-0.0570419,-6.16531,-0.0110799,0.0386172
48590,0.132619,0.013473,-0.00927961,-6.28,0.0254017,0.207085,-0.0369293,-5.87468,0.00154648,0.0949287
48598,0.132619,0.013473,-0.00927961,-6.28,0.0259382,0.141137,-0.0249447,-5.91634,0.00489617,0.0815542
48606,0.132619,0.013473,-0.00927961,-6.28,0.0268762,-0.0564451,-0.0323096,-6.05111,0.0216447,0.0324083
48614,0.132619,0.013473,-0.00695971,-6.28,0.0264385,-0.080557,-0.0239349,-6.04494,0.0259917,0.02944
48622,0.132619,0.013473,-0.00695971,-6.28,0.0254947,-0.129188,-0.0248677,-6.04134,0.0359162,0.0202038
48629,0.132619,0.013473,-0.00695971,-6.28,0.0241107,-0.0962861,-0.020773,-6.00482,0.0360082,0.0288119
48638,0.132619,0.013473,-0.00695971,-6.28,0.0239317,-0.00049278,-0.0131323,-6.01871,0.0175188,0.044311
48646,0.132619,0.013473,-0.00695971,-6.28,0.0236302,0.0987619,-0.00346882,-6.03157,-0.00158029,0.0606716
48654,0.132619,0.013473,-0.00927961,-6.28,0.0242151,0.101301,0.00652185,-5.84999,0.0166093,0.0853593
48662,0.132619,0.013473,-0.00927961,-6.28,0.0251726,0.0426785,0.0191643,-5.99865,0.00545547,0.0612622
48670,0.132619,0.013473,-0.00695971,-6.28,0.0252502,-0.0449816,0.0202739,-6.11695,0.00612452,0.0324028
48678,0.132619,0.013473,-0.00695971,-6.28,0.0249146,-0.167558,0.0141718,-5.97293,0.0448429,0.0273053
48686,0.132619,0.013473,-0.00927961,-6.28,0.0236872,-0.169826,0.0176769,-5.91017,0.0533586,0.0335783
48694,0.132619,0.013473,-0.00927961,-6.28,0.0226585,-0.0892262,0.0243434,-6.03105,0.0261013,0.0325311
48701,0.132619,0.013473,-0.00927961,-6.28,0.022079,0.0639898,0.0327935,-6.07837,-0.00542046,0.0533389
48710,0.132619,0.013473,-0.00927961,-6.28,0.0227491,0.0950351,0.0347281,-5.95235,0.00305527,0.0747139
48718,0.132619,0.013473,-0.00927961,-6.28,0.022412,0.0643969,0.0487655,-5.91275,0.0109996,0.0760228
48726,0.132619,0.013473,-0.00695971,-6.28,0.0224022,-0.0447193,0.053004,-6.01254,0.017021,0.0461162
48734,0.132619,0.013473,-0.00695971,-6.28,0.0214193,-0.0842874,0.0476032,-6.0578,0.0204594,0.0318581
48742,0.132619,0.013473,-0.00927961,-6.28,0.020311,-0.133988,0.0348258,-5.91532,0.0486848,0.0370971
48750,0.132619,0.013473,-0.00927961,-6.28,0.0194656,-0.0589808,0.0534242,-5.94927,0.0304247,0.0475603
48758,0.132619,0.013473,-0.00927961,-6.28,0.0193712,0.0328169,0.0663437,-6.08146,-0.00230891,0.0493672
48766,0.132619,0.013473,-0.00927961,-6.28,0.0193642,0.100497,0.0682766,-6.01305,-0.00576048,0.0691725
48773,0.132619,0.013473,-0.00927961,-6.28,0.0194354,0.0388126,0.074054,-5.94515,0.0114302,0.0678244
48782,0.132619,0.013473,-0.00927961,-6.28,0.0189674,0.0290899,0.0936579,-5.97962,0.00646499,0.0646197
48790,0.132619,0.013473,-0.00927961,-6.28,0.0187766,-0.0904132,0.0924596,-6.00328,0.0239275,0.0412081
48798,0.132619,0.013473,-0.00927961,-6.28,0.0174512,-0.17862,0.0788519,-6.02488,0.0400015,0.0197453
48806,0.132619,0.013473,-0.00927961,-6.28,0.0162451,-0.10268,0.091886,-6.02539,0.0269179,0.0329223
48814,0.132619,0.013473,-0.00927961,-6.28,0.0153538,-0.0387335,0.101331,-5.94927,0.0249969,0.0529942
48822,0.132619,0.013473,-0.00927961,-6.28,0.0152153,0.0963656,0.1141,-5.96624,-0.00124827,0.0756407
48830,0.132619,0.013473,-0.00927961,-6.28,0.0158246,0.135939,0.12665,-6.00482,-0.0152059,0.0806215
48838,0.132619,0.013473,-0.00927961,-6.28,0.0163385,0.0290877,0.130227,-6.01562,-5.955e-05,0.0626104
48845,0.132619,0.013473,-0.00927961,-6.28,0.0160663,-0.0608392,0.132439,-5.99916,0.0167939,0.0493673
48854,0.132619,0.013473,-0.00927961,-6.28,0.0152263,-0.153829,0.135567,-5.99711,0.0330876,0.033264
48862,0.132619,0.013473,-0.00927961,-6.28,0.0138107,-0.220588,0.132055,-5.98219,0.0484115,0.0212389
48870,0.132619,0.013473,-0.00927961,-6.28,0.0124527,-0.114011,0.13586,-6.00379,0.0294611,0.0353921
48878,0.132619,0.013473,-0.00927961,-6.28,0.0122902,0.0889008,0.149496,-5.93023,0.00254354,0.080286
48886,0.132619,0.013473,-0.00927961,-6.28,0.0126864,0.111824,0.165076,-6.00225,-0.0127912,0.0786988
48894,0.132619,0.013473,-0.00927961,-6.28,0.0134488,0.069724,0.18037,-6.06397,-0.0165983,0.0678221
48902,0.132619,0.013473,-0.00927961,-6.28,0.0136274,-0.0648362,0.179474,-5.85307,0.0304409,0.0701599
48910,0.132619,0.013473,-0.00927961,-6.28,0.0124005,-0.216451,0.175758,-5.95955,0.0452908,0.0296994
48917,0.132619,0.013473,-0.00927961,-6.28,0.0109829,-0.248293,0.172751,-6.12467,0.0335378,0.0023585
48926,0.132619,0.013473,-0.00927961,-6.28,0.00919199,-0.0922905,0.167171,-6.01202,0.0243247,0.0386078
48934,0.132619,0.013473,-0.00927961,-6.28,0.00895564,-0.0354021,0.173573,-5.90195,0.0271644,0.0619198
48942,0.132619,0.013473,-0.00927961,-6.28,0.00808774,0.114884,0.204966,-6.01922,-0.0154133,0.0772606
48950,0.132619,0.013473,-0.00927961,-6.28,0.00813397,0.111419,0.193453,-5.9575,-0.00577595,0.0821817
48958,0.132619,0.013473,-0.00927961,-6.28,0.00821895,0.0683912,0.210896,-5.94052,0.00042656,0.0798593
48966,0.132619,0.013473,-0.00927961,-6.28,0.00833918,-0.0159401,0.221042,-6.06551,-0.00213019,0.0526601
48974,0.132619,0.013473,-0.00927961,-6.28,0.0080715,-0.150232,0.209155,-5.98733,0.0316086,0.0369645
48982,0.132619,0.013473,-0.00927961,-6.28,0.00681622,-0.227244,0.204901,-6.01253,0.0438023,0.0185688
48989,0.132619,0.013473,-0.00927961,-6.28,0.0056733,-0.164235,0.212062,-6.047,0.0297185,0.0246921
48998,0.132619,0.013473,-0.00927961,-6.28,0.00517218,-0.00089759,0.213592,-5.90657,0.0196494,0.0683959
49006,0.132619,0.013473,-0.00927961,-6.28,0.00556818,0.102627,0.225526,-5.9076,-8.517e-05,0.0882083
49014,0.132619,0.013473,-0.00695971,-6.28,0.0067017,0.139932,0.246768,-6.02025,-0.0241405,0.0858031
49022,0.132619,0.013473,-0.00695971,-6.28,0.00763792,0.0414784,0.249057,-5.90143,0.00451653,0.08491
49030,0.132619,0.013473,-0.00695971,-6.28,0.00735926,-0.129186,0.260727,-5.96624,0.0236536,0.0499552
49038,0.132619,0.013473,-0.00695971,-6.28,0.00584852,-0.257215,0.256189,-6.11284,0.030391,0.00820414
49046,0.132619,0.013473,-0.00695971,-6.28,0.00392393,-0.209798,0.246783,-5.99607,0.0404491,0.0258225
49054,0.132619,0.013473,-0.00695971,-6.28,0.00233439,-0.103087,0.258822,-5.97241,0.0258019,0.0463551
49061,0.132619,0.013473,-0.00695971,-6.28,0.00207076,0.0357419,0.265218,-5.98476,0.0006819,0.0689775
49070,0.132619,0.013473,-0.00695971,-6.28,0.00238952,0.143533,0.284991,-5.98939,-0.0213398,0.0902398
49078,0.132619,0.013473,-0.00695971,-6.28,0.0031866,0.0903733,0.303027,-6.02848,-0.0211376,0.0806627
49086,0.132619,0.013473,-0.00695971,-6.28,0.00360164,-0.065371,0.301225,-5.95544,0.0129887,0.0633122
49094,0.132619,0.013473,-0.00695971,-6.28,0.00317642,-0.149433,0.311455,-5.96675,0.0245162,0.048854
49102,0.132619,0.013473,-0.00927961,-6.28,0.00199341,-0.339556,0.293811,-6.02077,0.0537355,0.00629051
49110,0.132619,0.013473,-0.00927961,-6.28,-0.00084488,-0.216996,0.300167,-6.04134,0.0338789,0.0216205
49118,0.132619,0.013473,-0.00695971,-6.28,-0.0028159,-0.0270127,0.306285,-5.94721,0.0155911,0.062673
49126,0.132619,0.013473,-0.00695971,-6.28,-0.00224737,0.0602572,0.318179,-5.95647,-0.00265056,0.0790036
49133,0.132619,0.013473,-0.00695971,-6.28,-0.00210304,0.168049,0.335737,-5.98425,-0.0268042,0.0969311
49142,0.132619,0.013473,-0.00695971,-6.28,-0.00165066,-0.00622364,0.340627,-5.99813,-0.00098038,0.0673085
49150,0.132619,0.013473,-0.00695971,-6.28,-0.00291072,-0.102679,0.346984,-5.91635,0.0253388,0.0599847
49158,0.132619,0.013473,-0.00927961,-6.28,-0.00378086,-0.200059,0.345176,-6.05266,0.0265192,0.0263209
49166,0.132619,0.013473,-0.00927961,-6.28,-0.00554198,-0.194203,0.342247,-6.10563,0.0221945,0.0181326
49174,0.132619,0.013473,-0.00695971,-6.28,-0.00650438,-0.128928,0.340461,-5.9467,0.0320903,0.0459364
49182,0.132619,0.013473,-0.00695971,-6.28,-0.00670537,-0.02514,0.34919,-5.93178,0.0155261,0.0663344
49190,0.132619,0.013473,-0.00695971,-6.28,-0.00664424,0.0933045,0.368152,-5.97601,-0.0124432,0.084224
49198,0.132619,0.013473,-0.00695971,-6.28,-0.00606781,0.0881073,0.369484,-5.87366,-0.00052688,0.096461
49205,0.132619,0.013473,-0.00695971,-6.28,-0.0061822,0.00350775,0.384799,-5.87417,0.0111177,0.0844398
49214,0.132619,0.013473,-0.00695971,-6.28,-0.00679001,-0.0587086,0.38478,-5.97447,0.0104413,0.0612416
49222,0.132619,0.013473,-0.00695971,-6.28,-0.00762971,-0.231777,0.372549,-6.03157,0.0355039,0.0221651
49230,0.132619,0.013473,-0.00695971,-6.28,-0.0100054,-0.14345,0.386989,-6.12056,0.0113203,0.0255768
49238,0.132619,0.013473,-0.00695971,-6.28,-0.0113527,-0.0368683,0.380416,-5.90348,0.0221489,0.0662892
49246,0.132619,0.013473,-0.00695971,-6.28,-0.0109823,0.135405,0.409418,-5.98321,-0.0209599,0.0911087
49254,0.132619,0.013473,-0.00695971,-6.28,-0.00866317,0.15899,0.415051,-5.91532,-0.0209549,0.107236
49262,0.132619,0.013473,-0.00695971,-6.28,-0.00685884,0.0565371,0.43002,-5.84742,-0.0008683,0.102895
49270,0.132619,0.013473,-0.00695971,-6.28,-0.00591964,-0.0838895,0.451601,-5.93795,0.00696294,0.0732847
49277,0.132619,0.013473,-0.00695971,-6.28,-0.00632346,-0.218318,0.435843,-5.90966,0.0356563,0.0508561
49286,0.132619,0.013473,-0.00695971,-6.28,-0.00809914,-0.279736,0.437401,-6.10461,0.0250427,0.0152383
49294,0.132619,0.013473,-0.00695971,-6.28,-0.00983318,-0.230448,0.432751,-6.05214,0.0261883,0.0266021
49302,0.132619,0.013473,-0.00695971,-6.28,-0.0112904,-0.100149,0.440045,-5.99864,0.0117321,0.0540597
49310,0.132619,0.013473,-0.00695971,-6.28,-0.0120421,-0.0276702,0.437961,-5.95647,0.00606228,0.069893
49318,0.132619,0.013473,-0.00695971,-6.28,-0.0121192,0.0536005,0.453724,-5.96984,-0.0114085,0.0844532
49326,0.132619,0.013473,-0.00695971,-6.28,-0.0118236,0.0434773,0.468552,-5.92663,-0.00743315,0.0906529
49334,0.132619,0.013473,-0.00695971,-6.28,-0.0118078,-0.0360591,0.465951,-5.82171,0.0185028,0.0892438
49342,0.132619,0.013473,-0.00695971,-6.28,-0.0120424,-0.121728,0.480618,-5.99453,0.0102896,0.0564004
49349,0.132619,0.013473,-0.00695971,-6.28,-0.0125988,-0.139979,0.475941,-5.96933,0.0177991,0.0547769
49358,0.132619,0.013473,-0.00695971,-6.28,-0.0141428,-0.234043,0.46678,-5.92252,0.0424888,0.0408277
49366,0.132619,0.013473,-0.00695971,-6.28,-0.0158901,-0.0128822,0.496417,-6.05986,-0.0127048,0.0642486
49374,0.132619,0.013473,-0.00695971,-6.28,-0.0157762,-0.0142124,0.480123,-5.98785,-0.00153195,0.0700698
49382,0.132619,0.013473,-0.00695971,-6.28,-0.0152036,0.0500079,0.50395,-5.91326,-0.00800279,0.0943528
49390,0.132619,0.013473,-0.00695971,-6.28,-0.0138388,-0.0139421,0.502982,-5.81758,0.0121476,0.0966124
49398,0.132619,0.013473,-0.00695971,-6.28,-0.0135812,-0.107069,0.511163,-5.91017,0.0149938,0.0716338
49406,0.132619,0.013473,-0.00695971,-6.28,-0.0140742,-0.168627,0.515874,-5.8932,0.0271086,0.0633329
49414,0.132619,0.013473,-0.00695971,-6.28,-0.0153376,-0.180084,0.51479,-5.93229,0.0263076,0.0548529
49421,0.132619,0.013473,-0.00695971,-6.28,-0.0160155,-0.132659,0.518038,-5.9647,0.0150399,0.0586047
49430,0.132619,0.013473,-0.00695971,-6.28,-0.016371,-0.168232,0.511473,-5.97962,0.0207192,0.0492901
49438,0.132619,0.013473,-0.00695971,-6.28,-0.0180624,-0.0687136,0.537922,-6.01768,-0.00218984,0.0634933
49446,0.132619,0.013473,-0.00695971,-6.28,-0.0191498,-0.0311437,0.532042,-5.92509,0.00493524,0.0783213
49454,0.132619,0.013473,-0.00695971,-6.28,-0.0200967,-0.0424549,0.547608,-6.00996,-0.00439926,0.0675756
49462,0.132619,0.013473,-0.00695971,-6.28,-0.0209719,-0.117067,0.536821,-5.98887,0.0133824,0.0545322
49470,0.132619,0.013473,-0.00695971,-6.28,-0.0223624,-0.167156,0.545338,-6.06192,0.0136085,0.0368924
49478,0.132619,0.013473,-0.00695971,-6.28,-0.0232731,-0.149706,0.540783,-6.02797,0.0167009,0.0418532
49486,0.132619,0.013473,-0.00695971,-6.28,-0.0246902,-0.101477,0.550035,-5.93692,0.0198931,0.0602768
49494,0.132619,0.013473,-0.00695971,-6.28,-0.0238468,0.0254842,0.561265,-5.87416,0.00329221,0.09209
49501,0.132619,0.013473,-0.00695971,-6.28,-0.0224324,0.0755936,0.567493,-5.9467,-0.0164977,0.0949319
49510,0.132619,0.013473,-0.00695971,-6.28,-0.0190386,-0.011016,0.585381,-5.91171,-0.00556358,0.0920461
49518,0.132619,0.013473,-0.00695971,-6.28,-0.0198472,-0.139306,0.600249,-5.89012,0.016947,0.0742339
49526,0.132619,0.013473,-0.00695971,-6.28,-0.0211458,-0.219261,0.603435,-5.99401,0.0192176,0.0471782
49534,0.132619,0.013473,-0.00695971,-6.28,-0.0235457,-0.290391,0.585181,-5.92869,0.0449282,0.0366347
49542,0.132619,0.013473,-0.00695971,-6.28,-0.0253593,-0.204596,0.605257,-6.11026,0.00857642,0.0303615
49550,0.132619,0.013473,-0.00695971,-6.28,-0.0266962,-0.210724,0.572736,-5.96984,0.0332073,0.0388348
49558,0.132619,0.013473,-0.00695971,-6.28,-0.0271444,-0.0114203,0.59807,-6.00482,-0.0073933,0.0717775
49565,0.132619,0.013473,-0.00695971,-6.28,-0.0266506,-0.0571087,0.577041,-5.84125,0.0221574,0.0807044
49574,0.132619,0.013473,-0.00695971,-6.28,-0.0264748,-0.0274033,0.596719,-5.89629,0.0073419,0.0826228
49582,0.132619,0.013473,-0.00695971,-6.28,-0.027118,-0.0200713,0.605096,-5.86645,0.00917622,0.0878446
49590,0.132619,0.013473,-0.00695971,-6.28,-0.0262807,-0.0597775,0.621262,-5.99144,-0.00272521,0.070137
49598,0.132619,0.013473,-0.00695971,-6.28,-0.0263596,-0.144641,0.609669,-5.90092,0.0239735,0.0645463
49606,0.132619,0.013473,-0.00695971,-6.28,-0.026695,-0.177291,0.623497,-5.95647,0.0210703,0.0542357
49614,0.132619,0.013473,-0.00695971,-6.28,-0.0278771,-0.0961575,0.632733,-5.94361,0.00927944,0.0692901
49622,0.132619,0.013473,-0.00695971,-6.28,-0.0282849,-0.127996,0.639219,-6.00277,0.00709815,0.0574063
49630,0.132619,0.013473,-0.00695971,-6.28,-0.03061,-0.153171,0.627588,-5.98579,0.0183307,0.0500693
49638,0.132619,0.013473,-0.00695971,-6.28,-0.0318589,-0.0948263,0.637386,-6.05677,0.00043705,0.0513661
49645,0.132619,0.013473,-0.00695971,-6.28,-0.0328917,-0.203923,0.622831,-6.04699,0.0234213,0.0303433
49654,0.132619,0.013473,-0.00695971,-6.28,-0.0339898,-0.0962763,0.638102,-6.03465,0.00609128,0.0508979
49662,0.132619,0.013473,-0.00695971,-6.28,-0.0337777,-0.215389,0.607385,-5.94464,0.0410838,0.036793
49670,0.132619,0.013473,-0.00695971,-6.28,-0.035718,-0.0138039,0.630732,-5.94875,0.00610827,0.0713803
49678,0.132619,0.013473,-0.00695971,-6.28,-0.0343137,-0.123993,0.609204,-5.92818,0.0283258,0.0537049
49686,0.132619,0.013473,-0.00695971,-6.28,-0.0359014,-0.00194892,0.620455,-5.87159,0.0151423,0.0805914
49694,0.132619,0.013473,-0.00695971,-6.28,-0.0342142,-0.0315359,0.623499,-5.98064,0.00439057,0.0655395
49702,0.132619,0.013473,-0.00695971,-6.28,-0.0353935,-0.0082148,0.624748,-5.9112,0.0101253,0.0762478
49710,0.132619,0.013473,-0.00695971,-6.28,-0.0328799,0.0678453,0.650699,-5.95493,-0.0152526,0.0915737
49717,0.132619,0.013473,-0.00695971,-6.28,-0.0327685,-0.112397,0.640476,-5.8608,0.0271895,0.0708071
49726,0.132619,0.013473,-0.00695971,-6.28,-0.0331264,-0.0808483,0.656873,-6.05471,-0.00303457,0.0553502
49734,0.132619,0.013473,-0.00695971,-6.28,-0.0343537,-0.153553,0.638001,-5.99247,0.0210646,0.0457025
49742,0.132619,0.013473,-0.00695971,-6.28,-0.0350134,-0.164505,0.647773,-6.04545,0.0159674,0.0382514
49750,0.132619,0.013473,-0.00695971,-6.28,-0.037256,-0.328496,0.61222,-5.87982,0.071449,0.0213334
49758,0.132619,0.013473,-0.00695971,-6.28,-0.0385888,-0.0894936,0.637076,-6.01306,0.0139854,0.048054
49766,0.132619,0.013473,-0.0046398,-6.28,-0.0385761,-0.256149,0.586021,-5.93589,0.0592609,0.020483
49774,0.132619,0.013473,-0.0046398,-6.28,-0.0415894,0.0185537,0.617831,-6.07685,-0.00384107,0.0511034
49781,0.132619,0.013473,-0.0046398,-6.28,-0.040132,-0.119066,0.578622,-5.96366,0.036606,0.0369733
49790,0.132619,0.013473,-0.0046398,-6.28,-0.0415543,0.0356159,0.606604,-5.94053,0.0111546,0.0683362
49798,0.132619,0.013473,-0.0046398,-6.28,-0.0396911,0.0414694,0.594436,-5.94516,0.00904265,0.0693981
49806,0.132619,0.013473,-0.0046398,-6.28,-0.0398275,0.0458927,0.614623,-5.98115,0.00100574,0.068953
49814,0.132619,0.013473,-0.0046398,-6.28,-0.0382741,-0.0119584,0.607582,-5.94464,0.0138946,0.0645309
49822,0.132619,0.013473,-0.0046398,-6.28,-0.0379829,-0.0363109,0.611639,-5.93846,0.0176031,0.0622102
49830,0.132619,0.013473,-0.0046398,-6.28,-0.0356427,-0.0179547,0.620374,-5.88856,0.0158263,0.0758575
49838,0.132619,0.013473,-0.0046398,-6.28,-0.0355384,-0.170869,0.606249,-5.86079,0.0465596,0.0512162
49846,0.132619,0.013473,-0.0046398,-6.28,-0.0361254,-0.0530056,0.620613,-6.02334,0.00637489,0.0533815
49854,0.132619,0.013473,-0.0023199,-6.28,-0.0372267,-0.110788,0.609593,-6.01409,0.0206955,0.0410528
49861,0.132619,0.013473,-0.0023199,-6.28,-0.0387465,0.0170728,0.637081,-6.0511,-0.0071868,0.0605667
49870,0.132619,0.013473,-0.0023199,-6.28,-0.0376408,-0.201652,0.599524,-5.94773,0.0457553,0.0313747
49878,0.132619,0.013473,-0.0023199,-6.28,-0.0409624,-0.0488432,0.622182,-6.02026,0.0128041,0.0476213
49886,0.132619,0.013473,-0.0023199,-6.28,-0.0381196,-0.117618,0.589673,-6.08762,0.0175942,0.0267603
49894,0.132619,0.013473,-0.0023199,-6.28,-0.0389891,-0.122503,0.60159,-5.95596,0.033191,0.0422157
49902,0.132619,0.013473,-0.0023199,-6.28,-0.0387405,-0.0198275,0.577088,-5.84535,0.0328196,0.0690068
49910,0.132619,0.013473,-0.0023199,-6.28,-0.0392821,-0.0111218,0.584929,-5.93177,0.0206752,0.0607716
49918,0.132619,0.013473,-0.0023199,-6.28,-0.0382743,0.084627,0.585858,-5.94566,0.00164614,0.0768271
49925,0.132619,0.013473,-0.0023199,-6.28,-0.0368989,-0.0616175,0.582536,-5.9503,0.023973,0.0529819
49934,0.132619,0.013473,-0.0023199,-6.28,-0.0391878,-0.017289,0.59024,-5.87365,0.0275607,0.0675888
49942,0.132619,0.013473,-0.0023199,-6.28,-0.0377436,-0.0540468,0.588588,-6.00636,0.0162978,0.0474361
49950,0.132619,0.013473,0.00232002,-6.28,-0.0399381,-0.122791,0.574935,-5.95235,0.0400045,0.0362356
49958,0.132619,0.013473,0.00232002,-6.28,-0.0385602,-0.0332791,0.575416,-5.95184,0.02327,0.0533826
49966,0.132619,0.013473,-0.0023199,-6.28,-0.0392271,-0.165412,0.554829,-5.93127,0.051064,0.0300327
49974,0.132619,0.013473,-0.0023199,-6.28,-0.0398576,0.0755575,0.569576,-6.0264,-0.00157188,0.0609338
49982,0.132619,0.013473,-0.0023199,-6.28,-0.038155,-0.0560157,0.557508,-6.05215,0.0167971,0.0361128
49990,0.132619,0.013473,-0.0023199,-6.28,-0.0390634,0.0827548,0.570414,-5.95698,0.00419167,0.0715909
49997,0.132619,0.013473,-0.0023199,-6.28,-0.0369629,0.00899053,0.566143,-5.95955,0.013915,0.0610691
50006,0.132619,0.013473,-0.0023199,-6.28,-0.0380384,-0.00529781,0.566625,-5.88343,0.0266481,0.0662437
50014,0.132619,0.013473,-0.0023199,-6.28,-0.0361122,-0.0957426,0.556777,-5.99247,0.0277255,0.0391811
50022,0.132619,0.013473,-0.0023199,-6.28,-0.0390268,-0.175277,0.54323,-5.88086,0.0602308,0.0327368
50030,0.132619,0.013473,-0.0023199,-6.28,-0.0382019,-0.0485952,0.546785,-6.05318,0.0172374,0.0354502
50038,0.132619,0.013473,-0.0023199,-6.28,-0.0383689,-0.152481,0.51388,-5.9539,0.0516717,0.0241307
50046,0.132619,0.013473,-0.0023199,-6.28,-0.039896,-0.0537944,0.511798,-5.89421,0.0447872,0.0453802
50054,0.132619,0.013473,-0.0023199,-6.28,-0.0394117,0.0923891,0.503924,-5.96315,0.0130522,0.0612907
50062,0.132619,0.013473,-0.0023199,-6.28,-0.0378111,0.0799716,0.504921,-6.01974,0.0060852,0.0548858
50070,0.132619,0.013473,-0.0023199,-6.28,-0.0361611,0.0640068,0.508128,-5.98425,0.0101324,0.0591926
50077,0.132619,0.013473,-0.0023199,-6.28,-0.0359941,0.109282,0.508375,-5.77952,0.0264869,0.0913035
50086,0.132619,0.013473,-0.0023199,-6.28,-0.0335206,0.1101,0.52539,-5.93178,0.00227859,0.0796126
50094,0.132619,0.013473,-0.0023199,-6.28,-0.033424,-0.0456618,0.524788,-5.94464,0.0265298,0.0518561
50102,0.132619,0.013473,-0.0023199,-6.28,-0.0324076,0.0653183,0.536883,-6.03208,-0.00549914,0.0635963
50110,0.132619,0.013473,-0.0023199,-6.28,-0.031581,-0.123843,0.528801,-5.93795,0.0370943,0.0426609
50118,0.132619,0.013473,-0.0023199,-6.28,-0.0327423,-0.0157003,0.529746,-6.02384,0.0105014,0.0492913
50126,0.132619,0.013473,-0.0023199,-6.28,-0.0322447,-0.258402,0.505064,-6.05882,0.0498746,0.00093091
50134,0.132619,0.013473,-0.0023199,-6.28,-0.0353076,-0.0801623,0.507989,-6.00122,0.0308656,0.0340294
50141,0.132619,0.013473,-0.0023199,-6.28,-0.035428,-0.190323,0.476405,-6.02848,0.0511527,0.00696983
50150,0.132619,0.013473,-0.0023199,-6.28,-0.0376881,-0.00287491,0.475948,-5.97807,0.0292152,0.04134
50158,0.132619,0.013473,-0.0023199,-6.28,-0.0371117,-0.0841535,0.447152,-5.95441,0.0493132,0.0265872
50166,0.132619,0.013473,-0.0023199,-6.28,-0.0375266,0.133148,0.454428,-5.87829,0.0216842,0.0728365
50174,0.132619,0.013473,-0.0023199,-6.28,-0.0355077,0.0899737,0.438455,-5.8932,0.0268821,0.0640168
50182,0.132619,0.013473,-0.0046398,-6.28,-0.0331511,0.118351,0.456012,-6.01613,0.00126308,0.0607399
50190,0.132619,0.013473,-0.0046398,-6.28,-0.0330649,0.0572021,0.448163,-5.83096,0.0343566,0.0711709
50198,0.132619,0.013473,-0.0046398,-6.28,-0.0338568,0.194283,0.478348,-5.95235,-0.00642829,0.0837081
50206,0.132619,0.013473,-0.0046398,-6.28,-0.0310748,0.359222,0.508399,-6.02333,-0.050768,0.111838
50214,0.132619,0.013473,-0.0046398,-6.28,-0.0267527,0.0432152,0.507888,-6.10564,-0.0139657,0.0547142
50221,0.132619,0.013473,-0.0046398,-6.28,-0.0281297,-0.0663094,0.516079,-6.02694,0.0140195,0.044954
50230,0.132619,0.013473,-0.0046398,-6.28,-0.0261478,-0.128246,0.504439,-6.14987,0.00895025,0.0208464
50238,0.132619,0.013473,-0.0046398,-6.27233,-0.0281745,-0.2656,0.49271,-6.07581,0.0441946,0.00082801
50246,0.132619,0.013473,-0.0046398,-6.27233,-0.0273457,-0.093092,0.480037,-5.90502,0.0366465,0.0492229
50254,0.132619,0.013473,-0.0046398,-6.27233,-0.0298163,-0.179658,0.459207,-5.87726,0.0609995,0.0311219
50262,0.132619,0.013473,-0.0046398,-6.27233,-0.0299352,0.0555862,0.459813,-5.97498,0.0105825,0.0591825
50270,0.132619,0.013473,-0.00695971,-6.26466,-0.0299096,-0.0107295,0.438367,-5.98373,0.0226776,0.0430094
50278,0.132619,0.013473,-0.00695971,-6.26466,-0.0305503,0.133391,0.456344,-5.87006,0.0101826,0.0827655
50286,0.132619,0.013473,-0.00695971,-6.26466,-0.0281717,0.168186,0.461652,-5.91018,-0.00442584,0.0880443
50293,0.132619,0.013473,-0.00695971,-6.26466,-0.02707,0.126204,0.481575,-5.97139,-0.00940287,0.0784643
50302,0.132619,0.013473,-0.00695971,-6.26466,-0.0248518,0.0714566,0.472288,-5.80679,0.0175139,0.0902671
50310,0.132778,0.0134114,-0.00695971,-6.26466,-0.0242167,-0.0834835,0.489971,-5.90298,0.0280701,0.0565479
50318,0.132778,0.013393,-0.00695971,-6.26466,-0.0250687,-0.0861646,0.486422,-5.93332,0.0266549,0.0507806
50326,0.132619,0.0134467,-0.00695971,-6.26466,-0.0246304,-0.0874729,0.487909,-5.99454,0.0188629,0.0441247
50334,0.132619,0.0134617,-0.00695971,-6.26466,-0.0258876,-0.106815,0.477207,-5.96213,0.029354,0.0412056
50342,0.132619,0.0134682,-0.00695971,-6.24933,-0.0260658,-0.051118,0.484282,-5.93126,0.0210715,0.05332
50350,0.132619,0.0134709,-0.00695971,-6.24933,-0.0270393,-0.0463138,0.485958,-5.9935,0.0140111,0.0456889
50358,0.132619,0.0134721,-0.00695971,-6.24933,-0.0269259,0.0725085,0.484702,-5.91325,0.00383225,0.0751715
50365,0.132619,0.0134726,-0.00695971,-6.24933,-0.0260415,0.0040501,0.494545,-5.98837,0.00352485,0.0575562
50374,0.132619,0.0134729,-0.00695971,-6.24933,-0.0256331,-0.0306087,0.497598,-5.99967,0.00688216,0.0514309
50382,0.132619,0.013473,-0.00695971,-6.24933,-0.0267474,-0.0617663,0.497113,-5.95132,0.0193469,0.0502681
50390,0.132619,0.013473,-0.00695971,-6.24933,-0.02613,-0.0495181,0.495721,-5.94823,0.0170597,0.0533311
50398,0.132619,0.013473,-0.00927961,-6.24166,-0.02681,-0.110391,0.486438,-5.94052,0.0292019,0.0410035
50406,0.132619,0.013473,-0.00927961,-6.24166,-0.0262188,-0.0222032,0.500044,-6.01562,0.00274355,0.0500126
50414,0.132619,0.013473,-0.00927961,-6.24933,-0.0263015,-0.0371186,0.472136,-5.76461,0.0403015,0.0734662
50422,0.132619,0.013473,-0.00927961,-6.24933,-0.024506,0.0105675,0.491979,-5.8361,0.0183205,0.078744
50430,0.132619,0.013473,-0.00927961,-6.24933,-0.0244578,-0.0533757,0.48374,-5.9148,0.0208999,0.0573939
50437,0.132619,0.013473,-0.00927961,-6.24933,-0.024348,0.044931,0.502823,-5.94824,-0.00254732,0.0732505
50446,0.132619,0.013473,-0.00927961,-6.24933,-0.0239426,-0.031791,0.497324,-5.90349,0.0157633,0.065275
50454,0.132619,0.013473,-0.00927961,-6.24933,-0.0247852,-0.0759043,0.503932,-5.93692,0.0192234,0.0537784
50462,0.132619,0.013473,-0.00927961,-6.24933,-0.0241651,-0.131717,0.500646,-6.02334,0.0179643,0.0344779
50470,0.132619,0.013473,-0.00927961,-6.24933,-0.0253785,-0.170482,0.488156,-5.90966,0.0414561,0.0376842
50478,0.132619,0.013473,-0.00927961,-6.24933,-0.025705,-0.0771072,0.492964,-5.93589,0.0225712,0.050655
50486,0.132619,0.013473,-0.00927961,-6.24933,-0.0274197,-0.122249,0.475834,-5.89628,0.0398268,0.0425866
50494,0.132619,0.013473,-0.00927961,-6.24933,-0.0281389,0.0746325,0.502507,-5.97446,-0.00530734,0.0698533
50502,0.132619,0.013473,-0.00927961,-6.24933,-0.0269285,0.0240389,0.488654,-5.89783,0.0126733,0.0698245
50509,0.132619,0.013473,-0.00927961,-6.24933,-0.0270052,0.0441305,0.508396,-5.87674,0.00875742,0.078782
50518,0.132619,0.013473,-0.00927961,-6.24933,-0.0266442,-0.0267274,0.515534,-5.99299,0.00515289,0.0547378
50526,0.132619,0.013473,-0.00927961,-6.24933,-0.0266572,-0.101605,0.517064,-5.94567,0.0229031,0.0479304
50534,0.132619,0.013473,-0.00927961,-6.24933,-0.027878,-0.241368,0.495605,-5.90092,0.0564576,0.024496
50542,0.132619,0.013473,-0.00927961,-6.24933,-0.0291098,-0.0922741,0.501859,-5.90606,0.0318365,0.0483362
50550,0.132619,0.013473,-0.00927961,-6.24933,-0.0291419,-0.0837579,0.494948,-5.97962,0.0229157,0.0399194
50558,0.132619,0.013473,-0.00927961,-6.24933,-0.028264,0.0545327,0.50124,-5.94413,0.00197241,0.0696719
50566,0.132619,0.013473,-0.00927961,-6.24933,-0.0260791,0.0882452,0.510392,-5.85564,0.00234376,0.0903221
50574,0.132619,0.013473,-0.00927961,-6.24166,-0.0248811,-0.0464489,0.514419,-5.89885,0.0163692,0.0638978
50581,0.132619,0.013473,-0.00927961,-6.24166,-0.0266374,0.022817,0.538169,-5.87931,0.0057832,0.0792837
50590,0.132619,0.013473,-0.00927961,-6.24166,-0.0253284,-0.0461926,0.531392,-6.03156,-0.00142997,0.050367
50598,0.132619,0.013473,-0.00927961,-6.24166,-0.0260451,-0.177411,0.524221,-5.87674,0.0406873,0.0443878
50606,0.132619,0.013473,-0.00927961,-6.24166,-0.0269253,-0.0844362,0.543552,-6.10667,-0.00371253,0.0347825
50614,0.132619,0.013473,-0.00927961,-6.23399,-0.0268056,-0.177401,0.517326,-6.00585,0.0267222,0.0260547
50622,0.132619,0.013473,-0.00927961,-6.23399,-0.0281951,-0.103352,0.528514,-5.87417,0.0300763,0.0539878
50630,0.132619,0.013473,-0.00927961,-6.23399,-0.0290893,-0.0977383,0.518355,-5.8109,0.0394631,0.0595376
50638,0.132619,0.013473,-0.00927961,-6.23399,-0.030139,0.0374813,0.532147,-5.96573,-0.00196055,0.0648089
50646,0.132619,0.013473,-0.00927961,-6.22632,-0.0293659,-0.0433909,0.519703,-5.90914,0.0181437,0.056018
50653,0.132619,0.013473,-0.00927961,-6.22632,-0.029819,0.0129678,0.52904,-5.86028,0.0136832,0.0721767
50662,0.132619,0.013473,-0.00927961,-6.22632,-0.0295227,-0.0107552,0.540354,-5.88189,0.0128389,0.0678547
50670,0.132619,0.013473,-0.00927961,-6.22632,-0.029197,-0.0525758,0.531817,-5.80936,0.0292404,0.0684508
50678,0.132619,0.013473,-0.00927961,-6.22632,-0.0294155,-0.0916212,0.544045,-5.95235,0.01719,0.0466277
50686,0.132619,0.013473,-0.00927961,-6.22632,-0.0303243,-0.1156,0.540913,-5.90091,0.0289739,0.0468994
50694,0.132619,0.013473,-0.00927961,-6.22632,-0.0314624,-0.0569807,0.55864,-5.98064,0.00857608,0.0486404
50702,0.132619,0.013473,-0.00927961,-6.22632,-0.0316735,-0.109071,0.537339,-5.83302,0.0383182,0.0535806
50710,0.132619,0.013473,-0.00927961,-6.22632,-0.0322201,-0.0262007,0.551191,-5.90194,0.0149889,0.060885
50718,0.132619,0.013473,-0.00927961,-6.22632,-0.0320885,-0.0533836,0.554597,-5.96418,0.0114291,0.0496735
50725,0.132619,0.013473,-0.00927961,-6.22632,-0.0331733,-0.0107488,0.558132,-6.00791,0.00013347,0.0507616
50734,0.132619,0.013473,-0.00927961,-6.22632,-0.0328516,-0.0232794,0.562666,-5.93281,0.00988687,0.0587025
50742,0.132619,0.013473,-0.00927961,-6.22632,-0.0321546,-0.0734952,0.559341,-5.80267,0.0331184,0.0660472
50750,0.132619,0.013473,-0.00927961,-6.22632,-0.0331407,-0.153168,0.558373,-6.04237,0.0195809,0.0227489
50758,0.132619,0.013473,-0.00927961,-6.22632,-0.0343193,-0.144377,0.544648,-5.98013,0.0292844,0.0277436
50766,0.132619,0.013473,-0.00927961,-6.22632,-0.0351675,-0.135042,0.545387,-5.93641,0.0339347,0.0334309
50774,0.132619,0.013473,-0.00927961,-6.23399,-0.0357773,-0.0874875,0.53846,-5.83147,0.0412769,0.0528019
50782,0.132619,0.013473,-0.00927961,-6.23399,-0.0369763,-0.0854897,0.533226,-5.90194,0.0351298,0.0423026
50790,0.132619,0.013473,-0.00927961,-6.23399,-0.0379072,0.0972959,0.546099,-5.91326,0.00272259,0.0725804
50797,0.132619,0.013473,-0.00927961,-6.23399,-0.0358958,0.107023,0.5463,-5.84845,0.00595599,0.0847029
50806,0.132619,0.013473,-0.00927961,-6.23399,-0.0352398,0.0558712,0.564481,-5.8968,0.00490494,0.0741978
50814,0.132619,0.013473,-0.00927961,-6.24166,-0.0352548,0.0523981,0.57606,-5.89526,0.00472209,0.076546
50822,0.132619,0.013473,-0.00927961,-6.24166,-0.0339432,-0.0692329,0.569139,-6.00327,0.011458,0.0439637
50830,0.132619,0.013473,-0.00927961,-6.24933,-0.0334645,-0.169953,0.560952,-5.8716,0.0452226,0.0427919
50838,0.132619,0.013473,-0.00927961,-6.24933,-0.0336784,-0.236577,0.556754,-5.9292,0.0504412,0.0237715
50846,0.132619,0.013473,-0.00695971,-6.24933,-0.0363892,-0.110405,0.549579,-5.95287,0.031999,0.0369678
50854,0.132619,0.013473,-0.00695971,-6.24933,-0.0352379,0.0344053,0.561343,-6.01768,-0.00309878,0.0572237
50862,0.132619,0.013473,-0.00695971,-6.26466,-0.0358655,0.0137774,0.549661,-5.90606,0.018019,0.066
50869,0.132619,0.013473,-0.00695971,-6.26466,-0.0343082,0.134189,0.572309,-5.94722,-0.0125591,0.0872531
50878,0.132619,0.013473,-0.00695971,-6.26466,-0.0330265,-0.00287182,0.568257,-5.95595,0.00800985,0.0642256
50886,0.132619,0.013473,-0.00695971,-6.26466,-0.0346329,-0.153839,0.569775,-5.98116,0.0320062,0.033799
50894,0.132619,0.013473,-0.00695971,-6.26466,-0.0362748,-0.102813,0.575246,-6.0614,0.01547,0.0315251
50902,0.132619,0.013473,-0.00695971,-6.26466,-0.0353975,-0.114253,0.560371,-6.03466,0.0217082,0.0315766
50910,0.132619,0.013473,-0.00695971,-6.26466,-0.0356387,-0.172494,0.558681,-5.94103,0.0429903,0.0322138
50918,0.132619,0.013473,-0.00695971,-6.26466,-0.037986,-0.089088,0.547707,-5.90349,0.0385846,0.0456985
50926,0.132619,0.013473,-0.00695971,-6.26466,-0.0400672,0.0181592,0.551497,-6.01819,0.00954785,0.0479538
50934,0.132619,0.013473,-0.0046398,-6.26466,-0.0391632,0.182961,0.557118,-5.92664,-0.00873488,0.0883608
50941,0.132619,0.013473,-0.0046398,-6.26466,-0.0366979,0.0970396,0.57107,-6.02283,-0.0114638,0.0681624
50950,0.132619,0.013473,-0.0046398,-6.26466,-0.0346069,0.106485,0.582574,-5.91327,-0.00483957,0.0874593
50958,0.132619,0.013473,-0.0046398,-6.26466,-0.0320343,-0.026726,0.587973,-6.01202,0.0011927,0.0577521
50966,0.132619,0.013473,-0.0046398,-6.26466,-0.0335825,-0.207127,0.581729,-5.99247,0.0365082,0.0264813
50974,0.132619,0.013473,-0.0046398,-6.26466,-0.0353889,-0.196872,0.571274,-6.03723,0.0336972,0.0187315
50982,0.132619,0.013473,-0.0046398,-6.26466,-0.0369016,-0.108658,0.564447,-6.03465,0.0225624,0.0307186
50990,0.132619,0.013473,-0.0046398,-6.26466,-0.036384,-0.176225,0.542845,-5.95751,0.0456129,0.0256786
50998,0.132619,0.013473,-0.0046398,-6.26466,-0.0388408,0.0131004,0.550244,-6.00482,0.0108547,0.0498062
51006,0.132619,0.013473,-0.0046398,-6.27233,-0.0369387,0.127538,0.547091,-5.98989,-0.00754084,0.0739086
51013,0.132619,0.013473,-0.0046398,-6.27233,-0.0365208,0.14154,0.561959,-5.94927,-0.00804044,0.0840482
51022,0.132619,0.013473,-0.0046398,-6.27233,-0.0344032,0.157777,0.571488,-5.87108,-0.00595605,0.100501
51030,0.132619,0.013473,-0.0046398,-6.27233,-0.0332102,0.0376288,0.59049,-5.96984,-0.00238638,0.0732754
51038,0.132619,0.013473,-0.0046398,-6.27233,-0.0334579,-0.0926965,0.586229,-5.94413,0.0232574,0.0533023
51046,0.132619,0.013473,-0.0046398,-6.27233,-0.0339172,-0.171677,0.592776,-6.01511,0.0275527,0.0320072
51054,0.132619,0.013473,-0.0046398,-6.27233,-0.0357852,-0.248299,0.575328,-5.98218,0.049496,0.0175745
51062,0.132619,0.013473,-0.0046398,-6.27233,-0.0376842,-0.136516,0.573183,-6.04288,0.0267771,0.0262756
51070,0.132619,0.013473,-0.0046398,-6.27233,-0.0378788,-0.0637713,0.562766,-5.99042,0.0228536,0.0428001
51078,0.132619,0.013473,-0.0046398,-6.27233,-0.0378187,-0.0588448,0.549014,-5.98785,0.0244718,0.0418021
51085,0.132619,0.013473,-0.0046398,-6.27233,-0.0393628,0.0356088,0.559911,-5.96315,0.0120989,0.0602688
51094,0.132619,0.013473,-0.0046398,-6.27233,-0.0377915,0.115278,0.568471,-5.98167,-0.00681387,0.0750754
51102,0.132619,0.013473,-0.0046398,-6.27233,-0.0379731,0.0205716,0.574575,-6.00687,0.00517089,0.0568532
51110,0.132619,0.013473,-0.0046398,-6.27233,-0.0376258,0.150171,0.581249,-6.01255,-0.0185165,0.0795996
51118,0.132619,0.013473,-0.0046398,-6.27233,-0.0353509,-0.0645523,0.577768,-6.06243,0.00861434,0.0400766
51126,0.132619,0.013473,-0.0046398,-6.27233,-0.0375631,-0.0206197,0.59234,-5.93898,0.0165713,0.0613619
51134,0.132619,0.013473,-0.0046398,-6.27233,-0.0348019,-0.180742,0.567634,-6.1154,0.022498,0.0133443
51142,0.132619,0.013473,-0.0046398,-6.27233,-0.0373514,-0.138904,0.569594,-5.98013,0.0346886,0.0331743
51150,0.132619,0.013473,-0.0046398,-6.27233,-0.0365934,-0.098156,0.569259,-6.00172,0.0244088,0.0384923
51157,0.132619,0.013473,-0.0046398,-6.27233,-0.0380853,-0.0878653,0.555514,-5.98887,0.0284776,0.0374639
51166,0.132619,0.013473,-0.0046398,-6.27233,-0.0377618,-0.00689691,0.559866,-5.94671,0.0188891,0.0572556
51174,0.132619,0.013473,-0.0046398,-6.27233,-0.0374559,0.0420287,0.551012,-5.90555,0.0166397,0.0693709
51182,0.132619,0.013473,-0.0046398,-6.27233,-0.0370014,0.00323358,0.555728,-5.94824,0.0166537,0.0591708
51190,0.132619,0.013473,-0.0046398,-6.27233,-0.0368207,0.00257757,0.558782,-5.9076,0.020811,0.0646063
51198,0.132619,0.013473,-0.0046398,-6.27233,-0.0361456,0.0292142,0.5647,-5.93384,0.0114278,0.067887
51206,0.132619,0.013473,-0.0023199,-6.27233,-0.0357,-0.0391276,0.571449,-6.01048,0.0123945,0.0486311
51214,0.132619,0.013473,-0.0023199,-6.27233,-0.036795,-0.0232782,0.561906,-5.9112,0.0245047,0.0599846
51222,0.132619,0.013473,-0.0046398,-6.27233,-0.0369655,0.0209543,0.577765,-6.00688,0.00321122,0.058828
51229,0.132619,0.013473,-0.0046398,-6.27233,-0.0364671,-0.0692337,0.565724,-6.09175,0.00940602,0.0323334
51238,0.132619,0.013473,-0.0046398,-6.27233,-0.0373682,-0.0920214,0.571031,-6.15142,0.00653105,0.0210413
51246,0.132619,0.013473,-0.0023199,-6.27233,-0.0375477,-0.138639,0.549556,-6.02283,0.0334827,0.0242971
51254,0.132619,0.013473,-0.0023199,-6.27233,-0.0376667,-0.053238,0.557077,-5.99248,0.0218644,0.0433369
51262,0.132619,0.013473,-0.0023199,-6.27233,-0.0356487,-0.108395,0.539155,-5.93591,0.0377843,0.0406304
51270,0.132619,0.013473,-0.0023199,-6.27233,-0.0374273,-0.0780157,0.536426,-6.02128,0.0255715,0.032757
51278,0.132619,0.013473,-0.0023199,-6.27233,-0.0391745,-0.165831,0.513735,-5.92869,0.057078,0.0228118
51286,0.132619,0.013473,-0.0023199,-6.27233,-0.0422837,0.038008,0.520101,-5.88807,0.0313377,0.0587118
51294,0.132619,0.013473,-0.0046398,-6.26466,-0.0417641,0.0899663,0.517097,-5.99863,0.00819749,0.0541092
51301,0.132619,0.013473,-0.0046398,-6.26466,-0.0406583,0.166715,0.512412,-5.93486,0.002236,0.075372
51310,0.132619,0.013473,-0.0046398,-6.26466,-0.0382164,0.224523,0.546718,-6.02334,-0.0266377,0.0835766
51318,0.132619,0.013473,-0.0046398,-6.26466,-0.0362605,-0.0197957,0.534321,-5.92354,0.0249056,0.0548771
51326,0.132619,0.013473,-0.0046398,-6.26466,-0.0380786,0.0666415,0.562541,-5.8788,0.0138092,0.0767727
51334,0.132619,0.013473,-0.0046398,-6.26466,-0.036299,0.00725342,0.551783,-5.94155,0.0155437,0.0600708
51342,0.132619,0.013473,-0.0046398,-6.26466,-0.0368366,-0.106279,0.549308,-5.94411,0.0351846,0.0394737
51350,0.132619,0.013473,-0.0046398,-6.26466,-0.0353647,-0.107603,0.538077,-6.083,0.0188283,0.0230628
51358,0.132619,0.013473,-0.0046398,-6.26466,-0.0377255,-0.165947,0.523344,-5.97807,0.0464678,0.0199796
51366,0.132619,0.013473,-0.0046398,-6.26466,-0.0353101,0.0767738,0.537971,-6.0434,-0.00710548,0.0589025
51373,0.132619,0.013473,-0.0046398,-6.26466,-0.0352008,-0.0989192,0.497454,-5.81862,0.0548586,0.0494644
51382,0.132619,0.013473,-0.0046398,-6.26466,-0.035677,0.182811,0.54123,-6.03209,-0.0233585,0.0781424
51390,0.132619,0.013473,-0.0046398,-6.26466,-0.033805,-0.0897175,0.509132,-6.02951,0.0246896,0.0299015
51398,0.132619,0.013473,-0.0046398,-6.26466,-0.0373539,0.0523824,0.54607,-5.99299,0.00437456,0.0592193
51406,0.132619,0.013473,-0.0046398,-6.24933,-0.033459,0.0405508,0.52832,-5.93281,0.00913368,0.0650644
51414,0.132619,0.013473,-0.0046398,-6.24933,-0.0336139,-0.154101,0.523317,-5.93692,0.0419115,0.0307249
51422,0.132619,0.013473,-0.0046398,-6.24933,-0.0338445,-0.0484673,0.526674,-6.05728,0.0100074,0.0345354
51430,0.132619,0.013473,-0.0046398,-6.24933,-0.0346793,-0.0740067,0.514889,-6.03311,0.0201281,0.0300283
51438,0.132619,0.013473,-0.0046398,-6.24933,-0.0342337,-0.0460717,0.521597,-5.99402,0.0184158,0.0410605
51446,0.132619,0.013473,-0.0046398,-6.24933,-0.0346835,-0.0975909,0.490084,-5.83507,0.0513692,0.0454594
51454,0.132619,0.013473,-0.0046398,-6.24933,-0.0359888,0.0340082,0.508803,-5.92818,0.0173756,0.0578565
51462,0.132619,0.013473,-0.0046398,-6.26466,-0.0349032,0.0484084,0.497951,-5.97448,0.0116007,0.056382
51470,0.132619,0.013473,-0.0046398,-6.26466,-0.0345817,0.0148324,0.501844,-5.99299,0.0139131,0.0496028
51478,0.132619,0.013473,-0.0046398,-6.26466,-0.033318,0.0574573,0.500883,-5.90555,0.0155771,0.0687269
51486,0.132619,0.013473,-0.0046398,-6.26466,-0.0332085,0.00551909,0.501865,-5.91634,0.0226004,0.059
51494,0.132619,0.013473,-0.0046398,-6.26466,-0.0311553,0.102749,0.523846,-6.05626,-0.0163474,0.0652478
51502,0.132619,0.013473,-0.0046398,-6.26466,-0.0300257,-0.104112,0.499862,-5.95133,0.0325952,0.0404617
51510,0.132619,0.013473,-0.0046398,-6.26466,-0.0311987,0.00668496,0.52232,-5.91223,0.0168422,0.0657653
51517,0.132619,0.013473,-0.0046398,-6.26466,-0.0297393,-0.0764061,0.500035,-5.93435,0.0295864,0.0475677
51526,0.132619,0.013473,-0.0046398,-6.26466,-0.032415,-0.215929,0.503396,-5.93692,0.0555239,0.0205617
51534,0.132619,0.013473,-0.0046398,-6.27233,-0.0331947,-0.0621843,0.488858,-5.9719,0.030248,0.0398425
51542,0.132619,0.013473,-0.0046398,-6.27233,-0.033913,-0.132229,0.463785,-5.94103,0.0505106,0.0266414
51550,0.132619,0.013473,-0.0046398,-6.27233,-0.0345724,0.0780869,0.479793,-5.96882,0.0107241,0.0604959
51558,0.132619,0.013473,-0.0046398,-6.27233,-0.0325967,0.0389661,0.459369,-5.96058,0.0187539,0.0543193
51566,0.132619,0.013473,-0.0023199,-6.27233,-0.0342754,0.0587827,0.470992,-5.94258,0.0183968,0.0589617
51574,0.132619,0.013473,-0.0023199,-6.27233,-0.0322013,0.149921,0.479435,-5.9863,-0.00605565,0.0734019
51582,0.132619,0.013473,-0.0023199,-6.28,-0.0316713,0.00391357,0.487069,-6.0542,0.00907752,0.0436187
51589,0.132619,0.013473,-0.0023199,-6.28,-0.0300507,0.0192206,0.47717,-5.98733,0.0137922,0.0547575
51598,0.132619,0.013473,-0.0023199,-6.28,-0.0300709,-0.0636122,0.478821,-5.95184,0.0314572,0.0452196
51606,0.132619,0.013473,-0.0023199,-6.28,-0.0303881,-0.0660444,0.482692,-6.08352,0.0161557,0.0294261
51614,0.132619,0.013473,-0.0023199,-6.28,-0.0309034,-0.0602902,0.464637,-5.93127,0.0367565,0.0447722
51622,0.132619,0.013473,-0.0023199,-6.28,-0.0309884,-0.110535,0.464282,-5.95184,0.0428289,0.0336896
51630,0.132619,0.013473,-0.0023199,-6.28,-0.0323224,-0.00648701,0.453162,-5.94927,0.0295169,0.0479033
51638,0.132619,0.013473,-0.0023199,-6.28,-0.0314556,0.11609,0.461797,-5.98424,0.00251192,0.0670375
51646,0.132619,0.013473,-0.0023199,-6.28,-0.0288699,0.0334846,0.452519,-5.91943,0.0217792,0.0628553
51654,0.132619,0.013473,-0.0023199,-6.28,-0.0302261,0.0329523,0.46684,-5.94464,0.0184515,0.060213
51661,0.132619,0.013473,-0.0023199,-6.28,-0.0285866,0.185887,0.488177,-6.07529,-0.0279613,0.0762744
51670,0.132619,0.013473,-0.0023199,-6.28,-0.0279124,-0.016063,0.476699,-5.91892,0.0248405,0.0597818
51678,0.132619,0.013473,-0.0023199,-6.28,-0.0291559,0.0607793,0.498972,-6.1257,-0.0141342,0.050163
51686,0.132619,0.013473,-0.0023199,-6.28,-0.0262873,-0.1325,0.478888,-6.07425,0.0232437,0.0243843
51694,0.132619,0.013473,-0.0023199,-6.28,-0.0292218,-0.160508,0.480399,-5.9899,0.0416038,0.0258068
51702,0.132619,0.013473,-0.0023199,-6.28,-0.0283275,-0.0786934,0.470198,-5.98938,0.0285295,0.0392656
51710,0.132619,0.013473,-0.0023199,-6.28,-0.0291359,-0.0840099,0.460703,-5.92355,0.0398043,0.0435001
51718,0.132619,0.013473,-0.0023199,-6.28,-0.0297599,-0.0604492,0.451338,-5.99196,0.0302046,0.0370131
51726,0.132619,0.013473,-0.0023199,-6.28,-0.0306722,0.0741321,0.441355,-5.86234,0.0260429,0.0721635
51733,0.132619,0.013473,-0.0023199,-6.28,-0.029227,0.0545333,0.452399,-5.94927,0.0152864,0.0623646
51742,0.132619,0.013473,-0.0023199,-6.28,-0.0290349,0.10823,0.455342,-5.89834,0.0116543,0.0781821
51750,0.132619,0.013473,-0.0023199,-6.28,-0.0271272,0.122612,0.462965,-5.96212,-0.00208699,0.0769411
51758,0.132619,0.013473,-0.0023199,-6.28,-0.0263824,0.0849125,0.484147,-5.97756,-0.00209298,0.0732031
51766,0.132619,0.013473,0.00232002,-6.28,-0.0262402,0.0205566,0.480747,-5.95287,0.0125762,0.0641684
51774,0.132619,0.013473,0.00232002,-6.28,-0.0260938,-0.0459194,0.48953,-6.04597,0.0110023,0.043567
51782,0.132619,0.013473,0.00232002,-6.28,-0.0277048,-0.0897495,0.481608,-6.01356,0.0255668,0.0364953
51790,0.132619,0.013473,0.00232002,-6.28,-0.0280977,-0.0324675,0.491202,-6.15347,-0.00141314,0.030619
51798,0.132619,0.013473,0.00232002,-6.28,-0.028065,-0.103199,0.477216,-5.922,0.0397846,0.0438439
51805,0.132619,0.013473,0.00232002,-6.28,-0.0276952,0.0631857,0.493517,-5.92355,0.00890846,0.0748649
51814,0.132619,0.013473,0.00232002,-6.28,-0.0273842,-0.0209928,0.490071,-5.98219,0.0160715,0.0536099
51822,0.132778,0.0134114,0.00232002,-6.28,-0.0262608,0.079839,0.505733,-6.01099,-0.00815766,0.0713652
51830,0.132778,0.013393,0.00232002,-6.28,-0.0260254,-0.0379152,0.49821,-5.92766,0.0220405,0.0604826
51838,0.132619,0.0134467,0.00232002,-6.19565,-0.0264529,-0.0388626,0.501177,-5.80936,0.0263564,0.0641733
51846,0.132619,0.0134617,0.00232002,-6.19565,-0.0271868,-0.114134,0.49458,-5.93692,0.0258836,0.0342952
51854,0.132778,0.0134066,0.00232002,-6.18799,-0.0277298,-0.0218039,0.505198,-5.9863,0.00285129,0.0441356
51862,0.132778,0.013391,0.00232002,-6.18799,-0.0279968,-0.0853579,0.492048,-5.93332,0.0220889,0.0372048
51870,0.132619,0.0134458,-0.0023199,-6.17265,-0.0293932,0.0747846,0.512705,-5.91326,-0.00599426,0.0668702
51877,0.132619,0.0134613,-0.0023199,-6.17265,-0.0273706,0.0413464,0.503512,-5.87571,0.00269692,0.0669707
51886,0.132619,0.013468,-0.0023199,-6.17265,-0.0266519,0.0425506,0.52182,-5.87263,-0.0010638,0.0714751
51894,0.132619,0.0134709,-0.0023199,-6.16498,-0.025842,-0.0304667,0.515641,-5.81605,0.0166823,0.065064
51902,0.132619,0.0134721,-0.0023199,-6.16498,-0.0260205,-0.111595,0.522666,-5.87159,0.0226916,0.0456958
51910,0.132619,0.0134726,-0.0023199,-6.16498,-0.0260258,-0.123728,0.522357,-5.84331,0.0280923,0.0469357
51918,0.132619,0.0134729,-0.0023199,-6.16498,-0.0273033,-0.18088,0.513152,-5.84331,0.0407943,0.0340409
51926,0.132619,0.013473,-0.0023199,-6.17265,-0.0289317,-0.0328783,0.520971,-5.84433,0.0180356,0.058793
51934,0.132619,0.013473,-0.0023199,-6.17265,-0.0286986,0.00324123,0.520172,-5.88034,0.00761826,0.0608229
51942,0.132619,0.013473,0.00232002,-6.17265,-0.0291132,0.0626571,0.540931,-5.97293,-0.0151602,0.0619216
51949,0.132619,0.013473,0.00232002,-6.17265,-0.027489,0.0554632,0.532121,-5.83868,0.00104058,0.0774109
51958,0.132619,0.013473,0.00232002,-6.17265,-0.0272656,-0.0850838,0.540278,-5.94669,0.00997485,0.0425587
51966,0.132619,0.013473,0.00232002,-6.18799,-0.0284571,-0.16769,0.529102,-5.87674,0.0371415,0.0352548
51974,0.132619,0.013473,0.00232002,-6.18799,-0.0294949,-0.108931,0.539752,-5.98836,0.0139655,0.0322488
51982,0.132619,0.013473,0.00232002,-6.19565,-0.0302611,-0.129055,0.524564,-5.85308,0.0376382,0.0422433
51990,0.132619,0.013473,0.00232002,-6.19565,-0.0295651,0.0309491,0.535594,-5.86387,0.00713136,0.0706982
51998,0.132619,0.013473,0.00232002,-6.28,-0.0269251,0.0406804,0.542374,-5.87417,0.00953229,0.0858463
52006,0.132619,0.013473,0.00232002,-6.28,-0.0270769,0.0236258,0.547401,-5.85822,0.0136352,0.0854543
52014,0.132619,0.013473,0.00232002,-6.28,-0.0262717,-0.0925552,0.560932,-5.96264,0.017294,0.0568098
52021,0.132619,0.013473,0.00232002,-6.28,-0.0295965,-0.0836288,0.571827,-5.96676,0.0181357,0.0549747
52030,0.132619,0.013473,0.00232002,-6.28,-0.0302201,-0.125065,0.560409,-6.09072,0.0130873,0.0306269
52038,0.132619,0.013473,0.00232002,-6.28,-0.0311634,-0.158095,0.549474,-5.87622,0.0468871,0.0473429
52046,0.132619,0.013473,0.00232002,-6.28,-0.0320508,-0.0850964,0.563244,-6.05214,0.0130673,0.0398486
52054,0.132619,0.013473,0.00232002,-6.28,-0.0321957,-0.0178053,0.551293,-5.94206,0.0170135,0.0620851
52062,0.132619,0.013473,0.00232002,-6.28,-0.0313013,-0.0327304,0.555398,-5.96367,0.0150526,0.0589152
52070,0.132619,0.013473,0.00232002,-6.28,-0.0321735,-0.0428553,0.5565,-5.88497,0.0270214,0.065479
52078,0.132619,0.013473,0.00232002,-6.28,-0.0322946,-0.0180766,0.565383,-5.88291,0.0218951,0.071165
52086,0.132619,0.013473,0.00232002,-6.28,-0.0325034,0.0285574,0.568637,-5.9611,0.00472007,0.070023
52093,0.132619,0.013473,0.00232002,-6.28,-0.0317955,-0.0186099,0.57009,-5.99762,0.00702495,0.0589649
52102,0.132619,0.013473,0.00232002,-6.28,-0.0312137,0.0481321,0.590681,-5.9755,-0.00553796,0.0769618
52110,0.132619,0.013473,0.00232002,-6.28,-0.0293962,-0.0732265,0.583654,-5.90452,0.0215675,0.0662703
52118,0.132619,0.013473,0.00232002,-6.28,-0.0298198,-0.0830963,0.605399,-5.99762,0.00931211,0.0565157
52126,0.132619,0.013473,0.00232002,-6.26466,-0.0299754,-0.130917,0.593453,-6.01614,0.0153815,0.042307
52134,0.132619,0.013473,0.00232002,-6.26466,-0.0310021,-0.171156,0.601546,-6.08918,0.0135458,0.0267656
52142,0.132619,0.013473,0.00232002,-6.26466,-0.0327517,-0.210599,0.580275,-5.86337,0.0525112,0.0409543
52150,0.132619,0.013473,0.00232002,-6.26466,-0.0351633,-0.110403,0.587856,-5.99042,0.0230308,0.0407139
52158,0.132619,0.013473,0.00232002,-6.24933,-0.0346997,-0.0311384,0.582594,-6.03877,0.00260694,0.046349
52165,0.132619,0.013473,0.00232002,-6.24933,-0.0352595,-0.0200656,0.597758,-6.0722,-0.00483973,0.0459323
52174,0.132619,0.013473,0.00232002,-6.24933,-0.0339548,-0.0688414,0.584162,-5.93692,0.0195798,0.0533158
52182,0.132619,0.013473,0.00232002,-6.24933,-0.0345656,-0.0629635,0.596799,-5.90452,0.0212272,0.0593271
52190,0.132619,0.013473,0.00232002,-6.24933,-0.0339656,-0.0880168,0.598716,-5.90811,0.0238222,0.0558169
52198,0.132619,0.013473,0.00232002,-6.24166,-0.0350234,-0.12186,0.587152,-5.91223,0.0313519,0.045385
52206,0.132619,0.013473,0.00232002,-6.24166,-0.0355942,-0.0858905,0.585837,-5.91635,0.0259031,0.0499621
52214,0.132619,0.013473,0.00232002,-6.23399,-0.0359468,-0.052187,0.587205,-5.88908,0.0228934,0.0576962
52222,0.132619,0.013473,0.00232002,-6.23399,-0.0349776,0.0313516,0.599651,-6.00688,-0.00815826,0.0612103
52230,0.132619,0.013473,0.00232002,-6.24166,-0.0334607,-0.0167446,0.600403,-5.96932,0.00293609,0.0606684
52237,0.132619,0.013473,0.00232002,-6.24166,-0.0334876,-0.136912,0.604028,-5.91738,0.0284154,0.0470861
52246,0.132619,0.013473,0.00232002,-6.24166,-0.0352261,-0.0902911,0.603739,-5.93898,0.0205783,0.0499395
52254,0.132619,0.013473,0.00232002,-6.24166,-0.0346243,-0.167422,0.593655,-6.02385,0.0241528,0.0261057
52262,0.132619,0.013473,0.00232002,-6.24166,-0.0363865,-0.185803,0.582388,-5.85462,0.0513691,0.0387528
52270,0.132619,0.013473,0.00232002,-6.24166,-0.0365747,-0.175962,0.57203,-5.92406,0.043483,0.0302742
52278,0.132619,0.013473,0.00232002,-6.24166,-0.038737,-0.0575056,0.565181,-5.98784,0.0204134,0.0386132
52286,0.132619,0.013473,0.00232002,-6.24933,-0.0368919,-0.0208889,0.569925,-6.00379,0.0100776,0.0471327
52294,0.132619,0.013473,0.00232002,-6.24933,-0.0381252,-0.0119336,0.562979,-5.87931,0.026072,0.0605303
52302,0.132619,0.013473,0.00232002,-6.24933,-0.0367537,0.126724,0.588025,-5.96314,-0.0126879,0.0799455
52309,0.132619,0.013473,0.00232002,-6.24933,-0.0362854,-0.0455028,0.579335,-5.91685,0.0220519,0.0556158
52318,0.132619,0.013473,0.00232002,-6.24933,-0.0375026,-0.0511293,0.588735,-6.00481,0.0127756,0.0440955
52326,0.132619,0.013473,0.00232002,-6.24933,-0.0373789,-0.0886774,0.575765,-5.99864,0.0216415,0.0365736
52334,0.132619,0.013473,0.00232002,-6.24933,-0.0377513,-0.145837,0.578454,-5.9719,0.034339,0.0300105
52342,0.132619,0.013473,0.00232002,-6.26466,-0.0388425,-0.210331,0.568211,-5.97602,0.0494899,0.017295
52350,0.132619,0.013473,0.00232002,-6.26466,-0.0416156,-0.0493781,0.565454,-5.90606,0.0353184,0.0484249
52358,0.132619,0.013473,0.00232002,-6.26466,-0.042334,-0.0190176,0.554495,-5.9791,0.0244332,0.0421503
52366,0.132619,0.013473,0.00232002,-6.26466,-0.0420779,0.2188,0.573255,-5.90606,-0.00972736,0.094276
52374,0.132619,0.013473,0.00232002,-6.26466,-0.038988,0.0927706,0.581075,-6.05216,-0.0115621,0.0612904
52381,0.132619,0.013473,0.00232002,-6.26466,-0.038075,0.0995594,0.591626,-5.9179,0.00018173,0.0812727
52390,0.132619,0.013473,0.00232002,-6.26466,-0.0347539,-0.0316628,0.602611,-6.01871,0.00371679,0.0535957
52398,0.132619,0.013473,0.00232002,-6.24933,-0.0361231,-0.267865,0.588967,-6.01202,0.0458994,0.00863557
52406,0.132619,0.013473,0.00232002,-6.24933,-0.0384027,-0.283477,0.577585,-6.04803,0.0492016,-0.00324874
52414,0.132619,0.013473,0.00232002,-6.14198,-0.0416554,-0.242148,0.550718,-5.92868,0.0525563,-0.00369764
52422,0.132619,0.013473,0.00232002,-6.14198,-0.0424415,-0.026076,0.551959,-5.9575,0.0142468,0.0284513
52430,0.132619,0.013473,0.00232002,-6.14198,-0.0420927,-0.0463099,0.527527,-5.86131,0.0323882,0.0329565
52438,0.132619,0.013473,0.00232002,-6.14198,-0.0425879,0.125138,0.540842,-5.87674,0.00070537,0.0615108
52446,0.132619,0.013473,0.00232002,-6.14198,-0.0404749,0.150729,0.547885,-5.83765,-0.00296016,0.0745121
52453,0.132619,0.013473,0.00232002,-6.14198,-0.0395767,0.10809,0.550044,-5.68591,0.0204029,0.0868513
52462,0.132619,0.013473,0.00232002,-6.14198,-0.037729,0.0869107,0.573501,-5.83456,8.44e-05,0.0720471
52470,0.132619,0.013473,0.00232002,-6.12664,-0.0381332,-0.0712353,0.567981,-5.77284,0.0331906,0.049406
52478,0.132619,0.013473,0.00232002,-6.12664,-0.0393895,-0.0363359,0.579306,-5.92355,0.00955068,0.037559
52486,0.132619,0.013473,0.00232002,-6.12664,-0.0388323,-0.0507124,0.574974,-5.87313,0.0178059,0.0411683
52494,0.132619,0.013473,0.00232002,-6.12664,-0.0385481,-0.0833658,0.576212,-5.95286,0.0132309,0.0268285
52502,0.132619,0.013473,0.00232002,-6.11897,-0.0382596,-0.200992,0.552185,-5.90915,0.0404361,0.00777791
52510,0.132619,0.013473,0.00232002,-6.11897,-0.0392485,-0.0934827,0.556753,-5.86954,0.0279158,0.02996
52518,0.132619,0.013473,0.00232002,-6.11131,-0.0396148,-0.160221,0.533882,-5.87931,0.0411001,0.0124477
52525,0.132619,0.013473,0.00232002,-6.11131,-0.0405269,-0.0527169,0.538639,-5.91017,0.0201412,0.0264349
52534,0.132619,0.013473,0.00232002,-6.11131,-0.0412532,-0.151697,0.507232,-5.85514,0.0490753,0.0101784
52542,0.132619,0.013473,0.00232002,-6.01929,-0.0425077,0.0894425,0.508708,-5.78775,0.00771137,0.0464398
52550,0.132619,0.013473,0.00232002,-6.01929,-0.0418467,0.0366837,0.502099,-5.78261,0.0172147,0.0380001
52558,0.132619,0.013473,0.00232002,-5.86593,-0.041149,0.109692,0.50581,-5.70391,-0.005231,0.0430537
52566,0.132619,0.013473,0.00232002,-5.86593,-0.0413352,0.0996985,0.502365,-5.59023,0.0106294,0.0539938
52574,0.132619,0.013473,0.0046398,-5.57455,-0.0397286,0.204013,0.529352,-5.62881,-0.0517044,0.0387842
52582,0.132619,0.013473,0.0046398,-5.57455,-0.037313,0.0946412,0.534202,-5.49301,-0.0216799,0.04052
52590,0.132619,0.013473,0.0046398,-5.43653,-0.0366803,0.0815761,0.547364,-5.36905,-0.0241597,0.0396517
52597,0.132619,0.013473,0.0046398,-5.43653,-0.036264,-0.0123392,0.541883,-5.28727,0.00134537,0.0331726
52606,0.132619,0.013473,0.0046398,-5.43653,-0.0363184,-0.0679031,0.551014,-5.38808,-0.00272527,0.0132781
52614,0.132619,0.013473,0.0046398,-5.35219,-0.0356072,-0.213649,0.522607,-5.32945,0.021986,-0.0179367
52622,0.132619,0.013473,0.0046398,-5.35219,-0.03839,-0.135176,0.515768,-5.20188,0.0289368,0.00542131
52630,0.132619,0.013473,0.0046398,-5.35219,-0.036155,-0.0488592,0.51766,-5.16844,0.0152084,0.0273369
52638,0.132619,0.013473,0.0046398,-5.35219,-0.037615,-0.106392,0.486918,-5.05116,0.0455099,0.0245197
52646,0.132619,0.013473,0.0046398,-5.35219,-0.037133,0.124598,0.514736,-5.32535,-0.0302009,0.0362189
52654,0.132619,0.013473,0.0046398,-5.35219,-0.0372754,0.00552353,0.486236,-5.12781,0.0175841,0.0346971
52662,0.132619,0.013473,0.0046398,-5.24483,-0.0372114,0.154043,0.518579,-5.05631,-0.0165383,0.0608101
52670,0.132619,0.013473,0.0046398,-5.24483,-0.0348134,0.00165315,0.506202,-5.15866,-0.00465131,0.0243362
52678,0.132619,0.013473,0.0046398,-5.24483,-0.0349293,-0.0888201,0.493759,-5.0131,0.0296492,0.0241176
52686,0.132619,0.013473,0.0765569,-4.91512,-0.0360495,-0.149172,0.488498,-5.02545,0.0133046,-0.0404879
52694,0.132619,0.013473,0.0765569,-4.91512,-0.0366487,-0.0537727,0.482886,-5.00385,0.00177268,-0.0235776
52702,0.132619,0.013473,0.301587,-3.95663,-0.0361996,0.00297917,0.470868,-4.81507,-0.0607708,-0.142569
52710,0.132619,0.013473,0.301587,-3.95663,-0.0364262,0.0350875,0.456557,-4.35676,-0.00947203,-0.0855933
52718,0.132619,0.013473,0.429182,-2.88313,-0.0357581,0.33645,0.465498,-3.86502,-0.109752,-0.121726
52726,0.132619,0.013473,0.429182,-2.88313,-0.0326327,0.468623,0.469387,-3.49055,-0.0924367,-0.050204
52734,0.132619,0.013473,0.429182,-2.18535,-0.0294004,0.509666,0.464896,-2.98338,-0.125404,-0.0620559
52741,0.132619,0.013473,0.429182,-2.18535,-0.0235128,0.836973,0.527789,-2.90982,-0.189157,0.0201438
52750,0.132619,0.013473,0.429182,-2.18535,-0.0162737,0.566305,0.52626,-2.34298,-0.0872135,0.0512887
52758,0.132619,0.013473,0.283028,-1.33421,-0.011224,0.846856,0.622143,-2.31109,-0.276115,0.0477605
52766,0.132619,0.013473,0.283028,-1.33421,-0.00350307,0.540704,0.651257,-1.99167,-0.203042,0.0492761
52774,0.132619,0.013473,0.0835165,-0.843468,0.00046549,0.454748,0.731957,-1.2808,-0.213427,0.11145
52782,0.132619,0.013473,0.0835165,-0.843468,0.00435547,0.209868,0.788352,-0.856956,-0.137338,0.134729
52790,0.132619,0.013473,0.00232002,-0.00766826,0.00579921,-0.0363308,0.85813,-0.692874,-0.201993,0.0401198
52798,0.132619,0.013473,0.00232002,-0.00766826,0.0052123,-0.260154,0.886696,-0.386294,-0.132587,0.0423982
52806,0.132619,0.013473,-0.0023199,-0.00766826,0.00368139,-0.386325,0.931517,0.0977246,-0.060519,0.0841823
52813,0.132619,0.013473,-0.0023199,-0.00766826,0.00042439,-0.433896,0.966029,0.201631,-0.0414855,0.0894869
52822,0.132619,0.013473,-0.0023199,-0.00766826,-0.00328346,-0.503188,0.954551,-0.163579,-0.0661062,0.0276353
52830,0.132619,0.013473,-0.0046398,-0.00766826,-0.00764976,-0.549495,0.943096,-0.375503,-0.0759469,-0.0127537
52838,0.132619,0.013473,-0.0046398,-0.00766826,-0.0106515,-0.69088,0.916143,-0.426932,-0.0501295,-0.0511859
52846,0.132619,0.013473,-0.0046398,0.0153358,-0.0156106,-0.865139,0.863398,-0.360071,-0.00080156,-0.0907679
52854,0.132619,0.013473,-0.0046398,0.0153358,-0.0224577,-0.925103,0.821089,-0.565813,0.00109237,-0.141514
52862,0.132619,0.013473,-0.0046398,0.0153358,-0.0299178,-0.778696,0.769384,-0.722701,-0.0230885,-0.154039
52870,0.132619,0.013473,-0.0046398,0.0153358,-0.0361119,-0.659609,0.681851,-0.585871,-0.00410266,-0.140467
52878,0.132619,0.013473,-0.0046398,0.0153358,-0.0412691,-0.425248,0.6295,-0.549867,-0.0231793,-0.112264
52885,0.132619,0.013473,-0.0046398,0.0153358,-0.044043,-0.251364,0.584975,-0.581246,-0.0447067,-0.0976631
52894,0.132619,0.013473,-0.0046398,0.0153358,-0.0456315,-0.170888,0.543991,-0.634739,-0.0555629,-0.099218
52902,0.132619,0.013473,-0.00695971,0.0153358,-0.047078,-0.0312639,0.527921,-0.522605,-0.0612807,-0.0666317
52910,0.132619,0.013473,-0.00695971,0.0153358,-0.0472205,0.174576,0.525762,-0.42796,-0.0836828,-0.0212681
52918,0.132619,0.013473,-0.00695971,0.0153358,-0.0454616,0.320064,0.536689,-0.417672,-0.110742,0.0086874
52926,0.132619,0.013473,-0.00695971,0.0153358,-0.0427202,0.283696,0.536014,-0.294737,-0.093884,0.0207779
52934,0.132619,0.013473,-0.00695971,0.0153358,-0.0401361,0.209085,0.544903,-0.155856,-0.0701361,0.0296256
52942,0.132619,0.013473,-0.00695971,0.0153358,-0.0384264,0.109961,0.556191,-0.0900161,-0.0501207,0.0248781
52950,0.132619,0.013473,-0.00695971,0.0153358,-0.0372351,0.083445,0.567682,-0.0138893,-0.0402425,0.032908
52957,0.132619,0.013473,-0.00695971,0.0153358,-0.0365234,0.0298883,0.565064,-0.00874553,-0.0313194,0.0250472
52966,0.132619,0.013473,-0.00695971,0.0153358,-0.0362266,0.0313541,0.561437,-0.0185176,-0.0325368,0.0239664
52974,0.132619,0.013473,-0.00695971,0.0153358,-0.0356211,0.0186969,0.557862,0.00514348,-0.0279071,0.0248921
52982,0.132619,0.013473,-0.00695971,0.0153358,-0.0351917,0.0460089,0.564018,0.0678977,-0.026617,0.0385046
52990,0.132619,0.013473,-0.00695971,0.0153358,-0.0348299,0.106229,0.57294,0.0606964,-0.0393737,0.04975
52998,0.132619,0.013473,-0.00695971,0.0153358,-0.034094,0.123816,0.573266,0.047837,-0.044864,0.052269
53006,0.132619,0.013473,-0.00695971,0.0153358,-0.032946,0.0857118,0.574299,-0.0282899,-0.0492631,0.0386004
53014,0.132619,0.013473,-0.00695971,0.0153358,-0.032244,0.00150926,0.57275,-0.0252044,-0.0356648,0.0254858
53022,0.132619,0.013473,-0.00927961,0.0153358,-0.0323059,-0.022605,0.578404,0.0534959,-0.0235961,0.031921
53029,0.132619,0.013473,-0.00927961,0.0153358,-0.0324426,-0.0106142,0.581298,0.0545237,-0.0257397,0.0343418
53038,0.132619,0.013473,-0.00927961,0.0153358,-0.0325229,0.00990306,0.580381,0.0113165,-0.0339718,0.0324357
53046,0.132619,0.013473,-0.00695971,0.0153358,-0.0324092,0.0695903,0.585468,0.0102875,-0.0445815,0.0429852
53054,0.132619,0.013473,-0.00695971,0.0153358,-0.0317564,0.0633296,0.585963,0.002572,-0.0454286,0.0420018
53062,0.132619,0.013473,-0.00927961,0.0153358,-0.031215,0.0505383,0.592944,0.0730401,-0.0372468,0.0504241
53070,0.132619,0.013473,-0.00927961,0.0153358,-0.0308882,0.0208283,0.597306,0.0951597,-0.0308695,0.0491835
53078,0.132619,0.013473,-0.00695971,0.0153358,-0.0305015,-0.0333971,0.593628,0.0241754,-0.0298159,0.0312152
53086,0.132619,0.013473,-0.00695971,0.0153358,-0.0304667,-0.0142114,0.593944,0.0113162,-0.0346077,0.0330302
53094,0.132619,0.013473,-0.00695971,0.0153358,-0.0302594,-0.0182083,0.591123,0.0483511,-0.029412,0.0365672
53101,0.132619,0.013473,-0.00695971,0.0153358,-0.0302124,0.0437444,0.600107,-0.00462927,-0.0474281,0.0422665
53110,0.132619,0.013473,-0.00695971,0.0153358,-0.0294263,0.0325533,0.601193,0.06944,-0.0380998,0.0503999
53118,0.132619,0.013473,-0.00695971,0.0153358,-0.0291093,-0.0216713,0.605107,0.0138878,-0.0367283,0.0357565
53126,0.132619,0.013473,-0.00695971,0.0153358,-0.0291845,-0.0036849,0.610524,-0.072013,-0.0505984,0.0294039
53134,0.132619,0.013473,-0.00927961,0.0153358,-0.0291504,-0.0440551,0.607281,0.0540088,-0.0289601,0.0373909
53142,0.132619,0.013473,-0.00927961,0.0153358,-0.0292097,-0.0940166,0.602709,0.0380642,-0.0217454,0.0262599
53150,0.132619,0.013473,-0.00927961,0.0153358,-0.0298143,-0.0255335,0.614254,-0.103903,-0.0508471,0.0220503
53158,0.132619,0.013473,-0.00927961,0.0153358,-0.0298893,-0.0449869,0.604366,0.0236614,-0.0308987,0.032152
53166,0.132619,0.013473,-0.00927961,0.0153358,-0.0307331,-0.0734992,0.600844,-0.0776707,-0.0363911,0.0136262
53173,0.132619,0.013473,-0.00927961,0.0153358,-0.0303689,0.0878428,0.622601,0.0288043,-0.0545742,0.0574383
53182,0.132619,0.013473,-0.00927961,0.0153358,-0.0294594,0.0240266,0.61557,0.0277775,-0.0442394,0.0466807
53190,0.132619,0.013473,-0.00695971,0.0153358,-0.0293455,-0.0397931,0.62037,-0.0457793,-0.0428904,0.0277777
53198,0.132619,0.013473,-0.00695971,0.0153358,-0.0294787,-0.113601,0.617992,-0.0236609,-0.0274925,0.0173751
53206,0.132619,0.013473,-0.00927961,0.0153358,-0.0302532,-0.0877552,0.616387,0.0416639,-0.0231294,0.0284986
53214,0.132619,0.013473,-0.00927961,0.0153358,-0.0306188,-0.104809,0.607178,-0.00977355,-0.0243811,0.0175506
53222,0.132619,0.013473,-0.00695971,0.0153358,-0.0312898,-0.0403259,0.613245,0.0293191,-0.0301395,0.0327224
53230,0.132619,0.013473,-0.00695971,0.0153358,-0.030569,0.00284299,0.613465,0.00051441,-0.0417084,0.0376334
53238,0.132619,0.013473,-0.00927961,0.0153358,-0.0305354,0.0221597,0.618851,-0.0133738,-0.0478315,0.0405379
53245,0.132619,0.013473,-0.00927961,0.0153358,-0.0303196,-0.0194068,0.617356,0.0442364,-0.0342131,0.0403955
53254,0.132619,0.013473,-0.00927961,0.0153358,-0.0305477,-0.0461871,0.620476,0.0606968,-0.0280269,0.0380107
53262,0.132619,0.013473,-0.00695971,0.0230037,-0.0309322,-0.0547126,0.622199,0.0169741,-0.0320465,0.0298681
53270,0.132619,0.013473,-0.00695971,0.0230037,-0.0315298,-0.13452,0.608061,0.0416643,-0.0128213,0.0162191
53278,0.132619,0.013473,-0.00927961,0.0230037,-0.0325626,-0.0893563,0.608235,-0.0257187,-0.0272274,0.0148413
53286,0.132619,0.013473,-0.00927961,0.0230037,-0.0332076,0.00323906,0.614063,-0.0216033,-0.0421344,0.030991
53294,0.132778,0.0134114,-0.00927961,0.0153358,-0.0332725,0.0454757,0.618137,0.0545236,-0.039888,0.0486522
53302,0.132778,0.013393,-0.00927961,0.0153358,-0.0329087,0.055868,0.625977,0.0298339,-0.0463063,0.0492805
53310,0.132619,0.0134467,-0.00927961,0.0153358,-0.0325712,0.03988,0.624817,-0.0246906,-0.050305,0.0403647
53317,0.132619,0.0134617,-0.00927961,0.0153358,-0.0322352,-0.0603097,0.621476,-0.0308623,-0.0343381,0.0226422
53326,0.132619,0.0134682,-0.00927961,0.0153358,-0.0326826,-0.0796273,0.619253,0.0303485,-0.0229453,0.0256326
53334,0.132778,0.0134093,-0.00927961,0.0153358,-0.0332168,-0.0665694,0.617669,-0.0581258,-0.0345951,0.0164303
53342,0.132778,0.0133921,-0.00927961,0.0153358,-0.0334449,-0.0262028,0.617496,-0.0720124,-0.0426043,0.0212807
53350,0.132619,0.0134463,-0.00927961,0.0153358,-0.0331254,0.0424081,0.618864,-0.083844,-0.0559755,0.0320711
53358,0.132619,0.0134615,-0.00927961,0.0153358,-0.0324334,0.0809147,0.62988,0.0252032,-0.0522071,0.0541706
53366,0.132778,0.0134065,-0.00927961,0.0230037,-0.0317112,0.024959,0.635693,0.0149179,-0.0470337,0.044602
53374,0.132778,0.0133909,-0.00927961,0.0230037,-0.0316081,0.0229597,0.648772,-0.0442367,-0.0559412,0.0395433
53382,0.132619,0.0134458,-0.00927961,0.0230037,-0.0315202,-0.148641,0.629055,0.0210898,-0.0167106,0.0152121
53389,0.132619,0.0134613,-0.00927961,0.0230037,-0.0327059,-0.154372,0.63155,-0.0673823,-0.0249403,0.00252341
53398,0.132619,0.013468,-0.00927961,0.0230037,-0.0334804,-0.0391255,0.634147,0.0236604,-0.0326501,0.0320611
53406,0.132619,0.0134709,-0.00927961,0.0153358,-0.0327511,0.0252253,0.634574,0.0303478,-0.0426832,0.0456882
53414,0.132619,0.0134721,-0.00927961,0.0153358,-0.0325494,0.0143012,0.635301,-0.00977293,-0.045993,0.0394977
53422,0.132619,0.0134726,-0.00927961,0.0230037,-0.031738,-0.0198068,0.63732,-0.0246903,-0.0444415,0.032524
53430,0.132619,0.0134729,-0.00927961,0.0230037,-0.0318922,0.0140339,0.650529,-0.00514451,-0.0496591,0.0424568
53438,0.132619,0.013473,-0.00927961,0.0230037,-0.0322381,-0.0595093,0.649562,0.0642972,-0.0286644,0.0376258
53446,0.132619,0.013473,-0.00927961,0.0230037,-0.0333006,-0.145975,0.646141,0.0185183,-0.0177272,0.0156049
53454,0.132619,0.013473,-0.00927961,0.0153358,-0.0343918,-0.119867,0.639302,-0.0925866,-0.0316423,0.0051661
53461,0.132619,0.013473,-0.00927961,0.0153358,-0.0352348,-0.0944181,0.633176,0.0288054,-0.0194114,0.0216534
53470,0.132619,0.013473,-0.00927961,0.0153358,-0.0361753,-0.023007,0.638163,0.122937,-0.0196622,0.0443265
53478,0.132619,0.013473,-0.00927961,0.0153358,-0.0362838,0.0718553,0.646812,0.0169745,-0.0491055,0.049044
53486,0.132619,0.013473,-0.00927961,0.0153358,-0.0356766,0.0893091,0.649596,-0.00874474,-0.0563082,0.0502379
53494,0.132619,0.013473,-0.00695971,0.0153358,-0.0348713,0.00963609,0.648122,-0.00462946,-0.0431192,0.0377905
53502,0.132619,0.013473,-0.00695971,0.0153358,-0.0346326,-0.061508,0.652328,0.0663546,-0.0239747,0.0351903
53510,0.132619,0.013473,-0.00695971,0.0153358,-0.0350068,-0.155836,0.646438,0.0699549,-0.00646362,0.0182374
53518,0.132619,0.013473,-0.00695971,0.0153358,-0.0361923,-0.176889,0.63637,-0.0879592,-0.0183362,-0.00724747
53526,0.132619,0.013473,-0.00695971,0.0153358,-0.0374173,-0.0421916,0.640568,-0.102361,-0.0413414,0.0127482
53533,0.132619,0.013473,-0.00695971,0.0153358,-0.0373921,0.07465,0.640941,0.114706,-0.0352138,0.0582127
53542,0.132619,0.013473,-0.00695971,0.0153358,-0.0364857,0.120753,0.6477,0.0797284,-0.0493036,0.0641998
53550,0.132619,0.013473,-0.00695971,0.0153358,-0.0351742,0.126747,0.659839,0.00102887,-0.0633229,0.0596811
53558,0.132619,0.013473,-0.00695971,0.0153358,-0.0342052,-0.00835243,0.653334,-0.032921,-0.0452258,0.0331751
53566,0.132619,0.013473,-0.00695971,0.0153358,-0.0341767,-0.100544,0.651585,-0.0236602,-0.0286207,0.0184771
53574,0.132619,0.013473,-0.00695971,0.0153358,-0.0349698,-0.1112,0.649294,0.0956748,-0.0113376,0.0293184
53582,0.132619,0.013473,-0.00927961,0.0153358,-0.0357052,-0.101211,0.644008,-0.0488662,-0.0285372,0.0124187
53590,0.132619,0.013473,-0.00927961,0.0153358,-0.0362124,-0.029399,0.644786,-0.137339,-0.0502871,0.0134948
53598,0.132778,0.0134114,-0.00927961,0.0153358,-0.0364693,0.0599983,0.649749,-0.0097731,-0.0505746,0.0441618
53605,0.132778,0.013393,-0.00927961,0.0153358,-0.0358346,0.112626,0.65774,0.0900158,-0.0497217,0.0670336
53614,0.132778,0.0133851,-0.00927961,0.0153358,-0.0347989,0.0682566,0.66705,-0.00977366,-0.0570572,0.0506963
53622,0.132778,0.0133817,-0.00695971,0.0153358,-0.0342519,-0.0552473,0.668599,-0.0951599,-0.0472798,0.0203978
53630,0.132778,0.0133802,-0.00695971,0.0153358,-0.0346895,-0.141178,0.663571,-0.0843582,-0.030357,0.00575735
53638,0.132619,0.0134412,-0.00695971,0.0153358,-0.0357579,-0.204195,0.649322,0.0612108,0.00103895,0.00851416
53646,0.132619,0.0134593,-0.00695971,0.0153358,-0.0375044,-0.127861,0.64834,0.103904,-0.00399669,0.0238323
53654,0.132778,0.0134056,-0.00695971,0.0153358,-0.0383353,-0.0282042,0.649871,-0.00102842,-0.0320193,0.0273757
53662,0.132778,0.0133905,-0.00695971,0.0153358,-0.0386626,0.116488,0.659855,-0.0977326,-0.0685742,0.0415387
53670,0.132619,0.0134456,-0.00695971,0.0153358,-0.0377745,0.126349,0.659684,0.0987607,-0.0481873,0.0675756
53677,0.132619,0.0134612,-0.00695971,0.0153358,-0.0367894,0.0420114,0.663692,0.0648124,-0.0401922,0.0513266
53686,0.132619,0.013468,-0.00695971,0.0153358,-0.0364842,-0.0196741,0.673645,-0.0432077,-0.044714,0.0301694
53694,0.132619,0.0134708,-0.00695971,0.0153358,-0.0365067,-0.180882,0.658794,-0.0452653,-0.0158263,0.00030614
53702,0.132619,0.0134721,-0.00695971,0.0153358,-0.0379253,-0.194606,0.652295,-0.024177,-0.00807432,-0.00253128
53710,0.132619,0.0134726,-0.00695971,0.0153358,-0.0394031,-0.122132,0.652045,0.0349773,-0.0110416,0.0145967
53718,0.132619,0.0134729,-0.00695971,0.0153358,-0.0400172,0.0677223,0.66524,0.0550394,-0.0414089,0.0502664
53726,0.132619,0.013473,-0.00695971,0.0153358,-0.0389129,0.121419,0.665527,-0.0678987,-0.06635,0.0463673
53734,0.132619,0.013473,-0.00695971,0.0153358,-0.0374544,0.0821138,0.670396,-0.00617253,-0.0553505,0.0498412
53742,0.132619,0.013473,-0.00695971,0.0153358,-0.0370526,-0.0425922,0.671224,0.129624,-0.0193766,0.0455503
53749,0.132619,0.013473,-0.00695971,0.0153358,-0.0373963,-0.076831,0.676841,0.038063,-0.0249265,0.0293793
53758,0.132619,0.013473,-0.00695971,0.0153358,-0.037925,-0.145709,0.668936,-0.0442373,-0.0212165,0.00602549
53766,0.132619,0.013473,-0.00927961,0.0153358,-0.038774,-0.151572,0.659021,-0.0298348,-0.0161609,0.0043384
53774,0.132619,0.013473,-0.00927961,0.0153358,-0.0395965,-0.0802965,0.658115,0.0678979,-0.0151776,0.0266281
53782,0.132619,0.013473,-0.00695971,0.0153358,-0.0402457,0.036014,0.663257,0.135795,-0.0260082,0.0538284
53790,0.132619,0.013473,-0.00695971,0.0153358,-0.0396497,0.124748,0.670766,0.027262,-0.0555218,0.0580012
53798,0.132619,0.013473,-0.00927961,0.0153358,-0.0385473,0.136205,0.679695,-0.044752,-0.0692282,0.0547611
53806,0.132619,0.013473,-0.00927961,0.0153358,-0.0375846,-0.0332646,0.673799,0.0874438,-0.0259502,0.0421882
53814,0.132619,0.013473,-0.00927961,0.0153358,-0.0378399,-0.0842904,0.68193,0.0581253,-0.0219116,0.0310717
53821,0.132619,0.013473,-0.00927961,0.0153358,-0.0386435,-0.16476,0.669327,-0.0411508,-0.0171479,0.00261742
53830,0.132619,0.013473,-0.00927961,0.0153358,-0.0396144,-0.180484,0.660342,-0.042179,-0.0118861,-0.00294995
53838,0.132619,0.013473,-0.00695971,0.0153358,-0.0410438,-0.0962853,0.653286,-0.0925883,-0.028303,0.00180074
53846,0.132619,0.013473,-0.00695971,0.0153358,-0.0415409,0.0795817,0.664391,0.0812721,-0.0380557,0.0531187
53854,0.132619,0.013473,-0.00695971,0.0153358,-0.0409171,0.113158,0.666889,0.0529805,-0.048209,0.056705
53862,0.132619,0.013473,-0.00695971,0.0153358,-0.0399508,0.140603,0.681279,-0.147627,-0.0800351,0.0412771
53870,0.132619,0.013473,-0.00695971,0.0153358,-0.039305,0.0558649,0.677983,-0.0174889,-0.0510191,0.0427326
53878,0.132619,0.013473,-0.00695971,0.0153358,-0.0391636,-0.137583,0.66845,0.0787001,-0.00629966,0.0201339
53886,0.132619,0.013473,-0.00927961,0.0153358,-0.0401276,-0.145175,0.667773,-0.0138894,-0.0148942,0.0068359
53893,0.132619,0.013473,-0.00927961,0.0153358,-0.0407676,-0.132922,0.661322,0.0108018,-0.0120981,0.00989503
53902,0.132619,0.013473,-0.00927961,0.0153358,-0.041713,-0.0769675,0.650638,-0.0154315,-0.0214409,0.0131997
53910,0.132619,0.013473,-0.00927961,0.0153358,-0.0419216,0.0571985,0.657391,0.0570959,-0.0359208,0.0452032
53918,0.132619,0.013473,-0.00927961,0.0153358,-0.0413825,0.150862,0.670761,0.129109,-0.045843,0.0724168
53926,0.132619,0.013473,-0.00695971,0.0153358,-0.0404154,0.132342,0.677327,0.0360062,-0.0557556,0.0603114
53934,0.132619,0.013473,-0.00695971,0.0153358,-0.0397443,-0.00861846,0.670018,-0.011316,-0.0377251,0.0306932
53942,0.132619,0.013473,-0.00695971,0.0153358,-0.0398399,-0.111603,0.667044,0.0272622,-0.0155102,0.0172711
53950,0.132619,0.013473,-0.00695971,0.0153358,-0.0407995,-0.17622,0.657487,0.0452647,0.0001697,0.0056299
53958,0.132619,0.013473,-0.00695971,0.0153358,-0.0419954,-0.111871,0.656964,-0.0617252,-0.0213718,0.00209378
53965,0.132619,0.013473,-0.00695971,0.0153358,-0.0428742,-0.0292682,0.651122,-0.0745846,-0.0344241,0.012347
53974,0.132619,0.013473,-0.00695971,0.0153358,-0.0425992,0.0911731,0.658715,-0.0344631,-0.0512473,0.0390102
53982,0.132619,0.013473,-0.00695971,0.0153358,-0.0419537,0.138473,0.665181,0.0694411,-0.0487659,0.0612085
53990,0.132619,0.013473,-0.00695971,0.0153358,-0.0408148,0.100367,0.67368,0.00154226,-0.0533849,0.0497026
53998,0.132619,0.013473,-0.00927961,0.0153358,-0.0400488,-0.00408804,0.671738,-0.118306,-0.0513151,0.0190381
54006,0.132619,0.013473,-0.00927961,0.0153358,-0.0402147,-0.141848,0.662067,-0.0869309,-0.0230137,-0.00227767
54014,0.132778,0.0134114,-0.00927961,0.0153358,-0.0412934,-0.199935,0.649694,-0.00411553,-0.00019871,-0.0057373
54022,0.132778,0.013393,-0.00927961,0.0153358,-0.0422716,-0.074167,0.650904,0.0180029,-0.017315,0.0169668
54030,0.132619,0.0134467,-0.00927961,0.0153358,-0.0421847,0.0405436,0.651628,-0.010803,-0.0399097,0.0331103
54037,0.132619,0.0134617,-0.00927961,0.0153358,-0.0418774,0.135276,0.656978,-0.0735561,-0.0642585,0.042938
54046,0.132619,0.0134682,-0.00927961,0.0153358,-0.0407971,0.166718,0.666849,0.0375492,-0.0594376,0.0644553
54054,0.132778,0.0134093,-0.00695971,0.0153358,-0.0396867,0.0706575,0.67159,0.101847,-0.0379204,0.057842
54062,0.132778,0.0133921,-0.00695971,0.0153358,-0.0393228,-0.0381945,0.678819,-0.0437227,-0.0387188,0.0239558
54070,0.132778,0.0133847,-0.00927961,0.0153358,-0.039669,-0.183014,0.660854,-0.0498941,-0.0124597,-0.00420528
54078,0.132778,0.0133816,-0.00927961,0.0153358,-0.0408337,-0.191275,0.651967,0.0113165,-0.00085339,-0.00140625
54086,0.132619,0.0134418,-0.00695971,0.0153358,-0.0414494,-0.072837,0.655619,-0.0360064,-0.0253824,0.0123018
54094,0.132619,0.0134596,-0.00695971,0.0153358,-0.0415705,0.0894386,0.663335,0.00720138,-0.048224,0.0458323
54102,0.132619,0.0134673,-0.00695971,0.0153358,-0.0408614,0.145666,0.667854,-0.0252041,-0.063046,0.0531861
54109,0.132619,0.0134705,-0.00695971,0.0153358,-0.0399611,0.0445428,0.661092,0.0298346,-0.0399513,0.0427897
54118,0.132619,0.013472,-0.00695971,0.0153358,-0.0395674,0.0432101,0.677571,0.0257183,-0.043407,0.0452772
54126,0.132619,0.0134726,-0.00695971,0.0153358,-0.0391418,-0.029801,0.677909,0.0108021,-0.0337076,0.0318423
54134,0.132619,0.0134728,-0.00695971,0.0153358,-0.0391859,-0.169559,0.665879,-0.00874476,-0.0108622,0.00395791
54142,0.132619,0.0134729,-0.00695971,0.0153358,-0.0401858,-0.133319,0.666861,-0.0437216,-0.0197733,0.00470784
54150,0.132619,0.013473,-0.00695971,0.0153358,-0.0409158,-0.0885566,0.659098,0.0529807,-0.0135423,0.021427
54158,0.132619,0.013473,-0.00695971,0.0153358,-0.0417161,0.0105679,0.664196,0.105962,-0.0234427,0.0441222
54166,0.132619,0.013473,-0.00695971,0.0153358,-0.0415154,0.0933058,0.670638,0.00977325,-0.0497944,0.0480229
54174,0.132619,0.013473,-0.00695971,0.0153358,-0.0403054,0.127814,0.679213,-0.0560667,-0.066309,0.0491195
54181,0.132619,0.013473,-0.00695971,0.0153358,-0.0391599,0.00257416,0.674942,0.0334342,-0.0359006,0.0394749
54190,0.132619,0.013473,-0.00695971,0.0153358,-0.0393121,-0.12426,0.67239,0.0761278,-0.0092404,0.022506
54198,0.132619,0.013473,-0.00927961,0.0153358,-0.040442,-0.160497,0.670395,-0.0288046,-0.0141046,0.00247484
54206,0.132619,0.013473,-0.00927961,0.0153358,-0.041726,-0.148911,0.65681,-0.118307,-0.0226213,-0.0101206
54214,0.132619,0.013473,-0.00927961,0.0153358,-0.0426272,-0.037931,0.653847,-0.0555526,-0.0318976,0.014291
54222,0.132619,0.013473,-0.00927961,0.0153358,-0.0424592,0.105562,0.660075,0.0689261,-0.0422331,0.0544467
54230,0.132619,0.013473,-0.00927961,0.0153358,-0.0415815,0.162054,0.668283,0.0272616,-0.0590257,0.0615894
54238,0.132619,0.013473,-0.00927961,0.0153358,-0.0404989,0.132608,0.674057,-0.0946458,-0.0709269,0.0446421
54246,0.132619,0.013473,-0.00927961,0.0153358,-0.0395752,-0.0286024,0.66762,-0.0848727,-0.0433014,0.0188487
54253,0.132619,0.013473,-0.00927961,0.0153358,-0.0399371,-0.0978797,0.665951,0.0133741,-0.0194841,0.018007
54262,0.132619,0.013473,-0.00927961,0.0153358,-0.040623,-0.103608,0.663258,0.0411499,-0.013888,0.0189396
54270,0.132619,0.013473,-0.00927961,0.0153358,-0.0413583,-0.125062,0.649428,-0.0390927,-0.0165538,0.00258703
54278,0.132619,0.013473,-0.00927961,0.0153358,-0.0416408,0.00150611,0.655251,-0.0817867,-0.0431005,0.0194355
54286,0.132619,0.013473,-0.00927961,0.0153358,-0.0417025,0.108094,0.659119,0.0401219,-0.0469305,0.0523637
54294,0.132619,0.013473,-0.00927961,0.0153358,-0.0408545,0.164186,0.671221,0.154826,-0.0458182,0.0785106
54302,0.132619,0.013473,-0.00695971,0.0153358,-0.0396435,0.0725217,0.675015,0.00102881,-0.0506542,0.0467838
54310,0.132619,0.013473,-0.00695971,0.0153358,-0.0391474,-0.0456567,0.673976,-0.0889873,-0.0421978,0.016729
54318,0.132619,0.013473,-0.00695971,0.0153358,-0.0395864,-0.173821,0.662406,-0.00874445,-0.00904738,0.00212401
54325,0.132619,0.013473,-0.00695971,0.0153358,-0.0408722,-0.16463,0.657252,0.0344633,-0.0028853,0.00616922
54334,0.132619,0.013473,-0.00695971,0.0153358,-0.0416593,-0.0912218,0.656311,-0.0123442,-0.0193295,0.0117751
54342,0.132619,0.013473,-0.00695971,0.0153358,-0.0423435,0.0465391,0.660857,-0.0802431,-0.0499436,0.0267692
54350,0.132619,0.013473,-0.00695971,0.0153358,-0.0417055,0.136073,0.66855,-0.0354916,-0.0616156,0.0492859
54358,0.132619,0.013473,-0.00695971,0.0153358,-0.0402754,0.142202,0.676524,0.0390926,-0.057088,0.0624042
54366,0.132619,0.013473,-0.00695971,0.0153358,-0.039355,-0.00408681,0.679774,0.0169748,-0.0372471,0.0369136
54374,0.132619,0.013473,-0.00927961,0.0153358,-0.0396432,-0.120395,0.678743,-0.108021,-0.0325213,0.00232686
54382,0.132619,0.013473,-0.00927961,0.0153358,-0.0404816,-0.20393,0.668891,-0.0401217,-0.00794703,-0.00648627
54390,0.132619,0.013473,-0.00695971,0.0153358,-0.041694,-0.197138,0.657173,0.0828147,0.00933679,0.00524981
54397,0.132619,0.013473,-0.00695971,0.0153358,-0.0424778,-0.0829618,0.661591,0.0709839,-0.0106068,0.0227352
54406,0.132619,0.013473,-0.00695971,0.0153358,-0.0426811,0.0925043,0.669314,0.0128596,-0.0474862,0.0464234
54414,0.132778,0.0134114,-0.00927961,0.0153358,-0.0418625,0.13381,0.66845,-0.0205748,-0.0596917,0.050875
54422,0.132778,0.013393,-0.00927961,0.0153358,-0.040792,0.0811813,0.674061,0.0416642,-0.0460331,0.051765
54430,0.132778,0.0133851,-0.00927961,0.0153358,-0.0401642,-0.0392591,0.67697,0.134252,-0.0165027,0.0437345
54438,0.132778,0.0133817,-0.00927961,0.0153358,-0.0406312,-0.128524,0.674801,-0.0241755,-0.0193899,0.00894801
54446,0.132778,0.0133802,-0.00695971,0.0153358,-0.0415114,-0.185943,0.661717,-0.121394,-0.0176426,-0.0159358
54454,0.132778,0.0133796,-0.00695971,0.0153358,-0.0425896,-0.142248,0.655711,0.0282908,-0.00480157,0.00667135
54462,0.132778,0.0133793,-0.00695971,0.0153358,-0.043647,-0.00089157,0.657545,0.0668688,-0.022529,0.0339176
54469,0.132778,0.0133792,-0.00695971,0.0153358,-0.0434298,0.0769189,0.656796,-0.0313765,-0.0471791,0.0356162
54478,0.132778,0.0133792,-0.00695971,0.0153358,-0.0429377,0.147532,0.67014,-0.00462926,-0.0585547,0.053528
54486,0.132778,0.0133792,-0.00695971,0.0153358,-0.0420556,0.112357,0.672841,-0.0514381,-0.0598857,0.0437167
54494,0.132778,0.0133792,-0.00695971,0.0153358,-0.0414288,0.00963469,0.671911,0.0396071,-0.0328429,0.0378628
54502,0.132778,0.0133791,-0.00695971,0.0153358,-0.0414264,-0.0876219,0.669541,0.00257123,-0.0207095,0.0166924
54510,0.132778,0.0133791,-0.00695971,0.0153358,-0.042154,-0.187812,0.658292,-0.0977315,-0.0131128,-0.0148957
54518,0.132778,0.0133791,-0.00695971,0.0153358,-0.0422594,-0.0964177,0.657009,-0.0488662,-0.0221517,0.00595269
54526,0.132778,0.0133791,-0.00695971,0.0153358,-0.041804,0.00244102,0.657407,0.0586391,-0.026558,0.0360414
54534,0.132778,0.0133791,-0.00695971,0.0153358,-0.0414743,0.0965024,0.663404,0.0725274,-0.0419291,0.0549813
54541,0.132778,0.0133791,-0.00695971,0.0153358,-0.0402943,0.129146,0.677728,0.0349772,-0.0556895,0.059996
54550,0.132778,0.0133791,-0.00695971,0.0153358,-0.0400038,0.0270899,0.670013,-0.026233,-0.0451435,0.0346959
54558,0.132778,0.0133791,-0.00695971,0.0153358,-0.0397772,-0.109472,0.6622,-0.00411503,-0.0189567,0.0133188
54566,0.132778,0.0133791,-0.00695971,0.0153358,-0.0407036,-0.125323,0.660545,0.092588,-0.00339735,0.0205239
54574,0.132619,0.0134407,-0.00695971,0.0153358,-0.0413672,-0.158633,0.648386,-0.0421792,-0.0108473,-0.0039496
54582,0.132619,0.0134591,-0.00695971,0.0153358,-0.0415286,-0.126127,0.643341,-0.0879582,-0.0205669,-0.00494082
54590,0.132619,0.0134671,-0.00695971,0.0153358,-0.0414035,-0.0608453,0.633522,-0.0324055,-0.0234148,0.0112184
54598,0.132619,0.0134705,-0.00695971,0.0153358,-0.0415849,0.0169629,0.634987,0.0262329,-0.0293768,0.0312547
54606,0.132778,0.0134103,-0.00695971,0.0153358,-0.0394361,0.00523877,0.629835,0.00565972,-0.0320309,0.0290489
54613,0.132778,0.0133926,-0.00695971,0.0153358,-0.037805,-0.118132,0.609566,-0.120364,-0.0254317,-0.00764917
54622,0.132778,0.0133849,-0.00695971,0.0153358,-0.0377682,-0.330232,0.570969,-0.110591,0.0170269,-0.0484468
54630,0.132778,0.0133816,-0.00695971,0.0153358,-0.0400145,-0.457065,0.525711,-0.0416643,0.0565348,-0.0721071
54638,0.132778,0.0133802,-0.00695971,0.0153358,-0.0427906,-0.455062,0.467712,-0.0329199,0.0703793,-0.0839286
54646,0.132778,0.0133796,-0.00695971,0.0153358,-0.0473293,-0.323434,0.408862,-0.15277,0.0501442,-0.0916584
54654,0.132778,0.0133793,-0.00695971,0.0153358,-0.0485285,-0.149573,0.35105,-0.121393,0.0359798,-0.0695848
54662,0.132778,0.0133792,-0.00695971,0.0153358,-0.0483766,0.0552014,0.308702,-0.0678976,0.0149543,-0.035314
54670,0.132778,0.0133792,-0.00695971,0.0153358,-0.047291,0.216145,0.283738,-0.0509231,-0.00719029,-0.00866174
54678,0.132778,0.0133792,-0.00927961,0.0153358,-0.0436776,0.273037,0.264453,-0.116763,-0.0266038,-0.00456562
54685,0.132778,0.0133792,-0.00927961,0.0153358,-0.0401991,0.20695,0.24239,-0.127565,-0.0181439,-0.0157264
54694,0.132778,0.0133791,-0.00927961,0.0153358,-0.0355972,0.101831,0.231036,-0.0622393,0.00248939,-0.0211912
54702,0.132778,0.0133791,-0.00695971,0.0153358,-0.033636,-0.0520492,0.202101,-0.0627537,0.0302743,-0.0495379
54710,0.132778,0.0133791,-0.00695971,0.0153358,-0.0328833,-0.0696361,0.189121,-0.0838434,0.0317613,-0.0560466
54718,0.132778,0.0133791,-0.00695971,0.0153358,-0.0318481,-0.111338,0.14877,-0.116764,0.0398709,-0.0720422
54726,0.132778,0.0133791,-0.00695971,0.0153358,-0.0306454,-0.0288676,0.125013,-0.0498947,0.0362564,-0.0523785
54734,0.132778,0.0133791,-0.00695971,0.0153358,-0.0293749,-0.0231386,0.0943002,-0.00051522,0.0443272,-0.0487606
54742,0.132778,0.0133791,-0.00695971,0.0153358,-0.0274213,0.0440097,0.068357,-0.029834,0.0312403,-0.0423647
54750,0.132778,0.0133791,-0.00927961,0.0153358,-0.0260667,0.0869109,0.0423006,-0.130137,0.0142745,-0.0489276
54757,0.132778,0.0133791,-0.00927961,0.0153358,-0.0243483,0.0895766,0.0227541,-0.179517,0.00880371,-0.0550813
54766,0.132778,0.0133791,-0.00927961,0.0153358,-0.0230894,0.0428111,0.00620396,-0.0601821,0.0315533,-0.0497872
54774,0.132778,0.0133791,-0.00695971,0.0153358,-0.0211502,0.0176307,-0.00789567,-0.0529811,0.036558,-0.0531415
54782,0.132778,0.0133791,-0.00695971,0.0153358,-0.0213855,0.0039082,-0.0202788,-0.154826,0.0291488,-0.0698188
54790,0.132778,0.0133791,-0.00695971,0.0153358,-0.0205044,-0.0327306,-0.0334377,-0.166144,0.0347976,-0.0782383
54798,0.132778,0.0133791,-0.00695971,0.0153358,-0.0206344,-0.0643065,-0.0433824,-0.112134,0.0481746,-0.0789652
54806,0.132778,0.0133791,-0.00927961,0.0153358,-0.0202851,-0.109605,-0.0610916,-0.0771564,0.0618023,-0.0844703
54814,0.132778,0.0133791,-0.00927961,0.0153358,-0.0202976,-0.110005,-0.0821889,-0.0992744,0.0626767,-0.0905692
54822,0.132778,0.0133791,-0.00927961,0.0153358,-0.0205185,-0.0508497,-0.110293,-0.139395,0.0529734,-0.0901633
54829,0.132778,0.0133791,-0.00927961,0.0153358,-0.0203058,0.0717227,-0.125449,-0.108533,0.0384432,-0.0679755
54838,0.132778,0.0133791,-0.00927961,0.0153358,-0.0196357,0.133144,-0.139217,-0.0447511,0.0370763,-0.0513587
54846,0.132619,0.0134407,-0.00695971,0.0153358,-0.0184579,0.17218,-0.148598,-0.128594,0.0210764,-0.0550161
54854,0.132619,0.0134591,-0.00695971,0.0153358,-0.0164411,0.19909,-0.152467,-0.0781851,0.0204405,-0.0423709
54862,0.132619,0.0134671,-0.00695971,0.0153358,-0.0148182,0.165118,-0.161384,-0.0874438,0.0241976,-0.0483934
54870,0.132619,0.0134705,-0.00695971,0.0153358,-0.0132768,0.1434,-0.167703,-0.0704693,0.0287033,-0.048936
54878,0.132778,0.0134103,-0.00695971,0.0153358,-0.011802,0.142734,-0.17218,-0.0426931,0.0307043,-0.0443601
54886,0.132778,0.0133926,-0.00695971,0.0153358,-0.0105307,0.101566,-0.186996,-0.0781845,0.0339624,-0.056103
54894,0.132778,0.0133849,-0.00927961,0.0153358,-0.0095212,0.164718,-0.189441,-0.0406356,0.0265444,-0.0396154
54901,0.132778,0.0133816,-0.00927961,0.0153358,-0.00776603,0.169915,-0.194442,-0.0864149,0.0186813,-0.0425171
54910,0.132778,0.0133802,-0.00927961,0.0153358,-0.00635465,0.187368,-0.193809,-0.0102876,0.0227182,-0.0285106
54918,0.132619,0.0134412,-0.00695971,0.0153358,-0.00473978,0.166184,-0.198445,0.0180032,0.0285546,-0.0277112
54926,0.132619,0.0134593,-0.00695971,0.0153358,-0.0033925,0.150995,-0.203595,-0.0169743,0.0259555,-0.0333954
54934,0.132619,0.0134671,-0.00695971,0.0153358,-0.00217115,0.163385,-0.203456,-0.0190316,0.0219738,-0.0298438
54942,0.132619,0.0134705,-0.00695971,0.0153358,-0.0008952,0.13221,-0.211158,0.00360082,0.0292993,-0.0319034
54950,0.132778,0.0134103,-0.00695971,0.0153358,0.0001298,0.175509,-0.209157,0.0293194,0.0233392,-0.0197248
54958,0.132778,0.0133926,-0.00695971,0.0153358,0.00161514,0.163918,-0.211073,0.0216039,0.0225972,-0.0208172
54966,0.132619,0.0134465,-0.00927961,0.0153358,0.00278494,0.174044,-0.208947,0.061725,0.0234084,-0.0121105
54973,0.132619,0.0134616,-0.00927961,0.0153358,0.00417401,0.170713,-0.208113,0.0252045,0.0176381,-0.0149505
54982,0.132619,0.0134681,-0.00927961,0.0153358,0.00550537,0.165917,-0.204854,0.0318912,0.0168787,-0.0126073
54990,0.132778,0.0134093,-0.00695971,0.0153358,0.00681944,0.133141,-0.205206,-0.0236613,0.0143018,-0.0232223
54998,0.132778,0.0133921,-0.00695971,0.0153358,0.00785598,0.0933055,-0.206323,0.0267474,0.0255777,-0.0227046
55006,0.132778,0.0133847,-0.00695971,0.0153358,0.00860243,0.0838464,-0.207008,0.00308621,0.0234335,-0.0261631
55014,0.132778,0.0133816,-0.00695971,0.0153358,0.00922928,0.0580002,-0.212931,0.0205751,0.0298671,-0.0285381
55022,0.132778,0.0133802,-0.00927961,0.0153358,0.00966621,0.076919,-0.21118,-0.00205736,0.0228078,-0.0267569
55030,0.132778,0.0133796,-0.00927961,0.0153358,0.0101618,0.103166,-0.210859,-0.00977306,0.0168161,-0.0224996
55038,0.132778,0.0133793,-0.00695971,0.0153358,0.0111416,0.116221,-0.211874,-0.020575,0.0125717,-0.0207512
55045,0.132778,0.0133792,-0.00695971,0.0153358,0.0119372,0.089709,-0.208418,0.0221182,0.020348,-0.0185182
55054,0.132778,0.0133792,-0.00695971,0.0153358,0.0126573,0.0536023,-0.210973,0.0102875,0.0243615,-0.0254232
55062,0.132778,0.0133792,-0.00695971,0.0153358,0.0127777,0.0234932,-0.211321,-0.00874441,0.027,-0.0326436
55070,0.132778,0.0133792,-0.00695971,0.0153358,0.012927,0.0534698,-0.211299,0.0149169,0.0246112,-0.0245766
55078,0.132778,0.0133791,-0.00695971,0.0153358,0.0134729,0.0564009,-0.215135,-0.0334346,0.018297,-0.029659
55086,0.132778,0.0133791,-0.00695971,0.0153358,0.0139371,0.102899,-0.210182,-0.00822993,0.0121258,-0.0173902
55094,0.132619,0.0134407,-0.00695971,0.0153358,0.0146972,0.0681252,-0.212703,-0.0380636,0.0138276,-0.0262295
55102,0.132619,0.0134591,-0.00695971,0.0153358,0.0151624,0.0635956,-0.212209,0.00668689,0.0191585,-0.0210042
55110,0.132619,0.0134671,-0.00695971,0.0153358,0.0156282,0.0476069,-0.213622,-0.0529805,0.0143757,-0.0303476
55117,0.132619,0.0134705,-0.00695971,0.0153358,0.0159102,0.0321528,-0.218412,0.00051443,0.0236282,-0.0270159
55126,0.132619,0.0134719,-0.00695971,0.0153358,0.0161802,0.0269562,-0.218282,-0.022118,0.0214331,-0.0301748
55134,0.132778,0.013411,-0.00695971,0.0153358,0.0163168,0.0344177,-0.21907,-5e-08,0.0226549,-0.0261503
55142,0.132778,0.0133928,-0.00695971,0.0153358,0.0166102,0.0602644,-0.215804,0.00205772,0.0176603,-0.0205867
55150,0.132778,0.013385,-0.00695971,0.0153358,0.0170729,0.0548023,-0.216137,0.0282906,0.0210646,-0.0178084
55158,0.132778,0.0133817,-0.00695971,0.0153358,0.017508,0.0653273,-0.212717,0.031377,0.0185315,-0.0145081
55166,0.132619,0.0134418,-0.00927961,0.0153358,0.0179198,0.0165648,-0.215429,-0.00720088,0.0216519,-0.0268773
55174,0.132619,0.0134596,-0.00927961,0.0153358,0.0180211,0.0208282,-0.213222,0.0226325,0.023991,-0.0221599
55182,0.132778,0.0134057,-0.00927961,0.0153358,0.0180677,-0.0228716,-0.220376,0.00977327,0.0307287,-0.0320645
55189,0.132778,0.0133906,-0.00927961,0.0153358,0.0179346,-0.00821624,-0.221971,0.039607,0.0322337,-0.026485
55198,0.132778,0.0133841,-0.00927961,0.0153358,0.0180412,-0.0175422,-0.221698,-0.00411508,0.0284285,-0.0330266
55206,0.132778,0.0133813,-0.00927961,0.0153358,0.0177088,0.026157,-0.223908,0.0149169,0.0242365,-0.024215
55214,0.132778,0.0133801,-0.00927961,0.0153358,0.0182231,0.0330851,-0.224481,-0.0617252,0.0134424,-0.0314834
55222,0.132619,0.0134411,-0.00695971,0.0153358,0.0184305,0.0413458,-0.222111,-0.0226326,0.0164765,-0.0252629
55230,0.132619,0.0134593,-0.00695971,0.0153358,0.0187486,0.0274893,-0.225456,-0.0210894,0.019081,-0.0275409
55238,0.132619,0.0134671,-0.00927961,0.0153358,0.0187207,0.0112353,-0.224863,-0.0416643,0.0189291,-0.0322951
55246,0.132619,0.0134705,-0.00927961,0.0153358,0.0187661,0.0119018,-0.227725,-0.0293195,0.0206765,-0.0311262
55254,0.132778,0.0134103,-0.00927961,0.0153358,0.0187564,-0.00661729,-0.229068,-0.0447505,0.0220711,-0.0362186
55261,0.132778,0.0133926,-0.00927961,0.0153358,0.0186366,0.0627959,-0.226123,0.0154312,0.0173236,-0.0170564
55270,0.132778,0.0133849,-0.00927961,0.0153358,0.0191192,0.0372155,-0.226333,-0.0102875,0.017894,-0.0237679
55278,0.132778,0.0133816,-0.00927961,0.0153358,0.019306,0.0847792,-0.220417,0.0128594,0.0115248,-0.0117874
55286,0.132778,0.0133802,-0.00927961,0.0153358,0.0200049,0.0733217,-0.219982,-0.00154311,0.0106958,-0.0143824
