TimeStamp,h_d,v_d,psi_dot_d,theta_hat,theta_dot_hat,v_hat,psi_dot_hat,tau_RW,tau_LW
477,0.145794,0.00122106,0.003663,-0.0374033,-0.0310126,-0.00236436,0.00128566,0.0114672,-0.0122907
489,0.145794,0.00122106,0.003663,-0.0370931,-0.0219019,-0.00167105,-0.00030956,0.0181341,-0.0190554
501,0.145794,0.00122106,0.003663,-0.0323873,-0.0142257,-0.00307955,-0.00589101,0.0169177,-0.0181134
513,0.145794,0.00122106,0.003663,-0.0316665,-0.0100818,-0.00342914,-0.0227816,0.0125347,-0.0147109
525,0.145794,0.00122106,0.003663,-0.0349312,-0.0222051,-0.00368775,-0.021249,0.0100653,-0.0154821
537,0.145794,0.00122106,0.003663,-0.0332766,-0.0253902,-0.00193725,-0.0032322,0.0135768,-0.0187885
549,0.145794,0.00122106,0.003663,-0.0285636,-0.0243541,-0.00185702,0.00601094,0.0142599,-0.015968
561,0.145794,0.00122106,0.003663,-0.0248196,-0.0258421,-0.00197008,0.00854301,0.0117329,-0.0115733
573,0.145794,0.00122106,0.003663,-0.0295285,-0.024872,-0.00189603,0.00381087,0.00947153,-0.00876513
585,0.145794,0.00122106,0.003663,-0.0404427,-0.0195914,-0.00149417,-0.00393118,0.0122485,-0.0125317
597,0.145794,0.00122106,0.003663,-0.0440121,-0.0190062,-0.00144981,-0.0046668,0.0187183,-0.0206622
609,0.145794,0.00122106,0.003663,-0.0426595,-0.0123363,-0.00094225,0.00199166,0.0211144,-0.0232578
621,0.145794,0.00122106,0.003663,-0.041878,-0.00490259,-0.00104005,0.00372064,0.0201894,-0.0210026
633,0.145794,0.00122106,0.003663,-0.0431645,-0.00102613,-0.00074492,0.002749,0.0191827,-0.0196267
645,0.145794,0.00122106,0.003663,-0.0445946,0.00717747,0.00054421,0.00384696,0.0196387,-0.0202796
657,0.145794,0.00122106,0.003663,-0.0457863,0.00981277,0.00074582,0.00118032,0.0199328,-0.0203579
669,0.145794,0.00122106,0.003663,-0.0488343,0.0143911,0.00109449,0.00312564,0.0202718,-0.0212237
681,0.145794,0.00122106,0.003663,-0.0489436,0.0216062,0.00164402,0.00508463,0.0221909,-0.022803
693,0.145794,0.00122106,0.003663,-0.0544905,0.0299487,0.00227977,0.00758974,0.0217915,-0.0220041
705,0.145794,0.00122106,0.00549451,-0.0558708,0.0301537,0.00229554,0.00361326,0.0250044,-0.0251525
717,0.145794,0.00122106,0.00549451,-0.0513621,0.0322045,0.00245147,-0.00010049,0.025574,-0.0265129
729,0.145794,0.00122106,0.003663,-0.0520924,0.0423993,0.00256373,-0.00493916,0.0220163,-0.0232376
741,0.145794,0.00122106,0.003663,-0.0500789,0.0509932,0.00321815,-0.0044784,0.0211839,-0.0233217
753,0.145794,0.00122106,0.003663,-0.0452979,0.0540185,0.00411369,0.0015988,0.0190118,-0.021
765,0.145794,0.00122106,0.003663,-0.0385659,0.0524819,0.00399775,0.00285006,0.0158806,-0.016604
777,0.145794,0.00122106,0.003663,-0.0328301,0.0506409,0.00385784,0.00224081,0.0113883,-0.011763
789,0.145794,0.00122106,0.003663,-0.0288867,0.05403,0.00411609,-0.00016371,0.00744708,-0.00785012
801,0.145794,0.00122106,0.003663,-0.02408,0.0577483,0.00439986,-0.00127695,0.00411419,-0.00490576
813,0.145794,0.00122106,0.003663,-0.0183006,0.0552143,0.00420734,-0.00065968,0.00026647,-0.00118166
825,0.145794,0.00122106,0.003663,-0.00974714,0.0519171,0.0039565,0.00267072,-0.00352228,0.00281432
837,0.145794,0.00122106,0.003663,-0.0127382,0.0447642,0.00341207,0.00511982,-0.00893645,0.00900367
849,0.145794,0.00122106,0.003663,-0.00694842,0.047913,0.00498013,0.0153862,-0.00592405,0.00639234
861,0.145794,0.00122106,0.003663,0.00069102,0.0568805,0.00499983,0.0107482,-0.00943661,0.0119978
873,0.145794,0.00122106,0.003663,0.00258797,0.0580153,0.00442235,0.00295894,-0.016049,0.0178675
885,0.145794,0.00122106,0.003663,0.00446121,0.0512728,0.00457302,-0.00330699,-0.0181866,0.0185335
897,0.145794,0.00122106,0.003663,0.00235376,0.0533002,0.00539217,0.00288953,-0.0195603,0.0187075
909,0.145794,0.00122106,0.003663,0.00722951,0.0549158,0.00551564,0.00375749,-0.0177211,0.0180387
921,0.145794,0.00122106,0.003663,0.00834359,0.0634236,0.00616371,0.00435399,-0.0212307,0.0218021
933,0.145794,0.00122106,0.003663,0.00833813,0.0665965,0.00507683,0.00294834,-0.0227463,0.0234783
945,0.145794,0.00122106,0.003663,0.00577519,0.075022,0.00571767,0.00181979,-0.0230433,0.0235107
957,0.145794,0.00122106,0.003663,0.00960563,0.079959,0.00609395,0.00231726,-0.0221212,0.0223546
969,0.145794,0.00122106,0.003663,0.00938704,0.0827208,0.00630495,0.00232984,-0.0252354,0.025644
981,0.145794,0.00122106,0.003663,0.00515855,0.0869288,0.00662555,0.00133733,-0.0253351,0.0257513
993,0.145794,0.00122106,0.003663,0.00813533,0.0908043,0.0069206,0.00157724,-0.0228333,0.0230008
1005,0.145794,0.00122106,0.003663,0.00627745,0.103878,0.00791648,0.00057806,-0.0252713,0.0255468
1017,0.145794,0.00122106,0.003663,0.00618677,0.11093,0.0084544,0.00055084,-0.0252645,0.0253574
1029,0.145794,0.00122106,0.003663,0.00978101,0.115554,0.00880694,0.000963,-0.0258552,0.0259635
1041,0.145794,0.00122106,0.003663,0.0114468,0.120733,0.00920162,0.0015292,-0.0287818,0.029044
1053,0.145794,0.00122106,0.003663,0.0181695,0.128489,0.00979265,0.00136486,-0.0303824,0.030798
1065,0.145794,0.00122106,0.003663,0.023018,0.133919,0.0108715,0.00511984,-0.0358648,0.0363847
1077,0.145794,0.00122106,0.003663,0.0304995,0.135423,0.0109872,-0.00230224,-0.0394916,0.0408363
1089,0.145794,0.00122106,0.003663,0.0351922,0.12869,0.0124684,0.00174938,-0.0456376,0.0456769
1101,0.145794,0.00122106,0.003663,0.0342947,0.113198,0.0146124,-0.00128951,-0.0481303,0.0490135
1113,0.145794,0.00122106,0.003663,0.0446793,0.0909462,0.0175709,0.0023769,-0.0466825,0.0469217
1125,0.145794,0.00122106,0.003663,0.0414793,0.0248026,0.023169,-0.0150399,-0.0520574,0.0531173
1137,0.145794,0.00122106,0.003663,0.0247981,-0.0455367,0.0324352,-0.00832691,-0.0464083,0.0438633
1149,0.145794,0.00122106,0.003663,0.0376834,-0.110308,0.0467786,0.0343685,-0.0288894,0.0271743
1161,0.145794,0.00122106,0.003663,0.0486217,-0.14869,0.0591496,0.110229,-0.0297274,0.0363142
1173,0.145794,0.00122106,0.003663,0.0921731,-0.176007,0.062395,0.0976094,-0.0280191,0.0493593
1185,0.145794,0.00122106,0.003663,0.0525132,-0.191641,0.066526,0.0487108,-0.0580052,0.0775549
1197,0.145794,0.00122106,0.003663,-0.0315486,-0.280121,0.0717495,0.0982693,-0.0338118,0.0432154
1209,0.145794,0.00122106,0.003663,-0.0104354,-0.350112,0.0929972,0.109515,0.0374091,-0.0200771
1221,0.145794,0.00122106,0.003663,0.0175231,-0.381299,0.105923,0.0591909,0.0274745,-0.00778258
1233,0.145794,0.00122106,0.003663,0.0199747,-0.183958,0.0877359,0.0181426,0.00422775,0.00613743
1245,0.145794,0.00122106,0.003663,-0.0113709,0.00083622,0.0579394,-0.0319243,-0.0165102,0.0195349
1257,0.145794,0.00122106,0.003663,-0.00432016,0.0984897,0.0454176,-0.0227322,-0.0120532,0.00537104
1269,0.145794,0.00122106,0.003663,0.0186065,0.086706,0.0471701,0.00529321,-0.0232292,0.0187058
1281,0.145794,0.00122106,0.003663,0.0307603,0.024774,0.0417928,-0.0232222,-0.0358701,0.0371117
1293,0.145794,0.00122106,0.003663,0.0130639,-0.0223731,0.0328831,0.00845794,-0.0414383,0.0371741
1305,0.145794,0.00122106,0.003663,0.0149579,0.0148953,0.0377064,0.0719128,-0.0209817,0.0223857
1317,0.145794,0.00122106,0.003663,0.0199231,0.0482933,0.0462328,0.151678,-0.0197901,0.0336104
1329,0.145794,0.00122106,0.003663,0.0786307,0.0437192,0.0465563,0.123759,-0.0192135,0.0486494
1341,0.145794,0.00122106,0.003663,0.0568233,-0.0647214,0.0495987,0.092453,-0.0630443,0.0880463
1353,0.145794,0.00122106,0.003663,-0.00340876,-0.190185,0.054665,0.113544,-0.0417543,0.0600262
1365,0.145794,0.00122106,0.003663,-0.0340643,-0.326345,0.0735337,0.0820996,0.0130255,0.00795798
1377,0.145794,0.00366306,0.003663,-0.0355622,-0.325349,0.0975422,0.101749,0.0416098,-0.0275841
1389,0.145794,0.00366306,0.003663,0.0482565,-0.151825,0.0934959,-0.0348601,0.0421604,-0.0243077
1401,0.145794,0.00366306,0.003663,0.0392357,0.0904671,0.0587893,-0.0743342,-0.0446974,0.0380518
1413,0.145794,0.00366306,0.003663,0.0443935,0.235382,0.0226208,-0.0674115,-0.0593952,0.045622
1425,0.145794,0.00366306,-0.00183159,0.0533228,0.146448,0.0231339,0.0517591,-0.0706422,0.0597102
1437,0.145794,0.00366306,-0.00183159,0.106923,0.011998,0.0361521,0.0117212,-0.0578532,0.0698345
1449,0.145794,0.00366306,-0.00183159,0.0732891,-0.173106,0.0499781,0.050398,-0.089442,0.0942012
1461,0.145794,0.00366306,0.003663,0.0157753,-0.356197,0.0652816,0.0329391,-0.0480562,0.0581454
1473,0.145794,0.00366306,0.003663,-0.06514,-0.525182,0.106244,0.120421,0.00496232,0.00028311
1485,0.145794,0.00366306,0.003663,-0.0663627,-0.557288,0.131066,0.0905898,0.0810205,-0.0606297
1497,0.145794,0.00366306,0.003663,-0.0266871,-0.356168,0.127795,0.0138396,0.0793034,-0.0647406
1509,0.145794,0.00366306,0.003663,-0.0591281,-0.031681,0.0800751,-0.0990838,0.027027,-0.026043
1521,0.145794,0.00366306,0.003663,-0.0123658,0.254095,0.0267131,-0.0837353,0.0160094,-0.036518
1533,0.145794,0.00366306,0.003663,-0.00590456,0.315103,0.01737,-0.0477421,-0.0346538,0.0186281
1545,0.145794,0.00366306,0.003663,-0.00427424,0.293668,0.00908697,-0.0836387,-0.0400005,0.0312004
1557,0.145794,0.00366306,0.003663,-0.0400224,0.174589,0.00865234,-0.0194525,-0.0420136,0.0262215
1569,0.145794,0.00366306,0.003663,-0.0275542,0.0899789,0.0135023,-0.00204143,-0.00035043,-0.00398828
1581,0.145794,0.00366306,0.003663,-0.0222324,0.0936995,0.022428,0.0165076,-0.00074178,-0.00026803
1593,0.145794,0.00366306,0.003663,-0.0189061,0.188081,0.0236406,0.0426972,-0.00388219,0.00657571
1605,0.145794,0.00366306,0.003663,0.0213929,0.252823,0.0225915,0.0292609,-0.0118311,0.0199262
1617,0.145794,0.00366306,0.003663,0.0211235,0.225849,0.0172176,0.0109641,-0.047011,0.0533699
1629,0.145794,0.00122106,0.003663,0.01995,0.150538,0.0114788,0.00071969,-0.0460202,0.0487517
1641,0.145794,0.00122106,0.003663,0.0187237,0.0558181,0.0182159,-0.00149933,-0.0392243,0.0397188
1653,0.145794,0.00122106,0.003663,0.00282276,-0.0135095,0.0315467,0.0487456,-0.0311727,0.0309489
1665,0.145794,0.00122106,0.003663,0.0322824,-0.041515,0.0460343,0.0451053,-0.0104547,0.0194981
1677,0.145794,0.00122106,0.003663,0.0433416,-0.0641833,0.0576109,0.0749199,-0.0306465,0.0394228
1689,0.145794,0.00122106,0.003663,0.0582843,-0.0483256,0.0521817,0.0904865,-0.0347585,0.0494372
1701,0.145794,0.00122106,0.003663,0.0396206,-0.0864939,0.0492727,0.0869903,-0.044623,0.0625938
1713,0.145794,0.00122106,0.003663,-0.00013997,-0.192134,0.0558437,0.0422809,-0.0282488,0.0451136
1725,0.145794,0.00122106,0.003663,-0.0348524,-0.266667,0.0800721,0.0660573,0.00384062,0.00342197
1737,0.145794,0.00122106,0.003663,-0.015961,-0.260491,0.0885315,0.0351963,0.0346593,-0.023549
1749,0.145794,0.00366306,0.003663,-0.0116666,-0.131663,0.075757,-0.018314,0.0172035,-0.0117122
1761,0.145794,0.00366306,0.003663,-0.0170626,0.0273762,0.0526399,-0.0456484,-0.00074668,-0.00367367
1773,0.145794,0.00366306,0.003663,-0.0125003,0.191096,0.0325304,-0.0155186,-0.0108711,0.00150502
1785,0.145794,0.00366306,0.003663,-0.00233749,0.259025,0.0210772,0.00151142,-0.0231354,0.0201145
1797,0.145794,0.00366306,0.003663,-0.00329619,0.207604,0.0151609,0.0327528,-0.033324,0.0339416
1809,0.145794,0.00122106,0.003663,0.00146122,0.159904,0.0128529,0.0311644,-0.0248993,0.0313771
1821,0.145794,0.00122106,0.003663,-0.0102108,0.113018,0.0159265,0.0553356,-0.0241336,0.0302356
1833,0.145794,0.00122106,0.003663,-0.019494,0.142618,0.022833,0.0716692,-0.00984943,0.0202952
1845,0.145794,0.00122106,0.003663,-0.00514853,0.189576,0.0284064,0.0681039,-0.00489207,0.0184437
1857,0.145794,0.00122106,0.003663,0.0180892,0.241105,0.0263552,0.0345411,-0.0199083,0.0331616
1869,0.145794,0.00122106,0.003663,0.00777823,0.23044,0.0175698,0.00600795,-0.0437704,0.0510731
1881,0.145794,0.00122106,0.003663,0.0135623,0.205259,0.0156453,-0.00899145,-0.0374987,0.0390653
1893,0.145794,0.00122106,0.003663,0.0236933,0.181822,0.0224975,0.00819134,-0.0407143,0.0393988
1905,0.145794,0.00122106,0.003663,0.0274997,0.203195,0.0274528,0.0157116,-0.0448739,0.0469917
1917,0.145794,0.00122106,0.003663,0.0282485,0.210211,0.0293196,0.0587109,-0.0491312,0.0528402
1929,0.145794,0.00122106,0.003663,0.0403638,0.188644,0.0329943,0.106224,-0.0462588,0.0583149
1941,0.145794,0.00122106,0.003663,0.0256808,0.107006,0.0427291,0.147673,-0.0487223,0.070105
1953,0.145794,0.00122106,0.003663,0.0294585,0.00881587,0.0538635,0.159874,-0.0283233,0.0572489
1965,0.145794,0.00122106,0.003663,0.0625657,-0.0633076,0.0742948,0.0895501,-0.0225373,0.0536136
1977,0.145794,0.00122106,0.003663,0.0163215,-0.0987866,0.0842355,0.0685715,-0.0486132,0.0664768
1989,0.145794,0.00122106,0.003663,-0.0182445,-0.132391,0.0903185,0.0569045,-0.0159311,0.0288881
2001,0.145952,0.00122106,0.003663,0.0163076,-0.145161,0.105961,0.0452516,0.00958827,0.00045332
2013,0.145952,0.00122106,0.003663,0.0196412,-0.119226,0.111273,-0.0295784,-0.0164222,0.0247817
2025,0.145952,0.00122106,0.003663,0.0189071,-0.0171886,0.0971181,-0.0556248,-0.0287859,0.0228291
2037,0.145952,0.00122106,0.003663,0.0247206,0.031768,0.0848887,-0.0349273,-0.0381114,0.0273843
2049,0.145952,0.00122106,0.003663,0.0229864,0.0351328,0.0891233,-0.0570842,-0.0431883,0.0366779
2061,0.146032,0.00122106,0.003663,0.0158146,0.00094802,0.0944973,0.0242587,-0.0448418,0.0340407
2073,0.146111,0.00122106,0.003663,0.0520291,-0.0356927,0.0970261,-0.0505877,-0.0295156,0.0342249
2085,0.146111,0.00122106,0.003663,0.0315033,-0.0818134,0.103486,-0.00091776,-0.0595399,0.050283
2097,0.14619,0.00122106,0.003663,-0.00451529,-0.0928815,0.105304,0.0290048,-0.0369331,0.0368103
2109,0.147302,0.00122106,0.003663,0.022265,-0.106946,0.121509,0.0214063,-0.00807869,0.0131166
2121,0.147302,0.00122106,0.003663,0.0221506,-0.100048,0.135337,0.0231628,-0.0283655,0.0323789
2133,0.147302,0.00122106,0.003663,0.0196894,-0.0819028,0.126098,-0.0518608,-0.0301288,0.0345322
2145,0.147381,0.00122106,0.003663,0.0261411,-0.0675585,0.121202,0.0281667,-0.0363886,0.0262903
2157,0.147381,0.00122106,0.003663,0.0426766,-0.0838394,0.119958,-0.0423895,-0.0339677,0.0394741
2169,0.14746,0.00122106,0.003663,0.0600088,-0.0881117,0.118305,-0.0343236,-0.0510806,0.0431788
2181,0.148571,0.00122106,0.003663,0.0627895,-0.0800811,0.128884,-0.108827,-0.0624986,0.0564399
2193,0.148571,0.00122106,0.003663,0.0451479,-0.183934,0.130286,-0.0812007,-0.0736234,0.0532681
2205,0.148571,0.00122106,0.00549451,0.0331974,-0.260079,0.149074,-0.10681,-0.0498591,0.0338822
2217,0.148651,0.00122106,0.00549451,-0.022798,-0.437524,0.16149,-7.201e-05,-0.0391856,0.0178716
2229,0.148651,0.00122106,0.00549451,0.0131889,-0.394094,0.170782,-0.0768237,0.0250555,-0.0271961
2241,0.149683,0.00122106,0.00549451,-0.00440111,-0.363766,0.18772,0.0267099,-0.0128608,-0.00334939
2253,0.149841,0.00122106,0.003663,0.0341493,-0.174779,0.171555,-0.106802,0.00546441,-0.00148123
2265,0.149841,0.00122106,0.003663,0.0559347,-0.099164,0.150061,0.0341439,-0.0498789,0.0292615
2277,0.150873,0.00122106,0.003663,0.0970722,-0.0231116,0.13723,-0.0769905,-0.0565931,0.0637661
2289,0.150952,0.00122106,0.003663,0.0577657,-0.0929958,0.13722,0.0197277,-0.102407,0.0890177
2301,0.150952,0.00122106,0.003663,0.01131,-0.219972,0.162101,-0.0485904,-0.0589117,0.0633295
2313,0.151111,0.00122106,0.003663,-0.0653335,-0.48833,0.189526,-0.00269552,-0.0237877,0.0138904
2325,0.15119,0.00122106,0.003663,-0.0845522,-0.560526,0.199989,-0.0119201,0.0561223,-0.0592124
2337,0.15119,0.00122106,0.003663,-0.0589633,-0.466728,0.207138,0.0439081,0.0742049,-0.0796
2349,0.152063,0.00122106,0.003663,-0.0234232,-0.182077,0.186958,0.0328358,0.0524149,-0.046292
2361,0.152063,0.00122106,0.003663,-0.0116347,0.186275,0.136584,-0.0640305,0.00285733,0.00256643
2373,0.152063,0.00122106,0.003663,-0.0446114,0.346116,0.0915762,-0.0438298,-0.04225,0.0301911
2385,0.152143,0.00122106,0.003663,-0.0589095,0.450109,0.0688957,-0.137258,-0.0262101,0.0178903
2397,0.152222,0.00122106,0.003663,0.066473,0.411793,0.0706123,0.0121452,-0.0319246,0.00558966
2409,0.152222,0.00122106,0.003663,0.0916967,0.349614,0.0705368,-0.111362,-0.104303,0.108838
2421,0.152381,0.00122106,0.003663,0.149875,0.247478,0.0627593,-0.00479902,-0.112793,0.110013
2433,0.15246,0.00122106,0.003663,0.0738761,-0.0581805,0.102606,-0.0278816,-0.112793,0.112793
2445,0.15246,0.00122106,0.003663,0.00305159,-0.326952,0.147287,0.0218781,-0.0758542,0.0714087
2457,0.15246,0.00122106,0.003663,-0.00824018,-0.545938,0.183798,-0.016862,-0.00105834,0.00428887
2469,0.152619,0.00122106,0.003663,-0.0147053,-0.64804,0.219905,0.0267613,0.0188085,-0.0238487
2481,0.152619,0.00122106,0.003663,-0.0240441,-0.528669,0.221045,0.00717333,0.0330589,-0.0300198
2493,0.15373,0.00122106,0.003663,-0.0240299,-0.308558,0.209898,-0.0286104,0.0272374,-0.0277697
2505,0.15373,0.00122106,0.003663,-0.0425311,-0.101714,0.18245,-0.104618,0.00536049,-0.0121394
2517,0.15373,0.00122106,0.003663,-0.026869,0.0603938,0.148925,-0.0986353,-0.00422159,-0.0169668
2529,0.153889,0.00122106,0.003663,-0.0204873,0.0961247,0.119728,-0.154651,-0.0259479,0.00661465
2541,0.154841,0.00122106,0.00549451,-0.0759991,0.12916,0.0989669,-0.107597,-0.0367823,0.00644539
2553,0.154841,0.00122106,0.00549451,-0.0822691,0.102471,0.100902,-0.0158556,0.00683509,-0.0289735
2565,0.155873,0.00122106,0.003663,-0.0492417,0.144706,0.104783,-0.0620673,0.02234,-0.0265886
2577,0.156746,0.00122106,0.00549451,-0.00083409,0.318364,0.0887734,-0.0829219,-0.0108045,-0.00200023
2589,0.156746,0.00122106,0.00549451,0.00209584,0.400862,0.0565075,0.00028457,-0.0620494,0.0465696
2601,0.157619,0.00122106,0.00549451,-0.00024839,0.516755,0.0506904,0.0777737,-0.0607497,0.0615885
2613,0.157778,0.00122106,0.003663,-0.0108358,0.193554,0.0533184,0.0203725,-0.0613491,0.0778211
2625,0.157778,0.00122106,0.003663,0.0246682,0.0866519,0.0744167,0.0202141,-0.0308697,0.035064
2637,0.15873,0.00122106,0.003663,-0.00431548,0.0476903,0.108678,0.00128129,-0.0496852,0.0541813
2649,0.15881,0.00122106,0.003663,-0.0644067,-0.106439,0.114906,0.123745,-0.0304558,0.0307514
2661,0.15881,0.00122106,0.003663,-0.142462,-0.0427961,0.139023,0.0723403,0.0383264,-0.0159067
2673,0.158889,0.00122106,0.003663,-0.199252,-0.166785,0.140891,0.0370218,0.0822237,-0.0708241
2685,0.159921,0.00122106,0.003663,-0.00893222,0.139796,0.118386,-0.103938,0.112793,-0.112793
2697,0.159921,0.00122106,0.003663,0.177516,0.553834,0.0801354,-0.0385329,-0.0472088,0.027449
2709,0.16,0.00122106,0.003663,-0.00950591,0.573699,0.00786815,-0.077221,-0.112793,0.112793
2721,0.160079,0.00122106,0.00549451,-0.0588398,0.388946,0.0196596,0.0676416,-0.0726974,0.0588797
2733,0.160079,0.00122106,0.00549451,0.0475444,0.127219,0.0808018,-0.068921,-0.00715332,0.0198733
2745,0.16119,0.00122106,0.00549451,0.0261664,0.0607899,0.104366,0.043943,-0.0812554,0.068783
2757,0.162302,0.00122106,0.00549451,-0.0169122,0.0260102,0.0990759,0.0541844,-0.0515347,0.060324
2769,0.162302,0.00122106,0.00549451,-0.0568182,-0.0943643,0.119141,0.206624,-0.0154878,0.0253813
2781,0.163571,0.00122106,0.00549451,-0.0396464,-0.0656764,0.153899,0.121321,0.0372478,0.00101982
2793,0.164841,0.00122106,0.00549451,-0.176793,-0.0768745,0.148419,0.0379349,0.0097652,0.0125258
2805,0.164841,0.00122106,0.00549451,-0.110809,0.0471032,0.114656,-0.0358349,0.10436,-0.10062
2817,0.166587,0.00122106,0.00549451,-0.0233938,0.337873,0.11352,-0.00110456,0.040004,-0.0489901
2829,0.167619,0.00122106,0.00549451,0.0734494,0.603902,0.0580304,-0.0644128,-0.0488832,0.0491241
2841,0.167619,0.00122106,0.00549451,0.0914504,0.711558,0.0223371,-0.0481804,-0.112793,0.112793
2853,0.168571,0.00122106,0.00549451,0.0249089,0.344247,0.0222504,-0.0431693,-0.112793,0.112793
2865,0.169603,0.00122106,0.00549451,0.0783585,0.0876096,0.0558658,0.0932239,-0.0822566,0.0751118
2877,0.169603,0.00122106,0.00549451,0.137632,0.0338538,0.122235,0.135552,-0.0888078,0.108149
2889,0.171746,0.00122106,0.00549451,-5.654e-05,-0.295564,0.136405,0.077117,-0.112793,0.112793
2901,0.171905,0.00122106,0.00549451,0.0753154,-0.454362,0.158869,0.0731494,-0.00499666,0.0187451
2913,0.171905,0.00122106,0.00549451,0.247894,-0.538863,0.222227,0.172147,-0.049643,0.0635099
2925,0.172778,0.00122106,0.00549451,-0.148311,-0.586239,0.23063,0.026523,-0.112793,0.112793
2937,0.172857,0.00122106,0.00549451,-0.0767288,-0.71328,0.214964,-0.0437331,0.112793,-0.112793
2949,0.172857,0.00122106,0.00549451,-0.0644774,-0.817675,0.274784,0.125381,0.0717727,-0.0839281
2961,0.173889,0.00122106,0.00549451,0.0976217,-0.350728,0.248588,-0.0400207,0.0829809,-0.0625447
2973,0.173968,0.00122106,0.00549451,0.0649476,0.041601,0.18609,-0.0307676,-0.0970694,0.0901047
2985,0.173968,0.00122106,0.00549451,0.0221152,0.146841,0.122293,-0.108621,-0.102415,0.0978339
2997,0.175,0.00122106,0.003663,0.0535069,-0.0681854,0.135774,0.0126771,-0.0814894,0.0617054
3009,0.175873,0.00122106,0.003663,0.134762,-0.320548,0.184345,-0.146159,-0.0749649,0.0784388
3021,0.175873,0.00122106,0.003663,0.194598,-0.405799,0.21311,-0.0314071,-0.112793,0.106676
3033,0.175952,0.00122106,0.003663,0.127375,-0.596551,0.226515,-0.0490883,-0.112793,0.112793
3045,0.176984,0.00122106,0.00549451,0.0492681,-0.921321,0.267577,0.102337,-0.096639,0.0876212
3057,0.176984,0.00122106,0.00549451,0.13921,-1.08834,0.31402,-0.0551132,0.00408969,0.0136156
3069,0.176984,0.00122106,0.003663,0.0129266,-1.24349,0.348762,0.00161164,-0.0681207,0.0570251
3081,0.177063,0.00122106,0.003663,-0.0872944,-1.21283,0.341147,-0.141751,0.0447282,-0.0476672
3093,0.177063,0.00122106,0.003663,-0.0862313,-1.16388,0.358817,-0.0702963,0.104842,-0.112793
3105,0.178254,0.00122106,0.003663,-0.164293,-0.928578,0.346844,-0.147643,0.10494,-0.112793
3117,0.178254,0.00122106,0.003663,-0.202031,-0.606663,0.271675,-0.154881,0.112793,-0.112793
3129,0.178254,0.00122106,0.003663,-0.1992,-0.194875,0.200643,-0.260368,0.112793,-0.112793
3141,0.179524,0.00122106,0.003663,0.182251,0.213668,0.138007,-0.219248,0.0954832,-0.112793
3153,0.179524,0.00122106,0.003663,0.122838,0.347943,0.0525229,-0.368726,-0.112793,0.112793
3165,0.179524,0.00122106,0.003663,0.0714868,0.432694,-0.0055356,-0.140666,-0.112793,0.112793
3177,0.180476,0.00122106,0.003663,0.0563243,0.121282,0.0557565,-0.141911,-0.112793,0.112793
3189,0.180556,0.00122106,0.003663,-0.0435574,-0.274097,0.0854941,-0.3088,-0.105426,0.0797345
3201,0.180556,0.00122106,0.003663,-0.128046,-0.60099,0.129723,-0.244914,-0.0100225,-0.0509754
3213,0.181746,0.00122106,0.003663,-0.0569738,-0.757655,0.172971,-0.0778437,0.0882797,-0.112793
3225,0.182857,0.00122106,0.003663,-0.0922433,-0.519149,0.193161,-0.0584118,0.0608045,-0.0790702
3237,0.182857,0.00122106,0.003663,-0.0906665,-0.224788,0.131199,-0.0924564,0.064497,-0.0787875
3249,0.182937,0.00122106,0.003663,-0.0914346,-0.0911415,0.0728914,-0.0698142,0.0373829,-0.0573001
3261,0.183968,0.00122106,0.003663,-0.0467988,0.150532,0.0234712,-0.0171198,0.0328759,-0.048108
3273,0.183968,0.00122106,0.003663,-0.11967,0.0299745,-0.0129836,-0.0373901,-0.0153304,0.0118274
3285,0.184127,0.00122106,0.003663,-0.12818,-0.0216236,-0.0209305,-0.0897106,0.0541514,-0.0634304
3297,0.185,0.00122106,0.003663,-0.0683997,0.0722751,0.0114635,-0.0352153,0.0614793,-0.081192
3309,0.185,0.00122106,0.003663,-0.101871,0.0367346,-0.00118252,0.0228861,0.00806489,-0.0157525
3321,0.185079,0.00122106,0.003663,-0.0850736,0.00988883,-0.0258306,0.0351026,0.044217,-0.0415024
3333,0.185159,0.00122106,0.003663,-0.0168966,-0.109288,-0.0203022,0.0983918,0.0373994,-0.0321679
3345,0.185159,0.00122106,0.003663,-0.0613944,-0.141479,-0.0147725,0.0532318,0.00187175,0.0164144
3357,0.186111,0.00122106,0.003663,-0.0951614,-0.187194,-0.0182515,0.0549159,0.0345534,-0.0259024
3369,0.186111,0.00122106,0.003663,-0.112883,-0.215285,-0.0110944,0.00256195,0.0655796,-0.0574092
3381,0.186111,0.00122106,0.003663,-0.193316,-0.134075,-0.00955728,0.022523,0.0762427,-0.0785664
3393,0.186111,0.00122106,0.003663,-0.275451,-0.206958,-0.027072,-0.0381392,0.112793,-0.112793
3405,0.186349,0.00122106,0.003663,-0.18657,-0.119206,-0.0456522,0.0207689,0.112793,-0.112793
3417,0.186349,0.00122106,0.003663,-0.153409,0.0935379,-0.0753172,0.0170092,0.112793,-0.112793
3429,0.186429,0.00122106,0.003663,-0.150732,0.259883,-0.10719,-0.147646,0.0850028,-0.0843527
3441,0.186508,0.00122106,0.00549451,-0.105405,0.410579,-0.14823,-0.0568535,0.053582,-0.0844037
3453,0.186508,0.00122106,0.00549451,-0.119689,0.443751,-0.176963,-0.0631968,0.0164149,-0.0284596
3465,0.186508,0.00122106,0.00549451,-0.122607,0.405923,-0.195812,0.00857824,0.0264191,-0.0399011
3477,0.186587,0.00122106,0.00549451,-0.0746408,0.349108,-0.193509,-0.0586275,0.0411788,-0.0410789
3489,0.186587,0.00122106,0.00549451,-0.0714955,0.287587,-0.183569,0.00166786,0.00280169,-0.0149292
3501,0.186587,0.00122106,0.00549451,-0.100536,0.199928,-0.182929,-0.0314015,0.0112652,-0.0119254
3513,0.186587,0.00122106,0.00549451,-0.105726,0.113103,-0.176916,0.036229,0.0391307,-0.0470163
3525,0.186587,0.00122106,0.00549451,-0.0996202,0.017904,-0.160904,0.0372688,0.0576413,-0.0529047
3537,0.186587,0.00122106,0.00549451,-0.0919942,-0.0319351,-0.154721,0.0330992,0.0607883,-0.0560405
3549,0.186508,0.00122106,0.00549451,-0.0936514,0.0367046,-0.162114,0.00956009,0.0587515,-0.0548261
3561,0.186508,0.00122106,0.00549451,-0.140196,0.0285867,-0.170047,0.0274925,0.0517521,-0.0521602
3573,0.186429,0.00122106,0.003663,-0.135822,0.0505855,-0.177019,0.0425853,0.0913315,-0.088861
3585,0.186349,0.00122106,0.003663,-0.135148,0.0762671,-0.183706,0.0546559,0.0879244,-0.0824033
3597,0.186349,0.00122106,0.003663,-0.144615,0.133844,-0.203913,-0.0284678,0.0867194,-0.0787861
3609,0.185317,0.00366306,0.003663,-0.161141,0.229176,-0.22192,0.00063831,0.0824792,-0.090567
3621,0.185317,0.00366306,0.003663,-0.17541,0.347915,-0.246117,-0.029291,0.090655,-0.0931556
3633,0.185317,0.00366306,0.003663,-0.162673,0.456578,-0.27042,-0.0237228,0.0896092,-0.0977734
3645,0.183968,0.00366306,0.003663,-0.133869,0.539166,-0.294714,-0.0822282,0.0720668,-0.0785898
3657,0.183889,0.00122106,0.003663,-0.104636,0.685872,-0.315454,-0.0601874,0.0384681,-0.0554777
3669,0.183889,0.00122106,0.003663,-0.0437718,0.789563,-0.330163,-0.040183,0.00589732,-0.017646
3681,0.182698,0.00122106,0.003663,-0.0172787,0.72091,-0.340713,0.0314139,-0.0473538,0.040914
3693,0.181667,0.00122106,0.00549451,-0.0286035,0.491674,-0.343556,0.0169649,-0.0527519,0.0599576
3705,0.181667,0.00122106,0.00549451,-0.0453828,0.180203,-0.316777,0.0937067,-0.0228068,0.0262033
3717,0.181587,0.00122106,0.003663,-0.0608029,-0.0740433,-0.263691,0.071915,0.0252722,-0.00809056
3729,0.180317,0.00122106,0.003663,0.011636,-0.158,-0.211574,0.114684,0.0544803,-0.042552
3741,0.180317,0.00122106,0.003663,0.123326,-0.165649,-0.17889,0.050282,0.00636403,0.0149643
3753,0.179286,0.00122106,0.003663,0.0905403,-0.170862,-0.181914,0.0603214,-0.0874238,0.0984549
3765,0.178254,0.00122106,0.003663,0.0302052,-0.44951,-0.184529,0.006221,-0.0601044,0.0724272
3777,0.178254,0.00122106,0.003663,0.00396218,-0.790037,-0.119432,0.0683705,0.00776651,-0.00795288
3789,0.176984,0.00122106,0.003663,0.0750219,-0.991576,-0.0616414,0.0327035,0.0600165,-0.0497371
3801,0.175714,0.00122106,0.003663,-0.12374,-0.907106,-0.0525016,-0.0708586,0.0163414,-0.0121928
3813,0.175714,0.00122106,0.003663,-0.180978,-0.910123,-0.0859602,-0.025567,0.112793,-0.112793
3825,0.174444,0.00122106,0.003663,-0.174717,-0.987508,-0.0825744,-0.0258454,0.112793,-0.112793
3837,0.174286,0.00122106,0.003663,-0.134523,-0.742682,-0.0898466,-0.130913,0.112793,-0.112793
3849,0.174286,0.00122106,0.003663,-0.179721,-0.508033,-0.123146,-0.259247,0.112793,-0.112793
3861,0.173175,0.00122106,0.003663,-0.205775,-0.338596,-0.152797,-0.229539,0.112793,-0.112793
3873,0.172143,0.00122106,0.003663,-0.234823,-0.202273,-0.188286,-0.157877,0.112793,-0.112793
3885,0.172143,0.00122106,0.003663,-0.250866,-0.115584,-0.236202,-0.229299,0.112793,-0.112793
3897,0.170873,0.00122106,0.003663,-0.140734,0.0715402,-0.269165,-0.241647,0.112793,-0.112793
3909,0.170873,0.00122106,0.003663,0.0944767,0.150862,-0.311657,-0.21515,0.0750011,-0.112793
3921,0.170873,0.00122106,0.003663,0.130234,0.282932,-0.34746,-0.25268,-0.102021,0.0619772
3933,0.169841,0.00122106,0.003663,-0.0721604,0.249066,-0.385286,-0.0399345,-0.112793,0.0943641
3945,0.169762,0.00122106,0.003663,-0.195198,-0.119663,-0.324361,-0.0263823,0.0385378,-0.0476504
3957,0.169762,0.00122106,0.003663,-0.211148,-0.571013,-0.246393,-0.0002036,0.112793,-0.112793
3969,0.16873,0.00122106,0.003663,-0.289647,-0.530425,-0.23793,0.115452,0.112793,-0.112793
3981,0.167381,0.00122106,0.003663,-0.272469,-0.51681,-0.266788,0.00990196,0.112793,-0.112793
3993,0.167381,0.00122106,0.003663,-0.294581,-0.356294,-0.303097,0.0949366,0.112793,-0.112793
4005,0.166508,0.00122106,0.003663,-0.0220614,-0.107024,-0.328664,-0.148133,0.112793,-0.112793
4017,0.165238,0.00122106,0.003663,-0.0692563,0.110964,-0.349287,-0.00548865,0.0200347,-0.0502263
4029,0.165238,0.00122106,0.003663,-0.170964,0.190437,-0.391759,-0.0400607,0.0512886,-0.054139
4041,0.164048,0.00122106,0.003663,-0.204438,0.0698907,-0.400309,0.0796993,0.112793,-0.112793
4053,0.163968,0.00122106,0.003663,-0.212745,0.0929879,-0.395898,0.0814895,0.112793,-0.112793
4065,0.163968,0.00122106,0.003663,-0.0890068,0.0939904,-0.437015,-0.0455199,0.112793,-0.112793
4077,0.162778,0.00122106,0.003663,-0.126152,0.390507,-0.459651,0.103702,0.0731577,-0.0843526
4089,0.161825,0.00122106,0.003663,-0.208064,0.603946,-0.479962,0.0839052,0.0908138,-0.0729668
4101,0.161825,0.00122106,0.003663,-0.155087,0.601004,-0.50014,0.0557079,0.112793,-0.112793
4113,0.160714,0.00122106,0.003663,-0.187728,0.615159,-0.515684,0.0689006,0.0930351,-0.0843828
4125,0.160635,0.00122106,0.003663,-0.291836,0.646433,-0.559831,0.11695,0.112793,-0.108126
4137,0.160635,0.00122106,0.003663,-0.425093,0.776147,-0.584546,0.0781021,0.112793,-0.112793
4149,0.160556,0.00122106,0.003663,-0.256993,1.01407,-0.602326,0.0355685,0.112793,-0.112793
4161,0.159524,0.00122106,0.003663,-0.179646,1.22607,-0.624073,0.0983456,0.112793,-0.112793
4173,0.159524,0.00122106,0.003663,-0.0223413,1.46687,-0.649613,-0.0969801,0.0722385,-0.0540849
4185,0.159524,0.00122106,0.003663,0.031742,1.5636,-0.694075,0.0710912,-0.0806729,0.0645675
4197,0.159444,0.00122106,0.003663,-0.207841,1.38894,-0.722684,-0.0127082,-0.108106,0.112793
4209,0.159444,0.00122106,0.003663,-0.199575,0.929465,-0.695911,0.103796,0.0772884,-0.0807623
4221,0.158492,0.00122106,0.003663,-0.113774,0.595978,-0.59703,0.230674,0.112793,-0.103523
4233,0.158413,0.00122106,0.003663,-0.0183769,0.841566,-0.585562,0.101544,0.0913244,-0.0484453
4245,0.158413,0.00122106,0.003663,-0.232123,1.0826,-0.629656,0.110715,-0.0136583,0.0340636
4257,0.158254,0.00122106,0.003663,-0.276091,1.12789,-0.637549,0.199311,0.112793,-0.106817
4269,0.157222,0.00122106,0.003663,-0.0981021,1.04112,-0.597647,0.213535,0.112793,-0.112793
4281,0.157222,0.00122106,0.003663,0.17516,1.24948,-0.623604,0.0784693,0.0395742,0.00165551
4293,0.157143,0.00122106,0.003663,0.136731,1.45569,-0.666382,0.13203,-0.112793,0.112793
4305,0.156984,0.00122106,0.003663,0.152159,1.35147,-0.688966,0.0530821,-0.112793,0.112793
4317,0.156984,0.00122106,0.003663,0.0808437,0.922194,-0.615356,0.204386,-0.112793,0.112793
4329,0.156032,0.00122106,0.003663,0.170441,0.414112,-0.547673,0.159331,-0.0780319,0.112793
4341,0.156032,0.00122106,0.003663,0.0949957,0.00306168,-0.487889,0.144049,-0.108882,0.112793
4353,0.156032,0.00122106,0.003663,0.0602179,-0.319359,-0.426017,0.127297,-0.0251144,0.0532029
4365,0.155952,0.00122106,0.003663,-0.0798869,-0.596718,-0.343439,0.253577,0.0209823,0.00239664
4377,0.155873,0.00122106,0.003663,0.0346954,-0.674373,-0.290164,0.156987,0.112793,-0.106597
4389,0.155873,0.00122106,0.003663,-0.0529021,-0.604828,-0.269539,0.0946648,0.0605612,-0.0327063
4401,0.154762,0.00122106,0.003663,-0.151302,-0.334817,-0.309436,0.0533943,0.109854,-0.0952667
4413,0.15373,0.00122106,0.003663,-0.230842,-0.132157,-0.323274,0.0789925,0.112793,-0.112793
4425,0.15373,0.00122106,0.003663,-0.017619,0.143857,-0.347453,-0.0383345,0.112793,-0.112793
4437,0.153571,0.00122106,0.003663,-0.0170812,0.458416,-0.37866,0.0264477,0.0141624,-0.0225118
4449,0.15246,0.00122106,0.003663,0.0440776,0.777788,-0.420811,-0.0711309,-0.00389581,0.00896023
4461,0.15246,0.00122106,0.003663,0.13663,0.844147,-0.41977,0.0338162,-0.0808328,0.0689778
4473,0.15246,0.00122106,0.003663,0.0395152,0.495821,-0.430345,0.0375981,-0.112793,0.112793
4485,0.152381,0.00122106,0.003663,0.127519,0.0799512,-0.429461,0.163692,-0.0412983,0.0494706
4497,0.152381,0.00122106,0.003663,0.339173,-0.187461,-0.334862,0.0406345,-0.0560802,0.0888186
4509,0.151349,0.00122106,0.003663,0.235255,-0.228143,-0.274759,0.0569245,-0.112793,0.112793
4521,0.150317,0.00122106,0.003663,-0.0517513,-0.566088,-0.222705,0.043543,-0.112793,0.112793
4533,0.150317,0.00122106,0.003663,-0.142846,-0.921879,-0.160072,0.167006,0.0977226,-0.0927783
4545,0.150317,0.00122106,0.003663,0.159427,-1.23173,-0.10189,0.0358233,0.112793,-0.112793
4557,0.149048,0.00122106,0.003663,0.0630567,-0.966763,-0.132821,-0.0910024,-0.00773897,0.0129772
4569,0.149048,0.00122106,0.003663,0.0833731,-0.565717,-0.189363,-0.012707,0.0290253,-0.0491748
4581,0.149048,0.00122106,0.003663,0.0583012,-0.630481,-0.159117,0.110453,-0.00676419,0.00317662
4593,0.149048,0.00122106,0.003663,0.297369,-0.539841,-0.138239,0.0239406,0.0257472,-0.00609324
4605,0.149048,0.00122106,0.003663,0.082102,-0.653922,-0.138926,0.0038663,-0.112793,0.112793
4617,0.147937,0.00122106,0.003663,0.113817,-0.788457,-0.160474,-0.132883,-0.00122622,0.000656
4629,0.146825,0.00122106,0.003663,0.226596,-1.12144,-0.102785,0.0359547,-0.0229645,-0.00396013
4641,0.146825,0.00122106,0.003663,0.0958697,-1.18187,-0.082089,-0.0330389,-0.0633585,0.0700549
4653,0.146746,0.00122106,0.003663,-0.0528633,-1.20774,-0.0774075,0.0349811,0.0258067,-0.0347597
4665,0.145556,0.00122106,0.003663,-0.0815213,-1.26676,-0.0586481,-0.132624,0.112793,-0.112793
4677,0.145556,0.00122106,0.003663,-0.0543746,-0.931906,-0.0524046,-0.12122,0.112793,-0.112793
4689,0.144286,0.00122106,0.003663,-0.123933,-0.723299,-0.102963,-0.0868058,0.0995103,-0.112793
4701,0.142698,0.00122106,0.003663,-0.163956,-0.499686,-0.145778,-0.131997,0.112793,-0.112793
4713,0.142698,0.00122106,0.003663,-0.251542,-0.213173,-0.185791,-0.154136,0.112793,-0.112793
4725,0.14254,0.00122106,0.003663,-0.292248,-0.0525535,-0.220107,-0.292205,0.112793,-0.112793
4737,0.140159,0.00122106,0.003663,-0.057976,0.395357,-0.242516,-0.155355,0.112793,-0.112793
4749,0.140159,0.00122106,0.003663,0.0211772,0.555843,-0.285447,-0.181849,0.00734516,-0.0382072
4761,0.139127,0.00122106,0.003663,-0.0830244,0.69406,-0.335417,-0.199677,-0.0588642,0.0245229
4773,0.138016,0.00122106,0.003663,-0.149425,0.353946,-0.367337,-0.134363,0.00569292,-0.0448963
4785,0.138016,0.00122106,0.003663,-0.104506,0.255234,-0.328367,-0.114022,0.0894287,-0.112793
4797,0.136746,0.00122106,0.003663,-0.0831044,0.408383,-0.303385,-0.00590619,0.0649625,-0.0892143
4809,0.135635,0.00122106,0.003663,-0.156978,0.632823,-0.3195,0.050898,0.0461621,-0.048681
4821,0.135635,0.00122106,0.003663,0.0284341,0.951154,-0.330496,0.125292,0.0859112,-0.078027
4833,0.134603,0.00122106,0.003663,-0.150909,0.772146,-0.358081,0.127944,-0.0585822,0.0846877
4845,0.133175,0.00122106,0.003663,0.0754348,0.663554,-0.426181,-0.0243713,0.0823293,-0.0591503
4857,0.133175,0.00122106,0.003663,0.0588612,0.532664,-0.377708,0.197161,-0.0713743,0.0682279
4869,0.133016,0.00122106,0.003663,0.0661073,0.849583,-0.34291,0.114904,-0.0324132,0.0715848
4881,0.132937,0.00122106,0.003663,-0.242374,0.398231,-0.308148,0.229362,-0.0742917,0.0986296
4893,0.132937,0.00122106,0.003663,-0.0889676,0.0457907,-0.271189,0.140159,0.112793,-0.112793
4905,0.131825,0.00122106,0.003663,0.0345826,-0.330697,-0.239353,0.198843,0.0922337,-0.0675805
4917,0.130794,0.00122106,0.003663,0.155386,0.0603517,-0.242098,0.155719,0.0414874,-0.00451875
4929,0.130794,0.00122106,0.003663,-0.061577,0.424299,-0.271529,0.169905,-0.0756008,0.107207
4941,0.130635,0.00122106,0.003663,-0.161511,0.349136,-0.260674,0.0996753,0.0466796,-0.0147947
4953,0.129603,0.00122106,0.003663,-0.155501,0.0681375,-0.201668,0.0987584,0.112634,-0.0960941
4965,0.129603,0.00122106,0.003663,-0.322685,-0.0773366,-0.206718,0.0891182,0.112793,-0.109544
4977,0.129603,0.00122106,0.003663,-0.253078,0.233459,-0.255489,0.0384388,0.112793,-0.112793
4989,0.128492,0.00122106,0.003663,-0.22649,0.668253,-0.288863,0.1994,0.112793,-0.112793
5001,0.128492,0.00122106,0.003663,-0.264909,1.06896,-0.302237,0.114552,0.112793,-0.10816
5013,0.128413,0.00122106,0.003663,0.00592804,1.52602,-0.319941,0.0189488,0.112793,-0.111201
5025,0.12746,0.00122106,0.003663,0.0495963,1.69958,-0.356549,0.0897081,-0.094781,0.101396
5037,0.12746,0.00122106,0.003663,-0.00390384,1.91183,-0.416827,0.0290183,-0.112793,0.112793
5049,0.12619,0.00122106,0.003663,0.0323319,1.37465,-0.410602,0.199423,-0.107216,0.112793
5061,0.12619,0.00122106,0.003663,0.130428,0.833703,-0.354104,0.142407,-0.0729891,0.112793
5073,0.12619,0.00122106,0.003663,0.103689,0.440732,-0.28697,0.125301,-0.106947,0.112793
5085,0.126032,0.00122106,0.003663,-0.056486,0.165753,-0.223471,0.0559336,-0.066139,0.0919194
5097,0.124921,0.00122106,0.003663,-0.0505819,-0.0103148,-0.138502,0.164359,0.0499065,-0.0406447
5109,0.124921,0.00122106,0.003663,0.0381353,-0.216304,-0.0737223,0.124032,0.062201,-0.0321654
5121,0.12373,0.00122106,0.003663,0.00354788,-0.17705,-0.0892883,0.104028,0.00928246,0.0138897
5133,0.123651,0.00122106,0.003663,0.208562,0.0824341,-0.112734,-0.0123748,0.0288852,-0.0100447
5145,0.123651,0.00122106,0.003663,0.241988,0.171248,-0.0893642,0.0194269,-0.112793,0.112793
5157,0.122619,0.00122106,0.003663,0.179304,0.185175,-0.0809778,-0.0476309,-0.112793,0.112793
5169,0.121587,0.00122106,0.003663,0.0801062,-0.198299,-0.0204655,0.0411199,-0.112793,0.112793
5181,0.121587,0.00122106,0.003663,0.0473952,-0.606102,0.0149698,-0.0104512,-0.0322517,0.0401586
5193,0.121508,0.00122106,0.003663,0.0644093,-0.809822,0.0366909,0.031453,0.0124974,-0.016082
5205,0.120317,0.00122106,0.003663,0.1367,-0.570202,0.0476437,0.0331322,0.0190701,-0.0147771
5217,0.120317,0.00122106,0.003663,0.102462,-0.162898,0.045446,-0.0205951,-0.0477073,0.0540729
5229,0.120317,0.00122106,0.003663,0.113575,-0.054955,0.016452,-0.00626368,-0.0615342,0.0580519
5241,0.120159,0.00122106,0.003663,0.13111,-0.1963,0.0176295,-0.00908127,-0.0728683,0.0725512
5253,0.120159,0.00122106,0.003663,0.147603,-0.208122,0.036001,0.0902665,-0.0738842,0.0729158
5265,0.119127,0.00122106,0.003663,0.226204,-0.30066,0.0402657,-0.0070217,-0.0755136,0.0940245
5277,0.117857,0.00122106,0.003663,0.219499,-0.31314,0.066565,0.0410108,-0.112793,0.112793
5289,0.117857,0.00122106,0.003663,0.0216471,-0.490141,0.101612,0.0711497,-0.112793,0.112793
5301,0.116746,0.00122106,0.003663,-0.103063,-0.809295,0.115201,0.131387,0.0206556,-0.00834594
5313,0.116587,0.00122106,0.003663,-0.0314119,-0.890054,0.154236,0.0498221,0.112793,-0.109197
5325,0.116587,0.00122106,0.003663,0.0998318,-0.656532,0.140157,0.0320016,0.0784012,-0.0719419
5337,0.115397,0.00122106,0.003663,-0.0245592,0.0851196,0.0836656,0.0146645,-0.0247757,0.0303177
5349,0.114444,0.00122106,0.003663,0.0620357,0.553106,0.0415094,-0.0281418,0.00370588,-0.00157712
5361,0.114444,0.00122106,0.003663,0.168179,0.49939,0.0500234,0.0652807,-0.0873462,0.0835775
5373,0.113175,0.00122106,0.003663,0.114538,0.583131,0.0457739,0.0188451,-0.112793,0.112793
5385,0.113095,0.00122106,0.003663,0.0307885,0.314886,0.0399666,0.062537,-0.112793,0.112793
5397,0.113095,0.00122106,0.003663,-0.0618946,-0.170533,0.0534954,0.0736847,-0.0398145,0.0525142
5409,0.111032,0.00122106,0.003663,0.055971,-0.334098,0.0809141,0.146852,0.0555955,-0.043299
5421,0.109683,0.00122106,0.003663,0.127538,-0.0440066,0.120306,0.0647441,-0.00283376,0.030662
5433,0.109683,0.00122106,0.003663,0.132023,0.319653,0.102182,0.00582307,-0.0814142,0.0951837
5445,0.108254,0.00122106,0.003663,0.169167,0.36369,0.0849218,-0.0667016,-0.112793,0.112793
5457,0.107143,0.00122106,0.003663,0.0521252,0.223373,0.117416,-0.0106234,-0.112793,0.112793
5469,0.107143,0.00122106,0.003663,0.0445469,-0.113014,0.151625,-0.0757679,-0.0595508,0.058271
5481,0.105952,0.00122106,0.003663,-0.0242732,-0.342391,0.164085,-0.120744,-0.0397863,0.0250182
5493,0.104921,0.00122106,0.003663,0.0853808,-0.391309,0.1803,-0.0577539,0.0143006,-0.0392949
5505,0.104921,0.00122106,0.003663,0.123995,-0.228997,0.182708,-0.0210198,-0.046107,0.0347861
5517,0.10381,0.00122106,0.003663,0.154263,0.143726,0.172553,-0.0307426,-0.0783584,0.0750959
5529,0.102698,0.00122106,0.003663,0.138156,0.195504,0.169846,-0.0349655,-0.112793,0.112793
5541,0.102698,0.00122106,0.003663,0.138075,-0.033635,0.171666,-0.0151279,-0.112793,0.112595
5553,0.101587,0.00122106,0.003663,0.074189,-0.329441,0.196985,0.123899,-0.0988573,0.0973673
5565,0.101587,0.00122106,0.003663,0.219542,-0.54306,0.223923,0.0107807,-0.0272737,0.0511621
5577,0.101587,0.00122106,0.003663,0.0647612,-0.614168,0.265049,0.0203969,-0.112793,0.112793
5589,0.101508,0.00122106,0.003663,-0.0819696,-0.64251,0.253611,-0.00626787,-0.0178795,0.0210456
5601,0.101349,0.00122106,-0.00183159,-0.12216,-0.876847,0.282265,0.159889,0.0737121,-0.0767924
5613,0.101349,0.00122106,-0.00183159,-0.104342,-0.659533,0.292848,0.0411563,0.112793,-0.100535
5625,0.10119,0.00122106,0.003663,-0.112377,-0.119864,0.260862,0.0173828,0.0889357,-0.0841656
5637,0.101111,0.00122106,0.003663,-0.152427,0.48955,0.192954,-0.0878791,0.0563138,-0.0550378
5649,0.101111,0.00122106,0.003663,0.170959,1.03469,0.144042,-0.0359271,0.0340553,-0.0524142
5661,0.101032,0.00122106,0.003663,0.142052,1.43077,0.115705,-0.168659,-0.112793,0.112793
5673,0.100794,0.00122106,0.003663,0.10847,1.21232,0.0678182,-0.135692,-0.112793,0.112793
5685,0.100794,0.00122106,0.003663,0.105777,0.860581,0.0915018,-0.0843002,-0.112793,0.112793
5697,0.100794,0.00122106,0.003663,0.115623,0.529519,0.116146,-0.0524586,-0.112793,0.112793
5709,0.0997619,0.00122106,0.003663,0.0807188,0.20862,0.135586,-0.119803,-0.112793,0.112793
5721,0.0997619,0.00122106,0.003663,0.167775,0.0903376,0.185729,-0.0817638,-0.0870117,0.0649341
5733,0.0997619,0.00122106,0.003663,0.129702,-0.101376,0.234298,-0.144324,-0.112793,0.112793
5745,0.0986508,0.00122106,0.003663,0.0667153,-0.176023,0.262535,-0.111252,-0.106886,0.0802
5757,0.0986508,0.00122106,0.003663,-0.0356963,-0.373701,0.297337,-0.139848,-0.0626938,0.0414248
5769,0.0985714,0.00122106,0.003663,-0.0332078,-0.55557,0.326036,-0.0570397,0.00758241,-0.0362022
5781,0.0973809,0.00122106,0.003663,0.0137178,-0.485418,0.340037,-0.0473801,0.0237703,-0.0366725
5793,0.0973809,0.00122106,0.003663,0.0506795,-0.184244,0.31381,-0.0567493,-0.0101158,-7.595e-05
5805,0.0972222,0.00122106,0.003663,0.184445,0.142847,0.278233,-0.0845928,-0.0520176,0.0411705
5817,0.095873,0.00122106,0.003663,0.181018,0.340407,0.269999,-0.00106278,-0.112793,0.112793
5829,0.095873,0.00122106,0.003663,0.13903,0.336094,0.282287,-0.0495667,-0.112793,0.112793
5841,0.0946032,0.00122106,0.003663,0.078075,0.0520615,0.309843,-0.0327367,-0.112793,0.112793
5853,0.0931746,0.00122106,-0.00183159,0.0499841,-0.229171,0.338946,-0.0190445,-0.0815332,0.0773079
5865,0.0931746,0.00122106,-0.00183159,0.0213626,-0.603794,0.342334,-0.0119799,-0.0470088,0.0444756
5877,0.0920635,0.00122106,0.003663,-0.0874311,-0.846884,0.338441,0.0860958,-0.00466396,0.00121027
5889,0.090873,0.00122106,0.003663,0.100085,-0.579057,0.360814,0.0636072,0.085944,-0.0723963
5901,0.090873,0.00122106,0.003663,0.234757,-0.399664,0.36786,0.140624,-0.0479219,0.0602709
5913,0.0899206,0.00122106,-0.00183159,0.305896,0.405166,0.360052,0.0431416,-0.112793,0.112793
5925,0.0886508,0.00122106,0.003663,0.1893,0.107089,0.357281,0.0137821,-0.112793,0.112793
5937,0.0886508,0.00122106,0.003663,0.0577337,-0.162637,0.387242,-0.0365861,-0.112793,0.112793
5949,0.0885714,0.00122106,0.003663,-0.0774528,-0.60414,0.395504,0.035472,-0.0637361,0.0571078
5961,0.0859524,0.00122106,0.003663,0.0247535,-1.01173,0.397692,-0.0541075,0.0502045,-0.0455853
5973,0.0859524,0.00122106,0.003663,0.0308123,-0.973402,0.415897,-0.045985,0.00868374,-0.0209652
5985,0.0847619,0.00122106,-0.00183159,0.11598,-0.526883,0.391436,-0.12016,0.00162758,-0.0110529
5997,0.0835714,0.00122106,0.003663,0.3086,-0.0374545,0.387491,-0.129018,-0.0827214,0.0598971
6009,0.0835714,0.00122106,0.003663,0.264074,0.217811,0.381017,-0.205919,-0.112793,0.112793
6021,0.0824603,0.00122106,0.003663,-0.00491688,-0.165101,0.383754,-0.164034,-0.112793,0.112793
6033,0.0814286,0.00122106,0.003663,-0.28096,-0.353681,0.418557,-0.165049,-0.0412788,0.00917988
6045,0.0814286,0.00122106,0.003663,-0.21328,-0.788131,0.440646,-0.267371,0.112793,-0.112793
6057,0.0812698,0.00122106,0.003663,-0.0742693,-0.693718,0.433233,-0.107162,0.102176,-0.112793
6069,0.0801587,0.00122106,0.003663,0.106215,0.00925392,0.380441,-0.125194,0.0323758,-0.0553428
6081,0.0801587,0.00122106,0.003663,0.236491,0.570493,0.308196,-0.192577,-0.112241,0.0894579
6093,0.0788889,0.00122106,0.003663,0.320499,0.859896,0.271044,-0.171254,-0.112793,0.112793
6105,0.0788889,0.00122106,0.003663,0.34199,0.480085,0.284619,-0.12503,-0.112793,0.112793
6117,0.0788889,0.00122106,0.003663,0.172191,0.295017,0.334327,-0.161584,-0.112793,0.112793
6129,0.0779365,0.00122106,0.003663,0.075451,-0.139281,0.367739,-0.113836,-0.112793,0.112793
6141,0.0768254,0.00122106,0.003663,0.0368847,-0.584595,0.378373,-0.177736,-0.0835468,0.0622506
6153,0.0768254,0.00122106,0.003663,0.0750986,-0.914836,0.409708,-0.151789,-0.041072,0.00601924
6165,0.0757143,0.00122106,0.003663,0.125871,-1.15185,0.420259,-0.117575,-0.0424113,0.012257
6177,0.0756349,0.00122106,0.003663,0.125868,-0.988833,0.427366,-0.0581203,-0.0535357,0.0301773
6189,0.0756349,0.00122106,0.003663,0.152074,-0.90155,0.432691,-0.13053,-0.0588095,0.0473175
6201,0.0744444,0.00122106,0.003663,0.159126,-0.882283,0.454761,-0.110364,-0.0866991,0.0617088
6213,0.0733333,0.00122106,0.003663,0.0265769,-0.844899,0.482214,-0.142632,-0.0922838,0.0713814
6225,0.0733333,0.00122106,0.003663,-0.223066,-1.14129,0.488893,0.00869354,-0.0276171,-0.00102859
6237,0.0718254,0.00122106,0.003663,-0.181969,-1.44528,0.50096,-0.0336202,0.112793,-0.112793
6249,0.0705555,0.00122106,-0.00183159,-0.101446,-1.33227,0.495617,-0.0468641,0.112793,-0.112793
6261,0.0705555,0.00122106,-0.00183159,-0.032909,-0.894142,0.435286,-0.0351311,0.0788178,-0.0902942
6273,0.07,0.00122106,-0.00183159,0.0472056,-0.247125,0.364906,-0.0844672,0.0210629,-0.0286716
6285,0.07,0.00122106,-0.00183159,0.142948,0.221792,0.323487,-0.112876,-0.0602785,0.0452296
6297,0.07,0.00122106,-0.00183159,0.180492,0.485403,0.308981,-0.141715,-0.112793,0.112793
6309,0.07,0.00122106,-0.00183159,0.174975,0.228039,0.312634,-0.19438,-0.112793,0.112793
6321,0.07,0.00122106,0.003663,-0.117104,-0.0638749,0.351545,-0.187625,-0.112793,0.112793
6333,0.07,0.00122106,0.003663,-0.220759,-0.818216,0.374521,-0.086407,0.00818878,-0.0459241
6345,0.07,0.00122106,0.003663,-0.108775,-1.22011,0.387782,-0.182413,0.112793,-0.112793
6357,0.07,0.00122106,0.003663,-0.00738195,-0.992007,0.39121,-0.0745987,0.0718039,-0.110652
6369,0.07,0.00122106,0.003663,-0.0292756,-0.529648,0.315455,-0.0895992,0.0129517,-0.0292376
6381,0.07,0.00122106,0.003663,0.0839517,-0.0942757,0.26416,-0.0402521,0.00225803,-0.0209466
6393,0.07,0.00122106,0.003663,0.148887,0.173886,0.25066,-0.0568975,-0.0761558,0.0691528
6405,0.07,0.00122106,0.003663,0.117129,0.479209,0.254632,-0.132529,-0.112793,0.112793
6417,0.07,0.00122106,0.003663,0.0573375,0.197308,0.267722,-0.0218944,-0.112793,0.112793
6429,0.07,0.00122106,-0.00183159,-0.105033,-0.332921,0.299786,-0.0628243,-0.0776848,0.0755654
6441,0.07,0.00122106,-0.00183159,-0.269551,-0.89903,0.326463,-0.101084,0.0358994,-0.0488948
6453,0.07,0.00122106,-0.00183159,-0.277817,-1.26784,0.34225,-0.0504269,0.112793,-0.112793
6465,0.07,0.00122106,-0.00183159,-0.174847,-1.03137,0.327044,-0.0721519,0.112793,-0.112793
6477,0.07,0.00122106,-0.00183159,-0.056948,-0.480212,0.262017,-0.133542,0.112793,-0.112793
6489,0.07,0.00122106,0.003663,0.0817068,0.197337,0.21722,-0.15057,0.0151221,-0.0426632
6501,0.07,0.00122106,-0.00183159,0.136582,0.695642,0.160783,-0.24219,-0.0985411,0.071697
6513,0.07,0.00122106,-0.00183159,0.028467,1.00316,0.148279,-0.241964,-0.112793,0.112793
6525,0.07,0.00122106,-0.00183159,-0.111935,0.496099,0.167471,-0.114923,-0.112793,0.0777446
6537,0.07,0.00122106,-0.00183159,-0.342746,0.00314704,0.188412,-0.213211,-0.00361514,-0.0181711
6549,0.07,0.00122106,-0.00183159,-0.212057,-0.514347,0.212143,-0.140339,0.112793,-0.112793
6561,0.07,0.00122106,-0.00183159,-0.131087,-0.519414,0.208449,-0.0378893,0.106046,-0.112793
6573,0.07,0.00122106,-0.00183159,-0.107553,-0.0710154,0.148898,-0.129327,0.0727835,-0.0818178
6585,0.07,0.00122106,-0.00183159,0.0817903,0.523431,0.0897996,-0.10391,0.0292974,-0.0549832
6597,0.07,0.00122106,-0.00183159,0.165372,0.871738,0.0571494,-0.0790633,-0.101756,0.0843418
6609,0.07,0.00122106,0.003663,0.0858148,0.927086,0.0560241,-0.0276528,-0.112793,0.112793
6621,0.07,0.00122106,0.003663,0.0681309,0.721768,0.0988639,-0.00161257,-0.112793,0.112793
6633,0.07,0.00122106,0.003663,-0.07924,0.206588,0.131432,-0.0741375,-0.0980016,0.0995797
6645,0.07,0.00122106,-0.00183159,-0.218431,-0.423847,0.151219,-0.0604696,0.00393143,-0.0180715
6657,0.07,0.00122106,-0.00183159,-0.285316,-0.935629,0.170067,-0.0129409,0.112793,-0.112793
6669,0.07,0.00122106,0.003663,-0.173883,-0.802891,0.161583,0.0247181,0.112793,-0.112793
6681,0.07,0.00122106,-0.00183159,-0.0291667,-0.259222,0.114596,-0.110285,0.112793,-0.112793
6693,0.07,0.00122106,-0.00183159,0.0593881,0.443946,0.063787,-0.169922,0.00354664,-0.0250404
6705,0.07,0.00122106,-0.00183159,0.0936712,0.879755,0.0304947,-0.148915,-0.0886256,0.0579473
6717,0.07,0.00122106,0.003663,0.0480745,0.732469,0.0358709,-0.0767942,-0.112793,0.102833
6729,0.07,0.00122106,0.003663,-0.0455556,0.471255,0.0777793,-0.0176672,-0.089001,0.0756732
6741,0.07,0.00122106,0.003663,-0.112966,-0.0457901,0.104881,-0.0618796,-0.0204553,0.0170118
6753,0.07,0.00122106,-0.00183159,-0.216716,-0.598563,0.111979,-0.111659,0.0415162,-0.0542441
6765,0.07,0.00122106,-0.00183159,-0.170826,-0.769599,0.0976267,-0.0188514,0.112793,-0.112793
6777,0.0703175,0.00122106,0.003663,-0.132339,-0.507358,0.071069,0.0151792,0.112793,-0.112793
6789,0.0703968,0.00122106,0.003663,-0.0243502,0.106274,0.03405,-0.0159301,0.0910056,-0.091102
6801,0.0703968,0.00122106,0.003663,0.0669051,0.479386,-0.00400639,-0.0461702,-0.00491236,0.00124538
6813,0.0705555,0.00122106,-0.00183159,0.00955638,0.741828,-0.0119531,-0.090811,-0.0762084,0.0695208
6825,0.0715873,0.00122106,0.003663,-0.0484343,0.509835,0.0115736,-0.118754,-0.065274,0.0486925
6837,0.0715873,0.00122106,0.003663,-0.141724,0.154186,0.0489606,-0.0672537,-0.024094,0.00097412
6849,0.0716667,0.00122106,0.003663,-0.235479,-0.293361,0.0521153,-0.0271732,0.0504122,-0.0653352
6861,0.071746,0.00122106,0.003663,-0.184992,-0.435107,0.038663,0.0968438,0.112793,-0.112793
6873,0.071746,0.00122106,0.003663,-0.105829,-0.308898,0.00108439,0.00365315,0.112793,-0.112593
6885,0.0718254,0.00122106,0.003663,-0.0623521,-0.0167584,-0.0398213,0.0158363,0.0712331,-0.073016
6897,0.0719048,0.00122106,0.003663,-0.0130058,0.438114,-0.0570426,0.0309017,0.0345205,-0.0329102
6909,0.0719048,0.00122106,0.003663,0.0603198,0.673227,-0.0610772,0.0184686,-0.0175726,0.0235817
6921,0.0719841,0.00122106,-0.00183159,-0.0214492,0.547662,-0.061997,0.0313007,-0.0725713,0.0785958
6933,0.0721428,0.00122106,-0.00183159,-0.110018,0.203242,-0.0417148,0.0216245,-0.018644,0.0259012
6945,0.0721428,0.00122106,-0.00183159,-0.096469,-0.231208,-0.00036249,0.0363041,0.0483887,-0.0447401
6957,0.0721428,0.00122106,-0.00183159,-0.12072,-0.544065,-0.00687853,0.0949294,0.0654115,-0.0595463
6969,0.0723016,0.00122106,-0.00183159,-0.187293,-0.500468,-0.0387843,-0.0053335,0.104608,-0.0883315
6981,0.0723016,0.00122106,-0.00183159,-0.0990222,-0.35883,-0.0599205,0.0292474,0.112793,-0.112793
6993,0.0723809,0.00122106,-0.00183159,-0.0134947,-0.0441976,-0.0665423,-0.00115997,0.0800115,-0.0759248
7005,0.0724603,0.00122106,-0.00183159,0.0655247,0.42534,-0.073315,-0.0963099,0.0112546,-0.011391
7017,0.0724603,0.00122106,-0.00183159,0.0515446,0.447777,-0.102838,-0.0305265,-0.0699189,0.0532548
7029,0.0725397,0.00122106,-0.00183159,-0.057494,0.295225,-0.0985278,-0.107416,-0.0543727,0.0502636
7041,0.0737302,0.00122106,-0.00183159,-0.211017,-0.296038,-0.0691287,-0.00464013,0.00745194,-0.0280935
7053,0.0737302,0.00122106,-0.00183159,-0.190032,-0.609983,-0.0298943,-0.0183727,0.112793,-0.112793
7065,0.0737302,0.00122106,-0.00183159,-0.204172,-0.546591,-0.0363343,0.0102334,0.112793,-0.112793
7077,0.0738889,0.00122106,-0.00183159,-0.202353,-0.386063,-0.0839222,-0.0422792,0.112793,-0.112793
7089,0.0738889,0.00122106,-0.00183159,-0.0996561,-0.0585729,-0.110183,0.105963,0.112793,-0.112793
7101,0.0749206,0.00122106,-0.00183159,0.00367019,0.325795,-0.125457,0.0208979,0.0756844,-0.056282
7113,0.075,0.00122106,-0.00183159,-0.0245998,0.651442,-0.144517,0.0016117,-0.0125186,0.0174789
7125,0.075,0.00122106,-0.00183159,-0.102215,0.633009,-0.163875,-0.0349224,-0.0173342,0.0188364
7137,0.0762698,0.00122106,0.003663,-0.175687,0.344114,-0.14735,0.0117878,0.0251083,-0.0327909
7149,0.0772222,0.00122106,0.003663,-0.291498,-0.0399631,-0.128746,0.160564,0.0880738,-0.0882034
7161,0.0772222,0.00122106,0.003663,-0.280769,-0.0636677,-0.121233,0.0929624,0.112793,-0.112793
7173,0.0785714,0.00122106,0.003663,-0.278461,0.00791786,-0.147009,0.00185271,0.112793,-0.112793
7185,0.0800794,0.00122106,0.003663,-0.131879,0.285799,-0.186338,0.0195364,0.112793,-0.112793
7197,0.0800794,0.00122106,0.003663,-0.0358841,0.7932,-0.197562,0.129662,0.0737493,-0.0720705
7209,0.0812698,0.00122106,0.003663,-0.139171,0.973502,-0.227031,-0.0208405,-0.00149845,0.0267803
7221,0.0835714,0.00122106,0.003663,-0.0437895,0.909576,-0.271791,0.0283566,0.0345896,-0.0394632
7233,0.0835714,0.00122106,0.003663,0.0591798,0.828219,-0.234821,0.00176506,-0.00674786,0.0124033
7245,0.0846032,0.00122106,0.003663,-0.0731301,0.822729,-0.215273,-0.0364369,-0.066974,0.0687152
7257,0.0860317,0.00122106,0.003663,-0.159419,0.267219,-0.240954,0.0145397,0.00455752,-0.0119077
7269,0.0860317,0.00122106,0.003663,-0.0797622,-0.143078,-0.192483,0.107314,0.0992489,-0.0991235
7281,0.0871428,0.00122106,0.003663,-0.00843568,-0.0317596,-0.158053,0.0420825,0.084999,-0.0666734
7293,0.0893651,0.00122106,0.003663,0.0532273,0.178473,-0.173248,-0.0239816,0.0266899,-0.0197609
7305,0.0893651,0.00122106,0.003663,-0.0148965,0.294257,-0.204308,0.0126795,-0.0286153,0.023999
7317,0.0907143,0.00122106,0.003663,-0.0934089,0.127745,-0.219008,-0.0356276,0.0105126,-0.00873789
7329,0.0920635,0.00122106,0.003663,-0.0342815,-0.0740739,-0.187875,0.041698,0.0655665,-0.0746153
7341,0.0920635,0.00122106,0.003663,-0.0601122,0.0131121,-0.148651,-0.0242585,0.0487363,-0.0424075
7353,0.0921429,0.00122106,0.003663,-0.159517,-0.0221782,-0.171245,-0.130769,0.0480287,-0.0545492
7365,0.0933333,0.00122106,0.003663,-0.109648,0.0605798,-0.189551,-0.0130467,0.102092,-0.112793
7377,0.0933333,0.00122106,0.003663,-0.0905332,0.1727,-0.187004,0.0483581,0.0798598,-0.0848618
7389,0.0944444,0.00122106,0.003663,-0.0409261,0.505503,-0.210168,-0.0461907,0.0667493,-0.059343
7401,0.0944444,0.00122106,0.003663,-0.0111331,0.839225,-0.231948,0.0291874,0.00705967,-0.0165787
7413,0.0944444,0.00122106,0.003663,-0.0421917,0.65061,-0.264927,-0.102823,-0.0243896,0.0305998
7425,0.0946032,0.00122106,0.003663,-0.0408058,0.611993,-0.256599,-0.0158067,-0.00236248,-0.0179225
7437,0.0957143,0.00122106,0.003663,-0.0552315,0.251516,-0.246831,0.033933,0.00712367,-0.0106013
7449,0.0957143,0.00122106,0.003663,-0.00808355,0.18296,-0.215499,0.0793156,0.0447846,-0.0396396
7461,0.0957143,0.00122106,0.003663,0.104333,0.256394,-0.199915,0.0108349,0.022453,-0.00796771
7473,0.0965873,0.00122106,0.003663,0.0277098,0.26583,-0.199844,0.0352279,-0.0589705,0.0619345
7485,0.0965873,0.00122106,0.003663,0.0133445,0.161778,-0.202456,0.0566531,-0.010768,0.0174275
7497,0.0965873,0.00122106,0.003663,-0.00597894,-0.128022,-0.163394,0.139906,0.00754032,0.00282482
7509,0.0966667,0.00122106,0.003663,0.0258914,-0.230243,-0.127295,0.0960082,0.043772,-0.0181397
7521,0.0966667,0.00122106,0.003663,0.137425,-0.208076,-0.104981,-0.0271478,0.0237927,-0.00639136
7533,0.0968254,0.00122106,0.003663,-0.0121785,-0.461895,-0.131592,0.0719396,-0.0595835,0.0547559
7545,0.0978571,0.00122106,0.003663,-0.0236845,-0.524959,-0.141077,-0.0387875,0.0613549,-0.0496964
7557,0.0978571,0.00122106,0.003663,0.00903058,-0.758245,-0.0910686,0.148049,0.0629429,-0.0730602
7569,0.0979365,0.00122106,0.003663,0.287301,-0.514261,-0.069788,-0.10802,0.0727343,-0.0466534
7581,0.0979365,0.00122106,0.003663,0.186406,-0.18463,-0.0805499,-0.0999427,-0.112793,0.112793
7593,0.0979365,0.00122106,0.003663,0.052978,-0.50456,-0.116215,-0.11302,-0.100694,0.0825495
7605,0.0989682,0.00122106,0.003663,-0.1359,-1.10204,-0.0886497,0.00217676,0.00527841,-0.028625
7617,0.0990476,0.00122106,0.003663,-0.0294794,-1.25531,-0.0232306,0.0377578,0.112793,-0.112793
7629,0.0990476,0.00122106,0.003663,0.0148112,-0.971845,-0.0148868,-0.0608211,0.112793,-0.111156
7641,0.1,0.00122106,0.003663,-0.0768779,-0.563146,-0.0555217,-0.0260064,0.0571119,-0.0717848
7653,0.101111,0.00122106,0.003663,-0.104327,-0.268832,-0.0902888,0.00292098,0.0922877,-0.100622
7665,0.101111,0.00122106,0.003663,-0.108532,-0.16701,-0.101833,0.0528651,0.094524,-0.0970083
7677,0.102143,0.00122106,0.003663,-0.0104854,0.12705,-0.124633,-0.0666889,0.0961864,-0.0888457
7689,0.103333,0.00122106,0.003663,-0.0414891,0.250724,-0.15576,-0.11624,0.00509628,-0.0188751
7701,0.103333,0.00122106,0.003663,-0.112463,0.167747,-0.212603,-0.0509212,0.0136975,-0.0372774
7713,0.103333,0.00122106,0.003663,-0.0798315,0.0837156,-0.223034,0.0658704,0.0756267,-0.087874
7725,0.104365,0.00122106,0.003663,-0.0466049,0.217462,-0.191596,-0.0502213,0.0739043,-0.0632975
7737,0.104365,0.00122106,0.003663,0.00020919,0.382427,-0.210238,0.00095155,0.0291975,-0.0402158
7749,0.105556,0.00122106,0.003663,-0.0218538,0.540899,-0.220108,-0.0618739,-0.00525628,0.00518245
7761,0.106667,0.00122106,0.003663,-0.156619,0.380491,-0.23366,0.0636622,-0.00824946,-0.00393269
7773,0.106667,0.00122106,0.003663,-0.29055,0.0236335,-0.232279,-0.049509,0.10167,-0.0918908
7785,0.108016,0.00122106,0.003663,-0.146614,0.0500849,-0.212987,0.0700162,0.112793,-0.112793
7797,0.108968,0.00122106,0.003663,-0.085173,0.395039,-0.207303,-0.0242673,0.112793,-0.108223
7809,0.108968,0.00122106,0.003663,-0.0484758,0.750446,-0.249341,0.00612589,0.0445566,-0.050691
7821,0.110238,0.00122106,0.003663,-0.0780314,0.980172,-0.287027,0.10084,0.0019755,-0.00088409
7833,0.110238,0.00122106,0.003663,-0.028212,0.792732,-0.317279,0.00344318,0.0166649,0.00283809
7845,0.110238,0.00122106,0.003663,0.105995,0.82516,-0.297551,-0.0187983,-0.00776912,0.00860282
7857,0.11127,0.00122106,0.003663,0.0578752,0.670772,-0.284033,-0.0372313,-0.100234,0.0988527
7869,0.11127,0.00122106,0.003663,0.00578718,0.406737,-0.280211,0.0355105,-0.0611923,0.0551784
7881,0.11127,0.00122106,0.003663,-0.0277223,0.0402675,-0.210437,0.135488,-0.00164766,0.00830262
7893,0.111508,0.00122106,0.003663,-0.139532,-0.455434,-0.168401,0.0385806,0.0498883,-0.0251416
7905,0.111587,0.00122106,0.003663,-0.0566746,-0.419089,-0.147665,0.111354,0.112793,-0.112793
7917,0.111587,0.00122106,0.003663,0.0503919,-0.365246,-0.141555,0.0831202,0.0940545,-0.0754345
7929,0.111667,0.00122106,0.003663,-0.0210651,0.00026533,-0.167534,0.143342,0.0182631,-0.00339704
7941,0.112698,0.00122106,0.003663,-0.00318062,0.25829,-0.198411,0.00632092,0.0451339,-0.0187819
7953,0.112698,0.00122106,0.003663,-0.0359072,0.144761,-0.192455,-0.0226968,0.00402133,-0.00334709
7965,0.112778,0.00122106,0.003663,-0.0937431,0.128244,-0.198362,-0.0733833,0.0300638,-0.0357646
7977,0.11381,0.00122106,0.003663,-0.0750164,0.100845,-0.18783,-0.0648547,0.0640993,-0.0805199
7989,0.11381,0.00122106,0.003663,-0.0747467,0.162914,-0.187083,-0.0785595,0.0538607,-0.068401
8001,0.113968,0.00122106,0.003663,-0.0787327,0.325917,-0.203907,-0.107734,0.0476082,-0.0646375
8013,0.115,0.00122106,0.003663,-0.0555967,0.548299,-0.224861,-0.0882991,0.0366798,-0.0590321
8025,0.115,0.00122106,0.003663,-0.0302324,0.6486,-0.236507,-0.0725336,0.00884576,-0.0265626
8037,0.116032,0.00122106,0.003663,0.0205029,0.744872,-0.24646,-0.0662617,-0.0127244,-0.00131994
8049,0.11619,0.00122106,0.003663,-0.0359604,0.609458,-0.25611,-0.0612112,-0.0514561,0.0396128
8061,0.11619,0.00122106,0.003663,-0.0828803,0.430051,-0.255163,0.00218444,-0.00317576,-0.00889984
8073,0.11627,0.00122106,0.003663,-0.0314294,0.186388,-0.223885,0.00376111,0.0469091,-0.0478705
8085,0.11627,0.00122106,0.003663,0.0561938,0.247261,-0.187328,0.0453286,0.0290792,-0.0295345
8097,0.11627,0.00122106,0.003663,0.0377053,0.262195,-0.190145,0.00037684,-0.0319011,0.041032
8109,0.116349,0.00122106,0.003663,-0.0251752,0.273369,-0.205246,0.00847429,-0.0251609,0.0253468
8121,0.116429,0.00122106,0.003663,-0.0159732,0.141763,-0.178071,0.0217146,0.0170484,-0.0162334
8133,0.116429,0.00122106,0.003663,-0.0059612,-0.101755,-0.148749,0.104072,0.0196939,-0.0164626
8145,0.116587,0.00122106,0.003663,0.133998,-0.0657892,-0.142004,-0.110565,0.0368068,-0.0180508
8157,0.116587,0.00122106,0.003663,0.167399,-0.0287471,-0.126547,-0.0206545,-0.0784098,0.0578044
8169,0.116587,0.00122106,0.003663,0.124931,0.0185369,-0.137551,-0.159105,-0.0956672,0.0930955
8181,0.116746,0.00122106,0.003663,0.111538,-0.340623,-0.10444,0.00118094,-0.0841397,0.0542308
8193,0.116825,0.00122106,0.003663,0.0860063,-0.717888,-0.0467625,-0.0175922,-0.0358151,0.0358768
8205,0.116825,0.00122106,0.003663,-0.0301385,-0.954013,-0.0248345,0.00640572,0.00199108,-0.00680433
8217,0.116905,0.00122106,0.003663,-0.0537186,-0.931062,-0.0204198,0.0163266,0.0956523,-0.0981211
8229,0.117143,0.00122106,0.003663,-0.00277112,-0.583258,-0.0052315,0.0510846,0.109842,-0.110677
8241,0.117143,0.00122106,0.003663,-0.00370934,-0.304842,-0.0424906,0.0167627,0.0521464,-0.0445539
8253,0.117302,0.00122106,0.003663,-0.0162796,0.0643285,-0.0722167,-0.0762631,0.0318574,-0.0302775
8265,0.118175,0.00122106,0.003663,-0.028944,0.123015,-0.0883657,-0.0794065,0.00567711,-0.0213935
8277,0.118175,0.00122106,0.003663,-0.0600979,0.0703427,-0.103685,-0.155335,0.0106728,-0.0270667
8289,0.118175,0.00122106,0.003663,-0.0436681,-0.059648,-0.110272,-0.0867843,0.0291046,-0.0608343
8301,0.118413,0.00122106,0.003663,-0.0199908,0.0331499,-0.109858,-0.16463,0.0355939,-0.054159
8313,0.118413,0.00122106,0.003663,0.0846547,0.0812142,-0.117491,-0.148374,0.00539353,-0.0384295
8325,0.119365,0.00122106,0.003663,0.0824826,0.227721,-0.127598,-0.11825,-0.0646723,0.0364749
8337,0.119444,0.00122106,0.003663,0.115291,0.118915,-0.133897,-0.0477289,-0.070665,0.048633
8349,0.119444,0.00122106,0.003663,0.0481031,-0.120495,-0.0976433,-0.0725018,-0.0763835,0.0681997
8361,0.120476,0.00122106,0.003663,-0.0671573,-0.410518,-0.0565786,-0.0134558,-0.0201227,0.00558127
8373,0.120476,0.00122106,0.003663,-0.0964643,-0.637038,-0.024632,0.0683408,0.0797237,-0.0852599
8385,0.120476,0.00122106,0.003663,-0.0588526,-0.518716,-0.0249036,0.0139122,0.112793,-0.111961
8397,0.120556,0.00122106,0.003663,-0.0657051,-0.217936,-0.0438608,0.0343221,0.082152,-0.0824842
8409,0.121508,0.00122106,0.003663,-0.0655584,0.136022,-0.0807137,-0.098799,0.067334,-0.063066
8421,0.121508,0.00122106,0.003663,0.0150432,0.404271,-0.106163,-0.0497325,0.0303952,-0.0510271
8433,0.121508,0.00122106,0.003663,0.0183902,0.495524,-0.120491,-0.166307,-0.0363262,0.0270779
8445,0.121587,0.00122106,0.003663,0.0791345,0.45655,-0.137423,-0.117661,-0.0555953,0.0240469
8457,0.121587,0.00122106,0.003663,-0.0370434,0.143948,-0.130667,-0.0936727,-0.086301,0.0649538
8469,0.121667,0.00122106,0.003663,-0.0848313,-0.158094,-0.105827,0.0374615,0.0162281,-0.0355152
8481,0.122698,0.00122106,0.003663,-0.0182214,-0.420114,-0.0546669,0.0229099,0.0815616,-0.0769481
8493,0.122698,0.00122106,0.003663,-0.0201049,-0.343651,-0.0335194,0.0708666,0.0513656,-0.0491437
8505,0.122778,0.00122106,0.003663,0.0244368,-0.0574312,-0.0449355,0.038029,0.0492477,-0.037523
8517,0.122937,0.00122106,0.003663,-0.0256742,0.0317745,-0.0560876,0.154293,-0.00465518,0.0114475
8529,0.122937,0.00122106,0.003663,0.0634918,-0.0329445,-0.0696633,-0.0469219,0.0339853,-0.00523965
8541,0.124127,0.00122106,0.003663,-0.0250483,-0.054031,-0.0513404,0.0277101,-0.0386867,0.0296572
8553,0.125238,0.00122106,0.003663,-0.193454,-0.240149,-0.0655062,-0.154561,0.0271021,-0.0230611
8565,0.125238,0.00122106,0.003663,-0.105336,-0.385883,-0.0573457,0.102108,0.112793,-0.112793
8577,0.12627,0.00122106,0.003663,-0.0613287,-0.192961,-0.0227207,-0.0711345,0.112793,-0.0982224
8589,0.127302,0.00122106,0.003663,-0.0885704,0.0885916,-0.0464344,-0.112078,0.0494887,-0.0654473
8601,0.127302,0.00122106,0.003663,0.0244366,0.475614,-0.0827649,-0.118037,0.0436488,-0.0672291
8613,0.128413,0.00122106,0.003663,0.0400579,0.361357,-0.122048,-0.111775,-0.0604307,0.0384529
8625,0.128413,0.00122106,0.003663,0.0586694,0.39913,-0.138472,-0.0327202,-0.0575794,0.0366631
8637,0.128413,0.00122106,0.003663,0.0604875,0.254372,-0.100335,-0.0635659,-0.0638937,0.0586353
8649,0.12873,0.00122106,0.003663,-0.0457301,-0.235213,-0.0811055,0.0374976,-0.0604623,0.0489501
8661,0.12873,0.00122106,0.003663,-0.107259,-0.412636,-0.0387907,0.0350022,0.0580648,-0.0529895
8673,0.12873,0.00122106,0.003663,-0.0932242,-0.383672,0.00131661,0.0428545,0.109309,-0.106077
8685,0.128889,0.00122106,0.003663,-0.0830049,-0.20424,-0.018876,0.00506847,0.0944188,-0.0892851
8697,0.128968,0.00122106,0.003663,-0.0670607,0.131945,-0.0530962,-0.113875,0.0714912,-0.0730562
8709,0.128968,0.00122106,0.003663,-0.0176943,0.37196,-0.0886696,-0.134928,0.0256643,-0.0491379
8721,0.128968,0.00122106,0.003663,-0.0642734,0.54535,-0.0994103,-0.10822,-0.0253784,-0.00080913
8733,0.129048,0.00122106,0.003663,-0.111675,0.439102,-0.116149,-0.175251,-0.00415717,-0.0171342
8745,0.129048,0.00122106,0.003663,-0.0753303,0.389722,-0.101982,-0.104488,0.0313948,-0.0667253
8757,0.129048,0.00122106,0.003663,-0.0253484,0.259674,-0.085956,-0.0196057,0.0163135,-0.0374903
8769,0.129206,0.00122106,0.003663,-0.00348323,0.353119,-0.0901248,0.0271233,-0.00038068,-0.00391515
8781,0.129206,0.00122106,0.003663,0.0405386,0.389281,-0.104651,0.0572656,-0.017664,0.0230015
8793,0.129206,0.00122106,0.003663,0.120205,0.326794,-0.0868259,0.0811188,-0.045935,0.0578629
8805,0.129206,0.00122106,0.003663,0.0594097,0.105267,-0.071117,0.141223,-0.0941468,0.111801
8817,0.129206,0.00122106,0.003663,0.02014,-0.165924,-0.0452476,0.110895,-0.031103,0.0588567
8829,0.129286,0.00122106,0.003663,0.0728101,-0.326977,0.00430305,0.0971059,0.0115701,0.00900632
8841,0.129286,0.00122106,0.003663,0.0103391,-0.332792,0.0238335,0.0567745,-0.0173021,0.0356942
8853,0.129286,0.00122106,0.003663,-0.0388902,-0.217394,0.00871234,0.00106267,0.0195249,-0.00988892
8865,0.129365,0.00122106,0.003663,-0.066827,-0.148757,0.00861003,0.0207444,0.039598,-0.0412247
8877,0.129365,0.00122106,0.003663,-0.0422591,0.0320457,0.00244217,-0.0289307,0.0549042,-0.0529705
8889,0.129365,0.00122106,0.003663,-0.0294196,0.125053,-0.0130707,-0.0231853,0.0196349,-0.0264408
8901,0.129603,0.00122106,0.003663,-0.0465683,0.183634,-0.0358635,-0.0428029,0.00555369,-0.010821
8913,0.129603,0.00122106,0.003663,-0.00549706,0.279688,-0.039199,-0.0926923,0.0127411,-0.0219581
8925,0.129603,0.00122106,0.003663,0.016765,0.272628,-0.0324277,-0.0741856,-0.0272385,0.00927173
8937,0.129762,0.00122106,0.003663,0.0180068,0.129623,-0.0306848,-0.143242,-0.0406358,0.026595
8949,0.129841,0.00122106,0.003663,0.0134372,-0.0912542,-0.0215879,-0.0271126,-0.0369703,0.00919671
8961,0.129841,0.00122106,0.003663,-0.0205522,-0.104372,0.00333338,0.00500959,-0.0058105,-0.00015899
8973,0.13,0.00122106,0.003663,-0.0794446,-0.140902,0.0138585,0.0329202,0.0189068,-0.0191778
8985,0.131032,0.00122106,0.003663,-0.0734633,-0.00469235,0.00895032,0.0454978,0.0633371,-0.0592128
8997,0.131032,0.00122106,0.003663,-0.0748421,0.0690653,0.0019381,-0.00882497,0.0499122,-0.0428882
9009,0.131032,0.00122106,0.003663,-0.0554356,0.229719,-0.00377386,-0.0410894,0.0402626,-0.0435777
9021,0.13127,0.00122106,0.003663,-0.00828905,0.35472,-0.00555396,-0.0536747,0.0115273,-0.0203408
9033,0.13127,0.00122106,0.003663,0.00420031,0.403931,-0.0217389,-0.0515897,-0.0316357,0.0214768
9045,0.13127,0.00122106,0.003663,-0.00283725,0.34167,-0.0391162,-0.0791844,-0.0423189,0.0328639
9057,0.132222,0.00122106,0.003663,0.00624737,0.148425,-0.0312514,-0.0208909,-0.0338467,0.0187423
9069,0.132222,0.00122106,0.003663,0.0366542,0.0555487,0.00886014,0.0154281,-0.0196305,0.0154237
9081,0.132381,0.00122106,0.003663,0.0227349,0.0519955,0.0232389,0.0220328,-0.0332958,0.0364225
9093,0.132381,0.00122106,0.003663,0.0529674,0.112202,0.0238458,0.026383,-0.0243186,0.0285239
9105,0.132381,0.00122106,0.003663,0.0715926,0.122256,0.0266083,0.0445011,-0.0494327,0.0551288
9117,0.13254,0.00122106,0.003663,0.0691787,0.144573,0.0190084,0.0233881,-0.0615111,0.0710428
9129,0.13254,0.00122106,0.003663,0.0991737,0.112387,0.0192095,0.0363604,-0.0630079,0.0684644
9141,0.13254,0.00122106,0.003663,0.165315,0.0822434,0.037514,-0.0215404,-0.0796167,0.087968
9153,0.132778,0.00122106,0.003663,0.0753942,-0.0757417,0.0381253,0.0200045,-0.112793,0.112793
9165,0.132778,0.00122106,0.003663,0.0847713,-0.309178,0.0548999,-0.0320484,-0.051744,0.056069
9177,0.132778,0.00122106,0.003663,0.020787,-0.480886,0.106956,-0.0164817,-0.0459552,0.039739
9189,0.13381,0.00122106,0.003663,-0.0112956,-0.515033,0.121666,-0.0329721,0.00790964,-0.0125011
9201,0.13381,0.00122106,0.003663,0.00475777,-0.396359,0.141343,0.0440858,0.0294735,-0.0378276
9213,0.13381,0.00122106,0.003663,0.0480203,-0.241413,0.129234,0.0275134,0.0143826,-0.007198
9225,0.133968,0.00122106,0.003663,0.0280545,0.0517645,0.101716,-0.0589954,-0.0282987,0.0333799
9237,0.134048,0.00122106,0.003663,0.0241593,0.160278,0.0601247,-0.0999156,-0.0442685,0.0330714
9249,0.134048,0.00122106,0.003663,0.0594757,0.152838,0.05222,-0.0482913,-0.0503925,0.031438
9261,0.135079,0.00122106,0.003663,0.070091,0.117203,0.058804,-0.0276351,-0.0685945,0.0601627
9273,0.135079,0.00122106,0.003663,0.0319798,0.0109626,0.069325,0.0608326,-0.0717308,0.0673794
9285,0.135079,0.00122106,0.003663,0.0805132,-0.0445745,0.0890215,0.040114,-0.0293692,0.0412405
9297,0.135079,0.00122106,0.003663,0.0679189,-0.171366,0.103971,0.0793743,-0.0621026,0.0706269
9309,0.136111,0.00122106,0.003663,-0.0239011,-0.305175,0.104425,0.101558,-0.0410801,0.0566746
9321,0.136111,0.00122106,0.003663,-0.0821534,-0.330021,0.118474,0.0644504,0.0350779,-0.0170448
9333,0.136111,0.00122106,0.003663,-0.125226,-0.290733,0.1434,0.0512576,0.0721827,-0.0623005
9345,0.13619,0.00122106,0.003663,-0.116054,-0.0513606,0.130414,-0.0498359,0.0948901,-0.0880851
9357,0.13619,0.00122106,0.003663,-0.054462,0.367962,0.0845888,-0.0296375,0.0603521,-0.0722934
9369,0.136349,0.00122106,0.003663,0.0143225,0.690413,0.0373498,-0.0829929,-0.0100781,0.0041349
9381,0.136349,0.00122106,0.003663,0.0712735,0.799857,0.012431,-0.0835135,-0.0845449,0.0702108
9393,0.136349,0.00122106,0.003663,0.0836347,0.588928,0.0156249,-0.0372096,-0.112793,0.112793
9405,0.136587,0.00122106,0.003663,0.093287,0.32656,0.0395045,0.0228176,-0.112793,0.112793
9417,0.136587,0.00122106,0.003663,0.0541586,-0.0632793,0.0676468,0.0434271,-0.0991777,0.105543
9429,0.136587,0.00122106,0.003663,0.0542177,-0.25978,0.113169,0.0923696,-0.040933,0.0495981
9441,0.137778,0.00122106,0.003663,-0.0355349,-0.376609,0.161451,0.109951,-0.0248288,0.0424993
9453,0.137857,0.00122106,0.003663,-0.121709,-0.337101,0.183093,0.0533855,0.0437396,-0.0243485
9465,0.137857,0.00122106,0.003663,-0.0158341,-0.323846,0.175476,0.0777725,0.0924051,-0.0851817
9477,0.137857,0.00122106,0.003663,0.0649865,-0.0630619,0.155466,0.0391914,0.0211497,-0.00747832
9489,0.138968,0.00122106,0.003663,0.0749931,0.429832,0.105941,-0.0979605,-0.0585064,0.0667416
9501,0.138968,0.00122106,0.003663,0.0568905,0.670309,0.0684027,-0.0749492,-0.112793,0.0981884
9513,0.140159,0.00122106,0.003663,0.0842836,0.343629,0.060777,0.0203312,-0.112793,0.105235
9525,0.140159,0.00122106,0.003663,0.205918,0.0854974,0.100919,-0.080448,-0.0992923,0.105199
9537,0.140159,0.00122106,0.003663,0.150457,-0.142963,0.144021,-0.00770265,-0.112793,0.112793
9549,0.141111,0.00122106,0.003663,0.065475,-0.389674,0.16713,-0.108964,-0.112793,0.112793
9561,0.141111,0.00122106,0.003663,-0.0288684,-0.645816,0.201462,0.0432735,-0.0485761,0.0272812
9573,0.141111,0.00122106,0.003663,0.044737,-0.798416,0.245009,0.0365074,0.0500669,-0.0441458
9585,0.14127,0.00122106,0.003663,0.0936818,-0.699766,0.268507,-0.0352243,0.00651778,-0.00105603
9597,0.142302,0.00122106,0.00549451,0.0364385,-0.372761,0.238274,-0.0558965,-0.0456006,0.0379842
9609,0.142302,0.00122106,0.00549451,0.0184005,-0.214018,0.203824,-0.064538,-0.0322129,0.0205636
9621,0.142302,0.00122106,0.003663,0.00519714,-0.215448,0.211,0.0582432,-0.0302986,0.0174324
9633,0.143333,0.00122106,0.003663,0.0876908,-0.303125,0.210308,0.00722703,-0.00995092,0.0206184
9645,0.143333,0.00122106,0.003663,0.100628,-0.258675,0.207052,-0.0734947,-0.0655281,0.0674354
9657,0.143333,0.00122106,0.003663,0.0677424,-0.177153,0.205284,-0.014667,-0.0859604,0.072604
9669,0.143333,0.00122106,0.00549451,-0.0351812,-0.380122,0.211753,-0.0348082,-0.0640658,0.0614232
9681,0.143333,0.00122106,0.00549451,-0.10239,-0.533483,0.233298,0.0427011,0.022683,-0.031499
9693,0.143413,0.00122106,0.003663,-0.0109547,-0.664542,0.244593,-0.0182692,0.0884028,-0.0833969
9705,0.143571,0.00122106,0.003663,0.0399285,-0.243222,0.244129,-0.101775,0.0282074,-0.0338449
9717,0.143571,0.00122106,0.003663,0.116364,0.141617,0.188382,-0.0323435,-0.0511698,0.0314775
9729,0.143651,0.00122106,0.003663,0.0621429,0.242976,0.148222,-0.0650706,-0.112793,0.112793
9741,0.144762,0.00122106,0.00549451,0.030393,0.084332,0.141428,-0.0210491,-0.0956618,0.0843292
9753,0.144762,0.00122106,0.00549451,0.0413278,-0.253611,0.173497,-0.119069,-0.0550885,0.0512557
9765,0.144841,0.00122106,0.003663,0.071503,-0.4734,0.19798,-0.152876,-0.0467291,0.0235516
9777,0.145794,0.00122106,0.003663,0.091142,-0.472966,0.21531,-0.0792555,-0.0553299,0.0255235
9789,0.145794,0.00122106,0.003663,0.111683,-0.432627,0.234342,0.0670001,-0.0639369,0.0487264
9801,0.145794,0.00122106,0.003663,0.117667,-0.502422,0.245655,0.0279452,-0.0695868,0.0831451
9813,0.146825,0.00122106,0.003663,0.07876,-0.638943,0.255203,-0.029846,-0.0731603,0.0790938
9825,0.146825,0.00122106,0.003663,-0.0165104,-0.850609,0.26567,-0.0524292,-0.0406666,0.0343987
9837,0.146825,0.00122106,0.003663,-0.0433645,-0.962814,0.291016,-0.0212245,0.0415989,-0.0544299
9849,0.146905,0.00122106,0.00549451,-0.157755,-1.01143,0.303941,0.0114396,0.0705654,-0.0784504
9861,0.146905,0.00122106,0.00549451,-0.102036,-0.722579,0.278096,-0.10859,0.112793,-0.112793
9873,0.147063,0.00122106,0.00549451,-0.144681,-0.376464,0.230678,-0.107186,0.0843622,-0.109412
9885,0.148016,0.00122106,0.00549451,-0.0891357,0.137452,0.171433,-0.203105,0.089819,-0.112793
9897,0.148016,0.00122106,0.00549451,0.0138209,0.485912,0.112877,-0.0912685,0.00255119,-0.043278
9909,0.148095,0.00122106,0.003663,-0.012971,0.621181,0.0440654,-0.0957563,-0.0838588,0.0677474
9921,0.149048,0.00122106,0.003663,0.00224423,0.591206,0.024456,-0.0755542,-0.0706565,0.0535075
9933,0.149048,0.00122106,0.003663,-0.0397412,0.361756,0.0587995,0.00453926,-0.0752224,0.0621026
9945,0.149048,0.00122106,0.003663,-0.098606,0.139325,0.0691298,0.115868,-0.0211919,0.0222205
9957,0.149286,0.00122106,0.00549451,-0.0701337,-0.0231974,0.0840006,0.134173,0.0494575,-0.028914
9969,0.149286,0.00122106,0.00549451,-0.100223,0.00516795,0.101457,0.170268,0.0434418,-0.0193446
9981,0.150317,0.00122106,0.003663,-0.0794524,0.270055,0.0937281,0.0235331,0.0642952,-0.0332525
9993,0.150317,0.00122106,0.003663,-0.0165952,0.495514,0.0590622,-0.0383252,0.0128521,-0.00900859
10005,0.150317,0.00122106,0.003663,-0.0200841,0.596982,0.026234,-0.0580554,-0.0542953,0.0478645
10017,0.150476,0.00122106,0.003663,-0.0250208,0.473884,0.00952787,-0.141316,-0.05941,0.0493513
10029,0.150556,0.00122106,0.003663,-0.0432725,0.238636,0.0195122,-0.0247415,-0.0517679,0.0251313
10041,0.150556,0.00122106,0.003663,0.0575961,0.228382,0.0512932,-0.0424347,-0.00802721,0.00290484
10053,0.150556,0.00122106,0.003663,0.0766942,0.175981,0.0546418,0.0499108,-0.0840996,0.0772987
10065,0.150556,0.00122106,0.003663,0.133998,0.221405,0.0501308,-0.0106961,-0.084581,0.0957884
10077,0.150556,0.00122106,0.003663,0.0913975,-0.0345801,0.0724983,0.128119,-0.112793,0.112793
10089,0.150635,0.00122106,0.00549451,0.245114,-0.362258,0.102713,0.0253424,-0.0712234,0.0968284
10101,0.150635,0.00122106,0.00549451,0.0746594,-0.659666,0.137903,0.0656332,-0.112793,0.112793
10113,0.150635,0.00122106,0.00549451,0.0451548,-0.824422,0.172556,-0.0402467,-0.0175752,0.0290557
10125,0.150714,0.00122106,0.00549451,-0.0143389,-0.978457,0.226634,0.0177737,0.00412757,-0.0140277
10137,0.150714,0.00122106,0.003663,-0.064452,-0.973069,0.243026,0.0150671,0.0605773,-0.060274
10149,0.150714,0.00122106,0.003663,-0.107639,-0.845737,0.228144,-0.0648038,0.0941006,-0.0951139
10161,0.151746,0.00122106,0.003663,-0.139396,-0.532654,0.186853,-0.0904455,0.107824,-0.112793
10173,0.151746,0.00122106,0.00549451,-0.0967856,-0.117908,0.139329,-0.161051,0.104551,-0.112793
10185,0.151746,0.00122106,0.00549451,-0.0891209,0.277067,0.0723624,-0.164157,0.0356118,-0.0691425
10197,0.152857,0.00122106,0.003663,-0.0975602,0.462627,0.00537753,-0.173283,0.00187582,-0.0344419
10209,0.15373,0.00122106,0.003663,-0.133334,0.417027,-0.0167488,-0.207942,-0.0030684,-0.0309603
10221,0.15373,0.00122106,0.003663,-0.09906,0.282158,-0.0150763,-0.134801,0.0252522,-0.0667682
10233,0.153889,0.00122106,0.003663,-0.0961003,0.149839,-0.00521454,-0.0182242,0.019161,-0.0463787
10245,0.155,0.00122106,0.003663,-0.14655,0.231834,-0.00095969,0.104603,0.0387173,-0.0437544
10257,0.155,0.00122106,0.003663,-0.127441,0.237607,-0.0118201,0.0460145,0.0792667,-0.061179
10269,0.155159,0.00122106,0.003663,-0.101231,0.277562,-0.0194123,0.116268,0.0601837,-0.053085
10281,0.156111,0.00122106,0.003663,-0.161044,0.431307,-0.0356195,-0.00227134,0.0450001,-0.0237733
10293,0.156111,0.00122106,0.003663,-0.0880776,0.541866,-0.0451552,0.00815271,0.0646435,-0.0668801
10305,0.15627,0.00122106,0.003663,-0.173977,0.474338,-0.050298,-0.0300511,0.0037791,-0.00241936
10317,0.157143,0.00122106,0.003663,-0.112823,0.400894,-0.0884602,-0.0741221,0.0686451,-0.076356
10329,0.157143,0.00122106,0.003663,-0.0510576,0.450265,-0.0833963,-0.0709255,0.0299565,-0.0454319
10341,0.157222,0.00122106,0.003663,-0.0547385,0.513252,-0.0825797,-0.123916,-0.0196039,0.00598021
10353,0.157302,0.00122106,0.003663,0.0137408,0.580726,-0.097374,-0.0763983,-0.0278198,0.00410497
10365,0.157302,0.00122106,0.003663,-0.0328076,0.394005,-0.067079,0.0425585,-0.0775786,0.0644004
10377,0.157381,0.00122106,0.003663,0.0211317,0.185408,-0.0523782,-0.0808186,-0.0186093,0.027072
10389,0.158492,0.00122106,0.003663,0.00297429,-0.122411,-0.0179947,0.0296609,-0.0531911,0.0381538
10401,0.158492,0.00122106,0.003663,0.0309828,-0.107279,0.0110903,0.0103481,-0.00535235,0.0104311
10413,0.158571,0.00122106,0.003663,0.0796669,-0.176103,0.0211557,0.151328,-0.0319466,0.0338968
10425,0.158651,0.00122106,0.003663,-0.123631,-0.093651,0.0261167,-0.00839777,-0.0486949,0.0785081
10437,0.158651,0.00122106,0.003663,-0.0872988,-0.24065,0.00361605,-0.0137377,0.0762197,-0.0804883
10449,0.159524,0.00122106,0.003663,-0.100975,-0.242789,0.0293541,0.0559738,0.0644181,-0.0696038
10461,0.159683,0.00122106,0.003663,-0.0894205,0.0987597,0.0128506,-0.00451279,0.0786982,-0.0706128
10473,0.159683,0.00122106,0.003663,-0.0987277,0.277972,-0.0240138,-0.0110008,0.0353172,-0.0376504
10485,0.159762,0.00122106,0.003663,-0.0689474,0.413305,-0.0469591,-0.0156843,0.0289817,-0.0322367
10497,0.160794,0.00122106,0.003663,-0.0461523,0.411901,-0.0570473,-0.0845158,-0.00348713,0.00023823
10509,0.160794,0.00122106,0.003663,-0.0300912,0.351968,-0.0662671,-0.0408392,-0.025979,0.00982184
10521,0.160794,0.00122106,0.003663,-0.0205743,0.195554,-0.0589142,-0.027444,-0.0273244,0.0196668
10533,0.160952,0.00122106,0.003663,-0.0391834,0.0463939,-0.0397009,0.0278553,-0.0197566,0.0143675
10545,0.160952,0.00122106,0.003663,-0.0151779,-0.0528655,-0.0100357,-0.0172004,0.0107517,-0.00622834
10557,0.160952,0.00122106,0.003663,-0.0360814,-0.0534014,0.00456545,0.0314227,-0.00521434,0.00120868
10569,0.161032,0.00122106,0.003663,-0.053603,-0.0128689,-0.00164112,-0.0306137,0.013439,-0.00839485
10581,0.161032,0.00122106,0.003663,-0.0525392,0.0215532,0.00163907,-0.0648755,0.0172112,-0.0243286
10593,0.162063,0.00122106,0.003663,-0.0883215,-0.0355058,-0.00735529,-0.0595846,0.00946762,-0.0230546
10605,0.162143,0.00122106,0.003663,-0.0324176,0.0254083,-0.0146866,-0.108555,0.042114,-0.0555057
10617,0.162143,0.00122106,0.003663,0.0380587,0.0936676,-0.00284757,-0.0412402,-0.00864157,-0.0130375
10629,0.163175,0.00122106,0.003663,-0.0560839,-0.0226636,-0.0176708,-0.0811115,-0.0616954,0.0545003
10641,0.163175,0.00122106,0.003663,-0.00447436,-0.133227,-0.0221195,0.0312513,0.0156115,-0.0325595
10653,0.163175,0.00122106,0.003663,-0.00866149,-0.182738,0.0272657,0.0625639,-0.00117468,0.00644883
10665,0.163254,0.00122106,0.003663,0.0200099,-0.0962609,0.0179396,-0.0240024,0.00457263,0.00661929
10677,0.163333,0.00122106,0.003663,0.0564998,-0.00520315,0.00227646,0.0581355,-0.0319564,0.0272108
10689,0.163333,0.00122106,0.003663,0.0431947,0.0324093,0.00180901,-0.0120733,-0.0576553,0.0696612
10701,0.164444,0.00122106,0.00549451,0.0207929,-0.0277868,0.00121202,-0.031334,-0.0586231,0.0566278
10713,0.165317,0.00122106,0.003663,-0.00438079,-0.159578,0.00845169,0.0175784,-0.0386965,0.0327585
10725,0.165317,0.00122106,0.003663,0.00989872,-0.22206,0.0203083,0.0173919,-0.00422886,0.00687203
10737,0.165317,0.00122106,0.00549451,0.0767197,-0.142933,0.0363109,-0.015693,-0.0105681,0.0128994
10749,0.166429,0.00122106,0.003663,-0.0233358,-0.163845,0.0287542,-0.0436906,-0.0723444,0.0701358
10761,0.166429,0.00122106,0.003663,-0.0162384,-0.279155,0.00933015,0.0096901,0.00168113,-0.0111475
10773,0.166508,0.00122106,0.00549451,-0.0663389,-0.366881,0.031873,0.0995627,0.0137552,-0.0135715
10785,0.167619,0.00122106,0.00549451,0.042821,-0.240406,0.0362029,-0.0960925,0.0654313,-0.0490438
10797,0.167619,0.00122106,0.00549451,0.077562,-0.0440012,0.00930336,-0.0334911,-0.0471457,0.0281777
10809,0.167698,0.00122106,0.003663,0.0426334,-0.0325671,-0.0237307,-0.0414727,-0.0823593,0.07703
10821,0.168889,0.00122106,0.00549451,-0.0176287,-0.254428,-0.0193863,0.0112629,-0.0555848,0.0477175
10833,0.168889,0.00122106,0.00549451,0.0240381,-0.35279,0.0163145,-0.0240377,0.0143824,-0.0138803
10845,0.169841,0.00122106,0.00549451,-0.0473461,-0.323246,0.0411828,-0.0438397,-0.0148431,0.0090427
10857,0.169841,0.00122106,0.00549451,-0.0877556,-0.296667,0.0252807,-0.147116,0.031288,-0.0420292
10869,0.169841,0.00122106,0.00549451,-0.112329,-0.311161,0.0148601,0.0709517,0.0505041,-0.0818291
10881,0.169921,0.00122106,0.003663,0.0736743,-0.0813275,0.00311331,-0.0813356,0.0925463,-0.0819823
10893,0.170873,0.00122106,0.003663,0.071737,0.0421105,-0.0227011,0.0601494,-0.0820358,0.0673288
10905,0.170873,0.00122106,0.003663,0.135886,0.160277,-0.0509319,-0.111448,-0.0760235,0.0889205
10917,0.170873,0.00122106,0.003663,0.0671063,-0.215497,-0.0310549,0.102691,-0.112793,0.112793
10929,0.171905,0.00122106,0.003663,0.105538,-0.484808,0.00957791,-0.0292187,-0.0440583,0.0642006
10941,0.171905,0.00122106,0.003663,-0.00495223,-0.780665,0.0535313,-0.00927583,-0.0647563,0.0593531
10953,0.171905,0.00122106,0.003663,-0.00577861,-0.843167,0.0813554,-0.0584179,0.0435275,-0.0479779
10965,0.172857,0.00122106,0.003663,-0.150099,-0.893827,0.108084,0.0019283,0.0425046,-0.056595
10977,0.172857,0.00122106,0.003663,-0.174547,-0.684854,0.0881256,-0.0759095,0.112793,-0.112793
10989,0.17381,0.00122106,0.003663,-0.149167,-0.437837,0.046455,-0.0555465,0.112793,-0.112793
11001,0.173889,0.00122106,0.003663,-0.114117,-0.0936421,-0.0104274,-0.0915191,0.112793,-0.112793
11013,0.173889,0.00122106,0.003663,-0.156251,0.105328,-0.0617628,-0.0951206,0.0590244,-0.0791172
11025,0.175159,0.00122106,0.00549451,-0.139726,0.264066,-0.110848,-0.163194,0.0765511,-0.0978945
11037,0.175238,0.00122106,0.00549451,-0.143898,0.343364,-0.128764,-0.121277,0.0469753,-0.0806979
11049,0.175238,0.00122106,0.00549451,-0.11133,0.386828,-0.159359,-0.0756961,0.04833,-0.0738176
11061,0.176429,0.00122106,0.003663,-0.068668,0.585291,-0.169517,-0.0753119,0.0268872,-0.0425545
11073,0.17754,0.00122106,0.00549451,-0.114737,0.439243,-0.19393,-0.0269469,-0.0240338,0.0095454
11085,0.17754,0.00122106,0.00549451,-0.0576255,0.375102,-0.20681,-0.0264505,0.031721,-0.0382893
11097,0.17754,0.00122106,0.00549451,-0.0541265,0.220562,-0.179379,0.106216,-0.00447205,-0.00119758
11109,0.178571,0.00122106,0.00549451,0.0164467,0.228463,-0.164805,-0.0463573,0.0175221,0.00196624
11121,0.178571,0.00122106,0.00549451,0.0101847,0.0821095,-0.15467,0.0891514,-0.0534785,0.0449411
11133,0.178571,0.00122106,0.00549451,0.0702765,0.0246246,-0.133791,0.0116496,-0.0226575,0.0396277
11145,0.178571,0.00122106,0.00549451,-0.0414495,-0.310873,-0.102836,0.1124,-0.0725949,0.0755921
11157,0.178571,0.00122106,0.00549451,-0.108667,-0.644967,-0.075769,0.0401082,0.0514346,-0.0321799
11169,0.17881,0.00122106,0.00549451,-0.068062,-0.714601,-0.0312194,0.0541736,0.112793,-0.112793
11181,0.17881,0.00122106,0.00549451,-0.122363,-0.481293,-0.0253812,0.0294574,0.0976808,-0.091371
11193,0.17881,0.00122106,0.00549451,-0.163448,-0.251021,-0.0669838,0.025279,0.112793,-0.112467
11205,0.179762,0.00122106,0.00549451,-0.153151,-0.0851614,-0.0975774,0.046495,0.112793,-0.112793
11217,0.179762,0.00122106,0.00549451,-0.0904208,0.0525209,-0.139609,-0.0566816,0.108063,-0.102772
11229,0.179762,0.00122106,0.00549451,-0.101867,0.309876,-0.178514,-0.135477,0.0409002,-0.0539367
11241,0.179841,0.00122106,0.00549451,-0.0531366,0.391348,-0.212872,-0.0196525,0.0210811,-0.0486982
11253,0.180794,0.00122106,0.00549451,-0.0499926,0.383141,-0.220163,-0.0388345,-0.00967443,0.00548282
11265,0.180794,0.00122106,0.00549451,-0.0799501,0.296724,-0.222761,0.0171304,-0.0126027,0.00473384
11277,0.180952,0.00122106,0.00549451,-0.0899102,0.156213,-0.210209,-0.0671499,0.0242643,-0.0222161
11289,0.181032,0.00122106,0.00549451,-0.0956937,-0.0361689,-0.188966,0.0747325,0.0359856,-0.0508154
11301,0.181032,0.00122106,0.00549451,-0.170352,-0.0613503,-0.175589,0.0639047,0.0705974,-0.0588332
11313,0.181111,0.00122106,0.00549451,-0.222534,-0.0778376,-0.181491,0.0766843,0.112793,-0.112793
11325,0.182063,0.00122106,0.00549451,-0.0944536,0.105183,-0.190151,0.0219143,0.112793,-0.112793
11337,0.182063,0.00122106,0.00549451,-0.0231446,0.329349,-0.220261,-0.047029,0.0507955,-0.0486845
11349,0.182063,0.00122106,0.00549451,-0.0454981,0.469345,-0.266097,-0.0670261,-0.029496,0.02038
11361,0.182222,0.00122106,0.00549451,0.00878746,0.46052,-0.286073,-0.0440762,-0.0233871,0.0103939
11373,0.182222,0.00122106,0.00549451,0.0359771,0.206157,-0.260268,0.0275748,-0.0601348,0.0524977
11385,0.183175,0.00122106,0.00549451,0.0393563,-0.0114303,-0.238942,0.0323945,-0.0522735,0.0581131
11397,0.183175,0.00122106,0.00549451,0.00207136,-0.316935,-0.203715,0.0752466,-0.0355169,0.0416319
11409,0.183175,0.00122106,0.00549451,-0.0279971,-0.520441,-0.149417,-3.101e-05,0.0235063,-0.0108336
11421,0.183333,0.00122106,0.003663,-0.12349,-0.63372,-0.0995326,0.130117,0.053995,-0.0566213
11433,0.183333,0.00122106,0.003663,-0.293419,-0.836357,-0.0950016,0.00709276,0.112793,-0.112793
11445,0.183333,0.00122106,0.003663,-0.187842,-0.721152,-0.106155,0.0254818,0.112793,-0.112793
11457,0.184444,0.00122106,0.003663,-0.207982,-0.433758,-0.123487,0.0351617,0.112793,-0.112793
11469,0.184444,0.00122106,0.003663,-0.206012,-0.1645,-0.165459,-0.115954,0.112793,-0.112793
11481,0.184444,0.00122106,0.003663,-0.097221,0.0478702,-0.207125,-0.038383,0.112793,-0.112793
11493,0.184444,0.00122106,0.003663,-0.0937534,0.203755,-0.241134,-0.123069,0.0537689,-0.063192
11505,0.184603,0.00122106,0.003663,-0.137637,0.258872,-0.286796,-0.171786,0.0309929,-0.0561783
11517,0.184603,0.00122106,0.003663,-0.038609,0.330627,-0.314593,-0.16506,0.059229,-0.0945243
11529,0.184603,0.00122106,0.003663,0.0274643,0.323302,-0.318488,-0.129142,-0.0209274,-0.0110222
11541,0.185714,0.00122106,0.003663,0.0096479,0.304848,-0.339825,-0.104998,-0.0676857,0.0438689
11553,0.185714,0.00122106,0.003663,0.0971888,0.124704,-0.330967,-0.00798571,-0.0478105,0.0281949
11565,0.185714,0.00122106,0.003663,0.050274,-0.131324,-0.279351,0.0525915,-0.0895013,0.0895883
11577,0.185873,0.00122106,0.003663,0.0126748,-0.593098,-0.257999,0.0833769,-0.0273296,0.0373993
11589,0.185873,0.00122106,0.003663,-0.100601,-0.80504,-0.186411,0.105358,0.0478819,-0.0341928
11601,0.186905,0.00122106,0.003663,-0.122796,-0.955526,-0.128057,0.132812,0.112793,-0.112793
11613,0.186984,0.00122106,0.003663,-0.0848986,-0.908696,-0.116475,0.0227369,0.112793,-0.112793
11625,0.186984,0.00122106,0.003663,-0.161502,-0.705633,-0.148845,-0.0328781,0.112793,-0.112793
11637,0.188016,0.00122106,0.003663,-0.195623,-0.516882,-0.187656,0.0147978,0.112793,-0.112793
11649,0.188016,0.00122106,0.003663,-0.178347,-0.301786,-0.219149,-0.0884443,0.112793,-0.112793
11661,0.188016,0.00122106,0.003663,-0.174678,-0.168896,-0.262876,-0.154583,0.112793,-0.112793
11673,0.188095,0.00122106,0.003663,-0.191739,-0.0741647,-0.304201,-0.172925,0.112793,-0.112793
11685,0.188095,0.00122106,0.003663,-0.261506,0.0640604,-0.341551,-0.235749,0.112793,-0.112793
11697,0.188095,0.00122106,0.003663,-0.198615,0.214879,-0.379266,-0.186648,0.112793,-0.112793
11709,0.189127,0.00122106,0.00549451,-0.160873,0.417822,-0.411019,-0.187008,0.112793,-0.112793
11721,0.189286,0.00122106,0.00549451,-0.25732,0.543879,-0.443303,-0.230397,0.0714981,-0.110198
11733,0.189286,0.00122106,0.00549451,-0.152642,0.595014,-0.491933,-0.189413,0.112793,-0.112793
11745,0.190397,0.00122106,0.00549451,0.120922,0.799129,-0.507649,-0.0818922,0.0551385,-0.0936816
11757,0.190397,0.00122106,0.003663,0.0393084,0.778097,-0.550446,-0.107341,-0.112793,0.112793
11769,0.190397,0.00122106,0.003663,0.123241,0.830108,-0.575091,-0.0432869,-0.099461,0.0812601
11781,0.190476,0.00122106,0.003663,0.0464912,0.403032,-0.492672,0.0335513,-0.112793,0.112793
11793,0.190556,0.00122106,0.003663,-0.0528599,-0.108327,-0.430553,0.167657,-0.0598651,0.0676799
11805,0.190556,0.00122106,0.003663,0.0498682,-0.656541,-0.367936,0.111071,0.0755925,-0.0455909
11817,0.191508,0.00122106,0.003663,-0.032607,-0.930156,-0.308982,0.221943,0.0383269,-0.0191091
11829,0.191508,0.00122106,0.003663,0.0646138,-0.773947,-0.299702,0.0886225,0.112793,-0.0970378
11841,0.191508,0.00122106,0.003663,-0.29776,-0.732153,-0.287872,0.227317,0.0295415,-0.014629
11853,0.191667,0.00122106,0.003663,-0.43662,-0.776044,-0.320458,0.142102,0.112793,-0.112793
11865,0.191746,0.00122106,0.003663,-0.14332,-0.734599,-0.32463,0.0891931,0.112793,-0.112793
11877,0.191746,0.00122106,0.003663,-0.130033,-0.545823,-0.340825,0.124447,0.112793,-0.112793
11889,0.191825,0.00122106,0.00549451,-0.128481,-0.334688,-0.381904,0.0650083,0.112793,-0.112793
11901,0.191905,0.00122106,0.00549451,-0.151055,-0.131934,-0.41434,0.134432,0.112793,-0.112793
11913,0.191905,0.00122106,0.00549451,-0.20945,-0.0138103,-0.447232,0.192755,0.112793,-0.112793
11925,0.192063,0.00122106,0.00549451,-0.0121128,0.0510169,-0.480857,0.141521,0.112793,-0.112793
11937,0.192222,0.00122106,0.00549451,-0.0404814,0.273074,-0.509821,0.262414,0.0299127,-0.00405087
11949,0.192222,0.00122106,0.00549451,-0.0438999,0.376851,-0.550442,0.172678,0.0444764,0.00484258
11961,0.192222,0.00122106,0.003663,-0.107073,0.256264,-0.541052,0.196916,0.0322298,0.0004011
11973,0.193175,0.00122106,0.00549451,-0.132342,0.078933,-0.535949,0.0842907,0.0952349,-0.0599334
11985,0.193175,0.00122106,0.00549451,-0.121421,-0.00255803,-0.522216,0.101073,0.112793,-0.108913
11997,0.193175,0.00122106,0.003663,-0.0843528,0.0723519,-0.529793,-0.0350519,0.112793,-0.105414
12009,0.193254,0.00122106,0.003663,-0.105238,0.333307,-0.550458,-0.100795,0.0723672,-0.0815409
12021,0.193254,0.00122106,0.003663,-0.134346,0.466694,-0.58417,-0.0252109,0.0582491,-0.0795577
12033,0.193254,0.00122106,0.00549451,-0.171605,0.470155,-0.599217,0.0274684,0.0781737,-0.0854442
12045,0.193492,0.00122106,0.003663,-0.168923,0.45209,-0.613897,-0.0546405,0.112793,-0.111433
12057,0.193492,0.00122106,0.003663,-0.176028,0.530669,-0.639818,-0.0292081,0.107084,-0.112793
12069,0.193492,0.00122106,0.003663,-0.170872,0.758226,-0.667694,0.00970001,0.109767,-0.112793
12081,0.193492,0.00122106,0.003663,-0.207798,0.980084,-0.68471,0.0219774,0.0893444,-0.0893711
12093,0.193492,0.00122106,0.003663,-0.174105,1.09034,-0.727494,0.0584344,0.0989596,-0.096559
12105,0.193571,0.00122106,0.003663,-0.145589,1.16794,-0.754838,-0.00497602,0.0690891,-0.0587203
12117,0.193571,0.00122106,0.003663,-0.109075,1.23885,-0.789989,0.00677633,0.0353901,-0.0364452
12129,0.193571,0.00122106,0.003663,-0.0949523,1.31601,-0.806063,0.0866906,0.00410733,-0.00201856
12141,0.193571,0.00122106,0.00549451,-0.162899,1.23093,-0.802579,0.106859,-0.00562848,0.023254
12153,0.193492,0.00122106,0.00549451,-0.0468546,1.20075,-0.780963,0.0858291,0.0579866,-0.038096
12165,0.193492,0.00122106,0.00549451,-0.0647958,1.02906,-0.752812,0.145211,-0.0344012,0.0524201
12177,0.19246,0.00122106,0.003663,0.0541152,0.963011,-0.761149,0.0420621,0.00030559,0.0285684
12189,0.19246,0.00122106,0.00549451,0.0376077,0.832631,-0.728549,0.123264,-0.0957126,0.106414
12201,0.19246,0.00122106,0.00549451,0.0953113,0.689442,-0.687599,0.081074,-0.0650018,0.0906021
12213,0.192381,0.00122106,0.003663,0.0382494,0.39589,-0.616895,0.175279,-0.103833,0.112793
12225,0.192381,-0.001221,0.003663,0.0474389,-0.0521544,-0.566572,0.0343686,-0.0276875,0.0623189
12237,0.192381,-0.001221,0.003663,-0.0138239,-0.414644,-0.499786,0.104304,-0.00861769,0.0147951
12249,0.192381,-0.003663,0.00549451,-0.048371,-0.53305,-0.451612,0.123434,0.0755694,-0.0586367
12262,0.192302,-0.004884,0.00549451,-0.0904572,-0.478343,-0.403559,0.230104,0.111539,-0.091909
12273,0.192302,-0.004884,0.00549451,-0.0534075,-0.284253,-0.400707,0.107136,0.112793,-0.105083
12285,0.192302,-0.004884,0.00549451,-0.106303,0.00849462,-0.433562,0.0789966,0.0840703,-0.066644
12297,0.192222,-0.003663,0.00549451,-0.163036,0.216395,-0.481549,0.112974,0.0968841,-0.0848916
12309,0.192222,-0.003663,0.00549451,-0.144202,0.376154,-0.509954,0.111169,0.112793,-0.110495
12321,0.192222,-0.001221,0.00549451,-0.115638,0.549191,-0.534007,0.0811377,0.100671,-0.0820526
12333,0.192222,0.0354091,0.00549451,-0.0894853,0.830277,-0.575079,0.0626102,0.0639716,-0.0500878
12345,0.192222,0.0354091,0.00549451,-0.10073,1.01206,-0.613758,0.0715018,0.0175597,-0.0058035
12357,0.192222,0.0683761,0.00549451,-0.0616157,1.12454,-0.623164,0.0392115,0.016057,-0.00230526
12369,0.192302,0.0927961,0.00549451,-0.0478053,1.08037,-0.623208,0.0340049,-0.0257226,0.0343484
12381,0.192302,0.0927961,0.00549451,0.0307507,0.96432,-0.626727,0.0152762,-0.0326473,0.0403749
12393,0.192302,0.107448,0.00549451,0.0820904,0.861824,-0.60197,0.0299314,-0.0827274,0.0878936
12405,0.192302,0.108669,0.00549451,0.110456,0.732831,-0.559941,0.0825554,-0.112793,0.112793
12417,0.192302,0.108669,0.00549451,0.119562,0.489184,-0.493411,0.150127,-0.112793,0.112793
12429,0.192302,0.10989,0.00549451,0.113749,0.121814,-0.424984,0.177432,-0.104617,0.112793
12441,0.192302,0.112332,0.00549451,0.0900493,-0.294467,-0.366928,0.16999,-0.0671068,0.102425
12453,0.192302,0.112332,0.00549451,0.0543927,-0.563631,-0.299674,0.21801,-0.013257,0.0452979
12465,0.192302,0.112332,0.00549451,0.0357904,-0.725972,-0.232916,0.150324,0.0397313,3.11e-05
12477,0.192381,0.112332,0.00549451,0.00356669,-0.699956,-0.187033,0.130623,0.05752,-0.0315766
12489,0.192381,0.112332,0.00549451,-0.0611935,-0.655377,-0.176962,0.0368466,0.073819,-0.0520831
12501,0.192381,0.112332,0.003663,-0.105945,-0.520258,-0.191257,0.015061,0.110303,-0.10731
12513,0.192381,0.135531,0.003663,-0.116995,-0.295883,-0.206742,-0.0533764,0.112793,-0.112793
12525,0.192381,0.135531,0.003663,-0.0898075,-0.0206602,-0.243605,-0.0575441,0.112793,-0.112793
12537,0.192381,0.137973,0.003663,-0.100689,0.286995,-0.282665,-0.115088,0.0691266,-0.0827265
12549,0.192381,0.153846,0.003663,-0.0383752,0.535937,-0.326197,-0.1086,0.0466781,-0.0705551
12561,0.192381,0.153846,0.003663,0.0143122,0.686597,-0.367911,-0.0924307,-0.0222603,0.00163931
12573,0.192381,0.153846,0.003663,0.092303,0.765393,-0.395161,-0.015424,-0.0730503,0.0570071
12585,0.192381,0.157509,0.003663,0.0948401,0.673645,-0.384223,0.0286683,-0.112793,0.112793
12597,0.192381,0.157509,0.003663,0.128824,0.405931,-0.334165,0.0871028,-0.112793,0.112793
12609,0.19246,0.173382,0.003663,0.111427,0.0138509,-0.274277,0.0745103,-0.112793,0.112793
12621,0.19246,0.174603,0.003663,0.0957386,-0.370508,-0.21446,0.119058,-0.0729342,0.088571
12633,0.19246,0.174603,0.003663,0.0400005,-0.595349,-0.13984,0.174016,-0.0236827,0.0463164
12645,0.19254,0.174603,0.003663,0.0631652,-0.726905,-0.0800363,0.0998647,0.0406224,-0.00914087
12657,0.192619,0.174603,-0.00183159,0.0383066,-0.653472,-0.0418404,0.00799105,0.0231339,-0.0047592
12669,0.192619,0.174603,-0.00183159,-0.0113358,-0.549609,-0.0511838,-0.0656293,0.0226746,-0.0220923
12681,0.192778,0.174603,-0.00183159,-0.0348708,-0.457873,-0.0521821,-0.112466,0.0450795,-0.0592536
12693,0.192778,0.174603,-0.00183159,-0.0665668,-0.413486,-0.0494681,-0.154011,0.0499288,-0.0732297
12705,0.192778,0.174603,-0.00183159,-0.0829933,-0.340766,-0.0585485,-0.177167,0.066088,-0.0978199
12717,0.192778,0.177045,-0.00183159,-0.0895525,-0.209751,-0.0718359,-0.199629,0.0705868,-0.106848
12729,0.192936,0.194139,-0.00183159,-0.054607,0.0346861,-0.0957588,-0.179542,0.0634464,-0.103744
12741,0.192936,0.194139,-0.00183159,-0.0169745,0.26893,-0.129765,-0.0863004,0.0157577,-0.0506774
12753,0.192936,0.194139,-0.00183159,-0.0137688,0.443259,-0.159042,-0.0659466,-0.0249512,0.00947131
12765,0.193016,0.196581,-0.00183159,0.0179547,0.470802,-0.16959,0.0220169,-0.0398846,0.0289488
12778,0.193016,0.196581,-0.00183159,0.027971,0.335385,-0.163961,0.0970689,-0.0580389,0.0647093
12790,0.193095,0.210012,-0.00183159,0.0539121,0.169231,-0.136076,0.146781,-0.0443185,0.0651023
12802,0.193175,0.210012,-0.00183159,0.0631472,-0.0133839,-0.09813,0.210653,-0.0459664,0.0762648
12814,0.193175,0.210012,-0.00183159,0.0889392,-0.180536,-0.0430507,0.149672,-0.0324371,0.0746147
12826,0.193254,0.210012,-0.00183159,0.0927901,-0.270518,-0.00600389,0.0366853,-0.0472254,0.0776825
12838,0.193492,0.208791,-0.00183159,0.0312223,-0.347539,0.0127428,-0.0175963,-0.0558951,0.0644517
12850,0.193492,0.208791,-0.00183159,-0.0209152,-0.378797,0.0396088,-0.0184123,-0.00683155,0.00352263
12862,0.193492,0.208791,-0.00183159,-0.0345806,-0.330388,0.0566007,-0.0570226,0.0346096,-0.0391324
12874,0.193571,0.208791,-0.00183159,-0.0572946,-0.151836,0.0496091,-0.093629,0.0351188,-0.0471142
12886,0.193571,0.208791,-0.00183159,-0.0358714,0.0839609,0.0203794,-0.104165,0.0321888,-0.0510211
12898,0.193651,0.206349,-0.00183159,-0.0149471,0.22918,0.00151776,-0.00951473,-0.006747,-0.0128929
12910,0.19373,0.205128,-0.00183159,0.00053327,0.326651,-0.0136645,-0.0202433,-0.0269217,0.0263831
12922,0.19373,0.205128,-0.00183159,0.0323524,0.307385,-0.0151413,-0.0164655,-0.0484616,0.046482
12934,0.19381,0.202686,-0.00183159,0.0517061,0.189072,-0.00687232,0.0070401,-0.071302,0.0705939
12946,0.19381,0.185592,-0.00183159,0.0672714,0.117852,0.0142902,0.0297574,-0.0748479,0.0786563
12958,0.19381,0.185592,-0.00183159,0.0706137,0.1154,0.036711,0.0862108,-0.0798093,0.0880732
12970,0.193889,0.185592,-0.00183159,0.0855781,0.0711289,0.0579423,0.0681878,-0.0789244,0.0981529
12982,0.194048,0.18315,-0.00183159,0.0880809,-0.0425138,0.081865,0.0933714,-0.0903225,0.106265
12994,0.194048,0.18315,-0.00183159,0.0875721,-0.174393,0.110381,0.079838,-0.0807684,0.101239
13006,0.194048,0.181929,-0.00183159,0.0508481,-0.324703,0.134838,0.098718,-0.0713174,0.0887575
13018,0.194048,0.166056,-0.00183159,0.0526828,-0.390182,0.171066,0.0530662,-0.0293903,0.0492919
13030,0.194048,0.166056,-0.00183159,0.0327318,-0.429488,0.202652,0.0645169,-0.0322023,0.0432015
13042,0.194048,0.166056,-0.00183159,0.0284337,-0.393174,0.209426,0.04249,-0.0145131,0.0272575
13054,0.194048,0.164835,-0.00183159,0.0270386,-0.350286,0.209376,0.0265857,-0.0176936,0.0262711
13066,0.194048,0.164835,-0.00183159,0.0215958,-0.287965,0.203488,0.00862179,-0.0224434,0.0280933
13078,0.194048,0.164835,-0.00183159,0.0148103,-0.220243,0.200003,-0.0225216,-0.0255906,0.0278969
13090,0.194048,0.162393,-0.00183159,0.0084441,-0.168338,0.201959,-0.0403972,-0.0299718,0.0264049
13102,0.194048,0.162393,-0.00183159,0.0157295,-0.130462,0.196206,-0.0278734,-0.0321008,0.0251692
13114,0.194048,0.161172,-0.00183159,0.0556674,-0.100063,0.192537,-0.0106661,-0.0399935,0.0357402
13126,0.194048,0.161172,-0.00183159,0.0797899,-0.0648645,0.191894,0.0127969,-0.0724766,0.0724066
13138,0.194048,0.161172,-0.00183159,0.0688086,-0.07939,0.198099,0.00628358,-0.092679,0.097715
13150,0.194048,0.159951,-0.00183159,0.0808732,-0.180981,0.210966,0.0124114,-0.0839257,0.0874608
13162,0.194048,0.15873,-0.00183159,0.083975,-0.322548,0.234085,0.00446596,-0.0839884,0.0885924
13174,0.194048,0.15873,-0.00183159,0.0822022,-0.468244,0.256231,0.0331457,-0.075215,0.0778821
13186,0.193889,0.141636,-0.00183159,0.0815697,-0.581833,0.282814,0.0320158,-0.0602351,0.0679375
13198,0.193889,0.124542,-0.00183159,0.0577978,-0.649358,0.315567,0.0343763,-0.0526813,0.059836
13210,0.193889,0.124542,-0.00183159,0.016264,-0.7187,0.342205,0.0145794,-0.030144,0.037121
13222,0.19381,0.106227,-0.00183159,-0.0289251,-0.793439,0.353143,0.00034092,0.00319806,-0.00098052
13234,0.193651,0.0879121,-0.00183159,-0.0294622,-0.740298,0.357859,0.00121905,0.0419882,-0.0435861
13246,0.193651,0.0879121,-0.00183159,-0.0538748,-0.608314,0.341333,-0.0653327,0.0367068,-0.0379398
13258,0.193571,0.0647131,-0.00183159,-0.0638834,-0.369152,0.317005,-0.0992458,0.0355399,-0.0495411
13270,0.193492,0.026862,-0.00183159,-0.0516335,-0.146415,0.28544,-0.140731,0.0147738,-0.0345787
13282,0.193492,0.026862,-0.00183159,-0.0303555,0.0315249,0.243153,-0.17221,-0.0181545,-0.00864684
13294,0.193492,0.00976801,-0.00183159,0.00070459,0.168285,0.201044,-0.199614,-0.0533433,0.0214938
13306,0.193254,0.00976801,-0.00183159,0.0734992,0.184463,0.181649,-0.12528,-0.0900516,0.0539343
13318,0.193254,0.00976801,-0.00183159,0.056097,0.112309,0.185447,-0.105038,-0.112793,0.112793
13330,0.193175,0.00976801,-0.00183159,0.0855791,-0.0429294,0.204859,-0.0398339,-0.112793,0.100183
13342,0.193016,0.00976801,-0.00183159,0.0789018,-0.300897,0.238389,-0.0419033,-0.112793,0.112793
13354,0.193016,0.00976801,-0.00183159,0.0622224,-0.533907,0.283795,-0.00442386,-0.0928083,0.08689
13366,0.192936,0.00732601,-0.00183159,0.028157,-0.745181,0.32555,-0.00079937,-0.0573879,0.0576123
13378,0.192936,0.00732601,-0.00183159,0.00927363,-0.870622,0.365196,0.0060137,-0.0131629,0.0127497
13390,0.192936,0.00732601,-0.00183159,-0.00509015,-0.891185,0.390901,0.00308725,0.0110406,-0.0108758
13402,0.192778,0.00732601,-0.00183159,-0.0424945,-0.840709,0.386125,-0.0260761,0.0215412,-0.0222298
13414,0.192778,0.00610507,-0.00183159,-0.0593684,-0.729184,0.373348,-0.0951432,0.0433995,-0.0502397
13426,0.192778,0.00610507,-0.00183159,-0.0600939,-0.558026,0.344508,-0.111678,0.0400481,-0.0601178
13438,0.192778,0.00610507,-0.00183159,-0.0807346,-0.359277,0.307792,-0.143975,0.0246879,-0.0473904
13450,0.192778,0.00610507,-0.00183159,-0.0716234,-0.181817,0.265461,-0.173135,0.0214483,-0.050115
13462,0.192778,0.00610507,-0.00183159,-0.0761968,-0.0409176,0.224996,-0.194388,-0.00217692,-0.0313698
13474,0.192778,0.00610507,-0.00183159,-0.0503304,0.0969306,0.186292,-0.202372,-0.0108076,-0.0264911
13486,0.192778,0.00610507,-0.00183159,-0.00418507,0.137416,0.164099,-0.102473,-0.04193,0.00400952
13498,0.192778,0.00610507,-0.00183159,-0.00272516,0.145587,0.151417,-0.0857374,-0.0703978,0.052677
13510,0.192778,0.00610507,-0.00183159,0.0156019,0.0938947,0.144814,0.0198026,-0.0695059,0.0550329
13522,0.192778,0.00610507,-0.00183159,0.00476819,-0.0670514,0.162456,0.00107834,-0.0678644,0.0738392
13534,0.192778,0.00610507,-0.00183159,-0.0297984,-0.216128,0.183676,0.109312,-0.0467652,0.0483803
13546,0.192778,0.00732601,-0.00183159,-0.0384136,-0.356079,0.208249,0.0722371,0.00384325,0.0174252
13558,0.192778,0.00732601,-0.00183159,-0.092344,-0.417913,0.228143,0.127671,0.0186443,-0.00512964
13570,0.192778,0.00732601,-0.00183159,-0.0897969,-0.367278,0.2247,0.0039953,0.0706231,-0.0476635
13582,0.192778,0.00732601,-0.00183159,-0.101064,-0.1999,0.204883,-0.0454425,0.0519165,-0.0525188
13594,0.192778,0.00732601,-0.00183159,-0.0910158,0.0370519,0.171082,-0.0852356,0.0411477,-0.0509073
13606,0.192778,0.00732601,-0.00183159,-0.0597634,0.198266,0.125525,-0.108796,0.00896543,-0.0253944
13618,0.192778,0.00732601,-0.00183159,-0.0410231,0.322245,0.0897506,-0.0736935,-0.029567,0.00969366
13630,0.192778,0.00732601,-0.00183159,-0.0261083,0.377811,0.0620612,-0.100979,-0.0498188,0.03743
13642,0.192778,0.00732601,-0.00183159,-0.0093181,0.325484,0.0547359,-0.0911122,-0.0670391,0.0498289
13654,0.192936,0.00732601,-0.00183159,0.00276523,0.205465,0.0622042,-0.0688476,-0.0733213,0.0581236
13666,0.192936,0.00732601,-0.00183159,0.0165337,0.0936607,0.0736309,0.0282089,-0.0693695,0.0582635
13678,0.192936,0.00732601,-0.00183159,0.00262351,-0.0446911,0.0930056,0.0677963,-0.0607078,0.0681507
13690,0.192936,0.00732601,-0.00183159,0.017029,-0.149319,0.118275,0.0882491,-0.0339727,0.0482993
13702,0.192936,0.00732601,-0.00183159,-0.0152564,-0.252346,0.140352,0.0451445,-0.0352917,0.0535033
13714,0.192936,0.00732601,-0.00183159,-0.0656869,-0.322059,0.152998,0.0393442,-0.00592459,0.0148971
13726,0.193016,0.00732601,-0.00183159,-0.14028,-0.376451,0.166138,0.110663,0.0389124,-0.0322527
13738,0.192936,0.00732601,-0.00183159,-0.160816,-0.294951,0.166367,0.0447282,0.108568,-0.0897929
13750,0.192936,0.00732601,-0.00183159,-0.144628,-0.0589416,0.143805,-0.029981,0.110133,-0.104135
13762,0.191905,0.00976801,-0.00183159,-0.154911,0.283656,0.0921331,-0.104686,0.0686727,-0.0759169
13774,0.190952,0.00976801,-0.00183159,-0.106914,0.529641,0.0231164,-0.00955876,0.0402315,-0.0609098
13786,0.190952,0.00976801,-0.00183159,-0.0777068,0.655771,-0.00985383,-0.0167629,-0.00578299,0.00505853
13798,0.189921,0.00976801,-0.00183159,-0.025037,0.60362,-0.0311231,-0.0904541,-0.038539,0.037363
13810,0.188968,0.01221,-0.00183159,0.018727,0.425705,-0.0227542,-0.0721736,-0.0790412,0.0644348
13822,0.188968,0.01221,-0.00183159,0.0518139,0.230916,0.0208954,0.0337204,-0.0944615,0.0835777
13834,0.188889,0.0134311,-0.00183159,0.0600299,0.0554836,0.0520915,0.10667,-0.0947921,0.104305
13846,0.187619,0.0158731,-0.00183159,0.12728,-0.113244,0.0871089,0.0885362,-0.079343,0.102476
13858,0.187619,0.0158731,-0.00183159,0.0911005,-0.296771,0.123665,0.104173,-0.112793,0.112793
13870,0.186746,0.0207571,-0.00183159,-0.12222,-0.564691,0.149136,0.0341511,-0.075225,0.0973461
13882,0.186587,0.0207571,-0.00183159,-0.212206,-0.735974,0.194571,0.136368,0.107445,-0.103733
13894,0.186587,0.0207571,-0.00183159,-0.236678,-0.707266,0.250607,0.112651,0.112793,-0.112793
13906,0.185476,0.02442,-0.00183159,-0.161949,-0.253832,0.221383,-0.0335856,0.112793,-0.112793
13918,0.184603,0.02442,-0.00183159,-0.171331,0.167692,0.133859,-0.104692,0.0942887,-0.103086
13930,0.184603,0.02442,-0.00183159,-0.0945284,0.498246,0.0539794,0.0157967,0.0622619,-0.0836321
13942,0.184444,0.026862,-0.00183159,-0.115234,0.619339,-0.00131095,-0.0458733,-0.00951108,0.0137621
13954,0.184365,0.0280831,-0.00183159,-0.0401972,0.721102,-0.0215088,0.0800443,-0.0057162,-0.00199486
13966,0.184365,0.0280831,-0.00183159,0.100565,0.588873,0.00296442,-0.00542797,-0.0593751,0.0776276
13978,0.184206,0.0280831,-0.00183159,0.0526526,0.4274,0.020595,0.0142472,-0.112793,0.112793
13990,0.183333,0.029304,-0.00183159,-0.0275213,0.144064,0.0262754,-0.0421728,-0.112415,0.112793
14002,0.183333,0.029304,-0.00183159,-0.029802,-0.161287,0.0595051,0.0971326,-0.0290069,0.0220181
14014,0.183333,0.029304,-0.00183159,-0.0475954,-0.329482,0.111838,0.0716782,0.0127148,0.00607186
14026,0.183333,0.0280831,-0.00183159,-0.0117049,-0.236693,0.133562,0.00027113,0.0350975,-0.0220177
14038,0.183333,0.0280831,-0.00183159,-0.0741654,-0.095749,0.125706,-0.0752577,-0.0105925,0.0109712
14050,0.183333,0.0280831,-0.00183159,-0.0620046,0.0253438,0.0930536,-0.0525974,0.0173071,-0.0321595
14062,0.183175,0.0280831,-0.00183159,-0.101522,0.00840278,0.0877548,0.00201421,0.00156574,-0.0114746
14074,0.183175,0.0280831,-0.00183159,-0.101607,0.117937,0.0675151,-0.0262945,0.0394818,-0.0396864
14086,0.183175,0.026862,-0.00183159,-0.0763583,0.20822,0.0391591,-0.12777,0.0280394,-0.0333533
14098,0.182937,0.026862,0.003663,0.0153069,0.312859,0.0165426,-0.079313,-0.00774627,-0.0174396
14110,0.182937,0.026862,0.003663,0.0591021,0.34985,0.0153618,-0.0450799,-0.0815359,0.0677096
14122,0.181905,0.0280831,-0.00183159,0.0531005,0.23566,0.0199576,-0.00441117,-0.112793,0.109133
14134,0.181905,0.0280831,-0.00183159,-0.00748959,-0.0486442,0.0321992,-0.0028139,-0.095084,0.097162
14146,0.181905,0.0280831,-0.00183159,0.0344291,-0.355098,0.0580403,-0.104873,-0.0220261,0.0223114
14158,0.181825,0.0280831,-0.00183159,0.0293819,-0.424073,0.105301,-0.0535594,-0.0369863,0.0173805
14170,0.181825,0.0280831,-0.00183159,0.0325539,-0.312426,0.134437,0.019339,-0.0260551,0.0161013
14182,0.181825,0.0280831,-0.00183159,0.0403464,-0.362236,0.138641,0.090994,-0.0350442,0.0396451
14194,0.181667,0.026862,-0.00183159,0.0092803,-0.487751,0.129088,0.00895144,-0.0297833,0.0481657
14206,0.180794,0.026862,-0.00183159,-0.0417279,-0.640756,0.114769,0.0296193,-0.00078245,0.0023265
14218,0.180794,0.026862,-0.00183159,-0.0795637,-0.644688,0.128408,0.0267935,0.0565914,-0.0525841
14230,0.180476,0.026862,-0.00183159,-0.122174,-0.447453,0.14144,0.0489993,0.0843809,-0.0816016
14242,0.179524,0.026862,-0.00183159,-0.10074,-0.218565,0.117679,-0.0569321,0.0988561,-0.091866
14254,0.179524,0.026862,-0.00183159,-0.179852,0.0256686,0.0618394,-0.0502074,0.0527632,-0.0650443
14266,0.178254,0.026862,-0.00183159,-0.202435,0.256811,0.0049727,-0.113563,0.0958835,-0.107607
14278,0.176746,0.026862,-0.00183159,-0.181269,0.396782,-0.0149768,-0.132625,0.0906102,-0.112793
14290,0.176746,0.026862,-0.00183159,-0.12968,0.660414,-0.0361128,-0.0759814,0.0616907,-0.0882288
14302,0.175714,0.026862,-0.00183159,-0.116383,0.697143,-0.0858213,-0.0868022,0.00538116,-0.0192149
14314,0.174286,0.0280831,-0.00183159,-0.0980109,0.825271,-0.117298,-0.0525764,-0.00364671,-0.0120395
14326,0.174286,0.0280831,-0.00183159,-0.0435962,0.756704,-0.114568,-0.088877,-0.0228553,0.0144562
14338,0.173175,0.029304,-0.00183159,0.00379773,0.641372,-0.098093,-0.00430046,-0.060585,0.0459287
14350,0.171984,0.0305251,-0.00183159,0.0417393,0.50856,-0.0669959,0.0503028,-0.0779762,0.080101
14362,0.171984,0.0305251,-0.00183159,0.165857,0.14398,-0.031607,0.0984657,-0.0915028,0.104454
14374,0.170873,0.0305251,-0.00183159,0.0904872,-0.0796181,0.0125296,0.0645995,-0.112793,0.112793
14386,0.170873,0.0329671,-0.00183159,-0.123842,-0.464437,0.0384088,0.001326,-0.0785009,0.0932617
14398,0.170873,0.0329671,-0.00183159,-0.270849,-0.656858,0.0855573,0.158387,0.109585,-0.112118
14410,0.170714,0.0329671,-0.00183159,-0.0806111,-0.606312,0.140599,0.110749,0.112793,-0.112793
14422,0.170714,0.0329671,-0.00183159,0.00192682,-0.101741,0.115944,-0.0104932,0.0911089,-0.0720154
14434,0.170714,0.0329671,-0.00183159,-0.0508675,0.3188,0.0329989,-0.00773858,-0.0270675,0.0259045
14446,0.170635,0.0329671,-0.00183159,-0.128036,0.415703,-0.0128421,0.0789393,-0.0182132,0.0178528
14458,0.170635,0.0329671,-0.00183159,-0.239608,0.157378,-0.00796546,0.154535,0.0435334,-0.0283492
14470,0.170635,0.0329671,-0.00183159,-0.109034,0.0472114,0.00490606,0.0386201,0.112793,-0.112793
14482,0.170476,0.0329671,-0.00183159,-0.0882578,0.0698404,-0.00331926,-0.0333516,0.05794,-0.0513813
14494,0.169365,0.0329671,-0.00183159,-0.0873835,0.403801,-0.0323841,-0.0206565,0.0342634,-0.0411548
14506,0.169365,0.0329671,-0.00183159,-0.102123,0.520614,-0.0480944,-0.0638693,0.00696872,-0.010355
14518,0.169365,0.0329671,-0.00183159,-0.0615866,0.536055,-0.0456014,-0.0188403,0.00460992,-0.0162417
14530,0.169206,0.0305251,-0.00183159,-0.0409927,0.383485,-0.0585435,-0.124588,-0.0231489,0.0209864
14542,0.169206,0.0305251,-0.00183159,0.0183198,0.25831,-0.0674198,-0.148419,-0.0333743,0.0106521
14554,0.168254,0.0305251,-0.00183159,0.112423,0.108977,-0.0449063,-0.0995826,-0.0671913,0.0404865
14566,0.168095,0.029304,-0.00183159,0.125605,-0.0209825,-0.00361533,0.0271905,-0.112793,0.104862
14578,0.168095,0.029304,-0.00183159,0.0589927,-0.207751,0.0194051,0.0589575,-0.110375,0.112793
14590,0.166984,0.0280831,-0.00183159,0.144556,-0.497686,0.0544864,-0.0191913,-0.0423793,0.0550324
14602,0.165952,0.026862,-0.00183159,0.0947428,-0.720589,0.10532,0.0177884,-0.0899045,0.0881185
14614,0.165952,0.026862,-0.00183159,0.0451426,-0.81794,0.129836,-0.00081101,-0.0336178,0.037456
14626,0.165794,0.02442,-0.00183159,0.00023673,-0.898036,0.165613,0.13807,0.00780644,-0.0086982
14638,0.164524,0.021978,-0.00183159,-0.00349111,-0.852104,0.184416,-0.0122067,0.0582754,-0.0333434
14650,0.164524,0.021978,-0.00183159,-0.060961,-0.853136,0.159101,-0.0147189,0.0407124,-0.0446535
14662,0.163413,0.004884,-0.00183159,-0.094673,-0.681831,0.114312,-0.132659,0.0838838,-0.0893402
14674,0.163333,0.004884,-0.00183159,-0.132872,-0.299006,0.0889425,-0.0938993,0.0863833,-0.112793
14686,0.163333,0.004884,-0.00183159,-0.0933278,0.0248234,0.0491268,-0.146365,0.0862131,-0.106579
14698,0.162302,0.00610507,-0.00183159,-0.0898724,0.36656,0.0100042,-0.124008,0.0267934,-0.0556349
14710,0.16127,0.00610507,-0.00183159,-0.0610414,0.30221,-0.0334603,-0.0994721,-0.00015838,-0.0233072
14722,0.16127,0.00610507,-0.00183159,-0.0479799,0.191122,-0.067203,-0.0697826,-0.00863116,-0.00990446
14734,0.160079,0.00610507,-0.00183159,-0.0115481,0.0235961,-0.0720098,-0.0136283,-0.0016077,-0.011414
14746,0.15873,0.00610507,0.003663,-0.0212188,-0.0288368,-0.0500915,0.0303172,-0.00722244,0.00405084
14758,0.15873,0.00610507,0.003663,-0.122369,-0.0642126,-0.0208744,0.127862,0.00701354,-0.00199713
14770,0.158651,0.00610507,-0.00183159,-0.0151358,0.0555372,0.00885129,0.0148598,0.0912974,-0.068196
14782,0.15754,0.00610507,0.003663,-0.049171,-0.0303942,0.0103204,0.0780907,-0.011591,0.0141115
14794,0.15754,0.00610507,0.003663,-0.370277,-0.126135,-0.0514614,-0.0370212,0.027037,-0.0131711
14806,0.156667,0.00610507,0.003663,-0.204993,-0.312559,-0.0550771,0.0508896,0.112793,-0.112793
14818,0.155397,0.00610507,-0.00183159,-0.154307,-0.140011,-0.00937841,-0.00118189,0.112793,-0.112793
14830,0.155397,0.00610507,-0.00183159,-0.115613,0.101993,-0.0241443,-0.152457,0.108591,-0.11118
14842,0.154524,0.00610507,0.003663,-0.14296,0.254808,-0.0630195,-0.0635524,0.0457226,-0.0772023
14854,0.153413,0.00610507,0.003663,-0.148132,0.4333,-0.118561,-0.168199,0.064819,-0.0792158
14866,0.153413,0.00610507,0.003663,-0.106994,0.448362,-0.144702,-0.0114161,0.0484563,-0.0827254
14878,0.15246,0.00610507,0.003663,-0.0228235,0.591883,-0.150398,-0.0906661,0.0356469,-0.0389565
14890,0.15246,0.00610507,0.003663,-0.0911128,0.767425,-0.164941,-0.0383291,-0.0442656,0.0275037
14902,0.15246,0.00610507,0.003663,-0.0863313,0.652647,-0.175021,-0.0590167,-0.00390361,-0.00340112
14914,0.152381,0.00610507,0.003663,-0.0485662,0.450653,-0.154527,0.00471279,0.00170759,-0.013305
14926,0.15127,0.00610507,0.003663,0.0115949,0.197041,-0.136612,0.100973,-0.00319842,0.00396
14938,0.15127,0.00610507,0.003663,-0.0626575,0.232086,-0.116652,0.0638661,-0.0164725,0.0361009
14950,0.15119,0.004884,0.003663,-0.105897,0.013455,-0.110037,0.00951205,0.0281285,-0.0167726
14962,0.150317,0.004884,0.003663,-0.126206,-0.206625,-0.086921,0.11968,0.0722935,-0.0728265
14974,0.150317,0.004884,0.003663,-0.0825543,-0.133853,-0.0700751,-0.00582857,0.112793,-0.0946917
14986,0.150317,0.004884,0.003663,-0.0885759,0.0140843,-0.0847044,-0.00816198,0.0632215,-0.0666942
14998,0.15,0.004884,0.003663,-0.0820991,0.262288,-0.120304,-0.0697578,0.0560036,-0.0596096
15010,0.15,0.004884,0.003663,-0.0512075,0.33763,-0.139838,-0.104917,0.0274799,-0.0421975
15022,0.14881,0.004884,0.003663,-0.0570871,0.364767,-0.152401,-0.0756783,-0.00221837,-0.0185966
15034,0.14873,0.004884,0.003663,-0.0114251,0.393827,-0.156181,-0.0330458,0.00393068,-0.0191456
15046,0.14873,0.004884,0.003663,0.0179697,0.321709,-0.137085,-0.0154971,-0.0264559,0.020321
15058,0.147778,0.004884,0.003663,-0.00607613,0.199782,-0.128412,0.0432063,-0.0408811,0.038439
15070,0.147778,0.004884,0.003663,-0.133523,-0.0228607,-0.109479,0.0466117,-0.00832142,0.0164666
15082,0.147778,0.004884,0.003663,-0.220362,-0.345306,-0.0861807,0.202258,0.0998232,-0.0937835
15094,0.14754,0.004884,0.003663,-0.151745,-0.344932,-0.0482631,0.083629,0.112793,-0.112793
15106,0.146508,0.004884,0.003663,-0.213886,-0.111504,-0.0616892,0.22315,0.112793,-0.112793
15118,0.146508,0.004884,0.003663,-0.250189,0.291778,-0.0914631,0.067183,0.112793,-0.112793
15130,0.145397,0.004884,0.003663,-0.127374,0.561661,-0.126087,0.150768,0.112793,-0.112793
15142,0.145317,0.004884,0.003663,0.112886,0.750766,-0.170189,0.0384114,0.0582478,-0.0302754
15154,0.145317,0.004884,0.003663,0.243432,0.946621,-0.223066,0.136706,-0.112793,0.112793
15166,0.144127,0.004884,0.003663,0.282321,0.862713,-0.244113,0.00093022,-0.112793,0.112793
15178,0.144127,0.00366306,0.003663,0.118735,0.411229,-0.190794,0.086685,-0.112793,0.112793
15190,0.144127,0.00366306,0.003663,0.0125952,-0.0757244,-0.107565,0.156944,-0.1015,0.112793
15202,0.143175,0.00366306,0.003663,0.1271,-0.54225,-0.0420383,0.140538,0.0133607,0.0162446
15214,0.142143,0.00366306,0.003663,0.0210619,-0.779781,0.00305715,0.10369,-0.0351494,0.0622201
15226,0.142143,0.00366306,0.003663,0.139841,-0.652034,-0.00845264,0.0496279,0.0512381,-0.033636
15238,0.140873,0.00366306,0.003663,0.0547684,-0.546485,0.0128735,0.114509,-0.0462309,0.0556721
15250,0.139762,0.00366306,0.003663,-0.0387175,-0.252482,0.0153349,-0.0073849,0.00896803,0.0119771
15262,0.139762,0.00366306,0.003663,-0.154151,-0.343538,0.0183691,-0.00641746,0.0376999,-0.0409878
15274,0.139762,0.00122106,0.003663,-0.232186,-0.261938,0.00863061,-0.0168462,0.112793,-0.112793
15286,0.138651,0.00366306,0.003663,-0.13468,-0.24433,-0.0398715,-0.0180011,0.112793,-0.112793
15298,0.138651,0.00366306,0.003663,-0.126836,0.212091,-0.0669488,-0.00586709,0.108337,-0.112793
15310,0.137381,0.00366306,0.003663,-0.119771,0.621072,-0.0956278,-0.0260556,0.0691043,-0.0723689
15322,0.137222,0.00366306,0.003663,-0.142417,0.913777,-0.129175,0.0331401,0.0315928,-0.0375385
15334,0.137222,0.00366306,0.003663,-0.146293,0.922443,-0.166418,0.0406796,0.0322587,-0.0263546
15346,0.136349,0.00366306,0.003663,-0.119058,0.83925,-0.190057,-0.028562,0.0388482,-0.0316121
15358,0.135079,0.00366306,0.003663,-0.0710049,0.893609,-0.20055,-0.11976,0.022965,-0.0289869
15370,0.135079,0.00366306,0.003663,0.0619361,0.975052,-0.193688,-0.0321864,-0.0220919,-0.00067304
15382,0.135079,0.00366306,0.003663,0.0400609,1.01929,-0.189644,-0.0318045,-0.112047,0.108588
15394,0.134127,0.00366306,0.003663,0.030581,0.77744,-0.176826,0.130499,-0.100349,0.0967276
15406,0.134127,0.00366306,0.003663,0.147545,0.305178,-0.115097,0.0835008,-0.0595064,0.0864661
15418,0.134048,0.00366306,0.003663,0.184143,-0.0510417,-0.053129,0.0815486,-0.11162,0.112793
15430,0.133016,0.00366306,0.003663,-0.100659,-0.241742,-0.00846536,0.0406469,-0.112793,0.112793
15442,0.133016,0.00366306,0.003663,-0.193487,-0.588102,0.0203273,0.0926216,0.088357,-0.0833972
15454,0.131984,0.00366306,0.003663,-0.158535,-0.684993,0.0767587,0.130627,0.112793,-0.112793
15466,0.131984,0.00366306,0.003663,0.0341578,-0.101909,0.0514269,-0.0512455,0.112793,-0.112793
15478,0.131984,0.00366306,0.003663,0.0787864,0.427776,-0.00526445,-0.0513332,-0.0291935,0.0190241
15490,0.130952,0.00122106,0.003663,0.109629,0.70982,-0.0476135,0.016027,-0.0964833,0.0883541
15502,0.130873,0.00122106,0.003663,0.00863182,0.32253,-0.0472336,0.11584,-0.112793,0.112793
15514,0.130873,0.00122106,0.003663,0.200091,0.0544931,0.00943303,0.10484,-0.0198675,0.0425886
15526,0.129762,0.00122106,0.003663,0.082374,-0.296743,0.0412067,0.0611389,-0.112793,0.112793
15538,0.129603,0.00122106,0.003663,-0.0293382,-0.419109,0.0265941,0.12107,-0.0335438,0.0452941
15550,0.129603,0.00122106,0.003663,-0.361293,-0.598966,0.0620501,0.25188,0.0590692,-0.0378451
15562,0.12873,0.00122106,0.003663,-0.0901196,-0.326483,0.105399,0.186175,0.112793,-0.112793
15574,0.128492,0.00122106,0.003663,0.184046,0.136924,0.100866,0.0619588,0.0914946,-0.0582001
15586,0.128492,0.00122106,0.003663,0.0570725,0.528885,0.0323793,0.052575,-0.112793,0.112793
15598,0.12746,0.00122106,0.003663,0.102176,0.579713,-0.0216141,0.0397248,-0.0810459,0.0929708
15610,0.12746,0.00122106,0.003663,-0.0647845,0.231266,0.0255754,0.0552408,-0.111265,0.112793
15622,0.12746,0.00122106,0.003663,-0.00774262,-0.111636,0.0440111,-0.0574245,0.0254686,-0.0157556
15634,0.12619,0.00122106,0.003663,0.0555975,-0.335056,0.0761856,0.0623994,0.00178137,-0.0138882
15646,0.125159,0.00122106,0.003663,-0.0512556,-0.0695944,0.0552283,-0.0578208,-0.0141176,0.0256325
15658,0.125159,0.00122106,0.003663,0.0647848,0.30411,0.0417995,0.0133807,0.0267976,-0.0395241
15670,0.124048,0.00122106,0.003663,0.0963245,0.411381,0.0559465,0.0240142,-0.0712021,0.0750125
15682,0.123889,0.00122106,0.003663,0.110045,0.481995,0.0354206,-0.040842,-0.100692,0.107358
15694,0.123889,0.00122106,0.003663,0.0852909,0.277601,0.0377845,-0.0253985,-0.112793,0.112793
15706,0.122778,0.00122106,0.003663,0.0601718,-0.0430279,0.0652003,-0.0263664,-0.0853818,0.0819
15718,0.122698,0.00122106,0.00549451,0.0735817,-0.237463,0.112874,0.0626674,-0.0466185,0.0414077
15730,0.122698,0.00122106,0.00549451,-0.0569781,-0.367922,0.144835,0.0435566,-0.0362887,0.0480939
15742,0.121508,0.00122106,0.00549451,0.0159827,-0.459334,0.136563,0.0406367,0.0552909,-0.0494556
15754,0.120397,0.00122106,0.003663,0.103752,-0.188974,0.167113,0.0520239,0.0150692,-0.00859602
15766,0.120397,0.00122106,0.003663,0.211663,0.121337,0.146252,0.0195632,-0.065202,0.0759834
15778,0.119127,0.00122106,0.003663,0.104896,0.280107,0.110485,-0.051253,-0.112793,0.112793
15790,0.118968,0.00122106,0.003663,0.0708906,0.0117441,0.1073,0.0352191,-0.10584,0.0977446
15802,0.118968,0.00122106,0.003663,0.122783,-0.309826,0.13929,-0.0377331,-0.054245,0.061666
15814,0.117619,0.00366306,0.003663,0.205046,-0.370858,0.179852,-0.004869,-0.0731358,0.0664228
15826,0.116429,0.00366306,0.003663,0.0518772,-0.439337,0.197264,-0.0309535,-0.112793,0.112793
15838,0.116429,0.00366306,0.003663,-0.0343083,-0.630449,0.192019,-0.0216482,-0.0217046,0.01502
15850,0.116349,0.00366306,0.003663,-0.0340829,-0.805064,0.229214,0.100608,0.0501905,-0.0568641
15862,0.115,0.00366306,0.003663,0.149839,-0.664987,0.234585,0.0106816,0.0713171,-0.0546786
15874,0.115,0.00366306,0.003663,0.116395,-0.246109,0.206697,0.0661358,-0.0673164,0.069638
15886,0.114841,0.00366306,0.003663,0.0784893,0.144462,0.161991,-0.00948882,-0.0690723,0.0826528
15898,0.11381,0.00366306,0.003663,0.0705441,-0.0015454,0.174767,0.104945,-0.0766695,0.0759464
15910,0.11381,0.00366306,0.003663,-0.00321949,-0.156228,0.208179,0.0563655,-0.0506503,0.0716203
15922,0.11246,0.00366306,0.003663,-0.0459059,-0.579585,0.18859,-0.0108703,0.00054928,0.0095997
15934,0.11246,0.00366306,0.003663,-0.0423604,-0.53507,0.19927,-0.00131467,0.0548837,-0.0594963
15946,0.11246,0.00366306,0.003663,0.0124516,-0.355601,0.202313,0.0316398,0.0492152,-0.0517911
15958,0.111429,0.00366306,0.003663,-0.022727,0.131411,0.187572,-0.0362765,0.00362803,0.00144467
15970,0.110079,0.00366306,0.003663,0.0386343,0.584267,0.158918,-0.109473,-0.0150905,0.00769069
15982,0.110079,0.00366306,0.003663,0.00227869,0.593494,0.125716,-0.151073,-0.0918367,0.0722271
15994,0.108968,0.00366306,0.003663,-0.0379808,0.29293,0.0881848,-0.130243,-0.0699175,0.0416658
16006,0.107937,0.00366306,0.003663,-0.0481994,0.126286,0.0874276,-0.0785827,-0.0165604,-0.00906953
16018,0.107937,0.00366306,0.003663,-0.0221881,0.144802,0.120064,0.00196719,0.00721839,-0.0234053
16030,0.107857,0.00366306,0.003663,0.0875861,0.386634,0.139833,-0.0537542,-0.00585905,0.00575931
16042,0.106825,0.00366306,0.003663,0.101062,0.669182,0.129473,0.0341494,-0.0998006,0.0911162
16054,0.106825,0.00366306,0.003663,0.0440287,0.60941,0.112954,0.0242276,-0.112793,0.112793
16066,0.105714,0.00366306,0.003663,0.116563,0.267922,0.104879,0.0679731,-0.078033,0.0843071
16078,0.104603,0.00366306,0.003663,0.213845,-0.0866879,0.140998,0.0981112,-0.0932823,0.1082
16090,0.104603,0.00366306,0.003663,0.138277,-0.242699,0.171013,0.0298984,-0.112793,0.112793
16102,0.104603,0.00366306,0.003663,-0.0150645,-0.341373,0.213352,-0.0539059,-0.0801249,0.0868693
16114,0.104365,0.00366306,0.003663,-0.0820662,-0.5676,0.252631,0.0820664,0.0104063,-0.0222238
16126,0.104365,0.00366306,0.003663,-0.0515456,-0.819639,0.270671,0.0576214,0.0779235,-0.0648244
16138,0.103333,0.00366306,0.003663,-0.0782411,-0.501052,0.251755,-0.049139,0.0725501,-0.064314
16150,0.103333,0.00366306,0.003663,0.0122958,0.0668476,0.213917,-0.116715,0.0577285,-0.0698176
16162,0.103333,0.00366306,0.003663,0.112434,0.429552,0.166428,-0.0331425,-0.0421646,0.0195595
16174,0.102063,0.00366306,0.003663,0.130057,0.744059,0.1239,-0.115509,-0.112793,0.112793
16186,0.100635,0.00366306,0.003663,0.103372,0.728194,0.114022,-0.118186,-0.112793,0.112793
16198,0.100635,0.00366306,0.003663,0.0346974,0.413137,0.146508,-0.186963,-0.112793,0.112793
16210,0.0995238,0.00122106,0.003663,0.130183,0.0497171,0.177989,-0.0773414,-0.0807505,0.0455274
16222,0.0984127,0.00366306,0.003663,-0.0274938,-0.407481,0.193706,-0.210973,-0.105503,0.0920325
16234,0.0984127,0.00366306,0.003663,0.0435526,-0.425535,0.198974,0.0267231,0.00826612,-0.0508448
16246,0.0970635,0.00366306,0.003663,0.188615,-0.394992,0.249817,-0.177322,-0.0113107,0.015733
16258,0.0969841,0.00366306,0.003663,0.244148,-0.0669317,0.243606,-0.0193527,-0.112793,0.093443
16270,0.0969841,0.00366306,0.003663,0.210201,0.00141743,0.227548,-0.153779,-0.112793,0.112793
16282,0.0957143,0.00366306,0.003663,0.0233367,-0.383276,0.244096,0.00774469,-0.112793,0.112793
16294,0.0944444,0.00366306,0.003663,-0.0336098,-0.751898,0.267859,-0.111129,-0.00865493,0.00932817
16306,0.0944444,0.00366306,0.003663,-0.038354,-0.983762,0.308693,-0.139425,0.0370608,-0.0609869
16318,0.093254,0.00366306,0.003663,0.0037753,-0.528698,0.33407,-0.122684,0.0485958,-0.0784978
16330,0.091746,0.00366306,0.003663,0.0132372,-0.419816,0.287895,0.00090089,-0.00910874,-0.0158769
16342,0.091746,0.00366306,0.003663,0.0374053,-0.190899,0.209605,-0.0998988,-0.00574454,0.00498254
16354,0.0902381,0.00366306,0.003663,0.088739,-0.081982,0.191931,0.042127,-0.0381341,0.018533
16366,0.0893651,0.00366306,0.003663,0.211053,0.146179,0.201319,-0.0134919,-0.0603807,0.0691876
16378,0.0893651,0.00366306,0.003663,0.169139,0.321629,0.227979,0.0221771,-0.112793,0.112793
16390,0.0879365,0.00366306,0.003663,-0.00344621,-0.0579682,0.232983,-0.0605359,-0.112793,0.112793
16402,0.0865079,0.00366306,0.003663,-0.0737168,-0.547783,0.240867,-0.0294285,-0.0223491,0.0101968
16414,0.0865079,0.00366306,0.003663,-0.0305162,-0.852545,0.278795,0.0548061,0.0533153,-0.0614182
16426,0.0851587,0.00366306,0.003663,0.0115864,-0.812598,0.273894,-0.013947,0.0522034,-0.0439914
16438,0.0842857,0.00366306,0.003663,0.0534782,-0.249394,0.247667,-0.029987,0.0184603,-0.0229272
16450,0.0842857,0.00366306,0.003663,0.126637,0.102383,0.218621,-0.102461,-0.0419645,0.0361036
16462,0.0828571,0.00366306,0.003663,0.133057,0.302478,0.199954,-0.174497,-0.111474,0.0932198
16474,0.0815873,0.00366306,0.003663,0.00982088,0.0259515,0.180884,-0.126838,-0.112793,0.101594
16486,0.0815873,0.00366306,0.003663,-0.088366,-0.224261,0.209653,-0.054823,-0.0386558,0.0139464
16498,0.0788889,0.00366306,0.003663,-0.113353,-0.603364,0.244588,-0.0480312,0.036474,-0.0489279
16510,0.0779365,0.00366306,0.003663,-0.0667532,-0.581815,0.247579,-0.0391916,0.0712442,-0.0833977
16522,0.0779365,0.00366306,0.003663,-0.0424913,-0.23648,0.215405,-0.00049757,0.0440273,-0.0538269
16534,0.0766667,0.00366306,0.003663,-9.127e-05,0.26585,0.180539,-0.00298571,0.0145659,-0.0158939
16546,0.0753968,0.00366306,0.003663,0.0186146,0.514729,0.137007,0.0445267,-0.0383098,0.0380058
16558,0.0753968,0.00366306,0.003663,0.10838,0.783079,0.116214,-0.143169,-0.0557812,0.0653402
16570,0.0742857,0.00366306,0.003663,0.133089,0.548116,0.1116,-0.126877,-0.112793,0.112793
16582,0.0728571,0.00366306,0.003663,0.0996623,0.157511,0.10179,-0.111658,-0.112793,0.112793
16594,0.0728571,0.00366306,0.003663,0.166857,0.00689453,0.158755,-0.0446162,-0.0904726,0.0699898
16606,0.0716667,0.00366306,0.003663,-0.0352571,-0.471972,0.195427,0.040012,-0.112793,0.110051
16618,0.07,0.00366306,0.003663,-0.157354,-0.794371,0.204122,-0.051603,0.0268939,-0.0206959
16630,0.07,0.00366306,0.003663,-0.142422,-1.0342,0.241009,-0.0865228,0.102928,-0.112793
16642,0.07,0.00366306,0.003663,-0.174733,-0.916915,0.229367,-0.077291,0.1025,-0.112793
16654,0.07,0.00366306,0.003663,-0.0132333,0.0362069,0.185649,-0.111628,0.112793,-0.112793
16666,0.07,0.00366306,0.003663,0.218444,0.630814,0.13987,-0.0460427,-0.0305689,0.00866687
16678,0.07,0.00366306,0.003663,0.0795521,1.06512,0.080548,-0.106269,-0.112793,0.112793
16690,0.07,0.00122106,0.003663,0.159715,0.952409,0.0725906,0.0447333,-0.112793,0.112793
16702,0.07,0.00122106,0.003663,0.0905067,0.563783,0.104119,0.0712552,-0.112793,0.112793
16714,0.07,0.00122106,0.003663,0.0177109,0.0732822,0.122612,-0.00889221,-0.0938273,0.109483
16726,0.07,0.00122106,0.003663,-0.138579,-0.516421,0.14151,0.033685,-0.0337695,0.0320889
16738,0.07,0.00122106,0.003663,-0.283401,-0.945326,0.160683,0.079541,0.089586,-0.0860424
16750,0.07,0.00122106,0.003663,-0.286606,-0.859299,0.170569,0.186714,0.112793,-0.112793
16762,0.07,0.00122106,0.003663,-0.136825,-0.166517,0.146247,0.0488571,0.112793,-0.112793
16774,0.07,0.00122106,0.003663,0.0576866,0.466094,0.0967247,-0.00011245,0.0681248,-0.0609177
16786,0.07,0.00122106,0.003663,0.0862116,1.00366,0.0585591,-0.0341201,-0.0762534,0.077484
16798,0.07,0.00122106,0.003663,0.0600168,1.11892,0.0433895,-0.0551853,-0.112793,0.112793
16810,0.07,0.00122106,0.003663,0.0187377,0.726404,0.076616,0.00975814,-0.112793,0.109662
16822,0.07,0.00122106,0.003663,-0.0982227,0.156023,0.109622,0.00964795,-0.0682367,0.0713849
16834,0.07,0.00122106,0.003663,-0.0905568,-0.357688,0.123681,-0.0854358,0.0270763,-0.0264286
16846,0.07,0.00122106,0.003663,-0.0873692,-0.733395,0.124317,-0.0599854,0.043902,-0.0625667
16858,0.07,0.00122106,0.003663,-0.079669,-0.521395,0.101254,-0.0348523,0.0677066,-0.0821489
16870,0.07,0.00122106,0.003663,0.110554,-0.00482875,0.0787745,-0.0595473,0.05517,-0.0642774
16882,0.07,0.00122106,0.003663,0.263926,0.636004,0.0617819,-0.0183969,-0.079999,0.0693877
16894,0.07,0.00122106,0.003663,0.21642,0.826239,0.0450255,0.0054152,-0.112793,0.112793
