TimeStamp,h_d,v_d,psi_dot_d,theta_hat,theta_dot_hat,v_hat,psi_dot_hat,tau_RW,tau_LW
477,0.138175,0.00122106,0.003663,-0.0786666,-0.0164707,-0.00125804,0.00099762,0.0334768,-0.0347871
489,0.138175,0.00122106,0.003663,-0.0896669,0.00436191,0.00032715,0.00117819,0.048806,-0.0504824
501,0.138175,0.00122106,0.003663,-0.083542,0.0256998,-0.00336309,0.00697628,0.0545643,-0.05632
513,0.138175,0.00122106,0.003663,-0.0859232,0.0848936,-0.00816072,-0.0148391,0.0494829,-0.0499647
526,0.138175,0.00122106,0.003663,-0.0730408,0.148098,-0.0212925,-0.00937732,0.0445848,-0.0491628
537,0.138175,0.00122106,0.003663,-0.0356519,0.160911,-0.0282995,-0.0499535,0.0322497,-0.0354088
549,0.138175,0.00122106,0.003663,-0.0245783,0.137627,-0.0314042,-0.0242225,0.00203941,-0.0124183
561,0.138175,0.00122106,0.003663,-0.0317847,0.110407,-0.0401237,-0.0253184,-0.00089943,-0.00439871
573,0.138175,0.00122106,0.003663,-0.0259033,0.0422073,-0.0400079,-0.0356215,0.00707911,-0.0128028
585,0.138175,0.00122106,0.003663,-0.036401,-0.0669586,-0.0243984,-0.0206855,0.00762908,-0.0154466
597,0.138175,0.00122106,0.003663,-0.0436602,-0.138011,-0.0171731,-0.00815907,0.0238539,-0.0292349
609,0.138175,0.00122106,0.003663,-0.0634004,-0.144023,-0.0109823,0.00126101,0.0352672,-0.038533
621,0.138175,0.00122106,0.003663,-0.0846126,-0.106348,-0.0114322,0.0173616,0.0497459,-0.0515134
633,0.138175,0.00122106,0.003663,-0.106916,-0.0460217,-0.0128205,0.0130497,0.0629286,-0.0618179
645,0.138175,0.00122106,0.003663,-0.112723,0.0628844,-0.0224708,0.0280172,0.073101,-0.0730134
657,0.138175,0.00122106,0.003663,-0.104598,0.184556,-0.0371345,0.0303256,0.0705159,-0.0673341
669,0.138175,0.00122106,0.003663,-0.098309,0.308164,-0.0549758,0.024318,0.0564857,-0.0524061
681,0.138175,0.00122106,0.003663,-0.0981784,0.463599,-0.0777057,0.0154197,0.0430663,-0.0397278
693,0.138175,0.00122106,0.003663,-0.0779028,0.492608,-0.0934536,0.00600739,0.0314745,-0.0294542
705,0.138175,0.00122106,0.003663,-0.0335169,0.537901,-0.09666,-0.0199875,0.0156538,-0.0150756
717,0.138175,0.00122106,0.003663,-0.0292371,0.511938,-0.101294,-0.00443957,-0.0210356,0.0174285
729,0.138175,0.00122106,0.003663,0.00217382,0.453266,-0.099785,-0.00864927,-0.0198913,0.0192751
741,0.138175,0.00122106,0.003663,-0.0101146,0.246433,-0.0843005,0.0650143,-0.0373465,0.0362577
753,0.138175,0.00122106,0.003663,-0.0349215,0.0237967,-0.0547307,0.0482234,-0.00608813,0.0184809
765,0.138175,0.00122106,0.003663,-0.0370417,-0.139131,-0.0186098,0.0883804,0.024978,-0.0168128
777,0.138175,0.00122106,0.003663,-0.0267135,-0.128202,-0.00113899,0.0438649,0.0403059,-0.0248034
789,0.138175,0.00122106,0.003663,-0.0466799,-0.0906202,-0.00756783,-0.00864223,0.0262262,-0.019096
801,0.138175,0.00122106,0.003663,-0.0590842,-0.0244152,-0.00984144,-0.0151656,0.0324624,-0.0357132
813,0.138175,0.00122106,0.003663,-0.0516297,0.0153037,-0.00748336,-0.0301764,0.0351664,-0.0396928
825,0.138175,0.00122106,0.003663,-0.0570994,0.0397096,-0.0109384,-0.0447884,0.0250346,-0.0322235
837,0.138175,0.00122106,0.003663,-0.0409883,0.101901,-0.023482,-0.0265302,0.0257193,-0.035759
849,0.138175,0.00122106,0.003663,-0.0461641,0.135457,-0.0309023,-0.00791897,0.01242,-0.0185159
861,0.138175,0.00122106,0.003663,-0.0483928,0.203221,-0.0350505,-0.0289456,0.0157615,-0.0182611
873,0.138175,0.00122106,0.003663,-0.0412198,0.187137,-0.0329555,-0.00884226,0.0100632,-0.016478
885,0.138175,0.00122106,0.003663,-0.0483887,0.156451,-0.0293102,-0.00015076,0.0081777,-0.0106311
897,0.138175,0.00122106,0.003663,-0.0424671,0.0754899,-0.0228476,-0.0191167,0.0161678,-0.0171373
909,0.138175,0.00122106,0.003663,-0.0290733,0.0191394,-0.0184952,-0.0381136,0.0162855,-0.0210467
921,0.138175,0.00122106,0.003663,-0.0176789,0.0127981,-0.00967167,-0.0691907,0.00939833,-0.0177698
933,0.138175,0.00122106,0.003663,-0.00436165,0.0473736,-0.00304502,-0.0665086,-0.00184574,-0.0123504
945,0.138175,0.00122106,0.003663,-0.0129217,0.0358755,-0.00192107,-0.0472285,-0.0143054,0.00095706
957,0.138175,0.00122106,0.003663,-0.0271687,0.0178379,0.00268594,0.0034921,-0.00566293,-0.00412641
969,0.138175,0.00122106,0.003663,-0.0189542,-0.00305576,0.0017622,0.00646294,0.0101767,-0.0104308
981,0.138175,0.00122106,0.003663,-0.0120065,0.0337265,0.00256868,0.0150212,0.00659444,-0.00620362
993,0.138175,0.00122106,0.003663,-0.0115388,0.0436565,0.00332621,0.00133275,-0.00050098,0.00276689
1005,0.138175,0.00122106,0.003663,-0.00920393,0.0798527,0.00608316,-0.00963811,-0.00305011,0.00270695
1017,0.138175,0.00122106,0.003663,-0.0137685,0.0840956,0.00640823,-0.00712972,-0.00899209,0.00667561
1029,0.138175,0.00122106,0.003663,-0.0133338,0.0635312,0.00484234,0.00439861,-0.00597006,0.00407778
1041,0.138175,0.00122106,0.003663,-0.0108597,0.059534,0.00453685,0.0106707,-0.00329858,0.00357985
1053,0.138175,0.00122106,0.003663,-0.0001272,0.0788327,0.00600635,0.00964348,-0.00404159,0.00556347
1065,0.138175,0.00122106,0.003663,-0.00031442,0.116959,0.00891099,0.0003192,-0.0133093,0.0148649
1077,0.138175,0.00122106,0.003663,-0.00307244,0.134838,0.0102748,-0.00494113,-0.0175189,0.0173847
1089,0.138175,0.00122106,0.003663,-0.00178277,0.126064,0.00960772,-0.00383462,-0.0177307,0.0165893
1101,0.138175,0.00122106,-0.00183159,0.00108291,0.109225,0.00898953,-0.00219763,-0.0171919,0.017321
1113,0.138175,0.00122106,-0.00183159,0.00864028,0.114971,0.0100914,-0.00437374,-0.0175653,0.0180073
1125,0.138175,0.00122106,0.003663,0.0202034,0.146049,0.0124589,-0.00581304,-0.0241254,0.0232252
1137,0.138175,0.00122106,0.003663,0.0227529,0.177745,0.0135461,-6.59e-05,-0.0350688,0.034172
1149,0.138175,0.00122106,0.003663,0.0242116,0.177166,0.014832,0.00046625,-0.0389995,0.039349
1161,0.138175,0.00122106,0.003663,0.0278338,0.152421,0.0169357,-0.00639148,-0.0400347,0.0405117
1173,0.138175,0.00122106,0.003663,0.0343744,0.112454,0.01921,-0.0168731,-0.0413692,0.0405117
1185,0.138175,0.00122106,0.003663,0.0356627,0.0760552,0.0270721,-0.0326197,-0.0438354,0.0409463
1197,0.138175,0.00122106,0.003663,0.0337736,0.0674246,0.0363877,0.0199513,-0.0440147,0.0380132
1209,0.138175,0.00122106,0.003663,0.0504361,0.0175385,0.0458853,0.033643,-0.0377855,0.041914
1221,0.138175,0.00122106,0.003663,0.0349015,-0.0490588,0.0574341,0.0557827,-0.0447905,0.051712
1233,0.138175,0.00122106,0.003663,0.0445291,-0.0458897,0.0623341,0.0684463,-0.0275008,0.0382846
1245,0.138175,0.00122106,0.003663,0.0321732,-0.0677646,0.0639947,0.0778043,-0.0336725,0.0470803
1257,0.138175,0.00122106,0.003663,0.0316285,-0.0871193,0.0744825,0.0794508,-0.0225617,0.0375197
1269,0.138175,0.00122106,0.003663,0.0231653,-0.090064,0.0835677,0.0894767,-0.0214437,0.0366777
1281,0.138175,0.00122106,0.003663,0.0169141,-0.099548,0.0855111,0.0614261,-0.0152482,0.0322949
1293,0.138175,0.00122106,0.003663,0.0069697,-0.0879416,0.0850659,0.0598059,-0.0130533,0.0245517
1305,0.138175,0.00122106,0.003663,0.0205372,-0.0690707,0.0891604,0.0554113,-0.00724172,0.0182986
1317,0.138175,0.00122106,0.003663,-0.0005575,-0.0005674,0.0850775,0.0648159,-0.0190193,0.0295089
1329,0.138175,0.00122106,0.003663,-0.0115992,0.0279575,0.0806004,0.0691995,-0.00876372,0.02092
1341,0.138175,0.00122106,0.003663,0.0653277,0.08291,0.0821233,0.0431202,-0.00261493,0.0155132
1353,0.138175,0.00122106,0.003663,0.0297615,0.109305,0.0755013,0.0064839,-0.0630995,0.0723601
1365,0.138175,0.00122106,0.003663,0.0147854,0.141875,0.0600332,0.0579805,-0.0435763,0.0452399
1377,0.138175,0.00122106,0.003663,0.0134871,0.0446606,0.0758747,0.149735,-0.0293886,0.040829
1389,0.138175,0.00122106,0.003663,0.0787302,0.0249821,0.0936578,0.0833245,-0.013072,0.0419869
1401,0.138175,0.00122106,0.003663,0.0920418,0.0100226,0.0918729,0.0252681,-0.0648023,0.0819111
1413,0.138175,0.00122106,0.003663,0.0220186,-0.0477025,0.0927912,0.0627061,-0.0782552,0.0843059
1425,0.138175,0.00122106,0.003663,0.00597014,-0.158447,0.106947,0.118647,-0.0214538,0.0334473
1437,0.138175,0.00122106,0.003663,0.0477371,-0.289281,0.141514,0.0756308,0.00287373,0.0193881
1449,0.138175,0.00122106,0.003663,0.0677921,-0.22268,0.148607,0.00498405,-0.0227733,0.0370881
1461,0.138175,0.00122106,0.003663,0.0449177,-0.146421,0.131827,-0.0303602,-0.0497208,0.0509062
1473,0.138175,0.00122106,0.003663,0.0121277,-0.162237,0.129281,0.00758475,-0.0419929,0.0361586
1485,0.138175,0.00122106,0.003663,0.0194546,-0.189308,0.148479,0.0508927,-0.0140465,0.0149685
1497,0.138175,0.00122106,0.003663,0.0239345,-0.218621,0.156894,-0.0160338,-0.0145348,0.0239123
1509,0.138175,0.00122106,0.003663,0.0238078,-0.162921,0.145193,-0.0347133,-0.0225404,0.0189822
1521,0.138175,0.00122106,0.003663,0.013188,-0.177393,0.135445,-0.0236695,-0.0277355,0.0206991
1533,0.138175,0.00122106,0.003663,0.0138875,-0.089415,0.134826,0.0693328,-0.0171665,0.0120314
1545,0.138175,0.00122106,0.003663,0.0376106,-0.0601169,0.141043,0.0581233,-0.0158152,0.0289277
1557,0.138175,0.00122106,0.003663,0.0583272,-0.00123397,0.140883,0.0179043,-0.0363545,0.0477807
1569,0.138175,0.00122106,0.003663,0.0206233,-0.0942774,0.132471,-0.0119334,-0.0594587,0.0636124
1581,0.138175,0.00122106,0.003663,-0.00754879,-0.13915,0.135026,0.067657,-0.0277517,0.0252397
1593,0.138175,0.00122106,0.003663,0.0114778,-0.223002,0.152561,0.0741475,0.0029532,0.00934568
1605,0.138175,0.00122106,0.003663,0.0309123,-0.140972,0.160815,0.058464,-0.00436288,0.0180196
1617,0.138175,0.00122106,0.003663,0.0557683,-0.0321577,0.15449,-0.0370345,-0.0269231,0.0381156
1629,0.138175,0.00122106,0.003663,0.049603,-0.00985263,0.138909,0.0082596,-0.0617963,0.0552249
1641,0.138175,0.00122106,0.003663,0.0111055,-0.0736152,0.140687,0.0187265,-0.0534527,0.0555713
1653,0.138175,0.00122106,0.003663,-0.0203024,-0.199315,0.153707,0.0420542,-0.0206854,0.0240254
1665,0.138175,0.00122106,0.003663,0.0176077,-0.24841,0.167917,-0.021881,0.0124502,-0.00544215
1677,0.138175,0.00122106,0.00549451,0.0360213,-0.212573,0.176638,0.0201551,-0.0175161,0.0123082
1689,0.138175,0.00122106,0.00549451,0.0234505,-0.0641512,0.158045,0.00499339,-0.0299844,0.0333246
1701,0.138175,0.00122106,0.00549451,0.0321157,-0.00951334,0.155547,0.0414309,-0.0332137,0.0338079
1713,0.138175,0.00122106,0.00549451,0.0321605,-0.0458123,0.15544,0.00347581,-0.0399413,0.0478737
1725,0.138175,0.00122106,0.00549451,0.0410126,-0.0952317,0.158986,-0.0565725,-0.040654,0.0411428
1737,0.138175,0.00122106,0.00549451,0.00515119,-0.225465,0.155718,-0.0100297,-0.0488836,0.037769
1749,0.138175,0.00122106,0.00549451,-0.0165019,-0.260353,0.1597,0.0368554,-0.00845046,0.00537317
1761,0.138175,0.00122106,0.00549451,-0.00371584,-0.261344,0.174909,0.0655503,0.0135965,-0.00804995
1773,0.138175,0.00122106,0.00549451,-0.0207219,-0.179862,0.177805,0.0392792,0.00613994,0.00519149
1785,0.138175,0.00122106,0.00549451,-0.0076999,0.0156494,0.159468,-0.0493419,0.00834511,-0.00212718
1797,0.138175,0.00122106,0.00549451,-0.0142967,0.0644566,0.139916,0.00215952,-0.0236633,0.0134806
1809,0.138175,0.00122106,0.003663,-0.00284384,0.208039,0.119604,-0.0260447,-0.0160433,0.0161662
1821,0.138175,0.00122106,0.00549451,0.0197163,0.20138,0.109116,0.00151008,-0.036785,0.0316563
1833,0.138175,0.00122106,0.00549451,0.0467816,0.20271,0.112533,-0.0505338,-0.0481558,0.0486784
1845,0.138175,0.00122106,0.00549451,0.0396196,0.173149,0.107629,-0.0498051,-0.0723976,0.0633051
1857,0.138175,0.00122106,0.00549451,0.018602,0.0336629,0.114945,-0.00019737,-0.0644493,0.0552862
1869,0.138175,0.00122106,0.00549451,0.0206155,-0.0951184,0.13903,0.0423623,-0.0342584,0.033961
1881,0.138175,0.00122106,0.00549451,0.0124487,-0.21336,0.155294,0.0178094,-0.0232114,0.0308558
1893,0.138175,0.00122106,0.00549451,0.018578,-0.159636,0.159396,-0.0232152,-0.0117544,0.0142123
1905,0.138175,0.00122106,0.00549451,0.0239979,-0.176828,0.162078,0.0325925,-0.0248253,0.0196133
1917,0.138175,0.00122106,0.00549451,-0.0134293,-0.110965,0.16045,0.0329473,-0.0219901,0.0276131
1929,0.138175,0.00122106,0.00549451,0.00970687,-0.0930977,0.159149,0.0228357,-0.00132714,0.00660053
1941,0.138175,0.00122106,0.00549451,-0.00854176,-0.113453,0.156936,0.00123492,-0.0196787,0.0234196
1953,0.138175,0.00122106,0.00549451,-0.0142585,-0.0409023,0.145845,-0.0235364,-0.00724826,0.00645382
1965,0.138175,0.00122106,0.003663,-0.0298335,-0.0367197,0.144162,0.046704,-0.0104391,0.00530221
1977,0.138175,0.00122106,0.003663,-0.0186662,0.0534227,0.138399,0.0254671,0.00699327,0.0012089
1989,0.138175,0.00122106,0.003663,-0.0008237,0.135147,0.133986,0.0178918,-0.00969232,0.0142164
2001,0.138175,0.00122106,0.00549451,0.0276872,0.248967,0.118066,-0.0857766,-0.0292844,0.0325044
2013,0.138175,0.00122106,0.00549451,0.0800386,0.291648,0.0967206,-0.0450568,-0.0669645,0.0508939
2025,0.138175,0.00122106,0.00549451,0.0664478,0.223291,0.0928318,-0.0370072,-0.100703,0.0934305
2037,0.138175,0.00122106,0.003663,0.0577494,0.0604149,0.110328,-0.00771986,-0.0843069,0.0785196
2049,0.138175,0.00122106,0.003663,0.0164657,-0.146186,0.133812,-0.0784762,-0.0636774,0.0629797
2061,0.138175,0.00122106,0.003663,-0.00110972,-0.325199,0.160064,-0.0669001,-0.0271859,0.0115926
2073,0.138175,0.00122106,0.003663,-0.0440041,-0.4107,0.177492,-0.0259492,-0.00164984,-0.0124501
2085,0.138175,0.00122106,0.003663,-0.0553469,-0.315337,0.180777,-0.00399125,0.0374027,-0.0444871
2097,0.138175,0.00122106,0.003663,0.0170792,-0.11357,0.180195,0.00894512,0.0391926,-0.0419321
2109,0.138175,0.00122106,0.00549451,0.0482736,0.111475,0.156137,-0.0300912,-0.0264859,0.0276457
2121,0.138175,0.00122106,0.00549451,0.0604738,0.306945,0.113861,-0.0228895,-0.0681383,0.0628523
2133,0.138175,0.00122106,0.00549451,0.0245794,0.230495,0.0920628,0.0473963,-0.0879302,0.0847084
2145,0.138175,0.00122106,0.00549451,0.0459981,0.029417,0.104641,0.0250849,-0.0478098,0.0573317
2157,0.138175,0.00122106,0.00549451,0.0235425,-0.141775,0.136801,0.0183832,-0.0494157,0.0544157
2169,0.138175,0.00122106,0.00549451,-0.0404773,-0.261758,0.146957,0.0251107,-0.0234983,0.0264138
2181,0.138175,0.00122106,0.00549451,-0.0916689,-0.286021,0.163053,0.086823,0.0304072,-0.0275503
2193,0.138175,0.00122106,0.00549451,-0.0529376,-0.220628,0.178672,0.113225,0.0722928,-0.0583659
2205,0.138175,0.00122106,0.00549451,-0.0224635,0.00848661,0.162909,0.00736523,0.0411251,-0.0212449
2217,0.138175,0.00122106,0.00549451,-0.0194843,0.338854,0.114962,-0.0423166,-0.0076691,0.00819976
2229,0.138175,0.00122106,0.00549451,0.0082113,0.510668,0.0728596,-0.0660081,-0.0372048,0.0290284
2241,0.138175,0.00122106,0.00549451,0.0386274,0.537039,0.0595567,-0.0142035,-0.0687916,0.0568881
2253,0.138175,0.00122106,0.00732601,0.0533719,0.475766,0.0535537,-0.0359431,-0.085877,0.0841761
2265,0.138175,0.00122106,0.00732601,0.0360589,0.28961,0.0646247,-0.0454211,-0.0925537,0.0866977
2277,0.138175,0.00122106,0.0347985,0.0152739,0.0346882,0.087083,-0.0270747,-0.0698543,0.0560596
2289,0.138175,0.00122106,0.03663,0.00868645,-0.113452,0.12366,0.0493545,-0.0349752,0.0233499
2301,0.138175,0.00122106,0.03663,0.0147746,-0.211626,0.146776,0.0948809,-0.014293,0.0169904
2313,0.138175,0.00122106,0.0384615,0.0519355,-0.138896,0.156982,0.0658704,-0.00839146,0.0194022
2325,0.138175,0.00122106,0.0659341,0.0539626,-0.107107,0.158084,0.0790882,-0.0466134,0.0475345
2337,0.138175,0.00122106,0.0659341,-0.00579407,-0.0943863,0.151745,0.0918743,-0.0494651,0.0530689
2349,0.138175,0.00122106,0.0915751,0.0203128,-0.15899,0.160105,0.0799203,-0.0097786,0.0099541
2361,0.138175,0.00122106,0.122711,0.0166036,-0.234971,0.166954,0.0924706,-0.027518,0.0196146
2373,0.138175,0.00122106,0.122711,0.0404949,-0.174355,0.161607,0.0229852,-0.0181163,0.0123751
2385,0.138175,0.00122106,0.124542,0.0170078,-0.150173,0.161451,0.107042,-0.0460824,0.0271005
2397,0.138175,0.00122106,0.150183,-0.039409,-0.144582,0.15789,0.109711,-0.0261232,0.0181268
2409,0.138175,0.00122106,0.150183,-0.00018883,-0.15049,0.164077,0.0811288,0.01308,-0.0214636
2421,0.138175,0.00122106,0.18315,-0.00621623,-0.118031,0.167222,0.14852,-0.0201724,0.00051724
2433,0.138175,0.00122106,0.203297,-0.0707692,-0.0329705,0.139813,0.0633166,-0.0143919,0.00387538
2445,0.138175,0.00122106,0.203297,-0.0847549,0.0602021,0.126948,0.216733,0.0176477,-0.0454961
2457,0.138175,0.00122106,0.203297,0.00558724,0.165384,0.128303,0.216679,0.0358017,-0.0339687
2469,0.138175,0.00122106,0.20696,0.106662,0.37266,0.114855,0.15128,-0.0359299,0.0388109
2481,0.138175,0.00122106,0.20696,0.0446425,0.530999,0.0677717,0.0971221,-0.112793,0.112793
2493,0.138175,0.00122106,0.228938,-0.0600634,0.377181,0.0533607,0.162019,-0.101066,0.0781366
2505,0.138175,0.00122106,0.261905,-0.0229528,0.111386,0.0895878,0.265614,-0.0113594,-0.00756297
2517,0.138175,0.00122106,0.261905,0.0895065,-0.0363589,0.132853,0.216383,-0.00853359,0.00955285
2529,0.138175,0.00122106,0.265568,0.0627835,0.0218333,0.120047,0.275275,-0.0835318,0.0758064
2541,0.138175,0.00122106,0.291209,-0.0559302,0.0457618,0.112551,0.262603,-0.0653612,0.0637743
2553,0.138175,0.00122106,0.291209,-0.0978152,-0.0605047,0.140329,0.419599,0.0143476,-0.0202507
2565,0.138175,0.00122106,0.320513,0.122666,-0.112239,0.171626,0.30202,0.0618479,-0.0439841
2577,0.138175,0.00122106,0.349817,0.108931,0.125372,0.157195,0.245875,-0.10385,0.0967927
2589,0.138175,0.00122106,0.349817,-0.0193858,0.256771,0.0894434,0.221926,-0.112793,0.100552
2601,0.138175,0.00122106,0.379121,-0.110759,-0.00546712,0.101975,0.298212,-0.0386505,0.00903318
2613,0.138175,0.00122106,0.40293,0.0823475,-0.12932,0.166309,0.309031,0.0501655,-0.0718428
2625,0.138175,0.00122106,0.40293,0.0743698,-0.0838938,0.17315,0.253041,-0.0784918,0.0618071
2637,0.138175,0.00122106,0.424908,0.0579173,0.150702,0.118588,0.241261,-0.0849691,0.0532245
2649,0.138175,0.00122106,0.428571,-0.191293,-0.00511971,0.118639,0.452746,-0.0891657,0.0547303
2661,0.138175,0.00122106,0.428571,0.0267671,-0.124199,0.158069,0.43238,0.112793,-0.112793
2673,0.138175,0.00122106,0.428571,0.114188,-0.0654013,0.18651,0.448184,-0.0301315,0.0314394
2685,0.138175,0.00122106,0.430403,0.023318,0.208515,0.121017,0.418181,-0.0969182,0.102571
2697,0.138175,0.00122106,0.430403,-0.251244,0.197621,0.0875606,0.494023,-0.0531958,0.0522297
2709,0.138175,0.00122106,0.434066,0.0193888,0.0596898,0.130189,0.544983,0.112793,-0.112793
2721,0.138175,0.00122106,0.434066,0.102121,0.0897256,0.168403,0.451222,-0.0270934,0.0494647
2733,0.138175,0.00122106,0.434066,0.0564749,0.4592,0.0988956,0.412198,-0.0996837,0.10543
2745,0.138175,0.00122106,0.437729,-0.135566,0.313072,0.0677669,0.42883,-0.0960113,0.0936842
2757,0.138175,0.00122106,0.437729,-0.0619736,0.163631,0.111514,0.496898,0.0536611,-0.0563642
2769,0.138175,0.00122106,0.437729,0.0525489,0.0238086,0.154719,0.443995,0.0174297,-0.00611951
2781,0.138175,0.00122106,0.441392,0.131968,0.284065,0.122753,0.40987,-0.0600028,0.0619143
2793,0.138175,0.00122106,0.465201,-0.0448302,0.405198,0.0841079,0.336301,-0.112793,0.112793
2805,0.138175,0.00122106,0.465201,-0.0605743,0.342125,0.0985415,0.445368,-0.0300285,0.00588826
2817,0.138175,0.00122106,0.465201,0.0172479,0.156104,0.149497,0.416011,-0.00471118,0.00125507
2829,0.138175,0.00122106,0.467033,0.1466,0.190204,0.151479,0.417025,-0.0512019,0.0425442
2841,0.138175,0.00122106,0.467033,0.0563932,0.198129,0.123512,0.350784,-0.112793,0.112793
2853,0.138175,0.00122106,0.496337,-0.119096,0.122213,0.11971,0.469902,-0.0884463,0.0622081
2865,0.138175,0.00122106,0.523809,-0.0333096,-0.0213759,0.167227,0.446769,0.0486069,-0.0601876
2877,0.138175,0.00122106,0.523809,0.0774565,-0.0631147,0.206618,0.492711,-0.00578633,-0.00919434
2889,0.138175,0.00122106,0.554945,0.10166,0.22757,0.170992,0.40094,-0.0814108,0.0710471
2901,0.138175,-0.001221,0.584249,-0.153678,0.260147,0.126922,0.498149,-0.112793,0.0981229
2913,0.138175,-0.001221,0.584249,-0.0149029,0.173744,0.145546,0.581728,0.0570841,-0.07503
2925,0.138175,-0.001221,0.584249,0.232763,0.136972,0.201905,0.515237,-0.0255365,0.0257855
2937,0.138175,-0.001221,0.580586,0.0381068,0.411585,0.157096,0.492124,-0.112793,0.112793
2949,0.138175,-0.001221,0.580586,-0.141664,0.385526,0.116519,0.510611,-0.0913695,0.0765681
2961,0.138175,-0.001221,0.578755,0.00326006,0.236856,0.15633,0.601373,0.0411633,-0.055103
2973,0.138175,-0.001221,0.576923,0.220316,0.240142,0.203121,0.517529,-0.0417505,0.0477135
2985,0.138175,-0.001221,0.576923,0.111497,0.450438,0.156065,0.478203,-0.112793,0.112793
2997,0.138175,-0.001221,0.576923,-0.105704,0.389899,0.1328,0.501861,-0.112793,0.112793
3009,0.138175,-0.001221,0.602564,0.0498816,0.191459,0.173484,0.590496,0.0111576,-0.0307649
3021,0.138175,-0.001221,0.602564,0.188179,0.0770851,0.22793,0.48676,-0.0754949,0.0750555
3033,0.138175,-0.001221,0.604396,0.106511,0.221549,0.198455,0.50139,-0.112793,0.112793
3045,0.138175,-0.001221,0.635531,0.0223628,0.0933714,0.190656,0.47635,-0.112793,0.108496
3057,0.138175,-0.001221,0.635531,0.0300301,-0.130285,0.238074,0.598144,-0.0643127,0.034735
3069,0.138175,-0.001221,0.637363,0.190936,-0.260223,0.279374,0.486695,-0.0440789,0.0372772
3081,0.138175,-0.001221,0.661172,0.0471547,-0.283812,0.289582,0.525103,-0.112793,0.112793
3093,0.138175,-0.001221,0.661172,0.0479125,-0.341259,0.276569,0.509384,-0.0576706,0.0320843
3105,0.138175,-0.001221,0.661172,-0.012096,-0.479231,0.315894,0.600443,-0.0537135,0.0249065
3117,0.138175,0.00122106,0.664835,0.0619853,-0.471725,0.331769,0.571116,0.00415105,-0.0173484
3129,0.138175,0.00122106,0.664835,0.0959809,-0.373492,0.337936,0.585099,-0.0521526,0.0345373
3141,0.138175,0.00122106,0.668498,0.0959213,-0.215605,0.310768,0.506971,-0.0834011,0.0686275
3153,0.138175,0.00122106,0.692308,-0.0537005,-0.244372,0.302574,0.619561,-0.103681,0.0695932
3165,0.138175,0.00122106,0.692308,0.0472591,-0.366749,0.325131,0.664243,0.0140307,-0.0288664
3177,0.138175,0.00122106,0.717949,0.135516,-0.424971,0.355269,0.640251,-0.0460949,0.0362677
3189,0.138175,0.00122106,0.721612,0.0541333,-0.287677,0.323242,0.560728,-0.108005,0.0941526
3201,0.138175,0.00122106,0.721612,-0.0836264,-0.288518,0.30918,0.61157,-0.0676278,0.0374112
3213,0.138175,0.00122106,0.745421,0.0241732,-0.418179,0.345137,0.705949,0.0318133,-0.0590615
3225,0.138175,0.00122106,0.749084,0.143263,-0.38229,0.379131,0.684452,-0.0267767,0.0185146
3237,0.138175,0.00122106,0.749084,0.100056,-0.179483,0.333489,0.617437,-0.112793,0.107267
3249,0.138175,0.00122106,0.772894,-0.120071,-0.222926,0.30156,0.697953,-0.108829,0.0807384
3261,0.138175,0.00122106,0.776557,0.0354977,-0.377377,0.337605,0.730706,0.0577388,-0.0747199
3273,0.138175,0.00122106,0.776557,0.0482056,-0.497425,0.389633,0.759567,-0.0375212,0.0290188
3285,0.138175,0.00122106,0.776557,0.124188,-0.227136,0.352454,0.633369,-0.0386459,0.0356937
3297,0.138175,0.00122106,0.782051,-0.15802,-0.209775,0.323175,0.693148,-0.112793,0.096294
3309,0.138175,0.00122106,0.782051,0.0223565,-0.22685,0.334464,0.733418,0.079825,-0.0993271
3321,0.138175,0.00122106,0.804029,0.0482625,-0.302005,0.377266,0.757745,-0.0429637,0.0298889
3333,0.138175,0.00122106,0.805861,0.104951,-0.029934,0.324938,0.683261,-0.0566584,0.0482262
3345,0.138175,0.00122106,0.805861,-0.185889,-0.0413796,0.297429,0.708148,-0.112793,0.0993043
3357,0.138175,0.00122106,0.805861,-0.00616318,-0.141065,0.311744,0.76112,0.0868493,-0.108074
3369,0.138175,0.00122106,0.835165,0.0800088,-0.190145,0.365829,0.727022,-0.0284341,0.0144335
3381,0.138175,0.00122106,0.835165,0.0665193,0.0958803,0.312581,0.721244,-0.0926076,0.0733799
3393,0.138175,0.00122106,0.836996,-0.164558,0.117995,0.273003,0.718112,-0.102471,0.0822661
3405,0.138175,0.00122106,0.836996,-0.0513794,-0.0560638,0.301591,0.805938,0.0592251,-0.0837909
3417,0.138175,0.00122106,0.836996,0.117828,-0.14525,0.345316,0.733476,0.00101423,-0.00720951
3429,0.138175,0.00122106,0.842491,0.0266432,0.117898,0.306935,0.73645,-0.112793,0.101895
3441,0.138175,0.00122106,0.864469,-0.0899291,0.216569,0.259916,0.694417,-0.077327,0.0541572
3453,0.138175,0.00122106,0.864469,-0.103619,-0.0328888,0.296033,0.803938,-0.00429381,-0.0287033
3465,0.138175,0.00122106,0.864469,0.0213577,-0.046688,0.341528,0.745734,0.0329402,-0.045624
3477,0.138175,0.00122106,0.868132,0.0701331,0.113915,0.320567,0.773943,-0.062881,0.0403112
3489,0.138175,0.00122106,0.868132,-0.0335181,0.265731,0.279627,0.747437,-0.105141,0.0892337
3501,0.138175,0.00122106,0.893773,-0.0974615,0.136759,0.271091,0.837725,-0.0470193,0.019704
3513,0.138175,0.00122106,0.893773,0.0766091,0.0323873,0.314302,0.832209,0.0175178,-0.0287985
3525,0.138175,0.00122106,0.893773,0.0694991,0.112368,0.32443,0.834928,-0.0991073,0.0893642
3537,0.138175,0.00122106,0.895604,-0.0178481,0.172999,0.283206,0.775878,-0.101691,0.0922567
3549,0.138175,0.00122106,0.92674,-0.0392957,-0.0775225,0.291981,0.837439,-0.0509939,0.0227964
3561,0.138175,0.00122106,0.92674,-0.0119705,-0.238146,0.344901,0.874735,-0.0103099,-0.00703482
3573,0.138175,0.00122106,0.952381,0.0137463,-0.165207,0.356462,0.884535,-0.019962,0.00496151
3585,0.138175,0.00122106,0.981685,0.0209262,-0.0872859,0.347778,0.925745,-0.0468131,0.028692
3597,0.138175,0.00122106,0.981685,-0.0228811,-0.0606148,0.334522,0.884623,-0.0533714,0.0435416
3609,0.138175,0.00122106,0.983516,-0.0262465,-0.0800034,0.336359,0.913971,-0.0281355,0.0093406
3621,0.138175,0.00122106,1.00733,-0.0169677,-0.115226,0.351621,0.957722,-0.0238432,0.00601289
3633,0.138175,0.00122106,1.00733,-0.021819,-0.037042,0.342304,0.979105,-0.0245841,0.0152946
3645,0.138175,0.00122106,1.03297,-0.0393498,-0.0224031,0.333432,0.98828,-0.0271948,0.0172094
3657,0.138175,0.00122106,1.03297,0.00013406,-0.0183975,0.331084,0.992115,-0.0145134,0.00604197
3669,0.138175,0.00122106,1.03297,0.00035363,0.0432975,0.330466,1.01847,-0.0415796,0.0344945
3681,0.138175,-0.001221,1.03297,0.0246757,0.120037,0.325016,1.03256,-0.0444429,0.0426404
3693,0.138175,-0.001221,1.03663,-0.0167623,0.0533905,0.319932,1.00869,-0.0660798,0.0668963
3705,0.138175,-0.001221,1.03663,-0.00079869,-0.0249806,0.329256,0.964967,-0.0337121,0.0290386
3717,0.138175,-0.001221,1.06044,-0.0157469,-0.117803,0.346111,1.00311,-0.0457615,0.0280819
3729,0.138175,0.00122106,1.06227,-0.0180264,-0.110778,0.345998,1.01809,-0.0256107,0.0144738
3741,0.138175,0.00122106,1.06227,-0.00142213,-0.0626529,0.344994,0.978204,-0.0231453,0.014888
3753,0.138175,0.00122106,1.06227,-0.0378918,-0.0243337,0.349921,0.998917,-0.0423992,0.0268344
3765,0.138175,-0.001221,1.0641,0.0200666,0.0435901,0.346451,0.954019,-0.0191952,0.00681837
3777,0.138175,-0.001221,1.0641,0.0610433,0.0636879,0.343322,0.98347,-0.0689641,0.0490309
3789,0.138175,-0.001221,1.06593,0.00619405,0.0813467,0.324744,0.966151,-0.0960047,0.0821259
3801,0.138175,-0.001221,1.09707,-0.0490238,-0.0627633,0.319724,0.930134,-0.0623976,0.0382742
3813,0.138175,-0.001221,1.09707,0.0165581,-0.212555,0.362805,0.972139,-0.0152759,-0.0171314
3825,0.138175,-0.001221,1.0989,-0.0374679,-0.162055,0.379299,1.00181,-0.0485807,0.024661
3837,0.138175,-0.001221,1.10073,-0.017231,-0.0961427,0.365722,1.0272,-0.0142431,-0.00498557
3849,0.138175,-0.001221,1.10073,0.00960062,-0.101162,0.357352,1.04854,-0.0299119,0.0160822
3861,0.138175,-0.001221,1.1044,-0.00746952,-0.0284486,0.352274,1.06729,-0.0455426,0.035531
3873,0.138175,-0.001221,1.13004,-0.0344563,0.0386404,0.346069,1.07943,-0.039909,0.0284889
3885,0.138175,-0.001221,1.13004,-0.0371627,0.0270118,0.349832,1.11224,-0.0249847,0.0156569
3897,0.138175,-0.001221,1.13187,0.00630785,0.0296552,0.354689,1.052,-0.0195033,0.0160955
3909,0.138175,0.00122106,1.15751,-0.041608,0.0159986,0.345686,1.09272,-0.0584051,0.0391058
3921,0.138175,0.00122106,1.15751,-0.0221059,0.0437625,0.333173,1.09483,-0.0192683,0.00700946
3933,0.138175,0.00122106,1.15751,-0.0462732,0.0217554,0.340789,1.16397,-0.0336439,0.0221623
3945,0.138175,0.00122106,1.15751,0.0400421,0.117678,0.341462,1.12233,-0.00910885,0.0105588
3957,0.138175,0.00122106,1.15751,-0.037088,0.170388,0.34149,1.11417,-0.0809096,0.0759808
3969,0.138175,0.00122106,1.16117,-6.502e-05,0.15166,0.326775,1.11752,-0.0330163,0.0247083
3981,0.138175,0.00122106,1.16117,0.00874955,0.052357,0.341115,1.17109,-0.0553472,0.0481988
3993,0.138175,0.00122106,1.16117,-0.00571445,0.0319954,0.338264,1.13054,-0.0494274,0.0525242
4005,0.138175,-0.001221,1.18681,0.0348342,-0.00683654,0.347256,1.11643,-0.0441286,0.0341327
4017,0.138175,-0.001221,1.18864,-0.0121802,-0.0449223,0.3643,1.1368,-0.0714171,0.0589011
4029,0.138175,-0.001221,1.18864,-0.0105844,-0.0477892,0.366077,1.1185,-0.0353944,0.0259835
4041,0.138175,-0.001221,1.19231,0.00721276,-0.0786137,0.375692,1.12168,-0.0385706,0.0249345
4053,0.138175,-0.001221,1.21612,0.0148691,-0.0898779,0.378173,1.08358,-0.0512853,0.0338795
4065,0.138175,-0.001221,1.21612,-0.00158999,-0.0930588,0.373274,1.10853,-0.0596019,0.0349249
4077,0.138175,-0.001221,1.21612,-0.0183987,-0.114414,0.378286,1.11278,-0.045041,0.024904
4089,0.138175,-0.001221,1.24725,-0.00634424,-0.0684899,0.383777,1.1092,-0.0347411,0.00908132
4101,0.138175,-0.001221,1.24725,-0.0101477,-0.101686,0.385908,1.11767,-0.0477631,0.0217499
4113,0.138175,-0.001221,1.27289,-0.0395034,-0.0787744,0.377027,1.1517,-0.0442638,0.0147777
4125,0.138175,-0.001221,1.27473,0.00590292,-0.0670895,0.376575,1.14739,-0.0218389,-0.0018485
4137,0.138175,-0.001221,1.27473,0.0229859,-0.0508944,0.37383,1.18356,-0.0546164,0.0308622
4149,0.138175,-0.001221,1.27839,0.0269478,0.00797993,0.369669,1.2028,-0.0643538,0.0472024
4161,0.138175,-0.001221,1.30403,-0.0033442,-0.0232967,0.376593,1.20472,-0.0721796,0.0540162
4173,0.138175,-0.001221,1.30403,-0.00565383,-0.100154,0.378731,1.21124,-0.0491081,0.0307516
4185,0.138175,-0.001221,1.30952,-0.0365139,-0.176517,0.391513,1.22054,-0.0412667,0.0228533
4197,0.138175,-0.001221,1.33883,-0.00543686,-0.199327,0.397756,1.26993,-0.0167782,-0.0061956
4209,0.138175,-0.001221,1.33883,-0.027773,-0.186367,0.401406,1.24826,-0.0322121,0.0192388
4221,0.138175,-0.001221,1.34066,-0.0235837,-0.0847708,0.387216,1.26295,-0.0204586,0.00262527
4233,0.138175,-0.001221,1.34249,0.0238641,-0.0346535,0.394996,1.26509,-0.0291253,0.0141089
4245,0.138175,-0.001221,1.34249,-0.00647342,-0.0145845,0.383916,1.28297,-0.066664,0.0529894
4257,0.138175,-0.001221,1.34615,-0.0181746,-0.0234581,0.371936,1.2759,-0.04486,0.0334778
4269,0.138175,-0.001221,1.36996,0.00739328,-0.137391,0.380517,1.31786,-0.0378649,0.0202722
4281,0.138175,-0.001221,1.36996,0.0155272,-0.157196,0.394306,1.33279,-0.0429047,0.0335292
4293,0.138175,-0.001221,1.36996,-0.0140985,-0.168989,0.395414,1.35714,-0.0467871,0.0404018
4305,0.138175,-0.001221,1.39377,-0.0130465,-0.202131,0.39488,1.36622,-0.0253563,0.0185654
4317,0.138175,-0.001221,1.39377,0.00505083,-0.230786,0.409313,1.34687,-0.0224118,0.0172959
4329,0.138175,-0.001221,1.39377,-0.0133382,-0.213322,0.402687,1.37855,-0.0358568,0.0272403
4341,0.138175,-0.001221,1.39744,-0.0237395,-0.211276,0.396852,1.35439,-0.0212007,0.0177395
4353,0.138175,-0.001221,1.39744,-0.027819,-0.220201,0.399488,1.35556,-0.0159513,0.00764434
4365,0.138175,-0.001221,1.39927,-0.0393974,-0.167874,0.404812,1.36365,-0.0127098,0.00418863
4377,0.138175,-0.001221,1.4011,-0.0420853,-0.0896425,0.399463,1.36147,-0.0089259,0.00158969
4389,0.138175,-0.001221,1.4011,-0.016152,-0.0528846,0.386309,1.35742,-0.0132211,0.00563516
4401,0.138175,-0.001221,1.40476,-0.0367777,-0.0218846,0.372718,1.34026,-0.0336861,0.0251053
4413,0.138175,-0.001221,1.40476,-0.0510307,0.0235533,0.361553,1.35885,-0.0223161,0.0101453
4425,0.138175,-0.001221,1.40476,-0.043851,0.0362841,0.365157,1.35656,-0.0133107,0.0046108
4437,0.138175,-0.001221,1.42857,-0.0477247,0.0683018,0.359639,1.39706,-0.0222211,0.00863627
4449,0.138175,-0.003663,1.43223,-0.0282278,0.123002,0.358479,1.39107,-0.0183037,0.0118648
4461,0.138175,-0.003663,1.43223,-0.0357076,0.114435,0.350513,1.42589,-0.0367919,0.0296652
4473,0.138175,-0.003663,1.45971,-0.014608,0.153017,0.342821,1.41052,-0.0294172,0.0235487
4485,0.138175,-0.003663,1.45971,-0.0311379,0.0918107,0.339484,1.38607,-0.0479614,0.0395564
4497,0.138175,-0.003663,1.45971,-0.0510231,0.109916,0.340199,1.44006,-0.0335138,0.0199295
4509,0.138175,-0.003663,1.46337,-0.037872,0.0843252,0.354187,1.44734,-0.0164168,0.0122975
4521,0.138175,-0.003663,1.46703,-0.031635,0.0621562,0.354511,1.51334,-0.0244142,0.0211624
4533,0.138175,-0.003663,1.46703,-0.0157823,0.114729,0.341908,1.50244,-0.0205128,0.0300617
4545,0.138175,-0.003663,1.49267,0.00562981,0.121239,0.347692,1.50544,-0.0381626,0.0410258
4557,0.138175,-0.003663,1.49267,-0.054042,0.104631,0.338478,1.49582,-0.0537948,0.0576156
4569,0.138175,-0.003663,1.49267,-0.043367,0.0649334,0.347391,1.42194,-0.0111502,0.0120783
4581,0.138175,-0.003663,1.49267,-0.0335174,0.0307816,0.361418,1.47317,-0.0233114,0.0100308
4593,0.138175,-0.003663,1.49267,-0.0217828,0.0627064,0.359881,1.4457,-0.0236885,0.0204048
4605,0.138175,-0.003663,1.49267,-0.0142376,0.0684783,0.347686,1.49001,-0.036973,0.0286562
4617,0.138175,-0.003663,1.49267,-0.0169992,0.0735251,0.340087,1.4524,-0.0371803,0.0375441
4629,0.138175,-0.003663,1.49267,-0.010717,0.101892,0.350882,1.45031,-0.0386053,0.03165
4641,0.138175,-0.003663,1.49267,-0.00905037,0.126581,0.356756,1.46619,-0.0465504,0.0393969
4653,0.138175,-0.004884,1.49267,-0.00884055,0.0626558,0.356543,1.43157,-0.0488884,0.0449197
4665,0.138175,-0.004884,1.49267,-0.0365089,-0.0148051,0.349322,1.45644,-0.0470983,0.0362531
4677,0.138175,-0.004884,1.49267,0.0284186,-0.0171362,0.357101,1.41863,-0.0184223,0.0116993
4689,0.138175,-0.004884,1.49267,0.0368648,0.0224799,0.367437,1.46153,-0.0676138,0.0546397
4701,0.138175,-0.004884,1.49267,-0.0234315,0.0451647,0.357225,1.42921,-0.0735663,0.0691608
4713,0.138175,-0.004884,1.49267,-7.898e-05,0.0155728,0.365573,1.4009,-0.0358466,0.0242607
4725,0.138175,-0.004884,1.49267,-0.0382266,-0.160702,0.390709,1.45868,-0.0531333,0.0363829
4737,0.138175,-0.004884,1.49267,-0.00914231,-0.151136,0.393449,1.42531,-0.00897867,0.00232914
4749,0.138175,-0.004884,1.49267,0.00518115,-0.15367,0.387934,1.44009,-0.0334165,0.0208184
4761,0.138175,-0.004884,1.49267,-0.0351935,-0.0937892,0.383864,1.42636,-0.0411515,0.0316227
4773,0.138175,-0.004884,1.49267,-0.0174297,-0.0593901,0.38381,1.4402,-0.0190858,0.00641451
4785,0.138175,-0.004884,1.49267,-0.0117479,-0.0184992,0.386929,1.44855,-0.0328758,0.0232663
4797,0.138175,-0.00610501,1.49267,-0.00166022,0.00475727,0.378739,1.45712,-0.0397974,0.0320222
4809,0.138175,-0.00610501,1.49267,0.0157583,-0.0308653,0.374025,1.46638,-0.0470742,0.0411692
4821,0.138175,-0.00610501,1.49267,-0.0283316,-0.100626,0.370049,1.48206,-0.0548322,0.0508861
4833,0.138175,-0.00610501,1.49267,0.0325816,-0.0755259,0.374607,1.41802,-0.0166319,0.0147949
4845,0.138175,-0.00610501,1.49267,-0.0383475,-0.0887852,0.389549,1.4468,-0.0675498,0.0543955
4857,0.138175,-0.00610501,1.49267,0.00528388,-0.0950064,0.390423,1.41331,-0.0159984,0.00725758
4869,0.138175,-0.00610501,1.49267,-0.0194487,-0.173155,0.395096,1.42718,-0.0490346,0.0345061
4881,0.138175,-0.00610501,1.49267,0.0139283,-0.138998,0.387071,1.42129,-0.0245589,0.0120969
4893,0.138175,-0.00610501,1.49267,-0.00505598,-0.159659,0.392786,1.45892,-0.0502824,0.0373037
4905,0.138175,-0.004884,1.49267,-0.00331009,-0.1225,0.39431,1.46268,-0.032209,0.0261486
4917,0.138175,-0.004884,1.49267,0.0179194,-0.118027,0.392641,1.38063,-0.0362698,0.0310765
4929,0.138175,-0.004884,1.49267,-0.0101114,-0.09718,0.393572,1.42109,-0.0591554,0.0384481
4941,0.138175,-0.00610501,1.49267,-0.0163377,-0.125116,0.39011,1.36838,-0.0377455,0.0244726
4953,0.138175,-0.004884,1.49267,-0.020535,-0.186421,0.39341,1.38588,-0.0357981,0.0121415
4965,0.138175,-0.004884,1.49267,0.00223993,-0.156177,0.395055,1.35642,-0.0264448,0.0059351
4977,0.138175,-0.004884,1.49267,-0.011098,-0.124778,0.394784,1.38456,-0.0477368,0.021989
4989,0.138175,-0.004884,1.49267,-0.0284713,-0.0525492,0.381688,1.38249,-0.038334,0.0179018
5001,0.138175,-0.004884,1.49267,-0.0455989,-0.0707141,0.378962,1.38739,-0.0312025,0.0102715
5013,0.138175,-0.004884,1.49267,-0.0158225,-0.0981299,0.380195,1.43238,-0.0171026,-0.00321701
5025,0.138175,-0.004884,1.49267,0.00147995,-0.0585945,0.371247,1.4332,-0.0311975,0.0199815
5037,0.138175,-0.004884,1.49267,-0.0352207,0.0320137,0.358217,1.46216,-0.0454938,0.0348129
5049,0.138175,-0.00610501,1.49267,-0.0182676,0.0393623,0.355436,1.44319,-0.0236084,0.0181694
5061,0.138175,-0.00610501,1.49267,-0.0159398,0.0272785,0.365149,1.47813,-0.037528,0.0287099
5073,0.138175,-0.00610501,1.49267,-0.0196444,0.0612077,0.358444,1.43399,-0.0356859,0.0336483
5085,0.138175,-0.00610501,1.49267,-0.0453746,-0.0354201,0.352396,1.42213,-0.0395665,0.0290169
5097,0.138175,-0.004884,1.49267,-0.00767874,-0.0312796,0.352716,1.43417,-0.0142156,0.00066273
5109,0.138175,-0.004884,1.49267,-0.0277683,-0.0357622,0.358349,1.4286,-0.0395166,0.0289134
5121,0.138175,-0.004884,1.49267,-0.0202216,0.0435048,0.350427,1.44262,-0.0263256,0.0143207
5133,0.138175,-0.004884,1.49267,-0.0265862,0.00835223,0.347748,1.44326,-0.0359679,0.0270066
5145,0.138175,-0.004884,1.49267,0.00731666,0.0388898,0.351404,1.46494,-0.0283344,0.0192869
5157,0.138175,-0.004884,1.49267,-0.0203435,0.00836031,0.347746,1.51126,-0.0525759,0.0483661
5169,0.138175,-0.004884,1.49267,-0.0117208,-0.0355995,0.339085,1.49129,-0.0260433,0.0302465
5181,0.138175,-0.004884,1.49267,-0.0393866,-0.0827563,0.352755,1.48942,-0.0294823,0.0298173
5193,0.138175,-0.004884,1.49267,-0.012436,-0.0598815,0.361169,1.51396,-0.00794114,0.00736008
5205,0.138175,-0.004884,1.49267,-0.0151068,-0.0899423,0.36286,1.47565,-0.0269199,0.0316053
5217,0.138175,-0.004884,1.49267,-0.0237408,-0.0255287,0.3505,1.47624,-0.0264775,0.0236275
5229,0.138175,-0.004884,1.49267,-0.0182394,-0.0756578,0.348661,1.43649,-0.0245646,0.0218488
5241,0.138175,-0.004884,1.49267,-0.0543441,-0.0384577,0.352827,1.48039,-0.0279186,0.0174567
5253,0.138175,-0.004884,1.49267,-0.0337233,-0.00991377,0.347026,1.42795,-0.00213024,-0.00030926
5265,0.138175,-0.004884,1.49267,-0.0467707,0.0171694,0.346423,1.44318,-0.0233025,0.0111253
5277,0.138175,-0.004884,1.49267,-0.0408891,0.068812,0.333083,1.4752,-0.0149668,0.00560173
5289,0.138175,-0.004884,1.49267,-0.0229152,0.0793606,0.322572,1.4877,-0.0188969,0.0159382
5301,0.138175,-0.004884,1.49267,-0.0316507,0.160616,0.312152,1.50037,-0.0299763,0.0297332
5313,0.138175,-0.00610501,1.49267,-0.0198089,0.17359,0.308468,1.48633,-0.0285169,0.0307972
5325,0.138175,-0.00610501,1.49267,-0.0276215,0.166425,0.319224,1.50995,-0.0387945,0.038582
5337,0.138175,-0.00610501,1.49267,-0.0292279,0.166086,0.31456,1.51316,-0.0315413,0.0357715
5349,0.138175,-0.00610501,1.49267,0.00366513,0.121867,0.31318,1.46897,-0.0296356,0.0344503
5361,0.138175,-0.00610501,1.49267,-0.0358405,0.0795888,0.311959,1.47271,-0.0529194,0.049589
5373,0.138175,-0.004884,1.49267,-0.0341282,0.0500407,0.313698,1.446,-0.0214733,0.0181012
5385,0.138175,-0.00610501,1.49267,-0.0538474,0.0775289,0.331067,1.49676,-0.0231027,0.014514
5397,0.138175,-0.00610501,1.49267,-0.00106119,0.102255,0.33362,1.47834,-0.00847105,0.00949648
5409,0.138175,-0.00610501,1.49267,-0.0231301,0.125298,0.327409,1.48406,-0.0490999,0.0474928
5421,0.138175,-0.00610501,1.49267,-0.00170208,0.124179,0.315349,1.462,-0.0345654,0.0337606
5433,0.138175,-0.00610501,1.49267,-0.0426769,0.0470529,0.31945,1.50936,-0.0502829,0.0455295
5445,0.138175,-0.00610501,1.49267,-0.019566,0.0782064,0.319815,1.47463,-0.011334,0.014862
5457,0.138175,-0.00610501,1.49267,-0.0174045,0.09803,0.334624,1.48769,-0.0333217,0.0305985
5469,0.138175,-0.00610501,1.49267,-0.00421982,0.0824947,0.332781,1.47949,-0.036624,0.0365502
5481,0.138175,-0.00610501,1.49267,0.0400377,0.0928559,0.334903,1.5087,-0.0450867,0.0435926
5493,0.138175,-0.00610501,1.49267,-0.0263211,-0.00586111,0.323401,1.50159,-0.07395,0.0788528
5505,0.138175,-0.00610501,1.49267,-0.00502203,-0.0246635,0.325957,1.43116,-0.0194249,0.0215708
5517,0.138175,-0.00610501,1.49267,-0.0346816,-0.108999,0.356741,1.46797,-0.0397153,0.0285378
5529,0.138175,-0.004884,1.49267,-0.0336176,-0.0750238,0.363339,1.45848,-0.0115034,0.00678358
5541,0.138175,-0.004884,1.49267,-0.0575019,-0.0789198,0.361041,1.45661,-0.0166108,0.0101856
5553,0.138175,-0.004884,1.49267,-0.0302028,-0.0267472,0.352393,1.47666,0.00028832,-0.00747764
5565,0.138175,-0.004884,1.49267,0.0177248,0.11354,0.350442,1.44509,-0.0201333,0.0173942
5577,0.138175,-0.004884,1.49267,0.00507674,0.245866,0.329958,1.43134,-0.0677875,0.0601201
5589,0.138175,-0.004884,1.49267,-0.0428025,0.252672,0.306541,1.40003,-0.0693121,0.0591206
5601,0.138175,-0.004884,1.49267,-0.00527237,0.18846,0.320894,1.41367,-0.0374968,0.0204468
5613,0.138175,-0.004884,1.49267,-0.015354,0.0231326,0.344199,1.47118,-0.0582425,0.0442808
5625,0.138175,-0.003663,1.49267,-0.00234423,-0.03715,0.34362,1.45971,-0.0341532,0.0307195
5637,0.138175,-0.003663,1.49267,-0.0243786,-0.0529696,0.348406,1.47393,-0.0392385,0.0336223
5649,0.138175,-0.003663,1.49267,-0.0105571,-0.058403,0.353305,1.4993,-0.0217578,0.0184997
5661,0.138175,-0.001221,1.49267,0.0011961,-0.00339765,0.360822,1.51751,-0.0286502,0.0305093
5673,0.138175,-0.001221,1.49267,0.0192779,-0.00240583,0.355577,1.48067,-0.0402905,0.0460372
5685,0.138175,-0.001221,1.49267,-0.00077855,-0.014668,0.351333,1.48232,-0.0559656,0.0548709
5697,0.138175,0.00122106,1.49267,0.0187561,-0.0998126,0.354137,1.46446,-0.0402566,0.0391074
5709,0.138175,0.00122106,1.49267,0.00063966,-0.165404,0.369741,1.50784,-0.048755,0.0442287
5721,0.138175,0.00122106,1.49267,0.00349358,-0.15269,0.371388,1.46835,-0.0280892,0.0315017
5733,0.138175,0.00122106,1.49267,-0.0253369,-0.179766,0.381286,1.46694,-0.0351154,0.0309795
5745,0.138175,0.00122106,1.49267,-0.00300099,-0.183863,0.386954,1.46595,-0.0140164,0.00908397
5757,0.138175,0.00122106,1.49267,-0.0344784,-0.176646,0.380202,1.47836,-0.0297891,0.0250257
5769,0.138175,0.00122106,1.49267,-0.0154456,-0.0854958,0.365868,1.46949,-0.00672942,0.00386391
5781,0.138175,0.00122106,1.49267,-0.0375457,-0.0451943,0.368929,1.49609,-0.0269086,0.0228685
5793,0.138175,0.00122106,1.49267,-0.037786,0.0424222,0.366308,1.50401,-0.0126476,0.0135177
5805,0.138175,0.00122106,1.49267,-0.0271845,0.108845,0.356075,1.48767,-0.0186969,0.0213401
5817,0.138175,0.00122106,1.49267,-0.0167257,0.160185,0.34802,1.48358,-0.0321202,0.0319456
5829,0.138175,0.00122106,1.49267,-0.0283431,0.205767,0.33555,1.46575,-0.0432184,0.0425543
5841,0.138175,0.00122106,1.49267,0.00055988,0.207226,0.332321,1.41951,-0.0394647,0.0352696
5853,0.138175,0.00122106,1.49267,0.00081515,0.229342,0.334009,1.37968,-0.06378,0.0511072
5865,0.138175,0.00122106,1.49267,0.00775957,0.173504,0.33574,1.34066,-0.0698216,0.0495185
5877,0.138175,0.00122106,1.49267,0.00711247,0.121828,0.342442,1.38184,-0.0739783,0.0460857
5889,0.138175,0.00122106,1.49267,0.017995,0.0316517,0.351522,1.3719,-0.0659068,0.0458307
5901,0.138175,0.00122106,1.49267,0.00795014,-0.0326298,0.360586,1.41855,-0.0678384,0.0457758
5913,0.138175,0.00122106,1.49267,0.0597406,-0.0767201,0.371194,1.3952,-0.0519154,0.0385456
5925,0.138175,-0.001221,1.49267,0.0353276,-0.130296,0.385722,1.45282,-0.0876679,0.070519
5937,0.138175,-0.001221,1.49267,0.0265045,-0.16631,0.388972,1.42202,-0.0621457,0.055621
5949,0.138175,-0.001221,1.49267,0.0297919,-0.284304,0.402574,1.43663,-0.0563726,0.0436522
5961,0.138175,-0.001221,1.49267,0.02131,-0.353982,0.424529,1.45956,-0.0487993,0.0386449
5973,0.138175,-0.001221,1.49267,0.0151228,-0.39029,0.43174,1.46094,-0.0370709,0.0310603
5985,0.138175,-0.001221,1.49267,0.0309107,-0.394825,0.432724,1.43841,-0.030354,0.0244194
5997,0.138175,-0.001221,1.49267,0.00569082,-0.416392,0.437063,1.46834,-0.0431964,0.0331496
6009,0.138175,-0.001221,1.49267,0.00381439,-0.389527,0.437792,1.47477,-0.0214644,0.0167441
6021,0.138175,-0.001221,1.49267,-0.00944255,-0.419041,0.436871,1.44782,-0.0218299,0.0184029
6033,0.138175,-0.003663,1.49267,0.0181627,-0.360421,0.436021,1.45293,-0.0129814,0.00404744
6045,0.138175,-0.003663,1.49267,-0.0218431,-0.364215,0.433737,1.48554,-0.0363579,0.0290252
6057,0.138175,-0.003663,1.49267,-0.0179554,-0.287507,0.419643,1.43166,-0.00495408,0.00326362
6069,0.138175,-0.003663,1.49267,0.00375203,-0.296266,0.423619,1.43735,-0.0178545,0.00600113
6081,0.138175,-0.003663,1.49267,0.0141443,-0.228163,0.411538,1.45705,-0.0319927,0.021573
6093,0.138175,-0.004884,1.49267,-0.0400214,-0.215942,0.396497,1.43424,-0.0418446,0.0355754
6105,0.138175,-0.004884,1.49267,-0.00886557,-0.226354,0.395029,1.46483,-0.00611083,-0.00544127
6117,0.138175,-0.004884,1.49267,-0.00908487,-0.234528,0.398399,1.43604,-0.0237036,0.0185369
6129,0.138175,-0.004884,1.49267,-0.051908,-0.154253,0.389901,1.44392,-0.0260037,0.0152498
6141,0.138175,-0.004884,1.49267,-0.032815,-0.148306,0.383681,1.38886,-0.00139669,-0.00831208
6153,0.138175,-0.004884,1.49267,-0.0374042,-0.151471,0.380793,1.48048,-0.0198572,-0.00018479
6165,0.138175,-0.004884,1.49267,-0.0393013,-0.0524636,0.36772,1.44273,-0.00722779,0.00481208
6177,0.138175,-0.004884,1.49267,-0.046922,-0.010324,0.354309,1.4748,-0.0164971,0.00700865
6189,0.138175,-0.004884,1.49267,-0.0370078,0.0394949,0.34879,1.45706,-0.0102814,0.00696455
6201,0.138175,-0.004884,1.49267,-0.0381632,0.0738124,0.336119,1.50773,-0.0224507,0.0159967
6213,0.138175,-0.004884,1.49267,-0.0244682,0.129503,0.328385,1.47428,-0.0183285,0.0217251
6225,0.138175,-0.004884,1.49267,-0.0254506,0.129341,0.314429,1.47106,-0.0349132,0.0322083
6237,0.138175,-0.004884,1.49267,-0.0576312,0.118604,0.312266,1.46169,-0.0331778,0.0298038
6249,0.138175,-0.004884,1.49267,-0.0312183,0.0860742,0.315099,1.47532,-0.0107123,0.0049697
6261,0.138175,-0.004884,1.49267,-0.045391,0.100261,0.318848,1.50784,-0.025261,0.0224926
6273,0.138175,-0.004884,1.49267,-0.0283586,0.118571,0.312269,1.46974,-0.0138215,0.0171629
6285,0.138175,-0.004884,1.49267,-0.0600774,0.105806,0.307964,1.4975,-0.0301935,0.0264809
6297,0.138175,-0.004884,1.49267,0.00486401,0.152672,0.302885,1.48793,-0.00406087,0.00515698
6309,0.138175,-0.004884,1.49267,-0.0630078,0.121269,0.302492,1.4963,-0.0533323,0.0537524
6321,0.138175,-0.00610501,1.49267,-0.0670975,0.206069,0.291012,1.47814,-0.00301333,0.00386606
6333,0.138175,-0.00610501,1.49267,-0.0188487,0.135837,0.297593,1.5218,-0.0078395,0.00533603
6345,0.138175,-0.00610501,1.49267,-0.00134596,0.166925,0.300648,1.52387,-0.0318345,0.0383637
6357,0.138175,-0.00610501,1.49267,-0.0420025,0.210357,0.28136,1.54622,-0.0466169,0.0539246
6369,0.138175,-0.00610501,1.49267,0.010457,0.138028,0.278496,1.51392,-0.0180099,0.0290681
6381,0.138175,-0.00610501,1.49267,-0.0157589,0.147138,0.292491,1.47824,-0.0512174,0.0566614
6393,0.138175,-0.00610501,1.49267,-0.0381348,0.0992764,0.288191,1.48761,-0.0386479,0.0368267
6405,0.138175,-0.00610501,1.49267,-0.0253795,0.0177239,0.295255,1.46742,-0.0178729,0.0173539
6417,0.138175,-0.00610501,1.49267,-0.0415857,0.0265569,0.301928,1.49441,-0.022615,0.0181776
6429,0.138175,-0.00610501,1.49267,-0.0186095,0.0709126,0.292007,1.44823,-0.0101481,0.0107067
6441,0.138175,-0.00610501,1.49267,0.00976895,0.141325,0.292056,1.4288,-0.0332478,0.0253561
6453,0.138175,-0.00610501,1.49267,-0.00525758,0.232858,0.288399,1.41908,-0.060608,0.0496208
6465,0.138175,-0.00610501,1.49267,0.00335003,0.189143,0.271758,1.44657,-0.0583579,0.0455045
6477,0.138175,-0.00610501,1.49267,0.00703814,0.092742,0.274395,1.38672,-0.0564154,0.0488558
6489,0.138175,-0.00610501,1.49267,-0.00136251,0.0343948,0.28657,1.36775,-0.0570801,0.0377346
6501,0.138175,-0.00610501,1.49267,-0.0276522,-0.0219362,0.296889,1.47866,-0.0494702,0.0261782
6513,0.138175,-0.00610501,1.49267,0.0266718,-0.0386354,0.311566,1.45824,-0.0168302,0.0144183
6525,0.138175,-0.004884,1.49267,-0.0202128,-0.0366487,0.313733,1.47142,-0.0563536,0.0508521
6537,0.138175,-0.004884,1.49267,0.00843109,-0.0542439,0.302427,1.4575,-0.0229867,0.0192853
6549,0.138175,-0.004884,1.49267,-0.0174228,-0.0380713,0.31361,1.48997,-0.0416197,0.0356155
6561,0.138175,-0.004884,1.49267,-0.0185035,-0.0108515,0.310377,1.49465,-0.0229847,0.0229113
6573,0.138175,-0.004884,1.49267,-0.0123863,0.00802483,0.311136,1.47219,-0.0237159,0.0246028
6585,0.138175,-0.004884,1.49267,0.0132544,-0.0129158,0.307562,1.46135,-0.0317695,0.028467
6597,0.138175,-0.004884,1.49267,-0.00658618,0.0309242,0.304265,1.46629,-0.0484981,0.0434466
6609,0.138175,-0.00610501,1.49267,-0.0435882,0.0229004,0.295003,1.50233,-0.0377023,0.0334069
6621,0.138175,-0.00610501,1.49267,0.0427484,0.00742127,0.299117,1.45321,-0.0070163,0.00904995
6633,0.138175,-0.00610501,1.49267,-0.0140867,0.0484511,0.30293,1.49597,-0.0706886,0.0645832
6645,0.138175,-0.00610501,1.49267,-0.00297154,0.0560195,0.292206,1.45338,-0.0309416,0.0323115
6657,0.138175,-0.00610501,1.49267,-0.00584441,-0.0360968,0.305117,1.47808,-0.0423625,0.0356767
6669,0.138175,-0.00610501,1.49267,-0.0309394,-0.0269264,0.303179,1.48311,-0.0316136,0.0294195
6681,0.138175,-0.00610501,1.49267,0.0113591,-0.0290707,0.308322,1.46987,-0.0143199,0.0127148
6693,0.138175,-0.00610501,1.49267,-0.00952699,0.0198549,0.314712,1.4886,-0.0452146,0.041738
6705,0.138175,-0.00610501,1.49267,-0.00360027,0.0286362,0.305414,1.44367,-0.0335961,0.0335582
6717,0.138175,-0.00610501,1.49267,-0.0164014,0.0357455,0.303954,1.47042,-0.0418917,0.0332671
6729,0.138175,-0.00610501,1.49267,0.0107396,0.0606592,0.304514,1.45294,-0.030873,0.0272314
6741,0.138175,-0.00610501,1.49267,-0.0140617,0.0471683,0.305495,1.42463,-0.0534773,0.0469666
6753,0.138175,-0.00610501,1.49267,-0.0369738,0.0626023,0.298019,1.45369,-0.0380398,0.0256177
6765,0.138175,-0.00610501,1.49267,0.0217862,0.0628369,0.302681,1.44932,-0.0198995,0.0127557
6777,0.138175,-0.00610501,1.49267,0.0045112,0.0958026,0.304541,1.42432,-0.0614794,0.0544495
6789,0.138175,-0.00610501,1.49267,-0.00038411,0.0999148,0.292224,1.44532,-0.054855,0.0428109
6801,0.138175,-0.00610501,1.49267,0.0226158,0.0525115,0.300563,1.45954,-0.0485671,0.0404902
6813,0.138175,-0.00610501,1.49267,-0.0194065,0.0291853,0.306782,1.46581,-0.0600005,0.0549269
6825,0.138175,-0.00610501,1.49267,0.0220802,-0.0374522,0.310345,1.43512,-0.0289731,0.0243791
6837,0.138175,-0.00610501,1.49267,0.0089179,-0.0562867,0.324864,1.49267,-0.055521,0.0454778
6849,0.138175,-0.00610501,1.49267,0.0339933,-0.0588373,0.323355,1.48723,-0.0406651,0.0415137
6861,0.138175,-0.00610501,1.49267,0.0462681,-0.0846339,0.32138,1.49558,-0.0581978,0.058389
6873,0.138175,-0.00610501,1.49267,0.0365349,-0.108281,0.324898,1.43214,-0.0635607,0.0654862
6885,0.138175,-0.00610501,1.49267,-0.0160145,-0.16096,0.33618,1.43083,-0.0613793,0.05082
6897,0.138175,-0.00610501,1.49267,-0.0199618,-0.260402,0.354512,1.44765,-0.0218671,0.0100775
6909,0.138175,-0.00610501,1.49267,-0.0141026,-0.331933,0.365687,1.45235,-0.0110627,0.00221248
6921,0.138175,-0.004884,1.49267,0.0189365,-0.262504,0.361024,1.48069,-0.00971832,0.00168635
6933,0.138175,-0.004884,1.49267,0.00156006,-0.189001,0.353985,1.46915,-0.0351198,0.0332938
6945,0.138175,-0.004884,1.49267,0.0141534,-0.108111,0.340212,1.46038,-0.0296017,0.0254601
6957,0.138175,-0.004884,1.49267,-0.0209083,-0.100772,0.341427,1.45269,-0.0445199,0.0390899
6969,0.138175,-0.003663,1.49267,0.0145536,-0.0964855,0.341758,1.45803,-0.0215989,0.0141365
6981,0.138175,-0.003663,1.49267,-0.029748,-0.156255,0.343852,1.49048,-0.0460173,0.0401743
6993,0.138175,-0.004884,1.49267,0.00136474,-0.159644,0.33097,1.47004,-0.00757371,0.00712226
7005,0.138175,-0.004884,1.49267,0.00062795,-0.138297,0.335239,1.47354,-0.0295711,0.0256332
7017,0.138175,-0.004884,1.49267,0.0287796,-0.0504281,0.335302,1.48354,-0.0308991,0.0276967
7029,0.138175,-0.004884,1.49267,-0.0283092,-0.0451563,0.333032,1.47488,-0.0566832,0.0561241
7041,0.138175,-0.004884,1.49267,-0.00196898,-0.0835976,0.327453,1.48735,-0.0182159,0.0150693
7053,0.138175,-0.004884,1.49267,0.00575886,-0.164631,0.338542,1.44466,-0.0315211,0.0310894
7065,0.138175,-0.004884,1.49267,-0.0173742,-0.131102,0.335137,1.50511,-0.0354042,0.0266328
7077,0.138175,-0.004884,1.49267,-0.016088,-0.14366,0.330837,1.4279,-0.0159492,0.018582
7089,0.138175,-0.004884,1.49267,-0.0389875,-0.06553,0.332147,1.49409,-0.0228937,0.0105716
7101,0.138175,-0.004884,1.49267,0.0136497,-0.0341409,0.33385,1.43216,-0.00718515,0.00752013
7113,0.138175,-0.004884,1.49267,-0.0321463,0.00211382,0.325327,1.4946,-0.0524099,0.0417149
7125,0.138175,-0.004884,1.49267,-0.0304843,0.0207236,0.314781,1.43831,-0.0167987,0.0175241
7137,0.138175,-0.004884,1.49267,-0.0535316,-0.026866,0.313801,1.50725,-0.0239377,0.0138358
7149,0.138175,-0.004884,1.49267,0.00305167,0.0171887,0.315176,1.47572,0.00275088,-3.434e-05
7161,0.138175,-0.004884,1.49267,-0.0267437,0.0827027,0.311522,1.50936,-0.0432635,0.0409292
7173,0.138175,-0.004884,1.49267,-0.00911445,0.189423,0.301716,1.43762,-0.0244219,0.0282919
7185,0.138175,-0.004884,1.49267,-0.0182975,0.112766,0.292547,1.41091,-0.0514701,0.04204
7197,0.138175,-0.004884,1.49267,-0.0184421,0.095477,0.287902,1.43612,-0.0404861,0.0255008
7209,0.138175,-0.004884,1.49267,0.00577361,0.0445382,0.302619,1.39074,-0.0360544,0.0258823
7221,0.138175,-0.003663,1.49267,-0.0239879,0.049864,0.308351,1.47705,-0.0543345,0.0356615
7233,0.138175,-0.003663,1.49267,-0.00626315,0.0231801,0.302986,1.47922,-0.0263325,0.0238947
7245,0.138175,-0.004884,1.49267,-0.0104955,0.00435662,0.314191,1.52209,-0.0357853,0.0339686
7257,0.138175,-0.003663,1.49267,0.0126886,0.0304663,0.31685,1.51632,-0.0281005,0.034471
7269,0.138175,-0.003663,1.49267,-0.0100906,-0.0032807,0.311612,1.51963,-0.0471281,0.0528397
7281,0.138175,-0.003663,1.49267,-0.0636546,-0.00786676,0.310609,1.52358,-0.0277382,0.0336128
7293,0.138175,-0.004884,1.49267,-0.0062242,-0.0446684,0.325069,1.48775,0.0100885,-0.00432834
7305,0.138175,-0.004884,1.49267,-0.00608069,-0.0250787,0.332558,1.54276,-0.0315218,0.0312049
7317,0.138175,-0.004884,1.49267,0.0238578,0.0905023,0.309486,1.42198,-0.0286164,0.0390128
7329,0.138175,-0.004884,1.49267,-0.0584265,0.0844011,0.29503,1.47812,-0.0684006,0.0562096
7341,0.138175,-0.004884,1.49267,0.0128157,0.0675591,0.304371,1.41724,-0.00406395,0.00135009
7353,0.138175,-0.004884,1.49267,0.0130901,0.0183649,0.321904,1.42934,-0.0588244,0.0454607
7365,0.138175,-0.004884,1.49267,-0.0278006,0.0746694,0.307601,1.48397,-0.0554747,0.0443519
7377,0.138175,-0.004884,1.49267,-0.0028108,-0.0124575,0.304921,1.43834,-0.0251151,0.0240265
7389,0.138175,-0.004884,1.49267,-0.0520029,-0.0296591,0.317585,1.51512,-0.0393944,0.0296302
7401,0.138175,-0.004884,1.49267,0.0281527,0.0332275,0.3237,1.41932,0.00232156,0.0019422
7413,0.138175,-0.004884,1.49267,0.00341983,0.111468,0.325015,1.46548,-0.06828,0.0555102
7425,0.138175,-0.004884,1.49267,0.00160273,0.186797,0.29821,1.36043,-0.0532603,0.049244
7437,0.138175,-0.004884,1.49267,-0.0489389,0.125667,0.298164,1.40528,-0.0658399,0.0416415
7449,0.138175,-0.004884,1.49267,0.0284858,0.0145439,0.31428,1.40775,-0.0214302,0.00491142
7461,0.138175,-0.004884,1.49267,0.00626665,0.00113132,0.326582,1.36029,-0.0671778,0.0521012
7473,0.138175,-0.004884,1.49267,-0.0294782,0.0146212,0.316323,1.4165,-0.0564967,0.031871
7485,0.138175,-0.004884,1.49267,0.0154701,-0.024274,0.319972,1.43714,-0.0264007,0.0120839
7497,0.138175,-0.004884,1.49267,-0.0194968,-0.0659577,0.332761,1.51951,-0.052653,0.0429502
7509,0.138175,-0.004884,1.49267,0.00645145,0.0253028,0.329762,1.51601,-0.0182311,0.0237971
7521,0.138175,-0.004884,1.49267,-0.00786461,-0.00527229,0.336722,1.5115,-0.0437867,0.0493511
7533,0.138175,-0.003663,1.49267,0.00188646,0.00457554,0.333515,1.51597,-0.0323442,0.0367299
7545,0.138175,-0.003663,1.49267,-0.00911175,-0.0253422,0.337854,1.51418,-0.039163,0.0445919
7557,0.138175,-0.003663,1.49267,-0.0168854,-0.0317641,0.336058,1.53142,-0.0296712,0.0345004
7569,0.138175,-0.003663,1.49267,0.0121052,-0.0438066,0.337126,1.42849,-0.0219078,0.0299221
7581,0.138175,-0.001221,1.49267,-0.0284291,0.0072939,0.337701,1.48775,-0.0508615,0.0394025
7593,0.138175,-0.001221,1.49267,0.00604914,0.0167268,0.342387,1.42476,-0.021313,0.0208061
7605,0.138175,-0.001221,1.49267,-0.0186519,0.0111594,0.347302,1.52389,-0.0525435,0.0404523
7617,0.138175,-0.001221,1.49267,0.0164269,-0.0035726,0.3362,1.41802,-0.025819,0.0324902
7629,0.138175,-0.001221,1.49267,-0.0347211,-0.0213818,0.342818,1.5084,-0.0581064,0.0448069
7641,0.138175,-0.001221,1.49267,0.00329182,0.0113676,0.347308,1.44948,-0.0130754,0.0163892
7653,0.138175,-0.001221,1.49267,-0.0404876,0.00679869,0.355598,1.50759,-0.048266,0.0409043
7665,0.138175,-0.001221,1.49267,0.0240867,0.0620066,0.345858,1.45707,-0.0127317,0.0159034
7677,0.138175,-0.001221,1.49267,-0.0109334,0.0476882,0.348743,1.46297,-0.0659683,0.0605535
7689,0.138175,-0.001221,1.49267,-0.00890631,0.0989968,0.338711,1.47577,-0.0402459,0.0353703
7701,0.138175,-0.001221,1.49267,-0.0105755,0.055988,0.347367,1.43921,-0.0436698,0.0414289
7713,0.138175,-0.001221,1.49267,0.00917037,0.053698,0.353201,1.46922,-0.0433563,0.0339137
7725,0.138175,-0.001221,1.49267,0.0177662,0.0651538,0.35673,1.42047,-0.0544857,0.0511716
7737,0.138175,-0.001221,1.49267,-0.022427,0.0342782,0.354387,1.46597,-0.0664675,0.0539059
7749,0.138175,-0.001221,1.49267,0.0210703,0.0243932,0.354292,1.41737,-0.0314367,0.0269288
7761,0.138175,-0.001221,1.49267,0.012054,-0.042912,0.37176,1.462,-0.0654518,0.0522214
7773,0.138175,-0.001221,1.49267,0.0308794,-0.0120443,0.373465,1.42899,-0.0510041,0.0461007
7785,0.138175,-0.001221,1.49267,0.00611837,-0.0668153,0.37461,1.42217,-0.069964,0.059075
7797,0.138175,-0.001221,1.49267,0.0164483,-0.113879,0.380992,1.42046,-0.0490697,0.0363062
7809,0.138175,-0.001221,1.49267,0.0161123,-0.186477,0.396064,1.41654,-0.0531189,0.0400693
7821,0.138175,-0.001221,1.49267,0.0130217,-0.182025,0.408385,1.44962,-0.0487331,0.0347415
7833,0.138175,-0.001221,1.49267,0.0432822,-0.198266,0.405153,1.4003,-0.0449405,0.0373348
7845,0.138175,-0.001221,1.49267,0.0220762,-0.25495,0.414127,1.4244,-0.0690319,0.0523245
7857,0.138175,-0.001221,1.49267,0.0262479,-0.264983,0.418023,1.40351,-0.0481939,0.0356597
7869,0.138175,-0.001221,1.49267,0.0136393,-0.347266,0.431685,1.42605,-0.0526626,0.0361367
7881,0.138175,-0.001221,1.49267,-0.00115392,-0.341808,0.438751,1.42457,-0.0362696,0.0236887
7893,0.138175,-0.001221,1.49267,-0.004212,-0.397061,0.445181,1.47367,-0.0273086,0.0142335
7905,0.138175,-0.001221,1.49267,-0.0236867,-0.384943,0.44412,1.46665,-0.0164749,0.0126995
7917,0.138175,-0.001221,1.49267,0.00750212,-0.318494,0.443858,1.48475,-0.004573,-0.00084236
7929,0.138175,-0.001221,1.49267,0.00456279,-0.268213,0.439048,1.5048,-0.0298709,0.0286512
7941,0.138175,-0.003663,1.49267,-0.0281436,-0.22804,0.424844,1.45266,-0.0298108,0.0325602
7953,0.138175,-0.003663,1.49267,-0.0227069,-0.20732,0.424411,1.45962,-0.0141779,0.00640181
7965,0.138175,-0.003663,1.49267,-0.0283084,-0.21649,0.428365,1.47401,-0.0189351,0.0126515
7977,0.138175,-0.003663,1.49267,-0.0647118,-0.170828,0.413244,1.4433,-0.0132831,0.00967467
7989,0.138175,-0.003663,1.49267,-0.0258149,-0.120743,0.403078,1.44026,0.00662906,-0.016665
8001,0.138175,-0.003663,1.49267,-0.0226445,-0.0434074,0.398997,1.49811,-0.0237481,0.0138753
8013,0.138175,-0.003663,1.49267,-0.0555038,0.0718488,0.383855,1.41752,-0.0263105,0.0278901
8025,0.138175,-0.003663,1.49267,-0.0923675,0.0880321,0.370449,1.45482,-0.0194505,0.00521737
8037,0.138175,-0.003663,1.49267,-0.0171757,0.0978342,0.371183,1.45741,0.00966322,-0.0172632
8049,0.138175,-0.003663,1.49267,-0.0113097,0.18245,0.371658,1.46425,-0.0430237,0.0371715
8061,0.138175,-0.003663,1.49267,-0.0373983,0.269657,0.34043,1.42431,-0.053458,0.0492674
8073,0.138175,-0.003663,1.49267,-0.0443482,0.225472,0.335698,1.44249,-0.0434527,0.0313038
8085,0.138175,-0.003663,1.49267,-0.00915181,0.182303,0.345697,1.47728,-0.0327634,0.0238781
8097,0.138175,-0.003663,1.49267,0.00067528,0.157205,0.354429,1.46302,-0.0511519,0.0494595
8109,0.138175,-0.003663,1.49267,-0.0632662,0.129369,0.349003,1.50302,-0.0581166,0.0537719
8121,0.138175,-0.001221,1.49267,-0.0401341,0.0417266,0.349628,1.53345,-0.00689237,0.00915283
8133,0.138175,-0.001221,1.49267,0.0285927,0.0116245,0.369919,1.5445,-0.0127671,0.0210343
8145,0.138175,-0.003663,1.49267,-0.028251,0.092997,0.362857,1.56735,-0.0589959,0.0704711
8157,0.138175,-0.003663,1.49267,-0.0484618,0.100448,0.355437,1.47227,-0.0234556,0.0386515
8169,0.138175,-0.003663,1.49267,-0.041358,0.0201346,0.373232,1.546,-0.018605,0.015094
8181,0.138175,-0.003663,1.49267,-0.00221268,0.0170344,0.377672,1.48357,-0.0114448,0.0221115
8193,0.138175,-0.003663,1.49267,-0.0521109,0.0316741,0.372154,1.49404,-0.044793,0.0440216
8205,0.138175,-0.003663,1.49267,-0.028852,0.0828686,0.357425,1.47085,-0.00990173,0.0103792
8217,0.138175,-0.003663,1.49267,0.0001088,0.0847843,0.372836,1.48152,-0.0310605,0.0275451
8229,0.138175,-0.003663,1.49267,-0.0104653,0.144935,0.371468,1.44357,-0.0517282,0.0507828
8241,0.138175,-0.003663,1.49267,-0.0257976,0.151875,0.357379,1.4538,-0.0529357,0.0446511
8253,0.138175,-0.003663,1.49267,-0.027442,0.0480025,0.354759,1.45695,-0.0405302,0.0339672
8265,0.138175,-0.003663,1.49267,0.00684373,0.0367597,0.368521,1.47609,-0.0302485,0.0239622
8277,0.138175,-0.003663,1.49267,0.073121,0.0826917,0.373372,1.44044,-0.0525322,0.0504975
8289,0.138175,-0.003663,1.49267,-0.0358874,0.0584112,0.360896,1.44263,-0.106152,0.0984381
8301,0.138175,-0.003663,1.49267,0.00953192,0.0173604,0.365056,1.41433,-0.0272503,0.018101
8313,0.138175,-0.003663,1.49267,0.012577,-0.159239,0.408076,1.47705,-0.0584599,0.0444637
8325,0.138175,-0.003663,1.49267,0.0344726,-0.173277,0.407722,1.39746,-0.0440549,0.0418161
8337,0.138175,-0.003663,1.49267,-0.0331007,-0.222297,0.403991,1.42174,-0.0657604,0.048444
8349,0.138175,-0.003663,1.49267,0.00059321,-0.253289,0.416906,1.48691,-0.0122018,-0.00165989
8361,0.138175,-0.003663,1.49267,-0.00478617,-0.243096,0.429645,1.5106,-0.0278848,0.0271076
8373,0.138175,-0.003663,1.49267,-0.0392412,-0.140889,0.419507,1.48965,-0.0239363,0.0277086
8385,0.138175,-0.003663,1.49267,-0.0148022,-0.125268,0.4147,1.48259,-0.00957982,0.00901736
8397,0.138175,-0.003663,1.49267,-0.048117,-0.123969,0.422783,1.54069,-0.0280099,0.0265135
8409,0.138175,-0.003663,1.49267,-0.017731,-0.0521556,0.405647,1.47313,-0.00018635,0.00940705
8421,0.138175,-0.003663,1.49267,-0.0228866,-0.0574301,0.399264,1.49161,-0.0320644,0.0288825
8433,0.138175,-0.003663,1.49267,-0.0373117,0.0816365,0.393916,1.45245,-0.0256425,0.0259211
8445,0.138175,-0.004884,1.49267,-0.00868667,0.0781037,0.39229,1.46394,-0.0305536,0.0234198
8457,0.138175,-0.004884,1.49267,-0.0149269,0.0862004,0.393579,1.42866,-0.0488041,0.0443423
8469,0.138175,-0.004884,1.49267,-0.00801119,0.056998,0.38538,1.45684,-0.0487097,0.0373496
8481,0.138175,-0.004884,1.49267,-0.00711748,0.0249843,0.388249,1.47079,-0.0475475,0.0416476
8493,0.138175,-0.004884,1.49267,-0.00278756,0.018932,0.393772,1.43861,-0.0444432,0.0411683
8505,0.138175,-0.004884,1.49267,-0.00954084,0.0109493,0.399811,1.43237,-0.0506069,0.0411737
8517,0.138175,-0.004884,1.49267,-0.012395,0.0100152,0.401738,1.43403,-0.0464654,0.0357056
8529,0.138175,-0.004884,1.49267,-0.0134268,-0.00822556,0.404344,1.39343,-0.0444374,0.0339546
8541,0.138175,-0.004884,1.49267,-0.00317937,0.00233391,0.409128,1.38553,-0.0464176,0.0280202
8553,0.138175,-0.004884,1.49267,0.00153549,-0.0340592,0.410341,1.4173,-0.0556173,0.0358994
8565,0.138175,-0.004884,1.49267,0.00141913,-0.011318,0.412752,1.39692,-0.0529027,0.0393015
8577,0.138175,-0.004884,1.49267,-0.0129347,-0.0342631,0.408336,1.39855,-0.0569174,0.0394443
8589,0.138175,-0.004884,1.49267,-0.0113073,-0.0760084,0.415792,1.42298,-0.0444959,0.0270311
8601,0.138175,-0.004884,1.49267,0.0178112,-0.0874563,0.421571,1.46654,-0.0405216,0.0277022
8613,0.138175,-0.004884,1.49267,0.0181192,-0.114405,0.420858,1.44089,-0.0560607,0.052114
8625,0.138175,-0.004884,1.49267,-0.00226691,-0.119897,0.421111,1.43596,-0.0564729,0.0474911
8637,0.138175,-0.004884,1.49267,-0.0289368,-0.177074,0.433363,1.42792,-0.0424085,0.0321296
8649,0.138175,-0.004884,1.49267,-0.00585576,-0.173301,0.44561,1.41613,-0.0211916,0.00878711
8661,0.138175,-0.004884,1.49267,0.0057093,-0.216351,0.454306,1.44399,-0.0398189,0.0255453
8673,0.138175,-0.004884,1.49267,-0.0266749,-0.226116,0.43828,1.45212,-0.0424039,0.0335983
8685,0.138175,-0.004884,1.49267,-0.00273916,-0.244202,0.433575,1.48032,-0.016829,0.00901018
8697,0.138175,-0.003663,1.49267,-0.0334624,-0.226921,0.445525,1.4897,-0.0285888,0.026544
8709,0.138175,-0.003663,1.49267,-0.00058695,-0.132549,0.448727,1.48764,-0.00899323,0.00834228
8721,0.138175,-0.003663,1.49267,-0.0178623,-0.152677,0.44321,1.48684,-0.040064,0.0398238
8733,0.138175,-0.004884,1.49267,-0.0154693,-0.114688,0.430811,1.45133,-0.0261002,0.0253605
8744,0.138175,-0.004884,1.49267,-0.0316092,-0.219065,0.432823,1.51275,-0.0331456,0.025661
8757,0.138175,-0.003663,1.49267,0.00291239,-0.197511,0.429163,1.44541,-0.00745067,0.0112815
8769,0.138175,-0.003663,1.49267,-0.0197092,-0.162389,0.430494,1.42409,-0.0393259,0.030748
8781,0.138175,-0.003663,1.49267,-0.00360618,-0.10211,0.429758,1.44927,-0.0287687,0.015807
8793,0.138175,-0.004884,1.49267,-0.0510162,-0.135516,0.431862,1.41591,-0.0424964,0.034839
8805,0.138175,-0.003663,1.49267,-0.0617331,-0.1379,0.42306,1.42003,-0.0102428,-0.00472707
8817,0.138175,-0.003663,1.49267,-0.0433267,-0.184084,0.428824,1.41269,-0.00136974,-0.0130008
8829,0.138175,-0.003663,1.49267,-0.0588593,-0.0974987,0.420153,1.47658,-0.0115713,-0.00404291
8841,0.138175,-0.004884,1.49267,-0.0526415,-0.00062679,0.409574,1.42737,-0.00103506,-0.00224274
8853,0.138175,-0.004884,1.49267,-0.0741536,0.0906176,0.39792,1.51396,-0.0171023,0.00466739
8865,0.138175,-0.004884,1.49267,-0.0218848,0.170857,0.388729,1.4809,-0.00019496,0.0043947
8877,0.138175,-0.004884,1.49267,-0.0440544,0.203651,0.374613,1.48972,-0.0453358,0.0441991
8889,0.138175,-0.004884,1.49267,-0.0287675,0.222507,0.353463,1.48453,-0.0304674,0.0307436
8901,0.138175,-0.004884,1.49267,-0.0443289,0.152341,0.358063,1.44919,-0.0410604,0.0405886
8913,0.138175,-0.004884,1.49267,-0.051573,0.155389,0.366278,1.48479,-0.0283729,0.0206227
8925,0.138175,-0.004884,1.49267,-0.0094003,0.11834,0.376731,1.45782,-0.0209446,0.019988
8937,0.138175,-0.004884,1.49267,-0.0281212,0.0990124,0.377942,1.47106,-0.0507197,0.0451443
8949,0.138175,-0.004884,1.49267,-0.00120071,0.122865,0.376418,1.45769,-0.0349911,0.0316205
8961,0.138175,-0.004884,1.49267,-0.0531806,0.0430799,0.378973,1.49491,-0.0567521,0.0512977
8973,0.138175,-0.004884,1.49267,-0.0367126,0.0257003,0.386975,1.42252,-0.0108,0.0114781
8985,0.138175,-0.004884,1.49267,-0.0288056,-0.0158175,0.394447,1.46367,-0.028583,0.0154955
8997,0.138175,-0.004884,1.49267,-0.0170579,0.0310483,0.394025,1.48994,-0.0273506,0.0222438
9009,0.138175,-0.004884,1.49267,-0.0658212,-0.00039374,0.38698,1.49455,-0.0367601,0.0370584
9021,0.138175,-0.004884,1.49267,-0.0282,0.0322476,0.380163,1.49153,0.00073105,-0.00043581
9033,0.138175,-0.004884,1.49267,0.00526138,0.0637244,0.396509,1.52204,-0.0276446,0.0280435
9045,0.138175,-0.004884,1.49267,-0.0301521,0.167935,0.377892,1.44855,-0.0520326,0.0589971
9057,0.138175,-0.004884,1.49267,-0.0657956,0.122711,0.365111,1.45333,-0.0414637,0.0339077
9069,0.138175,-0.004884,1.49267,-0.0055771,0.0890409,0.372513,1.43563,-0.011344,0.00397734
9081,0.138175,-0.004884,1.49267,0.0312212,0.113141,0.381663,1.38829,-0.0526934,0.0427969
9093,0.138175,-0.004884,1.49267,-0.0328359,0.135051,0.361429,1.39966,-0.0856547,0.0672874
9105,0.138175,-0.004884,1.49267,-0.0766685,0.0519007,0.35839,1.34261,-0.0400445,0.0228612
9117,0.138175,-0.004884,1.49267,-0.002859,-0.0165787,0.387707,1.41066,-0.00808008,-0.0210898
9129,0.138175,-0.004884,1.49267,0.0012722,0.0527992,0.399014,1.43293,-0.0497528,0.034798
9141,0.138175,-0.004884,1.49267,-0.0273654,0.105835,0.376475,1.50128,-0.0572773,0.0469207
9153,0.138175,-0.004884,1.49267,-0.00224672,0.0319889,0.371484,1.50545,-0.0329966,0.0354985
9165,0.138175,-0.004884,1.49267,0.0132145,0.0118891,0.38857,1.5414,-0.0433948,0.0468864
9177,0.138175,-0.004884,1.49267,0.019149,0.0448251,0.387783,1.45177,-0.0506022,0.061272
9189,0.138175,-0.004884,1.49267,-0.010844,-0.00591436,0.389221,1.42978,-0.066072,0.0596011
9201,0.138175,-0.004884,1.49267,-0.020716,-0.128466,0.395168,1.46047,-0.0433931,0.0320404
9213,0.138175,-0.004884,1.49267,-0.018655,-0.215213,0.417812,1.48388,-0.0240247,0.0181064
9225,0.138175,-0.003663,1.49267,0.0297104,-0.150784,0.415427,1.44457,-0.0180878,0.0165243
9237,0.138175,-0.004884,1.49267,-0.038155,-0.101117,0.409901,1.48016,-0.0606067,0.0524073
9249,0.138175,-0.004884,1.49267,-0.0104188,-0.037868,0.406727,1.48428,-0.0137266,0.011444
9261,0.138175,-0.004884,1.49267,-0.0235076,-0.0893775,0.414117,1.48437,-0.0374461,0.0365854
9273,0.138175,-0.004884,1.49267,-0.00775971,-0.0971053,0.406223,1.45252,-0.0248379,0.0236483
9285,0.138175,-0.004884,1.49267,-0.011017,-0.0688303,0.403696,1.49055,-0.0374332,0.0303004
9297,0.138175,-0.004884,1.49267,-0.0263893,-0.0214089,0.398681,1.47294,-0.0335696,0.0338156
9309,0.138175,-0.004884,1.49267,-0.0187287,-0.00082264,0.396261,1.4229,-0.0280709,0.024789
9321,0.138175,-0.004884,1.49267,0.00630426,0.014143,0.402049,1.42936,-0.0397072,0.0269274
9333,0.138175,-0.004884,1.49267,-0.0179424,0.0495978,0.394788,1.42433,-0.0582093,0.0471382
9345,0.138175,-0.004884,1.49267,-0.0111913,0.0188288,0.383802,1.41175,-0.0441357,0.0317872
9357,0.138175,-0.004884,1.49267,0.0102613,-0.0257333,0.392353,1.39546,-0.0464239,0.03164
9369,0.138175,-0.004884,1.49267,-0.00529258,-0.0295739,0.397399,1.41157,-0.0600095,0.0423111
9381,0.138175,-0.004884,1.49267,-0.0213809,-0.0741541,0.394005,1.37889,-0.0478468,0.033012
9393,0.138175,-0.004884,1.49267,-0.00309503,-0.0950155,0.403036,1.40571,-0.0358733,0.014323
9405,0.138175,-0.004884,1.49267,0.0105903,-0.117035,0.411338,1.46563,-0.0450782,0.028969
9417,0.138175,-0.004884,1.49267,0.0169833,-0.111708,0.411091,1.45078,-0.0477122,0.0433652
9429,0.138175,-0.004884,1.49267,0.0220425,-0.123587,0.405543,1.41993,-0.0539993,0.046898
9441,0.138175,-0.004884,1.49267,0.00873035,-0.177629,0.411387,1.41404,-0.0589811,0.0459517
9453,0.138175,-0.004884,1.49267,-0.0127752,-0.238367,0.420713,1.42222,-0.0464399,0.0319122
9465,0.138175,-0.004884,1.49267,0.00928038,-0.294938,0.429705,1.3986,-0.026642,0.0131934
9477,0.138175,-0.004884,1.49267,0.0327109,-0.322756,0.434233,1.41902,-0.0404083,0.0226042
9489,0.138175,-0.004884,1.49267,-0.0177731,-0.33256,0.429497,1.45478,-0.0527852,0.0392382
9501,0.138175,-0.004884,1.49267,0.0114695,-0.313667,0.432926,1.40064,-0.0130855,0.00559838
9513,0.138175,-0.004884,1.49267,-0.0256403,-0.345353,0.441151,1.45268,-0.0404908,0.0230692
9525,0.138175,-0.004884,1.49267,0.0111003,-0.290545,0.438014,1.43413,-0.00791795,-0.00011517
9537,0.138175,-0.004884,1.49267,-0.0320267,-0.342476,0.431394,1.44656,-0.0393823,0.0285091
9549,0.138175,-0.004884,1.49267,0.00291814,-0.272458,0.422114,1.42398,-0.0033816,-0.00595036
9561,0.138175,-0.004884,1.49267,-0.0317288,-0.288837,0.426835,1.45056,-0.0346555,0.0217046
9573,0.138175,-0.004884,1.49267,-0.0347197,-0.215155,0.414517,1.39592,-0.00718823,-0.00122033
9585,0.138175,-0.004884,1.49267,-0.0248435,-0.214641,0.407892,1.37703,-0.015323,-0.00351219
9597,0.138175,-0.004884,1.49267,-0.0755004,-0.188796,0.407208,1.43178,-0.0233975,0.00105564
9609,0.138175,-0.004884,1.49267,-0.0425122,-0.121921,0.393006,1.39518,0.0149309,-0.02743
9621,0.138175,-0.004884,1.49267,-0.0887578,-0.0624531,0.380931,1.45857,-0.0156151,-0.00326683
9633,0.138175,-0.004884,1.49267,-0.0542565,0.0894711,0.361267,1.38257,0.0188267,-0.0260522
9645,0.138175,-0.004884,1.49267,-0.0966835,0.155925,0.346358,1.44489,-0.0230949,0.00212766
9657,0.138175,-0.004884,1.49267,-0.0618445,0.306216,0.324586,1.41199,0.00829756,-0.0177385
9669,0.138175,-0.004884,1.49267,-0.0609479,0.376662,0.313962,1.43101,-0.0293269,0.0144741
9681,0.138175,-0.004884,1.49267,-0.0266459,0.429555,0.296078,1.40089,-0.0328869,0.0219073
9693,0.138175,-0.004884,1.49267,-0.0734501,0.468772,0.281766,1.45159,-0.0621982,0.0460642
9705,0.138175,-0.004884,1.49267,-0.00668496,0.358798,0.280028,1.44654,-0.0267138,0.019709
9717,0.138175,-0.004884,1.49267,0.00390103,0.340822,0.295949,1.42378,-0.0641732,0.0569507
9729,0.138175,-0.004884,1.49267,-0.0613015,0.29786,0.287367,1.4459,-0.0737774,0.0623053
9741,0.138175,-0.004884,1.49267,-0.0341914,0.171604,0.296346,1.46229,-0.0221,0.01371
9753,0.138175,-0.004884,1.49267,-0.0184258,0.069202,0.3271,1.49975,-0.0297151,0.0245876
9765,0.138175,-0.004884,1.49267,-0.0335035,0.107711,0.324071,1.55002,-0.0315126,0.033653
9777,0.138175,-0.004884,1.49267,-0.013601,0.0723416,0.322029,1.50032,-0.0190729,0.0307941
9789,0.138175,-0.004884,1.49267,-0.0183008,0.121777,0.327809,1.53713,-0.0345645,0.0368916
9801,0.138175,-0.004884,1.49267,-0.0247327,0.0603599,0.332424,1.48339,-0.0323771,0.0419002
9813,0.138175,-0.003663,1.49267,-0.0357278,0.0754483,0.332916,1.44834,-0.028405,0.0272631
9825,0.138175,-0.003663,1.49267,-0.0194936,0.0254781,0.338406,1.42285,-0.0254958,0.0174435
9837,0.138175,-0.003663,1.49267,-0.0356196,0.0273124,0.337883,1.49358,-0.0356188,0.0227671
9849,0.138175,-0.003663,1.49267,0.033974,0.0574629,0.332204,1.46555,-0.0176765,0.0182443
9861,0.138175,-0.003663,1.49267,-0.0267767,0.0522387,0.325835,1.51667,-0.0705245,0.0668729
9873,0.138175,-0.003663,1.49267,-0.00613315,0.0835368,0.326876,1.47248,-0.0224423,0.0276651
9885,0.138175,-0.003663,1.49267,-0.00670546,0.0147201,0.345548,1.50883,-0.0437199,0.0408234
9897,0.138175,-0.003663,1.49267,-0.00225782,-0.0286561,0.347594,1.45868,-0.0359157,0.0398799
9909,0.138175,-0.003663,1.49267,-0.0451886,-0.0481378,0.340126,1.45844,-0.0404861,0.0347054
9921,0.138175,-0.003663,1.49267,-0.00604309,-0.0582548,0.344003,1.43425,-0.0084525,0.00185793
9933,0.138175,-0.003663,1.49267,-0.00378253,-0.00392516,0.355452,1.41651,-0.0374471,0.0267877
9945,0.138175,-0.003663,1.49267,0.0394927,0.0671851,0.342284,1.4138,-0.0463387,0.0324663
9957,0.138175,-0.003663,1.49267,-0.0431786,0.0545204,0.333993,1.34493,-0.0811609,0.0676403
9969,0.138175,-0.003663,1.49267,-0.0124756,0.0385853,0.330775,1.38162,-0.0287699,0.00054238
9981,0.138175,-0.003663,1.49267,-0.0258364,-0.0874529,0.355055,1.42274,-0.0448295,0.0241399
9993,0.138175,-0.003663,1.49267,-0.0119448,-0.0508176,0.348565,1.43801,-0.0235242,0.0102571
10005,0.138175,-0.003663,1.49267,0.0133902,-0.0535293,0.344357,1.40126,-0.0340536,0.0240558
10017,0.138175,-0.003663,1.49267,-0.0295275,-0.00488942,0.343414,1.46926,-0.0545348,0.0378248
10029,0.138175,-0.003663,1.49267,-0.0223063,0.0226266,0.345509,1.47098,-0.0221357,0.0180186
10041,0.138175,-0.003663,1.49267,0.00304601,-0.0226775,0.354006,1.47542,-0.0294448,0.0258611
10053,0.138175,-0.003663,1.49267,-0.0178215,0.01275,0.346767,1.45674,-0.0436477,0.0412189
10065,0.138175,-0.003663,1.49267,-0.0132329,-0.0229599,0.345364,1.45928,-0.0332404,0.0269506
10077,0.138175,-0.003663,1.49267,-0.0412371,-0.0244067,0.352568,1.50002,-0.0330836,0.0272528
10089,0.138175,-0.003663,1.49267,0.0322951,0.00202786,0.35059,1.43268,-0.0103129,0.0119186
10101,0.138175,-0.003663,1.49267,0.0148364,0.018359,0.35449,1.42791,-0.0697639,0.0596081
10113,0.138175,-0.003663,1.49267,-0.0361172,0.0414348,0.346302,1.41702,-0.0598685,0.0485636
10125,0.138175,-0.003663,1.49267,-0.0241314,-0.0867487,0.355784,1.46861,-0.0267615,0.0125772
10137,0.138175,-0.003663,1.49267,-0.00257179,-0.126507,0.366052,1.46366,-0.0203724,0.0160066
10149,0.138175,-0.003663,1.49267,0.0127585,-0.0718575,0.363598,1.45356,-0.0334921,0.0284256
10161,0.138175,-0.003663,1.49267,-0.00171941,-0.030941,0.361391,1.46279,-0.0493656,0.0427458
10173,0.138175,-0.003663,1.49267,-0.0454274,-0.0171126,0.353783,1.49029,-0.0416104,0.0366556
10185,0.138175,-0.003663,1.49267,0.0257086,-0.0481499,0.365356,1.42767,-0.00907884,0.00875873
10197,0.138175,-0.003663,1.49267,-0.0420411,-0.0529997,0.372996,1.44604,-0.0629785,0.0516349
10209,0.138175,-0.003663,1.49267,-0.0720358,-0.0302455,0.356794,1.45069,-0.0146279,0.00574221
10221,0.138175,-0.003663,1.49267,-0.0261047,-0.0395742,0.362028,1.42929,0.00628437,-0.0147241
10233,0.138175,-0.003663,1.49267,0.0161315,0.0514226,0.366322,1.42906,-0.0273341,0.0154833
10245,0.138175,-0.003663,1.49267,0.0184416,0.213624,0.341492,1.33572,-0.0645347,0.0535931
10257,0.138175,-0.003663,1.49267,-0.0551245,0.242033,0.330319,1.39371,-0.0862029,0.0576648
10269,0.138175,-0.003663,1.49267,0.0176389,0.168549,0.332006,1.38426,-0.030892,0.0124376
10281,0.138175,-0.003663,1.49267,0.0212953,0.0286907,0.352613,1.4001,-0.0762805,0.0569659
10293,0.138175,-0.003663,1.49267,-0.010992,0.0423535,0.346379,1.42492,-0.0677162,0.0511643
10305,0.138175,-0.003663,1.49267,-0.0318656,-0.0567358,0.356072,1.44415,-0.0434726,0.0312232
10317,0.138175,-0.003663,1.49267,0.0129559,-0.0995652,0.37408,1.44947,-0.0199038,0.0107716
10329,0.138175,-0.003663,1.49267,0.0219847,-0.0501001,0.383205,1.42331,-0.0486286,0.0411632
10341,0.138175,-0.003663,1.49267,-0.0368821,-0.0151113,0.37723,1.43262,-0.062397,0.0501815
10353,0.138175,-0.003663,1.49267,-0.0450803,-0.0818728,0.373454,1.46725,-0.0230466,0.0117678
10365,0.138175,-0.003663,1.49267,0.031955,-0.155642,0.387772,1.47956,-0.00811983,0.00320389
10377,0.138175,-0.003663,1.49267,0.0279418,-0.0912886,0.388713,1.4583,-0.0555518,0.05408
10389,0.138175,-0.003663,1.49267,-0.00807422,-0.0138984,0.376664,1.43352,-0.0602503,0.0547892
10401,0.138175,-0.003663,1.49267,-0.047976,-0.104007,0.376407,1.48826,-0.0429492,0.0323124
10413,0.138175,-0.003663,1.49267,0.0406131,-0.149108,0.392258,1.4914,-0.00252932,0.00157212
10425,0.138175,-0.003663,1.49267,0.00530154,-0.159206,0.402807,1.4672,-0.0613707,0.062356
10437,0.138175,-0.003663,1.49267,-0.018993,-0.108782,0.382733,1.47624,-0.0394663,0.0351953
10449,0.138175,-0.003663,1.49267,0.00513296,-0.179259,0.393279,1.48056,-0.0239837,0.0211713
10461,0.138175,-0.003663,1.49267,0.0291443,-0.191826,0.405638,1.49371,-0.0354683,0.0336992
10473,0.138175,-0.003663,1.49267,0.0119074,-0.144451,0.392648,1.41215,-0.0509748,0.0521275
10485,0.138175,-0.003663,1.49267,-0.0453008,-0.1982,0.394516,1.43153,-0.0496264,0.0348379
10497,0.138175,-0.003663,1.49267,-0.0347361,-0.257342,0.409273,1.47707,-0.00387413,-0.00824261
10509,0.138175,-0.003663,1.49267,-0.022947,-0.276362,0.415149,1.50999,-0.00330622,2.637e-05
10521,0.138175,-0.003663,1.49267,-0.00943,-0.130541,0.39902,1.45898,-0.00726509,0.0105001
10533,0.138175,-0.003663,1.49267,-0.0590572,-0.066404,0.385278,1.50036,-0.0320672,0.0260434
10545,0.138175,-0.003663,1.49267,-0.0610948,-0.0132776,0.379345,1.52089,0.0023514,-0.00101967
10557,0.138175,-0.004884,1.49267,-0.0280066,0.0496468,0.382138,1.51144,0.001826,0.00358469
10569,0.138175,-0.004884,1.49267,-0.0241009,0.168885,0.362004,1.47443,-0.0274718,0.0317778
10581,0.138175,-0.004884,1.49267,-0.0659947,0.213048,0.33876,1.44243,-0.041672,0.0391868
10593,0.138175,-0.004884,1.49267,-0.0561569,0.231808,0.330199,1.49662,-0.0171715,0.00789861
10605,0.138175,-0.004884,1.49267,0.0446769,0.220733,0.335329,1.40549,-0.0194309,0.020832
10616,0.138175,-0.004884,1.49267,-0.038255,0.249567,0.324927,1.46354,-0.0976882,0.0830768
10629,0.138175,-0.004884,1.49267,-0.0504768,0.204729,0.320836,1.45306,-0.0359979,0.0313315
10641,0.138175,-0.003663,1.49267,0.0387458,0.0975054,0.347182,1.53091,-0.0243351,0.0173033
10653,0.138175,-0.003663,1.49267,0.0260236,0.082646,0.351414,1.50995,-0.0722344,0.0814466
10665,0.138175,-0.003663,1.49267,-0.0439349,0.100989,0.338882,1.51248,-0.0646482,0.0695675
10677,0.138175,-0.004884,1.49267,-0.00691324,-0.0753081,0.355993,1.55407,-0.0163845,0.0206902
10689,0.138175,-0.004884,1.49267,-0.0305186,-0.127487,0.379947,1.52348,-0.025066,0.0375399
10701,0.138175,-0.004884,1.49267,0.0376012,-0.0566361,0.379376,1.47938,-0.00971277,0.0157903
10713,0.138175,-0.004884,1.49267,0.00718853,-0.0530505,0.381641,1.43939,-0.0669625,0.0658174
10725,0.138175,-0.004884,1.49267,0.00216725,-0.038093,0.373481,1.49507,-0.0503125,0.0409571
10737,0.138175,-0.004884,1.49267,0.00589855,-0.13112,0.373686,1.4627,-0.041864,0.0432208
10749,0.138175,-0.004884,1.49267,0.0360646,-0.151463,0.387421,1.44395,-0.0399284,0.0348189
10761,0.138175,-0.004884,1.49267,-0.0155804,-0.18046,0.396528,1.44346,-0.0622902,0.0540129
10773,0.138175,-0.004884,1.49267,-0.0420382,-0.208563,0.393067,1.47404,-0.0250703,0.015799
10785,0.138175,-0.004884,1.49267,-0.00191045,-0.233609,0.393804,1.48131,-0.00112029,-0.00275403
10797,0.138175,-0.004884,1.49267,0.0290754,-0.15384,0.40454,1.47387,-0.0261976,0.0243067
10809,0.138175,-0.004884,1.49267,0.0235557,-0.0392882,0.386039,1.44909,-0.0560073,0.0534325
10821,0.138175,-0.004884,1.49267,-0.0604718,-0.0864567,0.366487,1.4096,-0.0622649,0.0550991
10833,0.138175,-0.004884,1.49267,0.0131243,-0.0977049,0.378223,1.3828,-0.0021328,-0.0142036
10845,0.138175,-0.004884,1.49267,0.0168163,-0.13524,0.398627,1.4056,-0.055904,0.0355659
10857,0.138175,-0.004884,1.49267,-0.0313839,-0.114658,0.378293,1.39581,-0.0551225,0.0391884
10869,0.138175,-0.004884,1.49267,-0.0385046,-0.16903,0.370802,1.45441,-0.0224298,0.0038392
10881,0.138175,-0.004884,1.49267,0.00297192,-0.180573,0.386538,1.54007,-0.00657991,-0.00096587
10893,0.138175,-0.004884,1.49267,-0.00114455,-0.0561878,0.388057,1.46798,-0.0275402,0.0372274
10905,0.138175,-0.004884,1.49267,-0.0234466,0.0106329,0.367218,1.48302,-0.0421263,0.0381696
10917,0.138175,-0.004884,1.49267,-0.0264336,-0.00501789,0.362025,1.48849,-0.0287197,0.0274609
10929,0.138175,-0.004884,1.49267,-0.0277482,-0.0788891,0.366364,1.50166,-0.0243228,0.0240159
10941,0.138175,-0.004884,1.49267,-0.0394945,-0.0706985,0.365003,1.47318,-0.0164488,0.0184645
10953,0.138175,-0.004884,1.49267,-0.0182015,3.07e-05,0.360425,1.44981,-0.011631,0.00797005
10966,0.138175,-0.004884,1.49267,-0.0358812,0.0597774,0.360973,1.48616,-0.0340453,0.0264042
10977,0.138175,-0.004884,1.49267,-0.0189494,0.080443,0.35324,1.49692,-0.0232602,0.0225348
10989,0.138175,-0.004884,1.49267,-0.0194179,0.0742379,0.346797,1.45289,-0.0348928,0.0365652
11001,0.138175,-0.004884,1.49267,-0.00957184,0.0639019,0.340018,1.46875,-0.0377122,0.0308313
11013,0.138175,-0.004884,1.49267,-0.0216686,0.0687403,0.343701,1.51078,-0.0414737,0.0377756
11025,0.138175,-0.004884,1.49267,-0.0148922,0.0706229,0.346499,1.50324,-0.0297686,0.0340239
11037,0.138175,-0.004884,1.49267,-0.0242635,0.0888834,0.345913,1.49383,-0.0356212,0.0385382
11049,0.138175,-0.004884,1.49267,-0.00625534,0.0735001,0.345396,1.45348,-0.0314998,0.032498
11061,0.138175,-0.004884,1.49267,-0.027728,0.0979607,0.347262,1.46389,-0.0465703,0.0400121
11073,0.138175,-0.004884,1.49267,-0.0111675,0.0691491,0.341085,1.39487,-0.0328939,0.028076
11085,0.138175,-0.004884,1.49267,-0.0202103,0.0791369,0.340506,1.40285,-0.0480915,0.0300983
11097,0.138175,-0.004884,1.49267,0.00910114,0.0836027,0.342182,1.36206,-0.0418237,0.0252554
11109,0.138175,-0.004884,1.49267,-0.0268868,0.0929647,0.345552,1.39019,-0.0666165,0.0426499
11121,0.138175,-0.004884,1.49267,-0.00514923,0.0778617,0.339086,1.38811,-0.0400653,0.0209911
11133,0.138175,-0.004884,1.49267,0.0103481,0.0156474,0.348295,1.39228,-0.0534412,0.0342597
11145,0.138175,-0.004884,1.49267,0.00735395,0.017359,0.346457,1.45196,-0.059519,0.0412339
11157,0.138175,-0.004884,1.49267,0.0235868,-0.0140868,0.349365,1.42257,-0.0516052,0.0448122
11169,0.138175,-0.004884,1.49267,0.00107902,-0.0457603,0.356254,1.47403,-0.0633862,0.0510881
11181,0.138175,-0.004884,1.49267,0.0329866,-0.0739435,0.366078,1.42369,-0.0408502,0.0380624
11193,0.138175,-0.004884,1.49267,0.00133694,-0.168308,0.377499,1.46385,-0.0664621,0.0543958
11205,0.138175,-0.004884,1.49267,-0.00536098,-0.198442,0.37589,1.46243,-0.033956,0.0288957
11217,0.138175,-0.004884,1.49267,0.0140073,-0.262693,0.385595,1.45041,-0.0268104,0.0212773
11229,0.138175,-0.004884,1.49267,0.0176534,-0.262739,0.392253,1.4304,-0.037023,0.0293128
11241,0.138175,-0.004884,1.49267,-0.0267871,-0.241009,0.388605,1.42813,-0.0421363,0.0306295
11253,0.138175,-0.004884,1.49267,-0.00691628,-0.240109,0.393312,1.44677,-0.0130303,0.00042124
11265,0.138175,-0.004884,1.49267,0.00246783,-0.238481,0.390778,1.47406,-0.0255065,0.0168354
11277,0.138175,-0.004884,1.49267,0.016448,-0.191777,0.384379,1.51251,-0.0292371,0.0259953
11289,0.138175,-0.004884,1.49267,-0.0078385,-0.198319,0.373901,1.47281,-0.0384143,0.0429549
11301,0.138175,-0.004884,1.49267,0.00372321,-0.18815,0.370017,1.4555,-0.0239035,0.0203319
11313,0.138175,-0.004884,1.49267,0.00540315,-0.196219,0.376045,1.46389,-0.0340541,0.0273444
11325,0.138175,-0.004884,1.49267,-0.0147729,-0.216127,0.377197,1.48897,-0.0343203,0.0292488
11337,0.138175,-0.004884,1.49267,-0.0236345,-0.258906,0.3726,1.45063,-0.0163787,0.0157772
11349,0.138175,-0.003663,1.49267,-0.0181438,-0.268575,0.373192,1.47429,-0.00987275,0.00157788
11361,0.138175,-0.003663,1.49267,-0.0129496,-0.200887,0.36838,1.4787,-0.0106321,0.00697349
11373,0.138175,-0.003663,1.49267,-0.0589302,-0.117078,0.360137,1.47256,-0.0189245,0.0163887
11385,0.138175,-0.003663,1.49267,-0.0286197,-0.0608117,0.347126,1.46695,0.00618827,-0.0104299
11397,0.138175,-0.003663,1.49267,-0.0192906,-0.0458072,0.343615,1.48067,-0.0187288,0.0140257
11409,0.138175,-0.003663,1.49267,-0.0315591,0.078065,0.321164,1.42975,-0.0247523,0.0228888
11421,0.138175,-0.003663,1.49267,-0.0863928,0.0687222,0.307134,1.42931,-0.0292651,0.0176675
11433,0.138175,-0.003663,1.49267,-0.0559937,0.0993722,0.304144,1.46422,0.0107907,-0.0234156
11445,0.138175,-0.003663,1.49267,0.01758,0.145338,0.309634,1.4357,-0.00910389,0.00380111
11457,0.138175,-0.001221,1.49267,-0.0351813,0.308038,0.292155,1.4287,-0.066909,0.0574212
11469,0.138175,-0.001221,1.49267,-0.041546,0.277647,0.262554,1.39977,-0.0428075,0.0315449
11481,0.138175,-0.001221,1.49267,0.00834418,0.167343,0.280052,1.44065,-0.0358287,0.0187185
11493,0.138175,-0.001221,1.49267,-0.0125887,0.158268,0.280051,1.42836,-0.0589787,0.0502995
11505,0.138175,0.00122106,1.49267,-0.0608875,0.139373,0.285916,1.47771,-0.044694,0.0332687
11517,0.138175,0.00122106,1.49267,0.00173946,0.04651,0.299435,1.49697,-0.0054642,0.00275762
11529,0.138175,0.00122106,1.49267,-0.0261058,0.0451642,0.302665,1.5447,-0.0405902,0.0423808
11541,0.138175,0.00122106,1.49267,-0.00687631,0.088975,0.293388,1.49534,-0.0168715,0.027446
11553,0.138175,0.00122106,1.49267,0.0192829,0.0698795,0.296579,1.51234,-0.0377046,0.0391517
11565,0.138175,0.00122106,1.49267,-0.0516708,0.109015,0.292913,1.51174,-0.0528944,0.0580034
11577,0.138175,0.00122106,1.49267,-0.0226006,0.0325533,0.295049,1.47189,-0.00670661,0.0106568
11589,0.138175,0.00122106,1.49267,-0.00965244,-0.0162282,0.310627,1.49282,-0.0245984,0.0210965
11601,0.138175,0.00122106,1.49267,-0.00975015,0.0472583,0.298854,1.48957,-0.0290098,0.0296563
11613,0.138175,0.00122106,1.49267,0.0188856,0.0346389,0.295223,1.49216,-0.0333601,0.0335359
11625,0.138175,0.00122106,1.49267,-0.0154692,0.0524273,0.29061,1.50272,-0.0515385,0.0526341
11637,0.138175,0.00122106,1.49267,0.0122661,0.0525169,0.289267,1.45062,-0.0277483,0.0303715
11649,0.138175,0.00122106,1.44689,0.0135893,0.00852423,0.303863,1.45797,-0.0474416,0.0492897
11661,0.138175,0.00122106,1.44689,-0.0442545,-0.0126149,0.30227,1.46868,-0.0454251,0.0486204
11673,0.138175,0.00122106,1.44689,-0.0241107,-0.0757923,0.302762,1.4703,-0.00243442,0.0067015
11685,0.138175,0.00122106,1.41941,-0.00527752,-0.0648004,0.311568,1.44591,-0.00837889,0.0184159
11697,0.138175,0.00122106,1.41941,0.00513519,0.0506821,0.308421,1.41214,-0.0255539,0.0312284
11709,0.138175,0.00122106,1.36996,0.0260323,0.136424,0.300986,1.40702,-0.0404742,0.0496765
11721,0.138175,0.00122106,1.34432,-0.0200019,0.10696,0.288112,1.39885,-0.059309,0.0730488
11733,0.138175,0.00122106,1.34432,-0.0115149,0.0214301,0.283587,1.28156,-0.0245474,0.0358509
11745,0.138175,0.00122106,1.31685,-0.0256816,-0.061755,0.301162,1.31825,-0.0316519,0.0254681
11757,0.138175,0.00122106,1.28205,-0.0172284,-0.0319178,0.305451,1.28767,-0.00972438,0.0169328
11769,0.138175,0.00122106,1.28205,-0.0267894,0.0104586,0.306006,1.36186,-0.0214326,0.02296
11781,0.138175,-0.001221,1.19231,0.0237466,0.0685036,0.30445,1.2665,-0.00266264,0.0358632
11793,0.138175,-0.001221,1.13553,-0.0111053,0.100527,0.292282,1.27992,-0.0460481,0.0727694
11805,0.138175,-0.001221,1.13553,0.0153641,0.10693,0.290762,1.20965,-0.0220781,0.0508973
11817,0.138175,-0.003663,1.06044,-0.0245235,0.0620223,0.294649,1.19272,-0.0405538,0.070753
11829,0.138175,-0.003663,1.00733,-0.00686831,0.0125705,0.296858,1.13548,-0.00608539,0.0425163
11841,0.138175,-0.003663,1.00733,0.00246487,0.00054214,0.301938,1.05988,-0.0200049,0.0455131
11853,0.138175,-0.003663,1.00733,-0.00415563,-0.0012543,0.307786,1.00908,-0.0333177,0.0443358
11865,0.138175,-0.003663,0.981685,-0.0323299,-0.0123177,0.302289,0.995843,-0.0316005,0.0376536
11877,0.138175,-0.003663,0.981685,-0.0238454,-0.00593247,0.310747,0.979858,-0.0119338,0.014928
11889,0.138175,-0.003663,0.957875,0.0393756,0.0242138,0.315041,0.91362,-0.018396,0.0230767
11901,0.138175,-0.003663,0.932234,-0.0410985,0.0884351,0.305318,0.928495,-0.0690226,0.0669712
11913,0.138175,-0.003663,0.932234,0.0240016,0.124311,0.291427,0.864642,-0.0162226,0.0159116
11925,0.138175,-0.001221,0.906593,-0.0167125,0.0385272,0.308138,0.947563,-0.0663887,0.0598096
11937,0.138175,-0.001221,0.880952,-0.013478,0.0362371,0.294031,0.886261,-0.0221771,0.0357205
11949,0.138175,-0.001221,0.880952,-0.0257146,0.0319578,0.30897,0.914085,-0.0288193,0.0305243
11961,0.138175,0.00122106,0.798535,-0.0308395,0.0187845,0.311972,0.922586,-0.0104859,0.0333246
11973,0.138175,0.00122106,0.772894,-0.041673,0.0793148,0.314576,0.967443,-0.00282032,0.0321465
11985,0.138175,0.00122106,0.772894,0.00833886,0.129167,0.309082,0.899887,0.00378838,0.034217
11997,0.138175,0.00122106,0.695971,-0.0140755,0.19449,0.301427,0.819164,-0.0335115,0.0742688
12009,0.138175,0.00122106,0.648352,-0.04715,0.285662,0.280462,0.737637,-0.0258667,0.0600327
12021,0.138175,0.00122106,0.648352,-0.0365252,0.282159,0.287479,0.614832,-0.0163942,0.0344794
12033,0.138175,0.00122106,0.554945,-0.0268519,0.251303,0.295774,0.606979,-0.0270011,0.0395782
12045,0.138175,0.00122106,0.478022,0.0152564,0.312804,0.289828,0.540947,-0.0252371,0.051255
12057,0.138175,0.00122106,0.478022,0.0336809,0.343719,0.284874,0.525742,-0.0653166,0.0794115
12069,0.138175,0.00122106,0.368132,0.0162299,0.320329,0.28309,0.435433,-0.0709374,0.103718
12081,0.138175,0.00122106,0.278388,0.0512423,0.234006,0.294455,0.386284,-0.0568045,0.0891222
12093,0.138175,0.00122106,0.278388,0.0886333,0.109871,0.318237,0.310124,-0.0797961,0.102951
12105,0.138175,0.00122106,0.216117,0.0110542,-0.0561808,0.336179,0.25876,-0.0990867,0.112793
12117,0.138175,0.00122106,0.119048,-0.0127829,-0.243971,0.357103,0.220347,-0.0289523,0.0568609
12129,0.138175,0.00122106,0.119048,-0.0241253,-0.380663,0.391894,0.158013,-0.00269995,0.0222979
12141,0.138175,0.00122106,0.0695971,-0.00722234,-0.345695,0.409865,0.0983438,0.0118159,0.00478699
12153,0.138175,0.00122106,0.0347985,-0.0263348,-0.1889,0.402548,0.0973213,-0.00694009,0.0191461
12165,0.138175,0.00122106,0.0347985,-0.00923887,-0.0238128,0.385212,0.0305938,-0.00605216,0.0181886
12177,0.138175,0.00122106,0.00915751,-0.0194174,0.0440449,0.368439,0.0161863,-0.0338415,0.0387491
12189,0.138175,0.00122106,0.00732601,0.0113838,0.101704,0.358863,-0.037045,-0.0319956,0.0344671
12201,0.138175,0.00122106,0.00732601,0.040018,0.0865398,0.35704,-0.0549425,-0.0623318,0.055154
12213,0.138175,0.00122106,0.00732601,0.0761624,0.0886971,0.353217,-0.0224505,-0.082467,0.0722436
12225,0.138175,0.00122106,0.00732601,0.0984914,-0.00384416,0.352815,0.026654,-0.104138,0.10078
12237,0.138175,0.00122106,0.00732601,0.0848843,-0.166518,0.377639,0.0266448,-0.107137,0.112793
12249,0.138175,0.00122106,0.00549451,0.0863442,-0.365835,0.412316,0.0222566,-0.086508,0.0924536
12261,0.138175,0.00122106,0.00549451,0.0505248,-0.612818,0.44337,-0.00470142,-0.0748439,0.079463
12273,0.138175,0.00122106,0.00549451,0.0136513,-0.773234,0.471708,0.0376518,-0.0352746,0.0334549
12285,0.138175,0.00122106,0.003663,-0.0414564,-0.907829,0.494702,0.030634,0.00505447,0.00067105
12297,0.138175,0.00122106,0.003663,-0.0232575,-0.815243,0.507081,0.00428036,0.0514137,-0.0482755
12309,0.138175,0.00122106,0.003663,-0.0106358,-0.593988,0.494701,-0.0666802,0.0273985,-0.0287685
12321,0.138175,0.00122106,0.003663,-0.00668642,-0.323521,0.46213,-0.0855291,-0.00532082,-0.00895435
12333,0.138175,0.00122106,0.003663,0.00103067,-0.156508,0.424989,-0.0793792,-0.0290732,0.0119285
12345,0.138175,0.00122106,0.003663,0.0201494,-0.0824152,0.405354,-0.0812967,-0.044011,0.0285834
12357,0.138175,0.00122106,-0.00183159,-0.00358282,-0.10589,0.394251,-0.0854225,-0.0611152,0.0468604
12369,0.138175,0.00122106,-0.00183159,-0.00287402,-0.181799,0.394442,-0.0227358,-0.0420677,0.0265401
12381,0.138175,0.00122106,-0.00183159,-0.012975,-0.282947,0.3987,0.0127268,-0.0302083,0.026595
12393,0.138175,0.00122106,-0.00183159,-0.0139481,-0.299062,0.4101,0.0776801,-0.0118219,0.0146197
12405,0.138175,0.00122106,-0.00183159,-0.00146569,-0.3024,0.40786,0.0327662,-0.00460669,0.0199265
12417,0.138175,0.00122106,-0.00183159,-0.00091163,-0.236976,0.407526,0.0127133,-0.0171236,0.0239458
12429,0.138175,0.00122106,-0.025641,-0.0241176,-0.206143,0.401899,0.00917659,-0.0225153,0.030261
12441,0.138175,0.00122106,-0.102564,-0.0374666,-0.228063,0.396903,0.0391179,-0.00131281,0.0229511
12453,0.138175,0.00122106,-0.102564,-0.0449717,-0.232048,0.392608,-0.00951646,0.0131375,0.0140007
12465,0.138175,0.00122106,-0.17033,-0.0153819,-0.197667,0.386584,-0.0631326,0.0209406,0.00975512
12477,0.138175,0.00122106,-0.217949,0.0464944,-0.0295231,0.374798,-0.145205,-0.00238483,0.0324856
12489,0.138175,0.00122106,-0.217949,0.0739666,0.0558613,0.35206,-0.228663,-0.065955,0.0816461
12501,0.138175,0.00122106,-0.289377,0.0509672,-0.0079491,0.338548,-0.257145,-0.090992,0.104999
12513,0.138175,0.00122106,-0.335165,-0.0130748,-0.246207,0.352956,-0.285995,-0.066801,0.0835696
12525,0.138175,0.00122106,-0.335165,-0.0359688,-0.480824,0.394897,-0.317764,-0.00698017,0.0164779
12537,0.138175,0.00122106,-0.377289,-0.0385844,-0.668697,0.413182,-0.334621,0.0251903,-0.0146481
12549,0.138175,0.00122106,-0.406593,-0.0189482,-0.575084,0.413678,-0.318319,0.0419595,-0.0295562
12561,0.138175,0.00122106,-0.406593,-0.0628548,-0.365989,0.402356,-0.406428,0.0221667,-0.00602255
12573,0.138175,0.00122106,-0.434066,-0.0157557,-0.179776,0.373334,-0.465346,0.0304905,-0.0262016
12585,0.138175,0.00122106,-0.485348,-0.00164538,-0.0288338,0.349591,-0.518749,-0.0154288,0.0194782
12597,0.138175,0.00122106,-0.485348,0.00735838,0.0604608,0.310525,-0.532457,-0.0405578,0.0348942
12609,0.138175,0.00122106,-0.509157,-0.0740192,0.0117887,0.294172,-0.551745,-0.0493936,0.0460033
12621,0.138175,0.00122106,-0.531135,-0.0425279,-0.0652455,0.299583,-0.537892,0.0128188,-0.0171797
12633,0.138175,0.00122106,-0.531135,-0.0285519,-0.135554,0.317488,-0.532625,-0.00179699,0.00041316
12645,0.138175,0.00122106,-0.534798,0.0130468,-0.023003,0.302149,-0.538802,-0.00653392,0.00693793
12657,0.138175,0.00122106,-0.534798,-0.0128968,0.00704788,0.284501,-0.509605,-0.0437455,0.0439196
12669,0.138175,0.00122106,-0.534798,-0.0456526,-0.00201886,0.276483,-0.475659,-0.0237134,0.0291632
12681,0.138175,0.00122106,-0.558608,-0.0555416,-0.103764,0.284675,-0.489761,0.00610961,0.00993559
12693,0.138175,0.00122106,-0.558608,-0.0146577,-0.12583,0.297618,-0.44727,0.0191962,-0.00631397
12705,0.138175,0.00122106,-0.558608,-0.100038,-0.080303,0.278503,-0.509783,-0.00441078,0.026134
12717,0.138175,0.00122106,-0.578755,-0.0566008,-0.00788829,0.259413,-0.561108,0.0486761,-0.0364346
12729,0.138175,0.00122106,-0.578755,-0.0853061,0.0857523,0.257234,-0.577048,0.00948125,-0.00629376
12741,0.138175,0.00122106,-0.578755,-0.0742951,0.235753,0.23276,-0.629589,0.0202792,-0.0203724
12753,0.138175,0.00122106,-0.576923,-0.0831883,0.356141,0.210692,-0.696428,-0.00264962,-0.00739849
12765,0.138175,0.00122106,-0.576923,0.0113384,0.424486,0.185971,-0.679053,-0.0107971,-0.0120187
12779,0.138175,0.00122106,-0.576923,-0.0136318,0.430286,0.168468,-0.675125,-0.0777986,0.0600152
12790,0.138175,0.00122106,-0.578755,-0.0193521,0.439158,0.161816,-0.573561,-0.05873,0.0416363
12802,0.138175,0.00122106,-0.580586,-0.136538,0.275925,0.175957,-0.598036,-0.0448012,0.0476197
12814,0.138175,0.00122106,-0.580586,-0.00419991,0.136699,0.18795,-0.527743,0.0460657,-0.0503151
12826,0.138175,0.00122106,-0.604396,-0.0405568,0.105871,0.203567,-0.488031,-0.0260665,0.0417763
12838,0.138175,0.00122106,-0.64652,-0.0445264,0.284969,0.179992,-0.525875,0.00809438,0.0227964
12850,0.138175,0.00122106,-0.64652,0.010237,0.34601,0.167351,-0.558067,-0.00534669,0.0293225
12862,0.138175,0.00122106,-0.648352,-0.0522145,0.361704,0.169202,-0.589581,-0.0500304,0.0691699
12874,0.138175,0.00122106,-0.701465,-0.0132937,0.294525,0.16409,-0.646556,-0.00616854,0.0285245
12886,0.138175,0.00122106,-0.701465,-0.0715885,0.188038,0.170597,-0.681383,-0.0326088,0.0443719
12898,0.138175,0.00122106,-0.701465,-0.0437557,0.140748,0.168325,-0.718527,0.0125309,-0.00873805
12910,0.138175,0.00122106,-0.725275,-0.0106476,0.151117,0.177753,-0.727243,-0.00390764,0.00543061
12922,0.138175,0.00122106,-0.725275,-0.0186885,0.28336,0.170552,-0.741474,-0.0294499,0.0298725
12934,0.138175,0.00122106,-0.727106,-0.00083468,0.353141,0.162576,-0.740139,-0.0353163,0.0335776
12946,0.138175,0.00366306,-0.747253,-0.0517396,0.292611,0.155971,-0.739801,-0.0503422,0.0532252
12958,0.138175,0.00366306,-0.747253,-0.0122618,0.197045,0.159315,-0.738407,-0.00942291,0.0113597
12970,0.138175,0.00366306,-0.750916,-0.0113804,0.0942862,0.168775,-0.687535,-0.0286915,0.0319756
12982,0.138175,0.00366306,-0.752747,0.00745596,0.122763,0.170948,-0.658454,-0.0166041,0.0298172
12994,0.138175,0.00366306,-0.752747,-0.0273409,0.148287,0.172227,-0.673713,-0.029381,0.0486087
13006,0.138175,0.00366306,-0.754579,0.0403518,0.134986,0.179847,-0.670013,-0.00882877,0.0249739
13019,0.138175,0.00366306,-0.774725,0.0043385,0.0745189,0.189881,-0.636514,-0.0530171,0.0748454
13030,0.138175,0.00366306,-0.774725,-0.0511563,0.0222343,0.187226,-0.679929,-0.0208037,0.0483744
13042,0.138175,0.00366306,-0.776557,-0.0546517,-0.116028,0.192642,-0.737849,0.0181515,0.00032469
13054,0.138175,0.00366306,-0.778388,0.024662,-0.10591,0.214678,-0.70053,0.0260149,-0.0188287
13066,0.138175,0.00366306,-0.778388,-0.0431063,0.068002,0.200693,-0.801709,-0.0282439,0.0440045
13078,0.138175,0.00366306,-0.802198,0.0283024,0.203555,0.176455,-0.830778,-0.00186139,0.00203811
13090,0.138175,0.00366306,-0.824176,-0.0072495,0.144086,0.181887,-0.829901,-0.0608368,0.0611364
13102,0.138175,0.00366306,-0.824176,-0.00359984,0.160865,0.173183,-0.822153,-0.0317513,0.0314856
13114,0.138175,0.00366306,-0.824176,-0.0596176,0.00518964,0.175957,-0.868561,-0.0340656,0.0353871
13126,0.138175,0.00366306,-0.826007,0.051887,-0.0587247,0.179719,-0.764447,0.0129762,-0.0216233
13138,0.138175,0.00366306,-0.826007,-0.0338356,-0.0198975,0.196646,-0.800362,-0.0491818,0.0622929
13150,0.138175,0.00366306,-0.847985,-0.00694745,0.128812,0.182051,-0.780044,0.0039601,0.0052185
13162,0.138175,0.00366306,-0.851648,-0.0429837,0.0231924,0.195272,-0.875126,-0.0231936,0.0378422
13174,0.138175,0.00366306,-0.851648,0.0375996,0.0960828,0.179553,-0.818197,-4.817e-05,-0.00454831
13186,0.138175,0.00366306,-0.871795,-0.00078192,0.0393567,0.18256,-0.870748,-0.0528397,0.0646267
13198,0.138175,0.00366306,-0.956044,0.00886222,0.101178,0.161991,-0.798554,-0.0187886,0.0359272
13210,0.138175,0.00366306,-0.956044,-0.0238988,-0.0268652,0.174834,-0.924567,-0.0215552,0.0529444
13222,0.138175,0.00366306,-1.07692,0.0411044,-0.0335815,0.184955,-0.835485,0.00996005,0.0195645
13234,0.138175,0.004884,-1.14469,-0.0534233,-0.0281661,0.198017,-0.927154,-0.0200996,0.0810038
13246,0.138175,0.004884,-1.14469,-0.0213795,0.0113605,0.182404,-0.987704,0.0347148,0.00697907
13258,0.138175,0.004884,-1.2033,-0.00407776,0.00602737,0.181338,-1.11805,0.0105908,0.0313263
13270,0.138175,0.00610507,-1.22344,0.0506852,0.126424,0.167246,-1.14176,-0.0114427,0.0323097
13282,0.138175,0.00610507,-1.22344,0.0104443,0.13399,0.151879,-1.20006,-0.0602431,0.0777278
13294,0.138175,0.00610507,-1.24542,-0.0302215,0.0720505,0.157115,-1.19594,-0.0350473,0.0448486
13306,0.138175,0.00610507,-1.24542,-0.0415409,-0.120595,0.174334,-1.26323,-0.00188295,0.0116549
13318,0.138175,0.00610507,-1.24542,0.0148881,-0.185575,0.186677,-1.22175,0.0136553,-0.0175974
13330,0.138175,0.00732601,-1.24176,0.00177071,-0.114991,0.186087,-1.19186,-0.0174455,0.021565
13342,0.138175,0.00732601,-1.24176,-0.00809264,-0.00368978,0.169972,-1.20142,-0.011232,0.0211211
13353,0.138175,0.00732601,-1.24176,-0.013894,0.0435726,0.170232,-1.14504,-0.0129642,0.0211329
13366,0.138175,0.00732601,-1.23993,-0.0266248,0.0590314,0.170072,-1.20011,-0.00757316,0.0263329
13378,0.138175,0.00732601,-1.24542,0.00789016,0.0261327,0.161595,-1.19771,-0.00484276,0.0138537
13390,0.138175,0.00732601,-1.24542,-0.0184228,0.0227218,0.155353,-1.2132,-0.0249634,0.0348844
13402,0.138175,0.00732601,-1.26557,0.0170703,0.0311835,0.150677,-1.18652,-0.00540551,0.0157775
13414,0.138175,0.00732601,-1.26557,-0.0430567,0.0289157,0.155151,-1.16867,-0.0276291,0.0437485
13426,0.138175,0.00732601,-1.26557,-0.00036507,0.0699503,0.154287,-1.16021,0.0154887,0.0031142
13438,0.138175,0.00732601,-1.26557,-0.0351829,0.0440149,0.157637,-1.1739,-0.0165527,0.0375977
13450,0.138175,0.00732601,-1.2674,0.0438653,0.0490356,0.148046,-1.15734,0.00821747,0.00990399
13462,0.138175,0.00732601,-1.2674,-0.00966156,0.0309,0.148004,-1.15291,-0.0443837,0.0669792
13474,0.138175,0.00732601,-1.29304,0.00530011,0.0439012,0.142331,-1.11343,-0.00289766,0.0303905
13486,0.138175,0.00732601,-1.31502,-0.0532081,0.00257213,0.158448,-1.18518,-0.00780301,0.0474461
13498,0.138175,0.00732601,-1.31502,0.0319435,0.0210518,0.161193,-1.17075,0.0275764,-0.00283827
13510,0.138175,0.00732601,-1.32051,-0.049654,0.035397,0.158314,-1.24802,-0.0312331,0.0612603
13522,0.138175,0.00610507,-1.32051,0.0752247,0.0295326,0.141244,-1.22198,0.0167212,-0.00291661
13534,0.138175,0.00610507,-1.32051,-0.0705473,-0.0250521,0.153704,-1.21774,-0.0650627,0.085868
13546,0.138175,0.00610507,-1.34066,-0.00017931,-0.0164642,0.152343,-1.19481,0.0415329,-0.0184999
13558,0.138175,0.00610507,-1.34066,-0.113294,-0.0436441,0.17223,-1.29614,-0.00553317,0.0341593
13570,0.138175,0.00610507,-1.34066,0.104487,0.0456128,0.156409,-1.2292,0.0632414,-0.0560728
13582,0.138175,0.00610507,-1.36996,-0.034825,0.0455177,0.155117,-1.27019,-0.0840168,0.112793
13594,0.138175,0.00610507,-1.37179,0.00576784,0.141439,0.127167,-1.18783,0.00875983,0.0109361
13606,0.138175,0.00610507,-1.37179,-0.108474,-0.0703202,0.16285,-1.25821,-0.0165462,0.0530408
13618,0.138175,0.004884,-1.3956,0.0408495,-0.0145515,0.155817,-1.19811,0.0719329,-0.0468215
13630,0.138175,0.004884,-1.42125,-0.0937013,-0.0485739,0.160582,-1.30551,-0.0270367,0.0712864
13642,0.138175,0.004884,-1.42125,0.0677874,0.100824,0.132034,-1.26886,0.0580226,-0.0368021
13654,0.138175,0.00366306,-1.42308,-0.0226464,0.0162976,0.152186,-1.25563,-0.0597316,0.0913753
13666,0.138175,0.00366306,-1.44322,0.0488872,0.117224,0.134615,-1.15755,0.0111531,0.0252824
13678,0.138175,0.00366306,-1.44322,-0.0899048,-0.0637077,0.158722,-1.21039,-0.0354672,0.0922778
13690,0.138175,0.00366306,-1.44506,0.0178849,-0.0652365,0.151952,-1.19368,0.0682727,-0.0240393
13702,0.138175,0.00366306,-1.45055,-0.0823292,-0.088657,0.16615,-1.29968,-0.00341168,0.0536615
13714,0.138175,0.00366306,-1.45055,0.0586835,-0.00166912,0.147504,-1.25207,0.0562182,-0.0281227
13726,0.138175,0.00366306,-1.49267,-0.00445237,-0.0298169,0.161323,-1.31513,-0.0380607,0.0859988
13738,0.138175,0.00122106,-1.49634,-0.0182359,0.0645537,0.14059,-1.20257,0.0006215,0.0347649
13750,0.138175,0.00122106,-1.49634,-0.0800276,-0.124118,0.165429,-1.3359,0.0153269,0.04183
13762,0.138175,0.00122106,-1.5,0.00441778,-0.0990536,0.163331,-1.29128,0.0586741,-0.028082
13774,0.138175,0.00122106,-1.5,-0.0222576,-0.0773833,0.158376,-1.39793,0.00268182,0.0379723
13786,0.138175,0.00122106,-1.5,0.0649821,0.0370503,0.142495,-1.27165,0.0094688,0.0101835
13798,0.138175,0.00122106,-1.5,-0.0728836,0.0576811,0.150696,-1.34753,-0.0465627,0.0923402
13810,0.138175,0.00366306,-1.5,0.0357935,-0.0189086,0.145514,-1.23061,0.0392437,-0.010296
13822,0.138175,0.00366306,-1.5,-0.0941362,-0.128297,0.167784,-1.28553,-0.0177953,0.0708765
13834,0.138175,0.00366306,-1.5,0.0771262,-0.0759182,0.15181,-1.25253,0.0736945,-0.0336029
13846,0.138175,0.00366306,-1.5,-0.0431985,-0.111151,0.154467,-1.32381,-0.0444443,0.0938038
13858,0.138175,0.00366306,-1.5,0.0182571,-0.0307383,0.142629,-1.23528,0.0345823,-0.00104716
13870,0.138175,0.00366306,-1.5,-0.0927349,-0.144681,0.166516,-1.34378,-0.00485042,0.0567052
13882,0.138175,0.00366306,-1.5,0.0232088,-0.0606951,0.161598,-1.28251,0.0685366,-0.0397352
13894,0.138175,0.00366306,-1.5,-0.0579068,-0.142065,0.153456,-1.31494,-0.0122396,0.054994
13906,0.138175,0.00366306,-1.5,0.0626938,-0.088859,0.136871,-1.23506,0.0482808,-0.0133593
13918,0.138175,0.004884,-1.5,-0.0851287,-0.140185,0.145595,-1.23746,-0.030115,0.0825467
13929,0.138175,0.004884,-1.5,-0.0789872,-0.065997,0.148564,-1.19079,0.0753892,-0.0259402
13942,0.138175,0.004884,-1.5,-0.11375,-0.114503,0.165499,-1.32655,0.0692576,-0.0104648
13954,0.138175,0.004884,-1.5,0.102089,-0.00314119,0.150702,-1.21402,0.0824854,-0.0506099
13966,0.138175,0.004884,-1.5,-0.0450628,0.0980267,0.121896,-1.23676,-0.06377,0.112793
13978,0.138175,0.004884,-1.5,-0.0672437,0.197251,0.0882081,-1.19971,0.0303363,0.0205323
13990,0.138175,0.004884,-1.5,-0.0700064,0.0184404,0.116423,-1.26502,0.0443698,0.0135206
14002,0.138175,0.004884,-1.5,0.0399069,0.047649,0.128626,-1.19262,0.0519649,-0.00720539
14014,0.138175,0.004884,-1.5,-0.0428921,0.0881276,0.111827,-1.21666,-0.0206898,0.0813362
14026,0.138175,0.004884,-1.5,0.004124,0.0723387,0.0879942,-1.1688,0.032584,0.0221563
14038,0.138175,0.004884,-1.5,-0.0766439,-0.05398,0.110918,-1.2046,0.0083063,0.0563521
14050,0.138175,0.004884,-1.5,-0.0150795,-0.0822425,0.121391,-1.14281,0.068955,-0.0128403
14062,0.138175,0.004884,-1.5,-0.0865571,-0.0463301,0.130807,-1.22014,0.033659,0.0353398
14074,0.138175,0.004884,-1.5,0.0530091,0.0548725,0.114564,-1.21753,0.0717434,-0.0187296
14086,0.138175,0.004884,-1.5,-0.0660997,0.104973,0.101786,-1.32472,-0.0314144,0.0874479
14098,0.138175,0.004884,-1.5,0.0469549,0.13056,0.0831001,-1.27585,0.0377256,-0.0042284
14110,0.138175,0.004884,-1.5,-0.0283252,-0.0500624,0.103914,-1.3234,-0.0360937,0.0809023
14122,0.138175,0.004884,-1.5,0.00399942,-0.00688344,0.102537,-1.26191,0.0243051,0.00961602
14134,0.138175,0.00366306,-1.5,-0.0698055,-0.194811,0.113516,-1.25906,0.00435251,0.0421047
14146,0.138175,0.00366306,-1.5,0.0123037,-0.195019,0.120778,-1.17587,0.0701904,-0.0248928
14158,0.138175,0.004884,-1.5,-0.0747124,-0.178065,0.119438,-1.22908,0.0208637,0.0418591
14170,0.138175,0.004884,-1.5,0.0271195,-0.0613197,0.110369,-1.14458,0.0746624,-0.0235901
14182,0.138175,0.004884,-1.5,-0.0649306,-0.0321681,0.110616,-1.24702,0.00361244,0.0657635
14193,0.138175,0.004884,-1.5,0.0397103,0.0477988,0.0973939,-1.17449,0.054947,-0.00678322
14206,0.138175,0.004884,-1.5,-0.0751974,0.00377956,0.0960664,-1.23203,-0.0157693,0.0798535
14218,0.138175,0.004884,-1.5,0.0302691,0.0294146,0.0793816,-1.19348,0.0619557,-0.0109862
14230,0.138175,0.004884,-1.5,-0.0279277,-0.113008,0.0878265,-1.23984,-0.00781213,0.0679788
14242,0.138175,0.004884,-1.5,-0.00621822,-0.103224,0.0898772,-1.13354,0.0389199,0.0109497
14254,0.138175,0.004884,-1.5,-0.0818277,-0.244858,0.101717,-1.17297,0.03322,0.037588
14266,0.138175,0.004884,-1.5,-0.0197175,-0.191285,0.109086,-1.11132,0.0922854,-0.0307085
14278,0.138175,0.004884,-1.5,-0.0929761,-0.146129,0.105915,-1.20449,0.0501374,0.0245346
14290,0.138175,0.004884,-1.5,0.0350771,0.00688094,0.0796613,-1.14793,0.0883731,-0.0327775
14302,0.138175,0.004884,-1.5,-0.0479879,0.121491,0.0611517,-1.25659,-0.00487605,0.0738643
14314,0.138175,0.004884,-1.5,0.0290137,0.207379,0.0417458,-1.17381,0.0343933,0.0125323
14326,0.138175,0.004884,-1.5,-0.0936263,0.0435027,0.051198,-1.23764,-0.0160796,0.0804635
14338,0.138175,0.00610507,-1.5,-0.00425801,-0.0227391,0.0474659,-1.15102,0.0753631,-0.0257591
14350,0.138175,0.00610507,-1.5,-0.0676969,-0.108752,0.0628654,-1.13476,0.0277493,0.0398489
14362,0.138175,0.00610507,-1.5,-0.0757609,-0.0336773,0.0546207,-1.12999,0.0788639,-0.00936197
14374,0.138175,0.00610507,-1.5,-0.0283537,0.0294193,0.0494653,-1.17349,0.0795085,-0.00901478
14386,0.138175,0.00610507,-1.5,-0.0363826,0.208812,0.0464988,-1.17296,0.0377426,0.025276
14398,0.138175,0.00610507,-1.5,-0.0455301,0.274689,0.016301,-1.30029,0.0288182,0.0346846
14410,0.138175,0.00610507,-1.5,0.00126305,0.287112,0.00394676,-1.23736,0.0202571,0.0186019
14422,0.138175,0.00610507,-1.5,-0.0462891,0.192251,-0.00196578,-1.27505,-0.00584584,0.0576403
14434,0.138175,0.00610507,-1.5,-0.0220861,0.187995,-0.00760378,-1.27183,0.0318228,0.0116276
14446,0.138175,0.00610507,-1.5,-0.0441129,0.116019,0.0141536,-1.20467,0.0162789,0.028162
14458,0.138175,0.00610507,-1.5,-0.0579187,0.113375,0.0179483,-1.23329,0.0418946,0.015015
14470,0.138175,0.00610507,-1.5,-0.0114795,0.134725,0.0175878,-1.18478,0.0485196,0.00263312
14482,0.138175,0.00732601,-1.5,-0.0664925,0.145945,0.0117916,-1.23026,0.0194749,0.0418668
14494,0.138175,0.00732601,-1.5,-0.0218969,0.217663,-0.00201398,-1.22028,0.0527753,-0.00109724
14506,0.138175,0.00732601,-1.5,-0.0416486,0.162769,-0.00222186,-1.23222,0.0182851,0.0362208
14518,0.138175,0.00732601,-1.5,-0.0225359,0.265253,-0.0110306,-1.28767,0.0353554,0.0163649
14530,0.138175,0.00732601,-1.5,-0.00553416,0.263018,-0.0125289,-1.2216,0.00911739,0.0324661
14542,0.138175,0.00732601,-1.5,-0.017201,0.264137,-0.0157804,-1.28255,0.00410185,0.0505222
14554,0.138175,0.00732601,-1.5,-0.00028506,0.207927,-0.0180539,-1.23022,0.00647568,0.0361718
14566,0.138175,0.00732601,-1.5,-0.0522073,0.123684,-0.00653886,-1.22671,0.00471819,0.0481536
14578,0.138175,0.00732601,-1.5,0.0145975,0.0902824,-0.00043412,-1.21695,0.0468501,0.00564268
14590,0.138175,0.00732601,-1.5,-0.0505796,0.0898708,0.0141624,-1.18922,0.00371436,0.0516616
14602,0.138175,0.00732601,-1.5,0.0592579,0.112582,0.0052568,-1.18267,0.0501529,0.00956216
14614,0.138175,0.00732601,-1.5,-0.0588617,0.0936944,0.00981296,-1.22982,-0.0262668,0.0890705
14626,0.138175,0.00732601,-1.5,0.0557593,0.0761042,0.00181145,-1.18556,0.0520448,-0.00031273
14638,0.138175,0.00732601,-1.5,-0.0593816,-0.00371014,0.0256565,-1.2423,-0.0207772,0.0828526
14650,0.138175,0.00732601,-1.5,0.0521712,-0.0605596,0.0193185,-1.19064,0.0577003,-0.00863818
14662,0.138175,0.00732601,-1.5,-0.0709348,-0.145772,0.0327981,-1.22883,-0.0091952,0.0698727
14674,0.138175,0.00732601,-1.5,0.0459112,-0.152853,0.0262434,-1.18037,0.0780544,-0.0269678
14686,0.138175,0.00732601,-1.5,-0.0774592,-0.229024,0.0410846,-1.22572,0.00309153,0.0592196
14698,0.138175,0.00732601,-1.5,0.00101921,-0.073738,0.0336004,-1.15192,0.0889483,-0.0375884
14710,0.138175,0.00732601,-1.5,-0.0693701,-0.0228569,0.034179,-1.25707,0.0296874,0.0376433
14722,0.138175,0.00732601,-1.5,0.0534917,0.0681262,0.013836,-1.17117,0.0639342,-0.0179259
14734,0.138175,0.00732601,-1.5,-0.0871928,0.135473,0.00236547,-1.29492,-0.0183163,0.0831401
14746,0.138175,0.00732601,-1.5,0.0383652,0.177021,-0.0177563,-1.22077,0.0625996,-0.0238089
14758,0.138175,0.00732601,-1.5,-0.0538848,0.0488447,0.00173405,-1.25241,-0.0185975,0.0738322
14770,0.138175,0.00732601,-1.5,-0.0124364,0.0507394,-0.00545556,-1.221,0.0508921,-0.00359527
14782,0.138175,0.00732601,-1.5,-0.0528931,-0.00398646,0.00238146,-1.19012,0.025792,0.0282387
14794,0.138175,0.00732601,-1.5,-0.0602313,0.0495427,0.00176837,-1.17597,0.0605664,-0.0013587
14806,0.138175,0.00732601,-1.5,0.00294567,0.123585,-0.00519669,-1.19239,0.0626592,-0.00068165
14818,0.138175,0.00732601,-1.5,0.0122396,0.207981,-0.014073,-1.14667,0.0118812,0.0481423
14830,0.138175,0.00732601,-1.5,-0.0232393,0.30819,-0.029681,-1.25566,0.00378125,0.0654573
14842,0.138175,0.00732601,-1.5,-0.00568615,0.194808,-0.0316918,-1.18234,0.0109813,0.0368658
14854,0.138175,0.00732601,-1.5,-0.0270231,0.113261,-0.0199741,-1.25713,0.015523,0.046454
14866,0.138175,0.00732601,-1.5,0.0281988,0.0573829,-0.0168985,-1.21091,0.0286217,0.0183377
14878,0.138175,0.00976801,-1.5,-0.0202719,0.053143,-0.00857965,-1.23555,-0.0005607,0.057189
14890,0.138175,0.00732601,-1.5,0.0380764,0.0385412,-0.00836378,-1.21469,0.0299072,0.0211848
14902,0.138175,0.00732601,-1.5,-0.0475842,-0.0334911,0.00942311,-1.19854,-0.00727597,0.0633022
14914,0.138175,0.00976801,-1.5,0.00850201,-0.0609779,0.0119659,-1.17881,0.0580633,-0.00047298
14926,0.138175,0.00976801,-1.5,-0.00935213,-0.140191,0.0245686,-1.17147,0.0231756,0.0390625
14938,0.138175,0.00976801,-1.5,-0.0111794,-0.105792,0.0158743,-1.17724,0.041572,0.0215951
14950,0.138175,0.00976801,-1.5,-0.00858657,-0.0885865,0.0125468,-1.19017,0.0402773,0.0218242
14962,0.138175,0.00976801,-1.5,-0.0364654,-0.0304505,0.0169509,-1.22599,0.0361264,0.0235597
14974,0.138175,0.00976801,-1.5,0.0206224,0.0148629,0.0117879,-1.25561,0.0467127,0.00577263
14986,0.138175,0.00976801,-1.5,-0.0482885,0.0214066,0.00562492,-1.27926,0.00106572,0.0467361
14998,0.138175,0.00976801,-1.5,0.0172632,0.0371201,-0.0051339,-1.28373,0.0465326,-0.00441354
15010,0.138175,0.00976801,-1.5,-0.060823,-0.0298208,-0.00492098,-1.28202,0.00046024,0.0418767
15022,0.138175,0.00976801,-1.5,0.00991598,0.0757302,-0.00553508,-1.31169,0.0601994,-0.0189866
15034,0.138175,0.00976801,-1.5,-0.0153881,0.0686837,-0.00339485,-1.27272,-0.00032275,0.0372465
15046,0.138175,0.00976801,-1.5,0.0364734,0.155213,-0.0134392,-1.30118,0.0213607,0.0226739
15058,0.138175,0.00976801,-1.5,0.0141539,0.0774444,-0.0166732,-1.21104,-0.0234873,0.0630853
15070,0.138175,0.00976801,-1.5,-0.0113238,0.0237442,-0.0115012,-1.21871,0.00747138,0.0489638
15082,0.138175,0.00976801,-1.5,0.00889299,-0.0913997,-0.00030186,-1.22444,0.0282993,0.0260965
15094,0.138175,0.00976801,-1.5,-0.0397797,-0.145843,0.0168017,-1.19486,0.0221716,0.0311344
15106,0.138175,0.00976801,-1.5,0.0172236,-0.0865631,0.0140237,-1.25077,0.0615846,-0.00346531
15118,0.138175,0.00976801,-1.5,-0.00114363,-0.105975,0.0112183,-1.20088,0.0120531,0.0363418
15130,0.138175,0.00976801,-1.5,-0.0487417,0.0229984,0.00042883,-1.2904,0.0314974,0.0261848
15142,0.138175,0.00976801,-1.5,0.00744022,-0.0319003,0.00023357,-1.29865,0.0461366,-0.00618429
15154,0.138175,0.00976801,-1.5,-0.0623028,0.033535,-0.00276458,-1.37197,0.010992,0.0281137
15166,0.138175,0.00976801,-1.5,0.0651633,0.0720233,-0.019761,-1.2884,0.047032,-0.0230483
15178,0.138175,0.00976801,-1.5,-0.0374859,0.0521935,-0.011309,-1.33424,-0.0346205,0.0768987
15190,0.138175,0.00976801,-1.5,0.00511927,0.161839,-0.0341954,-1.32711,0.0328079,-0.00109112
15202,0.138175,0.00976801,-1.5,-0.0105137,-0.0676283,-0.0124651,-1.26776,-0.00283368,0.0368847
15214,0.138175,0.00976801,-1.5,0.0350505,0.0326479,-0.0128115,-1.21176,0.0306117,0.0140468
15226,0.138175,0.00976801,-1.5,0.012802,-0.100284,-0.0122706,-1.19498,-0.00373997,0.0602523
15238,0.138175,0.00976801,-1.5,-0.0310407,-0.08285,-0.0142984,-1.11527,0.0242265,0.0347877
15250,0.138175,0.00976801,-1.5,-0.0248486,-0.210301,0.00459157,-1.18132,0.0610897,0.0126763
15262,0.138175,0.00976801,-1.5,-0.0291551,-0.168149,0.0111093,-1.13636,0.0590758,0.00169115
15274,0.138175,0.00976801,-1.5,-0.0038662,-0.0290666,0.00045901,-1.23923,0.0623135,0.00721202
15286,0.138175,0.00976801,-1.5,0.0412756,0.0189168,-0.0151742,-1.17843,0.0243429,0.0260791
15298,0.138175,0.00976801,-1.5,-0.0511124,0.12355,-0.0337832,-1.31784,-0.003444,0.066458
15310,0.138175,0.00976801,-1.5,0.0379965,0.0655741,-0.0395547,-1.24447,0.0401233,-0.00529787
15322,0.138175,0.00976801,-1.5,-0.0740173,-0.0171198,-0.021921,-1.29339,-0.00908415,0.0593576
15334,0.138175,0.00976801,-1.5,0.0266568,0.00181732,-0.027125,-1.27221,0.0688304,-0.0300283
15346,0.138175,0.00976801,-1.5,-0.0426647,-0.120621,-0.0224705,-1.23758,0.00012993,0.0444385
15358,0.138175,0.00976801,-1.5,-0.018594,0.0108669,-0.0284411,-1.19837,0.0611573,-0.0113557
15370,0.138175,0.00976801,-1.5,-0.0536064,-0.0080655,-0.034506,-1.27591,0.0380206,0.0201187
15382,0.138175,0.00976801,-1.5,0.0235985,0.13602,-0.0368661,-1.18952,0.0568734,-0.0143613
15394,0.138175,0.00976801,-1.5,0.00546023,0.147361,-0.0432716,-1.30239,0.00014594,0.0607285
15406,0.138175,0.00976801,-1.5,-0.0273315,0.240939,-0.070735,-1.20125,0.00141212,0.0373634
15418,0.138175,0.00976801,-1.5,-0.0342285,0.0719233,-0.0663192,-1.35365,0.0288869,0.0291287
15430,0.138175,0.00976801,-1.5,-0.0037317,0.0923702,-0.0601289,-1.218,0.0323768,-0.00442088
15442,0.138175,0.00976801,-1.5,-0.00097939,0.094787,-0.0572776,-1.33121,0.022164,0.0325865
15454,0.138254,0.00976801,-1.5,0.0910774,0.179176,-0.0667949,-1.18182,0.00874954,0.0241685
15466,0.138175,0.00976801,-1.5,-0.0572854,0.174049,-0.0618652,-1.25513,-0.046493,0.11001
15478,0.138175,0.00976801,-1.5,-0.0198793,0.0875771,-0.0704637,-1.2369,0.0490453,-0.00210815
15490,0.138254,0.00976801,-1.5,-0.0208837,-0.105845,-0.0340134,-1.2341,0.0328834,0.0179157
15502,0.138254,0.00976801,-1.5,0.046693,-0.0831881,-0.0322741,-1.17374,0.0462895,0.00455507
15514,0.138254,0.00976801,-1.5,-0.0347704,-0.0395063,-0.0495363,-1.25018,0.00331703,0.06036
15526,0.138254,0.00976801,-1.5,-0.00968592,0.0449653,-0.0564216,-1.18201,0.0503605,-0.00269097
15538,0.138254,0.00976801,-1.5,-0.0562736,-0.0318246,-0.0363398,-1.29392,0.0333049,0.0281801
15550,0.138254,0.00976801,-1.5,0.0314345,0.0744365,-0.050194,-1.21332,0.0590798,-0.0201656
15562,0.138175,0.00976801,-1.5,0.0106305,0.0734742,-0.0615311,-1.28462,-0.00123001,0.0574233
15574,0.138175,0.00976801,-1.5,0.0150637,0.141601,-0.0856125,-1.15012,0.00743025,0.0346125
15586,0.138175,0.00976801,-1.5,-0.026309,-0.0118205,-0.0673915,-1.26306,0.0141559,0.0541121
15598,0.138175,0.00976801,-1.5,0.017841,0.0182814,-0.0558137,-1.1292,0.0427259,0.00263102
15610,0.138175,0.00976801,-1.5,-0.0272615,-0.0532555,-0.0466127,-1.24745,0.0215666,0.0504993
15622,0.138175,0.00976801,-1.5,0.0493603,0.0297486,-0.0589001,-1.14019,0.0463102,0.00197338
15634,0.138175,0.00976801,-1.5,-0.0156693,-0.0377222,-0.0587189,-1.19206,-0.00197183,0.0724479
15646,0.138175,0.00976801,-1.5,0.0194548,0.00199628,-0.0690022,-1.17146,0.0435638,0.015637
15658,0.138175,0.00976801,-1.5,-0.0515505,-0.0707016,-0.0539243,-1.22991,0.0189667,0.044879
15670,0.138175,0.00976801,-1.5,0.0300529,-0.0501387,-0.041744,-1.16172,0.0669843,-0.0157674
15682,0.138175,0.00976801,-1.5,-0.0102506,-0.112238,-0.0471025,-1.20075,0.0142366,0.0515702
15694,0.138175,0.00976801,-1.5,-0.0125633,0.00454858,-0.06282,-1.19033,0.0439967,0.0134221
15706,0.138175,0.00976801,-1.5,-0.00473029,-0.0103988,-0.0652727,-1.21179,0.0384876,0.0212119
15718,0.138175,0.00976801,-1.5,0.0127665,0.0286349,-0.060342,-1.14972,0.0324505,0.0231773
15729,0.138175,0.00976801,-1.5,-0.0195449,0.0663339,-0.0667481,-1.23381,0.0226689,0.0453666
15742,0.138175,0.00976801,-1.5,0.0162171,0.0420704,-0.0739314,-1.16747,0.0343691,0.0169803
15754,0.138175,0.00976801,-1.5,-0.0254596,-0.0034044,-0.0760515,-1.21796,0.0187636,0.0459062
15766,0.138175,0.00976801,-1.5,-0.0492943,0.00214196,-0.0789661,-1.17517,0.0466715,0.00742636
15777,0.138175,0.00976801,-1.5,-0.02154,-0.0120521,-0.0660904,-1.22494,0.0671592,-0.0051632
15790,0.138175,0.00976801,-1.5,0.0529884,0.0650198,-0.0721829,-1.16987,0.0430261,0.00978153
15802,0.138175,0.00976801,-1.5,0.0130842,0.173762,-0.0878106,-1.18642,-0.00899393,0.0738644
15814,0.138175,0.00976801,-1.5,-0.0416784,0.136373,-0.105294,-1.15258,0.00955586,0.0517489
15826,0.138175,0.00976801,-1.5,-0.072009,-0.0321601,-0.0809314,-1.18006,0.0555489,0.0112699
15838,0.138175,0.00976801,-1.5,0.0293071,-0.0836006,-0.0602479,-1.10384,0.0854351,-0.0248551
15850,0.138175,0.00976801,-1.5,0.00301673,-0.0174852,-0.0718072,-1.13327,0.024944,0.0519073
15862,0.138175,0.00976801,-1.5,0.0131327,0.111929,-0.0958515,-1.1083,0.0359439,0.034959
15874,0.138175,0.00976801,-1.5,-0.0939653,0.0982532,-0.0909235,-1.158,0.0230099,0.0532063
15886,0.138175,0.00976801,-1.5,-0.0192679,0.0540842,-0.0816796,-1.19325,0.0929761,-0.0281307
15898,0.138175,0.00976801,-1.5,0.0315845,0.0779788,-0.0711939,-1.16264,0.0405835,0.0185449
15910,0.138175,0.00976801,-1.5,0.0440333,0.141845,-0.100219,-1.08707,0.00536116,0.0606007
15922,0.138175,0.00976801,-1.5,-0.0506338,0.188049,-0.119301,-1.09247,0.00163363,0.0792653
15934,0.138175,0.00976801,-1.5,-0.0770596,0.148778,-0.107042,-1.09654,0.0646852,0.013731
15946,0.138175,0.00976801,-1.5,-0.00676408,0.0694017,-0.0805209,-1.1542,0.0846399,-0.00752416
15958,0.138175,0.00976801,-1.5,0.0682653,0.13072,-0.087122,-1.15951,0.0343468,0.0325828
15970,0.138175,0.00976801,-1.49634,-0.0165857,0.20969,-0.120961,-1.16556,-0.0228974,0.0894676
15982,0.138175,0.00976801,-1.49634,-0.0585274,0.164501,-0.131085,-1.19836,0.032021,0.0321633
15994,0.138175,0.00976801,-1.49634,-0.0565925,0.0375549,-0.0949105,-1.22444,0.0625864,-0.00557373
16006,0.138175,0.00976801,-1.49634,0.0417589,0.0932747,-0.0753665,-1.18832,0.0656862,-0.0139757
16018,0.138175,0.00976801,-1.49634,0.0875429,0.239779,-0.0967365,-1.10847,-0.00539554,0.0658829
16030,0.138175,0.00732601,-1.49634,-0.0323355,0.239817,-0.127984,-1.11324,-0.0395956,0.112793
16042,0.138175,0.00732601,-1.49634,-0.033504,0.096323,-0.118341,-1.10422,0.0459694,0.0281551
16054,0.138175,0.00732601,-1.49634,-0.0176563,-0.0933198,-0.0716445,-1.11202,0.0585755,0.0168801
16066,0.138175,0.00732601,-1.46886,0.0556736,-0.0989332,-0.0614157,-1.12153,0.0553079,0.013135
16078,0.138175,0.00976801,-1.44506,0.0108244,-0.0173049,-0.0784325,-1.10971,0.00100612,0.0621803
16090,0.138175,0.00976801,-1.44506,-0.00049014,0.0742929,-0.0900848,-1.06784,0.0281139,0.0368316
16102,0.138175,0.00976801,-1.41758,-0.018069,0.0287548,-0.0809291,-1.09926,0.0309108,0.0368756
16114,0.138175,0.00976801,-1.34432,0.00852117,0.0158702,-0.0686249,-1.07767,0.0357743,0.011374
16126,0.138175,0.00976801,-1.34432,0.00813724,0.00351002,-0.0702174,-1.11848,0.0193347,0.032408
16138,0.138175,0.0280831,-1.31319,0.0616136,0.0362463,-0.0829975,-1.02695,0.0155582,0.0221887
16150,0.138175,0.0280831,-1.28755,-0.0479603,0.0188333,-0.088989,-0.996711,-0.0165218,0.0679407
16162,0.138175,0.0280831,-1.28755,-0.0101176,0.00850879,-0.0864714,-1.02111,0.0643021,-0.0088704
16174,0.138175,0.029304,-1.2619,0.00284769,-0.0158193,-0.0577439,-0.989872,0.0339624,0.0123773
16186,0.138175,0.0305251,-1.21062,0.048794,0.0699484,-0.0638241,-0.973607,0.0223758,0.0202864
16198,0.138175,0.0305251,-1.21062,0.00538772,0.055593,-0.0835156,-0.976329,-0.0143492,0.0611339
16210,0.138175,0.0329671,-1.17399,-0.00768351,0.0182683,-0.0930208,-0.920224,0.0152111,0.0231738
16222,0.138175,0.034188,-1.0989,-0.011701,0.00037199,-0.0724624,-0.877319,0.0265401,0.00783171
16234,0.138175,0.034188,-1.0989,0.0365581,0.00727777,-0.0626275,-0.788824,0.0329765,0.00961882
16246,0.138175,0.0500611,-0.983517,-0.0373174,0.0912306,-0.0708363,-0.782913,-0.00303465,0.0412176
16258,0.138175,0.0647131,-0.899267,0.0355723,0.0822825,-0.0834927,-0.729309,0.0357769,-0.0137426
16270,0.138175,0.0647131,-0.899267,0.0353073,0.0292745,-0.0722469,-0.66734,-0.007506,0.0410311
16282,0.138175,0.0659341,-0.763736,0.00424742,0.0493113,-0.0773646,-0.634748,-0.0110704,0.030235
16294,0.138175,0.0683761,-0.650183,-0.00197603,-0.0597212,-0.0697179,-0.570335,0.00163846,0.00141057
16306,0.138175,0.0683761,-0.650183,0.0163583,-0.14225,-0.0454352,-0.445535,0.0204781,-0.00537281
16318,0.138175,0.0830281,-0.46337,-0.0181928,-0.129787,-0.04447,-0.425588,0.00763734,-0.00444483
16330,0.138175,0.0830281,-0.35348,-0.00165004,-0.125688,-0.0494724,-0.327371,0.0216877,-0.0364077
16342,0.138175,0.0830281,-0.35348,-0.0494879,-0.111768,-0.0430994,-0.260781,0.0199336,-0.0153929
16354,0.138175,0.0573871,-0.285714,-0.0391034,-0.0620501,-0.0439656,-0.244043,0.0486803,-0.0450319
16366,0.138175,0.00976801,-0.128205,-0.0277535,-0.0255526,-0.0451716,-0.267422,0.0191517,-0.0423132
16378,0.138175,0.00976801,-0.128205,0.00873927,-0.0219922,-0.0548675,-0.252714,0.00612149,-0.0335174
16390,0.138175,0.00732601,-0.00183159,0.00333209,-0.0203984,-0.0574077,-0.238924,-0.0295937,-0.0188101
16402,0.138175,0.00610507,-0.00183159,-0.0265834,-0.0680122,-0.0590432,-0.215171,-0.0245125,-0.0213103
16414,0.138175,0.00610507,-0.00183159,-0.00850564,-0.178065,-0.0428382,-0.0890173,0.00260237,-0.0444566
16426,0.138175,0.00610507,0.003663,-0.0489578,-0.23368,-0.0231415,0.0286561,0.00934061,-0.0278543
16438,0.138175,0.004884,0.003663,-0.0582997,-0.211474,-0.0247615,0.0918187,0.0513556,-0.0478849
16450,0.138175,0.004884,0.003663,-0.0461817,-0.16189,-0.0289619,0.137376,0.0622887,-0.0466947
16462,0.138175,0.004884,0.003663,-0.0577266,-0.0444517,-0.0333101,0.129025,0.0546405,-0.0299071
16474,0.138175,0.00366306,0.003663,-0.0579589,0.037032,-0.0423919,0.0899361,0.0524214,-0.029157
16486,0.138175,0.00366306,0.003663,-0.0705963,0.081926,-0.0529348,0.0692005,0.0429298,-0.0270118
16498,0.138175,0.00366306,0.003663,-0.0455614,0.135664,-0.0614761,-0.0469604,0.046977,-0.0351657
16510,0.138175,0.00122106,0.003663,-0.0483028,0.159998,-0.0769044,-0.0666189,0.0144992,-0.0246029
16522,0.138175,0.00122106,0.003663,-0.0338417,0.189446,-0.0819827,-0.0727085,0.0139729,-0.0278848
16534,0.138175,0.00122106,0.003663,-0.0244831,0.216909,-0.0785654,-0.104269,0.0014286,-0.0162101
16546,0.138175,0.00122106,0.003663,-0.0316128,0.197714,-0.0840106,-0.0740604,-0.0107213,-0.00992533
16558,0.138175,0.00122106,0.003663,-0.0315949,0.141424,-0.0770049,-0.0214327,-0.00073234,-0.0142551
16570,0.138175,0.00122106,0.003663,-0.0516549,0.0146906,-0.0707028,-0.0058339,0.00834429,-0.0133025
16582,0.138175,0.00122106,0.003663,-0.0611176,-0.0568362,-0.0515603,0.0646051,0.0336094,-0.0362279
16594,0.138175,0.00122106,0.003663,-0.0775328,-0.0492768,-0.0429985,0.0734615,0.0510625,-0.040379
16606,0.138175,0.00122106,0.003663,-0.0605508,0.046969,-0.045631,0.0878103,0.0618326,-0.049662
16618,0.138175,0.00122106,0.003663,-0.0426369,0.154731,-0.0493865,0.0665568,0.0437739,-0.0282819
16630,0.138175,0.00122106,0.003663,-0.0331392,0.249266,-0.0641183,0.0210172,0.0207649,-0.00878999
16642,0.138175,0.00122106,0.003663,-0.0493707,0.284435,-0.0813837,-0.0223696,0.00337981,0.00018427
16654,0.138175,0.00122106,0.003663,-0.0382697,0.237031,-0.0823491,-0.0402334,0.00916874,-0.0141919
16666,0.138175,0.00122106,0.003663,-0.0181705,0.204486,-0.0735312,-0.0434351,0.00375626,-0.0121931
16678,0.138175,0.00122106,0.00549451,-0.0280844,0.170679,-0.0701175,-0.0704917,-0.0088159,-0.00034455
16690,0.138175,0.00122106,0.003663,-0.0266025,0.120588,-0.0659562,-0.00950842,-0.0019435,-0.0123453
16702,0.138175,0.00122106,0.003663,-0.0317425,0.0222064,-0.0455365,0.0429737,0.00669624,-0.00930457
16714,0.138175,0.00122106,0.003663,-0.0191352,-0.0239948,-0.0291058,0.0241187,0.021505,-0.0142886
16726,0.138175,0.00122106,0.003663,-0.0167794,-0.0311114,-0.0229901,-0.0254645,0.0131646,-0.00948876
16738,0.138175,0.00122106,0.003663,-0.0359473,-0.00716438,-0.0238202,-0.0369861,0.00670555,-0.012587
16750,0.138175,0.00122106,0.00549451,-0.0375114,-0.00047755,-0.0233127,-0.0109041,0.0167796,-0.0254855
16762,0.138175,0.00122106,0.00549451,-0.04568,0.0318156,-0.0135442,0.00982011,0.0197973,-0.0234647
16774,0.138175,0.00122106,0.00549451,-0.033163,0.0393509,-0.0176144,-0.00691224,0.0238513,-0.0235294
